{
  "seed": 913,
  "parameter_counts": {
    "convex_skill_gate": 110,
    "stage_calibration_head": 16,
    "signed_logic_repair_head": 175,
    "constrained_logic_repair_head": 175,
    "constrained_stage_calibration_head": 16
  },
  "data": {
    "train_decisions": 487,
    "dev_decisions": 111,
    "eval_decisions": 444,
    "train_episodes": 38,
    "dev_episodes": 9,
    "eval_episodes": 33,
    "train_gold_verbs": {
      "go": 299,
      "take": 42,
      "cool": 5,
      "move": 36,
      "open": 47,
      "close": 37,
      "heat": 7,
      "use": 5,
      "clean": 8,
      "examine": 1
    }
  },
  "training": {
    "convex_skill_gate": {
      "kl_lambda": 0.0,
      "best_dev_nll": 2.239959478378296,
      "best_dev_kl": 0.036916298330300024,
      "best_dev_objective": 2.239959478378296,
      "epochs_run": 55,
      "history": [
        {
          "epoch": 0,
          "train_objective": 2.2726917266845703,
          "dev_nll": 2.2553489208221436,
          "dev_kl": 0.05046702229191322,
          "dev_objective": 2.2553489208221436
        },
        {
          "epoch": 1,
          "train_objective": 2.267935276031494,
          "dev_nll": 2.252411127090454,
          "dev_kl": 0.04377250742116893,
          "dev_objective": 2.252411127090454
        },
        {
          "epoch": 2,
          "train_objective": 2.2638559341430664,
          "dev_nll": 2.250065803527832,
          "dev_kl": 0.03819658852031303,
          "dev_objective": 2.250065803527832
        },
        {
          "epoch": 3,
          "train_objective": 2.260423183441162,
          "dev_nll": 2.2482171058654785,
          "dev_kl": 0.03376342833612685,
          "dev_objective": 2.2482171058654785
        },
        {
          "epoch": 4,
          "train_objective": 2.2575457096099854,
          "dev_nll": 2.246746778488159,
          "dev_kl": 0.030452896813601926,
          "dev_objective": 2.246746778488159
        },
        {
          "epoch": 5,
          "train_objective": 2.2550971508026123,
          "dev_nll": 2.2455334663391113,
          "dev_kl": 0.028221564570878137,
          "dev_objective": 2.2455334663391113
        },
        {
          "epoch": 6,
          "train_objective": 2.252926826477051,
          "dev_nll": 2.244475841522217,
          "dev_kl": 0.026983001360644562,
          "dev_objective": 2.244475841522217
        },
        {
          "epoch": 7,
          "train_objective": 2.250889778137207,
          "dev_nll": 2.243511915206909,
          "dev_kl": 0.026614673102173855,
          "dev_objective": 2.243511915206909
        },
        {
          "epoch": 8,
          "train_objective": 2.248884439468384,
          "dev_nll": 2.2426211833953857,
          "dev_kl": 0.026982843273881455,
          "dev_objective": 2.2426211833953857
        },
        {
          "epoch": 9,
          "train_objective": 2.2468721866607666,
          "dev_nll": 2.2418160438537598,
          "dev_kl": 0.027957890824590985,
          "dev_objective": 2.2418160438537598
        },
        {
          "epoch": 10,
          "train_objective": 2.2448723316192627,
          "dev_nll": 2.24112606048584,
          "dev_kl": 0.029413795279053686,
          "dev_objective": 2.24112606048584
        },
        {
          "epoch": 11,
          "train_objective": 2.2429444789886475,
          "dev_nll": 2.240582227706909,
          "dev_kl": 0.031215191122379388,
          "dev_objective": 2.240582227706909
        },
        {
          "epoch": 12,
          "train_objective": 2.2411653995513916,
          "dev_nll": 2.2402079105377197,
          "dev_kl": 0.033198156096209006,
          "dev_objective": 2.2402079105377197
        },
        {
          "epoch": 13,
          "train_objective": 2.2395989894866943,
          "dev_nll": 2.2400062084198,
          "dev_kl": 0.03516647751182989,
          "dev_objective": 2.2400062084198
        },
        {
          "epoch": 14,
          "train_objective": 2.238269567489624,
          "dev_nll": 2.239959478378296,
          "dev_kl": 0.036916298330300024,
          "dev_objective": 2.239959478378296
        },
        {
          "epoch": 15,
          "train_objective": 2.237150192260742,
          "dev_nll": 2.240037202835083,
          "dev_kl": 0.03827542965594041,
          "dev_objective": 2.240037202835083
        },
        {
          "epoch": 16,
          "train_objective": 2.2361786365509033,
          "dev_nll": 2.2402052879333496,
          "dev_kl": 0.03914531076595456,
          "dev_objective": 2.2402052879333496
        },
        {
          "epoch": 17,
          "train_objective": 2.2352864742279053,
          "dev_nll": 2.240438461303711,
          "dev_kl": 0.03951839436483276,
          "dev_objective": 2.240438461303711
        },
        {
          "epoch": 18,
          "train_objective": 2.234428882598877,
          "dev_nll": 2.2407212257385254,
          "dev_kl": 0.03946295878975778,
          "dev_objective": 2.2407212257385254
        },
        {
          "epoch": 19,
          "train_objective": 2.233595371246338,
          "dev_nll": 2.241044521331787,
          "dev_kl": 0.03909304782513294,
          "dev_objective": 2.241044521331787
        },
        {
          "epoch": 20,
          "train_objective": 2.232801914215088,
          "dev_nll": 2.241400957107544,
          "dev_kl": 0.038539454559082385,
          "dev_objective": 2.241400957107544
        },
        {
          "epoch": 21,
          "train_objective": 2.2320733070373535,
          "dev_nll": 2.241783618927002,
          "dev_kl": 0.037927542871854326,
          "dev_objective": 2.241783618927002
        },
        {
          "epoch": 22,
          "train_objective": 2.2314298152923584,
          "dev_nll": 2.2421844005584717,
          "dev_kl": 0.03736222529498575,
          "dev_objective": 2.2421844005584717
        },
        {
          "epoch": 23,
          "train_objective": 2.2308757305145264,
          "dev_nll": 2.242593765258789,
          "dev_kl": 0.03691956858561785,
          "dev_objective": 2.242593765258789
        },
        {
          "epoch": 24,
          "train_objective": 2.2303948402404785,
          "dev_nll": 2.243004083633423,
          "dev_kl": 0.03664423528689522,
          "dev_objective": 2.243004083633423
        },
        {
          "epoch": 25,
          "train_objective": 2.229957342147827,
          "dev_nll": 2.2434117794036865,
          "dev_kl": 0.03655240660835359,
          "dev_objective": 2.2434117794036865
        },
        {
          "epoch": 26,
          "train_objective": 2.2295327186584473,
          "dev_nll": 2.243818998336792,
          "dev_kl": 0.03663801683347907,
          "dev_objective": 2.243818998336792
        },
        {
          "epoch": 27,
          "train_objective": 2.2291009426116943,
          "dev_nll": 2.2442333698272705,
          "dev_kl": 0.03687919818938853,
          "dev_objective": 2.2442333698272705
        },
        {
          "epoch": 28,
          "train_objective": 2.228658437728882,
          "dev_nll": 2.2446632385253906,
          "dev_kl": 0.03724306607451122,
          "dev_objective": 2.2446632385253906
        },
        {
          "epoch": 29,
          "train_objective": 2.228217363357544,
          "dev_nll": 2.245114326477051,
          "dev_kl": 0.03768812016760175,
          "dev_objective": 2.245114326477051
        },
        {
          "epoch": 30,
          "train_objective": 2.2277958393096924,
          "dev_nll": 2.2455832958221436,
          "dev_kl": 0.03816641646076564,
          "dev_objective": 2.2455832958221436
        },
        {
          "epoch": 31,
          "train_objective": 2.2274081707000732,
          "dev_nll": 2.24605655670166,
          "dev_kl": 0.038626920276631914,
          "dev_objective": 2.24605655670166
        },
        {
          "epoch": 32,
          "train_objective": 2.227059841156006,
          "dev_nll": 2.246511697769165,
          "dev_kl": 0.03902158511987141,
          "dev_objective": 2.246511697769165
        },
        {
          "epoch": 33,
          "train_objective": 2.2267465591430664,
          "dev_nll": 2.2469229698181152,
          "dev_kl": 0.03931316733570048,
          "dev_objective": 2.2469229698181152
        },
        {
          "epoch": 34,
          "train_objective": 2.226457357406616,
          "dev_nll": 2.247270107269287,
          "dev_kl": 0.039481767258178944,
          "dev_objective": 2.247270107269287
        },
        {
          "epoch": 35,
          "train_objective": 2.2261838912963867,
          "dev_nll": 2.2475430965423584,
          "dev_kl": 0.039527973252440896,
          "dev_objective": 2.2475430965423584
        },
        {
          "epoch": 36,
          "train_objective": 2.225921392440796,
          "dev_nll": 2.247743844985962,
          "dev_kl": 0.0394712867852938,
          "dev_objective": 2.247743844985962
        },
        {
          "epoch": 37,
          "train_objective": 2.2256720066070557,
          "dev_nll": 2.24788761138916,
          "dev_kl": 0.039345163707243835,
          "dev_objective": 2.24788761138916
        },
        {
          "epoch": 38,
          "train_objective": 2.2254421710968018,
          "dev_nll": 2.2479946613311768,
          "dev_kl": 0.03919018754265732,
          "dev_objective": 2.2479946613311768
        },
        {
          "epoch": 39,
          "train_objective": 2.225236654281616,
          "dev_nll": 2.2480878829956055,
          "dev_kl": 0.03904755632309159,
          "dev_objective": 2.2480878829956055
        },
        {
          "epoch": 40,
          "train_objective": 2.2250568866729736,
          "dev_nll": 2.248185634613037,
          "dev_kl": 0.03895329730794975,
          "dev_objective": 2.248185634613037
        },
        {
          "epoch": 41,
          "train_objective": 2.2248990535736084,
          "dev_nll": 2.2483019828796387,
          "dev_kl": 0.03893425184100665,
          "dev_objective": 2.2483019828796387
        },
        {
          "epoch": 42,
          "train_objective": 2.2247557640075684,
          "dev_nll": 2.2484443187713623,
          "dev_kl": 0.03900559405745888,
          "dev_objective": 2.2484443187713623
        },
        {
          "epoch": 43,
          "train_objective": 2.224618434906006,
          "dev_nll": 2.2486143112182617,
          "dev_kl": 0.039170040950380465,
          "dev_objective": 2.2486143112182617
        },
        {
          "epoch": 44,
          "train_objective": 2.224483013153076,
          "dev_nll": 2.2488083839416504,
          "dev_kl": 0.03941838519001665,
          "dev_objective": 2.2488083839416504
        },
        {
          "epoch": 45,
          "train_objective": 2.224346876144409,
          "dev_nll": 2.2490203380584717,
          "dev_kl": 0.03973126607980613,
          "dev_objective": 2.2490203380584717
        },
        {
          "epoch": 46,
          "train_objective": 2.2242116928100586,
          "dev_nll": 2.249237537384033,
          "dev_kl": 0.04008184327861412,
          "dev_objective": 2.249237537384033
        },
        {
          "epoch": 47,
          "train_objective": 2.224078416824341,
          "dev_nll": 2.2494471073150635,
          "dev_kl": 0.04043928555187744,
          "dev_objective": 2.2494471073150635
        },
        {
          "epoch": 48,
          "train_objective": 2.2239487171173096,
          "dev_nll": 2.2496328353881836,
          "dev_kl": 0.04077339627956216,
          "dev_objective": 2.2496328353881836
        },
        {
          "epoch": 49,
          "train_objective": 2.223820209503174,
          "dev_nll": 2.249781370162964,
          "dev_kl": 0.041058938033660654,
          "dev_objective": 2.249781370162964
        },
        {
          "epoch": 50,
          "train_objective": 2.2236907482147217,
          "dev_nll": 2.2498836517333984,
          "dev_kl": 0.041279851865895965,
          "dev_objective": 2.2498836517333984
        },
        {
          "epoch": 51,
          "train_objective": 2.223557949066162,
          "dev_nll": 2.2499372959136963,
          "dev_kl": 0.04143139903710501,
          "dev_objective": 2.2499372959136963
        },
        {
          "epoch": 52,
          "train_objective": 2.2234199047088623,
          "dev_nll": 2.2499477863311768,
          "dev_kl": 0.0415205296007329,
          "dev_objective": 2.2499477863311768
        },
        {
          "epoch": 53,
          "train_objective": 2.223278045654297,
          "dev_nll": 2.2499258518218994,
          "dev_kl": 0.04156367815317804,
          "dev_objective": 2.2499258518218994
        },
        {
          "epoch": 54,
          "train_objective": 2.223134756088257,
          "dev_nll": 2.2498857975006104,
          "dev_kl": 0.041583402237544455,
          "dev_objective": 2.2498857975006104
        }
      ]
    },
    "stage_calibration_head": {
      "kl_lambda": 0.0,
      "best_dev_nll": 1.9029802083969116,
      "best_dev_kl": 0.19650614272593572,
      "best_dev_objective": 1.9029802083969116,
      "epochs_run": 300,
      "history": [
        {
          "epoch": 0,
          "train_objective": 2.3157317638397217,
          "dev_nll": 2.287132978439331,
          "dev_kl": 0.00010073093616082186,
          "dev_objective": 2.287132978439331
        },
        {
          "epoch": 1,
          "train_objective": 2.3123185634613037,
          "dev_nll": 2.2837204933166504,
          "dev_kl": 0.0003848917406578842,
          "dev_objective": 2.2837204933166504
        },
        {
          "epoch": 2,
          "train_objective": 2.309142827987671,
          "dev_nll": 2.2805840969085693,
          "dev_kl": 0.0007806560177348663,
          "dev_objective": 2.2805840969085693
        },
        {
          "epoch": 3,
          "train_objective": 2.3061609268188477,
          "dev_nll": 2.277704954147339,
          "dev_kl": 0.0011716239498603066,
          "dev_objective": 2.277704954147339
        },
        {
          "epoch": 4,
          "train_objective": 2.303285837173462,
          "dev_nll": 2.2749502658843994,
          "dev_kl": 0.0014792060844499516,
          "dev_objective": 2.2749502658843994
        },
        {
          "epoch": 5,
          "train_objective": 2.3004446029663086,
          "dev_nll": 2.2721877098083496,
          "dev_kl": 0.0016790464780553503,
          "dev_objective": 2.2721877098083496
        },
        {
          "epoch": 6,
          "train_objective": 2.2976038455963135,
          "dev_nll": 2.2693519592285156,
          "dev_kl": 0.0017797693448678197,
          "dev_objective": 2.2693519592285156
        },
        {
          "epoch": 7,
          "train_objective": 2.2947564125061035,
          "dev_nll": 2.2664296627044678,
          "dev_kl": 0.0018113702341603737,
          "dev_objective": 2.2664296627044678
        },
        {
          "epoch": 8,
          "train_objective": 2.2919108867645264,
          "dev_nll": 2.263429880142212,
          "dev_kl": 0.0018127523276111664,
          "dev_objective": 2.263429880142212
        },
        {
          "epoch": 9,
          "train_objective": 2.289083957672119,
          "dev_nll": 2.2603607177734375,
          "dev_kl": 0.0018202099200025587,
          "dev_objective": 2.2603607177734375
        },
        {
          "epoch": 10,
          "train_objective": 2.286287307739258,
          "dev_nll": 2.257220506668091,
          "dev_kl": 0.0018599167739372566,
          "dev_objective": 2.257220506668091
        },
        {
          "epoch": 11,
          "train_objective": 2.283524513244629,
          "dev_nll": 2.2540078163146973,
          "dev_kl": 0.0019459537286017727,
          "dev_objective": 2.2540078163146973
        },
        {
          "epoch": 12,
          "train_objective": 2.280789852142334,
          "dev_nll": 2.2507312297821045,
          "dev_kl": 0.002083289994426105,
          "dev_objective": 2.2507312297821045
        },
        {
          "epoch": 13,
          "train_objective": 2.2780752182006836,
          "dev_nll": 2.2474143505096436,
          "dev_kl": 0.0022726301303099806,
          "dev_objective": 2.2474143505096436
        },
        {
          "epoch": 14,
          "train_objective": 2.275376081466675,
          "dev_nll": 2.2440879344940186,
          "dev_kl": 0.0025132821945196672,
          "dev_objective": 2.2440879344940186
        },
        {
          "epoch": 15,
          "train_objective": 2.272691249847412,
          "dev_nll": 2.240783214569092,
          "dev_kl": 0.002803908878631118,
          "dev_objective": 2.240783214569092
        },
        {
          "epoch": 16,
          "train_objective": 2.2700233459472656,
          "dev_nll": 2.2375285625457764,
          "dev_kl": 0.0031417819132780874,
          "dev_objective": 2.2375285625457764
        },
        {
          "epoch": 17,
          "train_objective": 2.2673771381378174,
          "dev_nll": 2.234346389770508,
          "dev_kl": 0.003521539283463278,
          "dev_objective": 2.234346389770508
        },
        {
          "epoch": 18,
          "train_objective": 2.264755964279175,
          "dev_nll": 2.231254816055298,
          "dev_kl": 0.00393425967614586,
          "dev_objective": 2.231254816055298
        },
        {
          "epoch": 19,
          "train_objective": 2.262162208557129,
          "dev_nll": 2.228264331817627,
          "dev_kl": 0.004367698824058312,
          "dev_objective": 2.228264331817627
        },
        {
          "epoch": 20,
          "train_objective": 2.2595937252044678,
          "dev_nll": 2.225376844406128,
          "dev_kl": 0.004808556534421236,
          "dev_objective": 2.225376844406128
        },
        {
          "epoch": 21,
          "train_objective": 2.257046699523926,
          "dev_nll": 2.2225866317749023,
          "dev_kl": 0.005245821154571499,
          "dev_objective": 2.2225866317749023
        },
        {
          "epoch": 22,
          "train_objective": 2.254516839981079,
          "dev_nll": 2.219881057739258,
          "dev_kl": 0.0056731507060462025,
          "dev_objective": 2.219881057739258
        },
        {
          "epoch": 23,
          "train_objective": 2.252002477645874,
          "dev_nll": 2.2172460556030273,
          "dev_kl": 0.006089635291933879,
          "dev_objective": 2.2172460556030273
        },
        {
          "epoch": 24,
          "train_objective": 2.2495031356811523,
          "dev_nll": 2.214665651321411,
          "dev_kl": 0.006498709754170934,
          "dev_objective": 2.214665651321411
        },
        {
          "epoch": 25,
          "train_objective": 2.2470219135284424,
          "dev_nll": 2.212125539779663,
          "dev_kl": 0.006906587922073028,
          "dev_objective": 2.212125539779663
        },
        {
          "epoch": 26,
          "train_objective": 2.2445614337921143,
          "dev_nll": 2.209611654281616,
          "dev_kl": 0.00732050460201126,
          "dev_objective": 2.209611654281616
        },
        {
          "epoch": 27,
          "train_objective": 2.242124557495117,
          "dev_nll": 2.207109212875366,
          "dev_kl": 0.007747191332725322,
          "dev_objective": 2.207109212875366
        },
        {
          "epoch": 28,
          "train_objective": 2.2397119998931885,
          "dev_nll": 2.2046048641204834,
          "dev_kl": 0.008191858679433731,
          "dev_objective": 2.2046048641204834
        },
        {
          "epoch": 29,
          "train_objective": 2.2373225688934326,
          "dev_nll": 2.2020866870880127,
          "dev_kl": 0.00865773251489946,
          "dev_objective": 2.2020866870880127
        },
        {
          "epoch": 30,
          "train_objective": 2.2349538803100586,
          "dev_nll": 2.199547052383423,
          "dev_kl": 0.009146208158559963,
          "dev_objective": 2.199547052383423
        },
        {
          "epoch": 31,
          "train_objective": 2.2326033115386963,
          "dev_nll": 2.1969850063323975,
          "dev_kl": 0.009657393742419846,
          "dev_objective": 2.1969850063323975
        },
        {
          "epoch": 32,
          "train_objective": 2.230269193649292,
          "dev_nll": 2.1944031715393066,
          "dev_kl": 0.010190540496763345,
          "dev_objective": 2.1944031715393066
        },
        {
          "epoch": 33,
          "train_objective": 2.2279515266418457,
          "dev_nll": 2.1918108463287354,
          "dev_kl": 0.01074408622026477,
          "dev_objective": 2.1918108463287354
        },
        {
          "epoch": 34,
          "train_objective": 2.2256507873535156,
          "dev_nll": 2.189220666885376,
          "dev_kl": 0.011315474324431774,
          "dev_objective": 2.189220666885376
        },
        {
          "epoch": 35,
          "train_objective": 2.2233691215515137,
          "dev_nll": 2.1866443157196045,
          "dev_kl": 0.011900912762644726,
          "dev_objective": 2.1866443157196045
        },
        {
          "epoch": 36,
          "train_objective": 2.221107244491577,
          "dev_nll": 2.1840944290161133,
          "dev_kl": 0.01249548053654196,
          "dev_objective": 2.1840944290161133
        },
        {
          "epoch": 37,
          "train_objective": 2.2188663482666016,
          "dev_nll": 2.1815807819366455,
          "dev_kl": 0.013093746320747241,
          "dev_objective": 2.1815807819366455
        },
        {
          "epoch": 38,
          "train_objective": 2.216644525527954,
          "dev_nll": 2.1791117191314697,
          "dev_kl": 0.013690749010247355,
          "dev_objective": 2.1791117191314697
        },
        {
          "epoch": 39,
          "train_objective": 2.214442014694214,
          "dev_nll": 2.176692485809326,
          "dev_kl": 0.014283157277827125,
          "dev_objective": 2.176692485809326
        },
        {
          "epoch": 40,
          "train_objective": 2.2122561931610107,
          "dev_nll": 2.1743247509002686,
          "dev_kl": 0.01486977574159601,
          "dev_objective": 2.1743247509002686
        },
        {
          "epoch": 41,
          "train_objective": 2.2100870609283447,
          "dev_nll": 2.1720080375671387,
          "dev_kl": 0.01545175782463572,
          "dev_objective": 2.1720080375671387
        },
        {
          "epoch": 42,
          "train_objective": 2.2079341411590576,
          "dev_nll": 2.1697394847869873,
          "dev_kl": 0.016031959187449166,
          "dev_objective": 2.1697394847869873
        },
        {
          "epoch": 43,
          "train_objective": 2.205798625946045,
          "dev_nll": 2.167513370513916,
          "dev_kl": 0.0166142191129594,
          "dev_objective": 2.167513370513916
        },
        {
          "epoch": 44,
          "train_objective": 2.2036800384521484,
          "dev_nll": 2.16532301902771,
          "dev_kl": 0.017202411517123314,
          "dev_objective": 2.16532301902771
        },
        {
          "epoch": 45,
          "train_objective": 2.2015788555145264,
          "dev_nll": 2.163160562515259,
          "dev_kl": 0.017799903880930633,
          "dev_objective": 2.163160562515259
        },
        {
          "epoch": 46,
          "train_objective": 2.199495792388916,
          "dev_nll": 2.1610164642333984,
          "dev_kl": 0.018409100155606196,
          "dev_objective": 2.1610164642333984
        },
        {
          "epoch": 47,
          "train_objective": 2.197429656982422,
          "dev_nll": 2.158883571624756,
          "dev_kl": 0.01903128479963991,
          "dev_objective": 2.158883571624756
        },
        {
          "epoch": 48,
          "train_objective": 2.195380449295044,
          "dev_nll": 2.1567561626434326,
          "dev_kl": 0.019666616415797925,
          "dev_objective": 2.1567561626434326
        },
        {
          "epoch": 49,
          "train_objective": 2.193347454071045,
          "dev_nll": 2.154630422592163,
          "dev_kl": 0.02031420092496954,
          "dev_objective": 2.154630422592163
        },
        {
          "epoch": 50,
          "train_objective": 2.1913304328918457,
          "dev_nll": 2.1525049209594727,
          "dev_kl": 0.020972222059352643,
          "dev_objective": 2.1525049209594727
        },
        {
          "epoch": 51,
          "train_objective": 2.1893298625946045,
          "dev_nll": 2.1503801345825195,
          "dev_kl": 0.021638190875098377,
          "dev_objective": 2.1503801345825195
        },
        {
          "epoch": 52,
          "train_objective": 2.187345266342163,
          "dev_nll": 2.148259162902832,
          "dev_kl": 0.022309278656082513,
          "dev_objective": 2.148259162902832
        },
        {
          "epoch": 53,
          "train_objective": 2.1853768825531006,
          "dev_nll": 2.1461453437805176,
          "dev_kl": 0.022982832848782407,
          "dev_objective": 2.1461453437805176
        },
        {
          "epoch": 54,
          "train_objective": 2.183424949645996,
          "dev_nll": 2.144043207168579,
          "dev_kl": 0.023656787319310212,
          "dev_objective": 2.144043207168579
        },
        {
          "epoch": 55,
          "train_objective": 2.181488037109375,
          "dev_nll": 2.1419568061828613,
          "dev_kl": 0.024329979368065996,
          "dev_objective": 2.1419568061828613
        },
        {
          "epoch": 56,
          "train_objective": 2.1795670986175537,
          "dev_nll": 2.1398911476135254,
          "dev_kl": 0.025002377483205083,
          "dev_objective": 2.1398911476135254
        },
        {
          "epoch": 57,
          "train_objective": 2.177661418914795,
          "dev_nll": 2.1378490924835205,
          "dev_kl": 0.025674885538981406,
          "dev_objective": 2.1378490924835205
        },
        {
          "epoch": 58,
          "train_objective": 2.1757712364196777,
          "dev_nll": 2.1358325481414795,
          "dev_kl": 0.02634908494524876,
          "dev_objective": 2.1358325481414795
        },
        {
          "epoch": 59,
          "train_objective": 2.173896312713623,
          "dev_nll": 2.133842706680298,
          "dev_kl": 0.02702679708054675,
          "dev_objective": 2.133842706680298
        },
        {
          "epoch": 60,
          "train_objective": 2.1720364093780518,
          "dev_nll": 2.131878614425659,
          "dev_kl": 0.027709833014890686,
          "dev_objective": 2.131878614425659
        },
        {
          "epoch": 61,
          "train_objective": 2.170191764831543,
          "dev_nll": 2.129939079284668,
          "dev_kl": 0.028399600568730886,
          "dev_objective": 2.129939079284668
        },
        {
          "epoch": 62,
          "train_objective": 2.1683621406555176,
          "dev_nll": 2.128021240234375,
          "dev_kl": 0.029096946580155107,
          "dev_objective": 2.128021240234375
        },
        {
          "epoch": 63,
          "train_objective": 2.166546583175659,
          "dev_nll": 2.126121997833252,
          "dev_kl": 0.029802172103380733,
          "dev_objective": 2.126121997833252
        },
        {
          "epoch": 64,
          "train_objective": 2.164745569229126,
          "dev_nll": 2.1242387294769287,
          "dev_kl": 0.03051484131090645,
          "dev_objective": 2.1242387294769287
        },
        {
          "epoch": 65,
          "train_objective": 2.162958860397339,
          "dev_nll": 2.1223678588867188,
          "dev_kl": 0.031234063918131764,
          "dev_objective": 2.1223678588867188
        },
        {
          "epoch": 66,
          "train_objective": 2.161186933517456,
          "dev_nll": 2.1205074787139893,
          "dev_kl": 0.031958521046961015,
          "dev_objective": 2.1205074787139893
        },
        {
          "epoch": 67,
          "train_objective": 2.1594290733337402,
          "dev_nll": 2.1186556816101074,
          "dev_kl": 0.03268688948623635,
          "dev_objective": 2.1186556816101074
        },
        {
          "epoch": 68,
          "train_objective": 2.1576852798461914,
          "dev_nll": 2.116811752319336,
          "dev_kl": 0.0334179676179816,
          "dev_objective": 2.116811752319336
        },
        {
          "epoch": 69,
          "train_objective": 2.1559553146362305,
          "dev_nll": 2.1149742603302,
          "dev_kl": 0.03415104514617171,
          "dev_objective": 2.1149742603302
        },
        {
          "epoch": 70,
          "train_objective": 2.1542391777038574,
          "dev_nll": 2.113144874572754,
          "dev_kl": 0.03488596974188244,
          "dev_objective": 2.113144874572754
        },
        {
          "epoch": 71,
          "train_objective": 2.1525368690490723,
          "dev_nll": 2.1113245487213135,
          "dev_kl": 0.03562314617804142,
          "dev_objective": 2.1113245487213135
        },
        {
          "epoch": 72,
          "train_objective": 2.1508476734161377,
          "dev_nll": 2.1095144748687744,
          "dev_kl": 0.03636332088766771,
          "dev_objective": 2.1095144748687744
        },
        {
          "epoch": 73,
          "train_objective": 2.149171829223633,
          "dev_nll": 2.1077163219451904,
          "dev_kl": 0.037107421730242264,
          "dev_objective": 2.1077163219451904
        },
        {
          "epoch": 74,
          "train_objective": 2.1475095748901367,
          "dev_nll": 2.1059324741363525,
          "dev_kl": 0.037856259686360555,
          "dev_objective": 2.1059324741363525
        },
        {
          "epoch": 75,
          "train_objective": 2.145860195159912,
          "dev_nll": 2.104163408279419,
          "dev_kl": 0.038610345597991404,
          "dev_objective": 2.104163408279419
        },
        {
          "epoch": 76,
          "train_objective": 2.144224166870117,
          "dev_nll": 2.102410316467285,
          "dev_kl": 0.0393697256641882,
          "dev_objective": 2.102410316467285
        },
        {
          "epoch": 77,
          "train_objective": 2.142601251602173,
          "dev_nll": 2.1006743907928467,
          "dev_kl": 0.04013409536763992,
          "dev_objective": 2.1006743907928467
        },
        {
          "epoch": 78,
          "train_objective": 2.1409904956817627,
          "dev_nll": 2.098954916000366,
          "dev_kl": 0.04090268329113118,
          "dev_objective": 2.098954916000366
        },
        {
          "epoch": 79,
          "train_objective": 2.1393930912017822,
          "dev_nll": 2.097252368927002,
          "dev_kl": 0.04167454949945111,
          "dev_objective": 2.097252368927002
        },
        {
          "epoch": 80,
          "train_objective": 2.137807607650757,
          "dev_nll": 2.0955650806427,
          "dev_kl": 0.04244863694777024,
          "dev_objective": 2.0955650806427
        },
        {
          "epoch": 81,
          "train_objective": 2.1362345218658447,
          "dev_nll": 2.0938923358917236,
          "dev_kl": 0.04322403202856983,
          "dev_objective": 2.0938923358917236
        },
        {
          "epoch": 82,
          "train_objective": 2.134674310684204,
          "dev_nll": 2.0922324657440186,
          "dev_kl": 0.044000173374582584,
          "dev_objective": 2.0922324657440186
        },
        {
          "epoch": 83,
          "train_objective": 2.1331260204315186,
          "dev_nll": 2.0905847549438477,
          "dev_kl": 0.04477684349052373,
          "dev_objective": 2.0905847549438477
        },
        {
          "epoch": 84,
          "train_objective": 2.131589889526367,
          "dev_nll": 2.0889477729797363,
          "dev_kl": 0.04555430973938725,
          "dev_objective": 2.0889477729797363
        },
        {
          "epoch": 85,
          "train_objective": 2.130065679550171,
          "dev_nll": 2.08732008934021,
          "dev_kl": 0.046333179474590126,
          "dev_objective": 2.08732008934021
        },
        {
          "epoch": 86,
          "train_objective": 2.128553628921509,
          "dev_nll": 2.085702419281006,
          "dev_kl": 0.04711424062020137,
          "dev_objective": 2.085702419281006
        },
        {
          "epoch": 87,
          "train_objective": 2.1270530223846436,
          "dev_nll": 2.0840938091278076,
          "dev_kl": 0.04789826914202422,
          "dev_objective": 2.0840938091278076
        },
        {
          "epoch": 88,
          "train_objective": 2.1255648136138916,
          "dev_nll": 2.0824947357177734,
          "dev_kl": 0.04868582089909831,
          "dev_objective": 2.0824947357177734
        },
        {
          "epoch": 89,
          "train_objective": 2.124087333679199,
          "dev_nll": 2.0809059143066406,
          "dev_kl": 0.0494770872163343,
          "dev_objective": 2.0809059143066406
        },
        {
          "epoch": 90,
          "train_objective": 2.122621536254883,
          "dev_nll": 2.0793280601501465,
          "dev_kl": 0.05027184557685679,
          "dev_objective": 2.0793280601501465
        },
        {
          "epoch": 91,
          "train_objective": 2.1211671829223633,
          "dev_nll": 2.0777618885040283,
          "dev_kl": 0.05106950792387497,
          "dev_objective": 2.0777618885040283
        },
        {
          "epoch": 92,
          "train_objective": 2.1197242736816406,
          "dev_nll": 2.0762085914611816,
          "dev_kl": 0.051869143250499024,
          "dev_objective": 2.0762085914611816
        },
        {
          "epoch": 93,
          "train_objective": 2.1182920932769775,
          "dev_nll": 2.0746686458587646,
          "dev_kl": 0.05266974581015372,
          "dev_objective": 2.0746686458587646
        },
        {
          "epoch": 94,
          "train_objective": 2.1168711185455322,
          "dev_nll": 2.0731422901153564,
          "dev_kl": 0.05347027541515795,
          "dev_objective": 2.0731422901153564
        },
        {
          "epoch": 95,
          "train_objective": 2.1154608726501465,
          "dev_nll": 2.071629524230957,
          "dev_kl": 0.054270058593435866,
          "dev_objective": 2.071629524230957
        },
        {
          "epoch": 96,
          "train_objective": 2.1140623092651367,
          "dev_nll": 2.070129871368408,
          "dev_kl": 0.055068693995299574,
          "dev_objective": 2.070129871368408
        },
        {
          "epoch": 97,
          "train_objective": 2.112673759460449,
          "dev_nll": 2.06864333152771,
          "dev_kl": 0.0558661874771739,
          "dev_objective": 2.06864333152771
        },
        {
          "epoch": 98,
          "train_objective": 2.111295700073242,
          "dev_nll": 2.0671679973602295,
          "dev_kl": 0.05666292468001982,
          "dev_objective": 2.0671679973602295
        },
        {
          "epoch": 99,
          "train_objective": 2.109928607940674,
          "dev_nll": 2.065704107284546,
          "dev_kl": 0.05745953958594819,
          "dev_objective": 2.065704107284546
        },
        {
          "epoch": 100,
          "train_objective": 2.108572006225586,
          "dev_nll": 2.0642507076263428,
          "dev_kl": 0.0582567321184838,
          "dev_objective": 2.0642507076263428
        },
        {
          "epoch": 101,
          "train_objective": 2.107225179672241,
          "dev_nll": 2.0628068447113037,
          "dev_kl": 0.0590551528389574,
          "dev_objective": 2.0628068447113037
        },
        {
          "epoch": 102,
          "train_objective": 2.105889081954956,
          "dev_nll": 2.0613720417022705,
          "dev_kl": 0.0598551720907274,
          "dev_objective": 2.0613720417022705
        },
        {
          "epoch": 103,
          "train_objective": 2.1045632362365723,
          "dev_nll": 2.0599467754364014,
          "dev_kl": 0.06065691500663053,
          "dev_objective": 2.0599467754364014
        },
        {
          "epoch": 104,
          "train_objective": 2.1032474040985107,
          "dev_nll": 2.058530569076538,
          "dev_kl": 0.06146010672275044,
          "dev_objective": 2.058530569076538
        },
        {
          "epoch": 105,
          "train_objective": 2.1019411087036133,
          "dev_nll": 2.0571236610412598,
          "dev_kl": 0.06226428279648996,
          "dev_objective": 2.0571236610412598
        },
        {
          "epoch": 106,
          "train_objective": 2.100644826889038,
          "dev_nll": 2.0557265281677246,
          "dev_kl": 0.06306876297012341,
          "dev_objective": 2.0557265281677246
        },
        {
          "epoch": 107,
          "train_objective": 2.099358558654785,
          "dev_nll": 2.054339647293091,
          "dev_kl": 0.06387280216566413,
          "dev_objective": 2.054339647293091
        },
        {
          "epoch": 108,
          "train_objective": 2.0980818271636963,
          "dev_nll": 2.0529634952545166,
          "dev_kl": 0.06467585772200413,
          "dev_objective": 2.0529634952545166
        },
        {
          "epoch": 109,
          "train_objective": 2.0968146324157715,
          "dev_nll": 2.051597833633423,
          "dev_kl": 0.06547755179591142,
          "dev_objective": 2.051597833633423
        },
        {
          "epoch": 110,
          "train_objective": 2.0955569744110107,
          "dev_nll": 2.0502429008483887,
          "dev_kl": 0.06627773016225547,
          "dev_objective": 2.0502429008483887
        },
        {
          "epoch": 111,
          "train_objective": 2.094308614730835,
          "dev_nll": 2.048898696899414,
          "dev_kl": 0.06707652806837179,
          "dev_objective": 2.048898696899414
        },
        {
          "epoch": 112,
          "train_objective": 2.0930697917938232,
          "dev_nll": 2.047564744949341,
          "dev_kl": 0.06787428701178985,
          "dev_objective": 2.047564744949341
        },
        {
          "epoch": 113,
          "train_objective": 2.0918400287628174,
          "dev_nll": 2.04624080657959,
          "dev_kl": 0.06867138257875266,
          "dev_objective": 2.04624080657959
        },
        {
          "epoch": 114,
          "train_objective": 2.0906195640563965,
          "dev_nll": 2.044926404953003,
          "dev_kl": 0.0694682314647949,
          "dev_objective": 2.044926404953003
        },
        {
          "epoch": 115,
          "train_objective": 2.0894081592559814,
          "dev_nll": 2.043621063232422,
          "dev_kl": 0.07026507577183447,
          "dev_objective": 2.043621063232422
        },
        {
          "epoch": 116,
          "train_objective": 2.088205337524414,
          "dev_nll": 2.0423247814178467,
          "dev_kl": 0.07106206611717573,
          "dev_objective": 2.0423247814178467
        },
        {
          "epoch": 117,
          "train_objective": 2.0870115756988525,
          "dev_nll": 2.041036605834961,
          "dev_kl": 0.07185912692210393,
          "dev_objective": 2.041036605834961
        },
        {
          "epoch": 118,
          "train_objective": 2.085826873779297,
          "dev_nll": 2.0397567749023438,
          "dev_kl": 0.0726560175068559,
          "dev_objective": 2.0397567749023438
        },
        {
          "epoch": 119,
          "train_objective": 2.0846505165100098,
          "dev_nll": 2.038485288619995,
          "dev_kl": 0.07345243238923685,
          "dev_objective": 2.038485288619995
        },
        {
          "epoch": 120,
          "train_objective": 2.0834832191467285,
          "dev_nll": 2.037222146987915,
          "dev_kl": 0.07424806412477214,
          "dev_objective": 2.037222146987915
        },
        {
          "epoch": 121,
          "train_objective": 2.0823240280151367,
          "dev_nll": 2.0359671115875244,
          "dev_kl": 0.07504262722323875,
          "dev_objective": 2.0359671115875244
        },
        {
          "epoch": 122,
          "train_objective": 2.0811736583709717,
          "dev_nll": 2.0347211360931396,
          "dev_kl": 0.07583595890455318,
          "dev_objective": 2.0347211360931396
        },
        {
          "epoch": 123,
          "train_objective": 2.080031394958496,
          "dev_nll": 2.0334830284118652,
          "dev_kl": 0.07662800218603733,
          "dev_objective": 2.0334830284118652
        },
        {
          "epoch": 124,
          "train_objective": 2.078897476196289,
          "dev_nll": 2.0322539806365967,
          "dev_kl": 0.07741882351986426,
          "dev_objective": 2.0322539806365967
        },
        {
          "epoch": 125,
          "train_objective": 2.0777719020843506,
          "dev_nll": 2.0310332775115967,
          "dev_kl": 0.07820852310816245,
          "dev_objective": 2.0310332775115967
        },
        {
          "epoch": 126,
          "train_objective": 2.0766544342041016,
          "dev_nll": 2.0298213958740234,
          "dev_kl": 0.0789972529914398,
          "dev_objective": 2.0298213958740234
        },
        {
          "epoch": 127,
          "train_objective": 2.075544834136963,
          "dev_nll": 2.0286176204681396,
          "dev_kl": 0.07978509391158786,
          "dev_objective": 2.0286176204681396
        },
        {
          "epoch": 128,
          "train_objective": 2.0744433403015137,
          "dev_nll": 2.0274224281311035,
          "dev_kl": 0.0805720540470452,
          "dev_objective": 2.0274224281311035
        },
        {
          "epoch": 129,
          "train_objective": 2.073349952697754,
          "dev_nll": 2.0262351036071777,
          "dev_kl": 0.0813581564218259,
          "dev_objective": 2.0262351036071777
        },
        {
          "epoch": 130,
          "train_objective": 2.0722641944885254,
          "dev_nll": 2.0250558853149414,
          "dev_kl": 0.08214324547674272,
          "dev_objective": 2.0250558853149414
        },
        {
          "epoch": 131,
          "train_objective": 2.071186065673828,
          "dev_nll": 2.0238842964172363,
          "dev_kl": 0.0829271981146539,
          "dev_objective": 2.0238842964172363
        },
        {
          "epoch": 132,
          "train_objective": 2.0701160430908203,
          "dev_nll": 2.0227205753326416,
          "dev_kl": 0.0837099044101296,
          "dev_objective": 2.0227205753326416
        },
        {
          "epoch": 133,
          "train_objective": 2.0690531730651855,
          "dev_nll": 2.02156400680542,
          "dev_kl": 0.08449125823434778,
          "dev_objective": 2.02156400680542
        },
        {
          "epoch": 134,
          "train_objective": 2.0679984092712402,
          "dev_nll": 2.0204148292541504,
          "dev_kl": 0.0852712142902116,
          "dev_objective": 2.0204148292541504
        },
        {
          "epoch": 135,
          "train_objective": 2.066950798034668,
          "dev_nll": 2.019273281097412,
          "dev_kl": 0.08604984364140913,
          "dev_objective": 2.019273281097412
        },
        {
          "epoch": 136,
          "train_objective": 2.0659103393554688,
          "dev_nll": 2.018138885498047,
          "dev_kl": 0.08682716688191569,
          "dev_objective": 2.018138885498047
        },
        {
          "epoch": 137,
          "train_objective": 2.0648772716522217,
          "dev_nll": 2.017012119293213,
          "dev_kl": 0.08760326345627373,
          "dev_objective": 2.017012119293213
        },
        {
          "epoch": 138,
          "train_objective": 2.063852071762085,
          "dev_nll": 2.015892267227173,
          "dev_kl": 0.08837816817266447,
          "dev_objective": 2.015892267227173
        },
        {
          "epoch": 139,
          "train_objective": 2.062833547592163,
          "dev_nll": 2.014779806137085,
          "dev_kl": 0.0891518664865142,
          "dev_objective": 2.014779806137085
        },
        {
          "epoch": 140,
          "train_objective": 2.0618224143981934,
          "dev_nll": 2.0136749744415283,
          "dev_kl": 0.08992433073187901,
          "dev_objective": 2.0136749744415283
        },
        {
          "epoch": 141,
          "train_objective": 2.0608184337615967,
          "dev_nll": 2.0125770568847656,
          "dev_kl": 0.09069545835839701,
          "dev_objective": 2.0125770568847656
        },
        {
          "epoch": 142,
          "train_objective": 2.059821128845215,
          "dev_nll": 2.011486530303955,
          "dev_kl": 0.09146507147506618,
          "dev_objective": 2.011486530303955
        },
        {
          "epoch": 143,
          "train_objective": 2.058831214904785,
          "dev_nll": 2.0104033946990967,
          "dev_kl": 0.09223309938422497,
          "dev_objective": 2.0104033946990967
        },
        {
          "epoch": 144,
          "train_objective": 2.057847738265991,
          "dev_nll": 2.009326934814453,
          "dev_kl": 0.09299943896392276,
          "dev_objective": 2.009326934814453
        },
        {
          "epoch": 145,
          "train_objective": 2.056871175765991,
          "dev_nll": 2.0082578659057617,
          "dev_kl": 0.0937640375084336,
          "dev_objective": 2.0082578659057617
        },
        {
          "epoch": 146,
          "train_objective": 2.055901527404785,
          "dev_nll": 2.007195472717285,
          "dev_kl": 0.09452695060554925,
          "dev_objective": 2.007195472717285
        },
        {
          "epoch": 147,
          "train_objective": 2.054938554763794,
          "dev_nll": 2.0061399936676025,
          "dev_kl": 0.09528822265880031,
          "dev_objective": 2.0061399936676025
        },
        {
          "epoch": 148,
          "train_objective": 2.0539822578430176,
          "dev_nll": 2.0050911903381348,
          "dev_kl": 0.0960479933330118,
          "dev_objective": 2.0050911903381348
        },
        {
          "epoch": 149,
          "train_objective": 2.053032398223877,
          "dev_nll": 2.0040488243103027,
          "dev_kl": 0.0968063352661006,
          "dev_objective": 2.0040488243103027
        },
        {
          "epoch": 150,
          "train_objective": 2.052088975906372,
          "dev_nll": 2.0030133724212646,
          "dev_kl": 0.09756331891136093,
          "dev_objective": 2.0030133724212646
        },
        {
          "epoch": 151,
          "train_objective": 2.051151990890503,
          "dev_nll": 2.001983880996704,
          "dev_kl": 0.09831896217158148,
          "dev_objective": 2.001983880996704
        },
        {
          "epoch": 152,
          "train_objective": 2.0502216815948486,
          "dev_nll": 2.0009610652923584,
          "dev_kl": 0.09907320640805001,
          "dev_objective": 2.0009610652923584
        },
        {
          "epoch": 153,
          "train_objective": 2.049297571182251,
          "dev_nll": 1.9999446868896484,
          "dev_kl": 0.09982593236008643,
          "dev_objective": 1.9999446868896484
        },
        {
          "epoch": 154,
          "train_objective": 2.048379898071289,
          "dev_nll": 1.9989352226257324,
          "dev_kl": 0.10057709232153085,
          "dev_objective": 1.9989352226257324
        },
        {
          "epoch": 155,
          "train_objective": 2.047468423843384,
          "dev_nll": 1.997931718826294,
          "dev_kl": 0.10132659298602727,
          "dev_objective": 1.997931718826294
        },
        {
          "epoch": 156,
          "train_objective": 2.046563148498535,
          "dev_nll": 1.9969345331192017,
          "dev_kl": 0.10207431629585388,
          "dev_objective": 1.9969345331192017
        },
        {
          "epoch": 157,
          "train_objective": 2.045664072036743,
          "dev_nll": 1.9959439039230347,
          "dev_kl": 0.10282026829411955,
          "dev_objective": 1.9959439039230347
        },
        {
          "epoch": 158,
          "train_objective": 2.0447709560394287,
          "dev_nll": 1.994959831237793,
          "dev_kl": 0.10356443946937786,
          "dev_objective": 1.994959831237793
        },
        {
          "epoch": 159,
          "train_objective": 2.043883800506592,
          "dev_nll": 1.9939815998077393,
          "dev_kl": 0.10430693304426297,
          "dev_objective": 1.9939815998077393
        },
        {
          "epoch": 160,
          "train_objective": 2.0430028438568115,
          "dev_nll": 1.9930094480514526,
          "dev_kl": 0.10504783735702838,
          "dev_objective": 1.9930094480514526
        },
        {
          "epoch": 161,
          "train_objective": 2.0421276092529297,
          "dev_nll": 1.992043375968933,
          "dev_kl": 0.10578717087785638,
          "dev_objective": 1.992043375968933
        },
        {
          "epoch": 162,
          "train_objective": 2.0412585735321045,
          "dev_nll": 1.9910838603973389,
          "dev_kl": 0.10652507964399988,
          "dev_objective": 1.9910838603973389
        },
        {
          "epoch": 163,
          "train_objective": 2.0403952598571777,
          "dev_nll": 1.9901295900344849,
          "dev_kl": 0.10726153210638226,
          "dev_objective": 1.9901295900344849
        },
        {
          "epoch": 164,
          "train_objective": 2.0395374298095703,
          "dev_nll": 1.9891815185546875,
          "dev_kl": 0.10799655061097699,
          "dev_objective": 1.9891815185546875
        },
        {
          "epoch": 165,
          "train_objective": 2.0386857986450195,
          "dev_nll": 1.9882391691207886,
          "dev_kl": 0.10873007748395556,
          "dev_objective": 1.9882391691207886
        },
        {
          "epoch": 166,
          "train_objective": 2.037839889526367,
          "dev_nll": 1.9873026609420776,
          "dev_kl": 0.10946205788583553,
          "dev_objective": 1.9873026609420776
        },
        {
          "epoch": 167,
          "train_objective": 2.036998987197876,
          "dev_nll": 1.9863721132278442,
          "dev_kl": 0.11019246239447966,
          "dev_objective": 1.9863721132278442
        },
        {
          "epoch": 168,
          "train_objective": 2.0361642837524414,
          "dev_nll": 1.9854469299316406,
          "dev_kl": 0.11092123944943703,
          "dev_objective": 1.9854469299316406
        },
        {
          "epoch": 169,
          "train_objective": 2.035335063934326,
          "dev_nll": 1.9845277070999146,
          "dev_kl": 0.11164841626934405,
          "dev_objective": 1.9845277070999146
        },
        {
          "epoch": 170,
          "train_objective": 2.0345113277435303,
          "dev_nll": 1.983614206314087,
          "dev_kl": 0.11237397530275556,
          "dev_objective": 1.983614206314087
        },
        {
          "epoch": 171,
          "train_objective": 2.0336928367614746,
          "dev_nll": 1.9827063083648682,
          "dev_kl": 0.11309798075586792,
          "dev_objective": 1.9827063083648682
        },
        {
          "epoch": 172,
          "train_objective": 2.0328803062438965,
          "dev_nll": 1.9818037748336792,
          "dev_kl": 0.11382045699461775,
          "dev_objective": 1.9818037748336792
        },
        {
          "epoch": 173,
          "train_objective": 2.0320727825164795,
          "dev_nll": 1.9809074401855469,
          "dev_kl": 0.11454146825509179,
          "dev_objective": 1.9809074401855469
        },
        {
          "epoch": 174,
          "train_objective": 2.0312705039978027,
          "dev_nll": 1.9800162315368652,
          "dev_kl": 0.11526102145403824,
          "dev_objective": 1.9800162315368652
        },
        {
          "epoch": 175,
          "train_objective": 2.0304737091064453,
          "dev_nll": 1.979130506515503,
          "dev_kl": 0.11597915622563026,
          "dev_objective": 1.979130506515503
        },
        {
          "epoch": 176,
          "train_objective": 2.029682159423828,
          "dev_nll": 1.9782501459121704,
          "dev_kl": 0.11669582329786944,
          "dev_objective": 1.9782501459121704
        },
        {
          "epoch": 177,
          "train_objective": 2.0288960933685303,
          "dev_nll": 1.9773751497268677,
          "dev_kl": 0.11741107981075188,
          "dev_objective": 1.9773751497268677
        },
        {
          "epoch": 178,
          "train_objective": 2.0281150341033936,
          "dev_nll": 1.9765053987503052,
          "dev_kl": 0.11812487583311677,
          "dev_objective": 1.9765053987503052
        },
        {
          "epoch": 179,
          "train_objective": 2.027339220046997,
          "dev_nll": 1.9756412506103516,
          "dev_kl": 0.11883720295526809,
          "dev_objective": 1.9756412506103516
        },
        {
          "epoch": 180,
          "train_objective": 2.0265684127807617,
          "dev_nll": 1.9747822284698486,
          "dev_kl": 0.11954808821282895,
          "dev_objective": 1.9747822284698486
        },
        {
          "epoch": 181,
          "train_objective": 2.0258026123046875,
          "dev_nll": 1.973928451538086,
          "dev_kl": 0.12025750959229127,
          "dev_objective": 1.973928451538086
        },
        {
          "epoch": 182,
          "train_objective": 2.0250420570373535,
          "dev_nll": 1.973079800605774,
          "dev_kl": 0.12096555312562667,
          "dev_objective": 1.973079800605774
        },
        {
          "epoch": 183,
          "train_objective": 2.0242862701416016,
          "dev_nll": 1.9722363948822021,
          "dev_kl": 0.121672199356269,
          "dev_objective": 1.9722363948822021
        },
        {
          "epoch": 184,
          "train_objective": 2.02353572845459,
          "dev_nll": 1.971398115158081,
          "dev_kl": 0.12237746881211999,
          "dev_objective": 1.971398115158081
        },
        {
          "epoch": 185,
          "train_objective": 2.02278995513916,
          "dev_nll": 1.970564842224121,
          "dev_kl": 0.12308136157341185,
          "dev_objective": 1.970564842224121
        },
        {
          "epoch": 186,
          "train_objective": 2.0220491886138916,
          "dev_nll": 1.9697370529174805,
          "dev_kl": 0.12378392784766064,
          "dev_objective": 1.9697370529174805
        },
        {
          "epoch": 187,
          "train_objective": 2.021313190460205,
          "dev_nll": 1.9689139127731323,
          "dev_kl": 0.1244851268627597,
          "dev_objective": 1.9689139127731323
        },
        {
          "epoch": 188,
          "train_objective": 2.0205819606781006,
          "dev_nll": 1.9680962562561035,
          "dev_kl": 0.1251849558368023,
          "dev_objective": 1.9680962562561035
        },
        {
          "epoch": 189,
          "train_objective": 2.0198557376861572,
          "dev_nll": 1.9672831296920776,
          "dev_kl": 0.12588342723252066,
          "dev_objective": 1.9672831296920776
        },
        {
          "epoch": 190,
          "train_objective": 2.019134521484375,
          "dev_nll": 1.9664753675460815,
          "dev_kl": 0.12658058380842344,
          "dev_objective": 1.9664753675460815
        },
        {
          "epoch": 191,
          "train_objective": 2.0184175968170166,
          "dev_nll": 1.965672254562378,
          "dev_kl": 0.12727637965911748,
          "dev_objective": 1.965672254562378
        },
        {
          "epoch": 192,
          "train_objective": 2.0177056789398193,
          "dev_nll": 1.9648741483688354,
          "dev_kl": 0.12797088216337887,
          "dev_objective": 1.9648741483688354
        },
        {
          "epoch": 193,
          "train_objective": 2.016998052597046,
          "dev_nll": 1.964080572128296,
          "dev_kl": 0.12866412005953592,
          "dev_objective": 1.964080572128296
        },
        {
          "epoch": 194,
          "train_objective": 2.0162951946258545,
          "dev_nll": 1.9632923603057861,
          "dev_kl": 0.12935609762926023,
          "dev_objective": 1.9632923603057861
        },
        {
          "epoch": 195,
          "train_objective": 2.015597105026245,
          "dev_nll": 1.9625087976455688,
          "dev_kl": 0.13004684607657763,
          "dev_objective": 1.9625087976455688
        },
        {
          "epoch": 196,
          "train_objective": 2.0149037837982178,
          "dev_nll": 1.9617297649383545,
          "dev_kl": 0.13073636380838113,
          "dev_objective": 1.9617297649383545
        },
        {
          "epoch": 197,
          "train_objective": 2.014214515686035,
          "dev_nll": 1.9609557390213013,
          "dev_kl": 0.1314246593717578,
          "dev_objective": 1.9609557390213013
        },
        {
          "epoch": 198,
          "train_objective": 2.0135302543640137,
          "dev_nll": 1.9601863622665405,
          "dev_kl": 0.1321117008820193,
          "dev_objective": 1.9601863622665405
        },
        {
          "epoch": 199,
          "train_objective": 2.012850046157837,
          "dev_nll": 1.9594216346740723,
          "dev_kl": 0.13279752234502504,
          "dev_objective": 1.9594216346740723
        },
        {
          "epoch": 200,
          "train_objective": 2.012174606323242,
          "dev_nll": 1.9586620330810547,
          "dev_kl": 0.1334821176893489,
          "dev_objective": 1.9586620330810547
        },
        {
          "epoch": 201,
          "train_objective": 2.0115036964416504,
          "dev_nll": 1.9579066038131714,
          "dev_kl": 0.1341654892537852,
          "dev_objective": 1.9579066038131714
        },
        {
          "epoch": 202,
          "train_objective": 2.0108368396759033,
          "dev_nll": 1.9571558237075806,
          "dev_kl": 0.13484763963775173,
          "dev_objective": 1.9571558237075806
        },
        {
          "epoch": 203,
          "train_objective": 2.0101747512817383,
          "dev_nll": 1.9564099311828613,
          "dev_kl": 0.1355286343091352,
          "dev_objective": 1.9564099311828613
        },
        {
          "epoch": 204,
          "train_objective": 2.009516716003418,
          "dev_nll": 1.955668568611145,
          "dev_kl": 0.13620847000070294,
          "dev_objective": 1.955668568611145
        },
        {
          "epoch": 205,
          "train_objective": 2.0088632106781006,
          "dev_nll": 1.9549317359924316,
          "dev_kl": 0.13688715104027316,
          "dev_objective": 1.9549317359924316
        },
        {
          "epoch": 206,
          "train_objective": 2.008213758468628,
          "dev_nll": 1.954199194908142,
          "dev_kl": 0.1375647311847183,
          "dev_objective": 1.954199194908142
        },
        {
          "epoch": 207,
          "train_objective": 2.007568836212158,
          "dev_nll": 1.9534714221954346,
          "dev_kl": 0.1382412193914632,
          "dev_objective": 1.9534714221954346
        },
        {
          "epoch": 208,
          "train_objective": 2.006927967071533,
          "dev_nll": 1.9527479410171509,
          "dev_kl": 0.1389165869216552,
          "dev_objective": 1.9527479410171509
        },
        {
          "epoch": 209,
          "train_objective": 2.006291627883911,
          "dev_nll": 1.9520291090011597,
          "dev_kl": 0.13959089389384455,
          "dev_objective": 1.9520291090011597
        },
        {
          "epoch": 210,
          "train_objective": 2.0056588649749756,
          "dev_nll": 1.9513145685195923,
          "dev_kl": 0.14026407991050374,
          "dev_objective": 1.9513145685195923
        },
        {
          "epoch": 211,
          "train_objective": 2.005030870437622,
          "dev_nll": 1.9506045579910278,
          "dev_kl": 0.14093615707751522,
          "dev_objective": 1.9506045579910278
        },
        {
          "epoch": 212,
          "train_objective": 2.0044069290161133,
          "dev_nll": 1.9498988389968872,
          "dev_kl": 0.14160715054347273,
          "dev_objective": 1.9498988389968872
        },
        {
          "epoch": 213,
          "train_objective": 2.00378680229187,
          "dev_nll": 1.949197769165039,
          "dev_kl": 0.14227709554708437,
          "dev_objective": 1.949197769165039
        },
        {
          "epoch": 214,
          "train_objective": 2.003170967102051,
          "dev_nll": 1.948500633239746,
          "dev_kl": 0.14294596593029932,
          "dev_objective": 1.948500633239746
        },
        {
          "epoch": 215,
          "train_objective": 2.002559185028076,
          "dev_nll": 1.9478079080581665,
          "dev_kl": 0.14361381097953674,
          "dev_objective": 1.9478079080581665
        },
        {
          "epoch": 216,
          "train_objective": 2.0019514560699463,
          "dev_nll": 1.9471194744110107,
          "dev_kl": 0.14428061902442285,
          "dev_objective": 1.9471194744110107
        },
        {
          "epoch": 217,
          "train_objective": 2.001347780227661,
          "dev_nll": 1.946435570716858,
          "dev_kl": 0.14494643156518447,
          "dev_objective": 1.946435570716858
        },
        {
          "epoch": 218,
          "train_objective": 2.0007481575012207,
          "dev_nll": 1.9457557201385498,
          "dev_kl": 0.1456112268177356,
          "dev_objective": 1.9457557201385498
        },
        {
          "epoch": 219,
          "train_objective": 2.000152111053467,
          "dev_nll": 1.945080041885376,
          "dev_kl": 0.14627503506893813,
          "dev_objective": 1.945080041885376
        },
        {
          "epoch": 220,
          "train_objective": 1.9995605945587158,
          "dev_nll": 1.9444085359573364,
          "dev_kl": 0.14693782245084802,
          "dev_objective": 1.9444085359573364
        },
        {
          "epoch": 221,
          "train_objective": 1.998972773551941,
          "dev_nll": 1.9437412023544312,
          "dev_kl": 0.14759961894591683,
          "dev_objective": 1.9437412023544312
        },
        {
          "epoch": 222,
          "train_objective": 1.9983887672424316,
          "dev_nll": 1.9430783987045288,
          "dev_kl": 0.14826048957472374,
          "dev_objective": 1.9430783987045288
        },
        {
          "epoch": 223,
          "train_objective": 1.9978089332580566,
          "dev_nll": 1.942419409751892,
          "dev_kl": 0.14892034220948672,
          "dev_objective": 1.942419409751892
        },
        {
          "epoch": 224,
          "train_objective": 1.9972323179244995,
          "dev_nll": 1.9417645931243896,
          "dev_kl": 0.14957923523616046,
          "dev_objective": 1.9417645931243896
        },
        {
          "epoch": 225,
          "train_objective": 1.9966601133346558,
          "dev_nll": 1.9411137104034424,
          "dev_kl": 0.1502372058373792,
          "dev_objective": 1.9411137104034424
        },
        {
          "epoch": 226,
          "train_objective": 1.996091365814209,
          "dev_nll": 1.940467119216919,
          "dev_kl": 0.15089421080942433,
          "dev_objective": 1.940467119216919
        },
        {
          "epoch": 227,
          "train_objective": 1.995526671409607,
          "dev_nll": 1.9398248195648193,
          "dev_kl": 0.15155026727400064,
          "dev_objective": 1.9398248195648193
        },
        {
          "epoch": 228,
          "train_objective": 1.9949655532836914,
          "dev_nll": 1.9391862154006958,
          "dev_kl": 0.1522054251365737,
          "dev_objective": 1.9391862154006958
        },
        {
          "epoch": 229,
          "train_objective": 1.994408369064331,
          "dev_nll": 1.938551664352417,
          "dev_kl": 0.1528596547739014,
          "dev_objective": 1.938551664352417
        },
        {
          "epoch": 230,
          "train_objective": 1.9938548803329468,
          "dev_nll": 1.9379209280014038,
          "dev_kl": 0.15351292261379762,
          "dev_objective": 1.9379209280014038
        },
        {
          "epoch": 231,
          "train_objective": 1.993304967880249,
          "dev_nll": 1.9372944831848145,
          "dev_kl": 0.15416530941650775,
          "dev_objective": 1.9372944831848145
        },
        {
          "epoch": 232,
          "train_objective": 1.9927589893341064,
          "dev_nll": 1.9366718530654907,
          "dev_kl": 0.15481677277067146,
          "dev_objective": 1.9366718530654907
        },
        {
          "epoch": 233,
          "train_objective": 1.9922163486480713,
          "dev_nll": 1.9360531568527222,
          "dev_kl": 0.1554673518581727,
          "dev_objective": 1.9360531568527222
        },
        {
          "epoch": 234,
          "train_objective": 1.9916775226593018,
          "dev_nll": 1.9354385137557983,
          "dev_kl": 0.15611701475446918,
          "dev_objective": 1.9354385137557983
        },
        {
          "epoch": 235,
          "train_objective": 1.9911422729492188,
          "dev_nll": 1.9348276853561401,
          "dev_kl": 0.15676581489130947,
          "dev_objective": 1.9348276853561401
        },
        {
          "epoch": 236,
          "train_objective": 1.9906105995178223,
          "dev_nll": 1.934220552444458,
          "dev_kl": 0.15741371544998828,
          "dev_objective": 1.934220552444458
        },
        {
          "epoch": 237,
          "train_objective": 1.9900827407836914,
          "dev_nll": 1.9336177110671997,
          "dev_kl": 0.15806073376000124,
          "dev_objective": 1.9336177110671997
        },
        {
          "epoch": 238,
          "train_objective": 1.9895581007003784,
          "dev_nll": 1.933018445968628,
          "dev_kl": 0.15870687207702636,
          "dev_objective": 1.933018445968628
        },
        {
          "epoch": 239,
          "train_objective": 1.9890371561050415,
          "dev_nll": 1.9324229955673218,
          "dev_kl": 0.15935214890284058,
          "dev_objective": 1.9324229955673218
        },
        {
          "epoch": 240,
          "train_objective": 1.9885197877883911,
          "dev_nll": 1.9318310022354126,
          "dev_kl": 0.15999653574689143,
          "dev_objective": 1.9318310022354126
        },
        {
          "epoch": 241,
          "train_objective": 1.9880056381225586,
          "dev_nll": 1.9312433004379272,
          "dev_kl": 0.1606400654177173,
          "dev_objective": 1.9312433004379272
        },
        {
          "epoch": 242,
          "train_objective": 1.9874953031539917,
          "dev_nll": 1.930659294128418,
          "dev_kl": 0.16128275124985422,
          "dev_objective": 1.930659294128418
        },
        {
          "epoch": 243,
          "train_objective": 1.9869883060455322,
          "dev_nll": 1.9300787448883057,
          "dev_kl": 0.16192454217171698,
          "dev_objective": 1.9300787448883057
        },
        {
          "epoch": 244,
          "train_objective": 1.9864847660064697,
          "dev_nll": 1.929502248764038,
          "dev_kl": 0.1625654467290817,
          "dev_objective": 1.929502248764038
        },
        {
          "epoch": 245,
          "train_objective": 1.9859846830368042,
          "dev_nll": 1.9289292097091675,
          "dev_kl": 0.16320556339488979,
          "dev_objective": 1.9289292097091675
        },
        {
          "epoch": 246,
          "train_objective": 1.985487937927246,
          "dev_nll": 1.928360104560852,
          "dev_kl": 0.1638447986506681,
          "dev_objective": 1.928360104560852
        },
        {
          "epoch": 247,
          "train_objective": 1.9849945306777954,
          "dev_nll": 1.927794337272644,
          "dev_kl": 0.16448319250710416,
          "dev_objective": 1.927794337272644
        },
        {
          "epoch": 248,
          "train_objective": 1.9845044612884521,
          "dev_nll": 1.9272323846817017,
          "dev_kl": 0.1651207624449812,
          "dev_objective": 1.9272323846817017
        },
        {
          "epoch": 249,
          "train_objective": 1.9840178489685059,
          "dev_nll": 1.9266741275787354,
          "dev_kl": 0.16575749446168597,
          "dev_objective": 1.9266741275787354
        },
        {
          "epoch": 250,
          "train_objective": 1.983534336090088,
          "dev_nll": 1.9261194467544556,
          "dev_kl": 0.16639333976700646,
          "dev_objective": 1.9261194467544556
        },
        {
          "epoch": 251,
          "train_objective": 1.9830543994903564,
          "dev_nll": 1.9255682229995728,
          "dev_kl": 0.1670283945677183,
          "dev_objective": 1.9255682229995728
        },
        {
          "epoch": 252,
          "train_objective": 1.9825776815414429,
          "dev_nll": 1.9250203371047974,
          "dev_kl": 0.16766254385675802,
          "dev_objective": 1.9250203371047974
        },
        {
          "epoch": 253,
          "train_objective": 1.9821043014526367,
          "dev_nll": 1.9244767427444458,
          "dev_kl": 0.1682958996552934,
          "dev_objective": 1.9244767427444458
        },
        {
          "epoch": 254,
          "train_objective": 1.9816337823867798,
          "dev_nll": 1.923936128616333,
          "dev_kl": 0.16892837087724982,
          "dev_objective": 1.923936128616333
        },
        {
          "epoch": 255,
          "train_objective": 1.9811670780181885,
          "dev_nll": 1.9233990907669067,
          "dev_kl": 0.16956006230769138,
          "dev_objective": 1.9233990907669067
        },
        {
          "epoch": 256,
          "train_objective": 1.9807032346725464,
          "dev_nll": 1.922865629196167,
          "dev_kl": 0.17019089938627519,
          "dev_objective": 1.922865629196167
        },
        {
          "epoch": 257,
          "train_objective": 1.9802426099777222,
          "dev_nll": 1.9223356246948242,
          "dev_kl": 0.1708208969939733,
          "dev_objective": 1.9223356246948242
        },
        {
          "epoch": 258,
          "train_objective": 1.9797852039337158,
          "dev_nll": 1.921809196472168,
          "dev_kl": 0.17145009321144358,
          "dev_objective": 1.921809196472168
        },
        {
          "epoch": 259,
          "train_objective": 1.9793308973312378,
          "dev_nll": 1.9212859869003296,
          "dev_kl": 0.1720784370563788,
          "dev_objective": 1.9212859869003296
        },
        {
          "epoch": 260,
          "train_objective": 1.978879690170288,
          "dev_nll": 1.9207663536071777,
          "dev_kl": 0.17270593109568433,
          "dev_objective": 1.9207663536071777
        },
        {
          "epoch": 261,
          "train_objective": 1.9784317016601562,
          "dev_nll": 1.9202501773834229,
          "dev_kl": 0.1733326028002298,
          "dev_objective": 1.9202501773834229
        },
        {
          "epoch": 262,
          "train_objective": 1.9779868125915527,
          "dev_nll": 1.9197371006011963,
          "dev_kl": 0.17395841520500416,
          "dev_objective": 1.9197371006011963
        },
        {
          "epoch": 263,
          "train_objective": 1.9775450229644775,
          "dev_nll": 1.9192278385162354,
          "dev_kl": 0.17458342300711707,
          "dev_objective": 1.9192278385162354
        },
        {
          "epoch": 264,
          "train_objective": 1.9771060943603516,
          "dev_nll": 1.9187216758728027,
          "dev_kl": 0.17520755032082153,
          "dev_objective": 1.9187216758728027
        },
        {
          "epoch": 265,
          "train_objective": 1.976670503616333,
          "dev_nll": 1.9182186126708984,
          "dev_kl": 0.1758308876573259,
          "dev_objective": 1.9182186126708984
        },
        {
          "epoch": 266,
          "train_objective": 1.9762376546859741,
          "dev_nll": 1.9177191257476807,
          "dev_kl": 0.17645332972395342,
          "dev_objective": 1.9177191257476807
        },
        {
          "epoch": 267,
          "train_objective": 1.9758082628250122,
          "dev_nll": 1.9172229766845703,
          "dev_kl": 0.1770749554631399,
          "dev_objective": 1.9172229766845703
        },
        {
          "epoch": 268,
          "train_objective": 1.9753813743591309,
          "dev_nll": 1.9167300462722778,
          "dev_kl": 0.17769574650302677,
          "dev_objective": 1.9167300462722778
        },
        {
          "epoch": 269,
          "train_objective": 1.974957823753357,
          "dev_nll": 1.9162403345108032,
          "dev_kl": 0.1783156874349712,
          "dev_objective": 1.9162403345108032
        },
        {
          "epoch": 270,
          "train_objective": 1.9745368957519531,
          "dev_nll": 1.9157538414001465,
          "dev_kl": 0.17893479255013386,
          "dev_objective": 1.9157538414001465
        },
        {
          "epoch": 271,
          "train_objective": 1.9741190671920776,
          "dev_nll": 1.9152706861495972,
          "dev_kl": 0.17955301459798714,
          "dev_objective": 1.9152706861495972
        },
        {
          "epoch": 272,
          "train_objective": 1.973704218864441,
          "dev_nll": 1.9147907495498657,
          "dev_kl": 0.1801703999997961,
          "dev_objective": 1.9147907495498657
        },
        {
          "epoch": 273,
          "train_objective": 1.9732921123504639,
          "dev_nll": 1.9143140316009521,
          "dev_kl": 0.18078691788577014,
          "dev_objective": 1.9143140316009521
        },
        {
          "epoch": 274,
          "train_objective": 1.9728832244873047,
          "dev_nll": 1.913840413093567,
          "dev_kl": 0.18140256756790527,
          "dev_objective": 1.913840413093567
        },
        {
          "epoch": 275,
          "train_objective": 1.9724770784378052,
          "dev_nll": 1.9133697748184204,
          "dev_kl": 0.182017403886536,
          "dev_objective": 1.9133697748184204
        },
        {
          "epoch": 276,
          "train_objective": 1.9720736742019653,
          "dev_nll": 1.912902593612671,
          "dev_kl": 0.18263135876570544,
          "dev_objective": 1.912902593612671
        },
        {
          "epoch": 277,
          "train_objective": 1.9716731309890747,
          "dev_nll": 1.9124380350112915,
          "dev_kl": 0.1832444503003268,
          "dev_objective": 1.9124380350112915
        },
        {
          "epoch": 278,
          "train_objective": 1.9712753295898438,
          "dev_nll": 1.9119771718978882,
          "dev_kl": 0.18385668466775362,
          "dev_objective": 1.9119771718978882
        },
        {
          "epoch": 279,
          "train_objective": 1.9708806276321411,
          "dev_nll": 1.9115192890167236,
          "dev_kl": 0.18446804582994003,
          "dev_objective": 1.9115192890167236
        },
        {
          "epoch": 280,
          "train_objective": 1.9704885482788086,
          "dev_nll": 1.9110643863677979,
          "dev_kl": 0.18507850684060637,
          "dev_objective": 1.9110643863677979
        },
        {
          "epoch": 281,
          "train_objective": 1.9700989723205566,
          "dev_nll": 1.9106123447418213,
          "dev_kl": 0.18568809118497065,
          "dev_objective": 1.9106123447418213
        },
        {
          "epoch": 282,
          "train_objective": 1.969712495803833,
          "dev_nll": 1.910163402557373,
          "dev_kl": 0.18629680106594376,
          "dev_objective": 1.910163402557373
        },
        {
          "epoch": 283,
          "train_objective": 1.969328761100769,
          "dev_nll": 1.9097174406051636,
          "dev_kl": 0.18690462002760377,
          "dev_objective": 1.9097174406051636
        },
        {
          "epoch": 284,
          "train_objective": 1.968947410583496,
          "dev_nll": 1.9092748165130615,
          "dev_kl": 0.18751155152766932,
          "dev_objective": 1.9092748165130615
        },
        {
          "epoch": 285,
          "train_objective": 1.968569040298462,
          "dev_nll": 1.9088348150253296,
          "dev_kl": 0.18811760954220616,
          "dev_objective": 1.9088348150253296
        },
        {
          "epoch": 286,
          "train_objective": 1.9681932926177979,
          "dev_nll": 1.9083980321884155,
          "dev_kl": 0.18872275274141528,
          "dev_objective": 1.9083980321884155
        },
        {
          "epoch": 287,
          "train_objective": 1.967820405960083,
          "dev_nll": 1.9079641103744507,
          "dev_kl": 0.18932701684153053,
          "dev_objective": 1.9079641103744507
        },
        {
          "epoch": 288,
          "train_objective": 1.9674500226974487,
          "dev_nll": 1.9075329303741455,
          "dev_kl": 0.18993035521441368,
          "dev_objective": 1.9075329303741455
        },
        {
          "epoch": 289,
          "train_objective": 1.967082142829895,
          "dev_nll": 1.907104730606079,
          "dev_kl": 0.19053275582517198,
          "dev_objective": 1.907104730606079
        },
        {
          "epoch": 290,
          "train_objective": 1.9667168855667114,
          "dev_nll": 1.906679630279541,
          "dev_kl": 0.1911342975782883,
          "dev_objective": 1.906679630279541
        },
        {
          "epoch": 291,
          "train_objective": 1.966354489326477,
          "dev_nll": 1.9062572717666626,
          "dev_kl": 0.1917349132886188,
          "dev_objective": 1.9062572717666626
        },
        {
          "epoch": 292,
          "train_objective": 1.9659945964813232,
          "dev_nll": 1.905837893486023,
          "dev_kl": 0.19233459374493225,
          "dev_objective": 1.905837893486023
        },
        {
          "epoch": 293,
          "train_objective": 1.9656373262405396,
          "dev_nll": 1.9054210186004639,
          "dev_kl": 0.19293336748491097,
          "dev_objective": 1.9054210186004639
        },
        {
          "epoch": 294,
          "train_objective": 1.9652824401855469,
          "dev_nll": 1.9050074815750122,
          "dev_kl": 0.1935311751038679,
          "dev_objective": 1.9050074815750122
        },
        {
          "epoch": 295,
          "train_objective": 1.9649301767349243,
          "dev_nll": 1.9045963287353516,
          "dev_kl": 0.1941280595096327,
          "dev_objective": 1.9045963287353516
        },
        {
          "epoch": 296,
          "train_objective": 1.9645805358886719,
          "dev_nll": 1.9041881561279297,
          "dev_kl": 0.19472398316894862,
          "dev_objective": 1.9041881561279297
        },
        {
          "epoch": 297,
          "train_objective": 1.964233160018921,
          "dev_nll": 1.9037827253341675,
          "dev_kl": 0.19531899841833594,
          "dev_objective": 1.9037827253341675
        },
        {
          "epoch": 298,
          "train_objective": 1.96388840675354,
          "dev_nll": 1.9033799171447754,
          "dev_kl": 0.19591306162118935,
          "dev_objective": 1.9033799171447754
        },
        {
          "epoch": 299,
          "train_objective": 1.9635462760925293,
          "dev_nll": 1.9029802083969116,
          "dev_kl": 0.19650614272593572,
          "dev_objective": 1.9029802083969116
        }
      ]
    },
    "signed_logic_repair_head": {
      "kl_lambda": 0.0,
      "best_dev_nll": 1.8303571939468384,
      "best_dev_kl": 0.32131284276476585,
      "best_dev_objective": 1.8303571939468384,
      "epochs_run": 300,
      "history": [
        {
          "epoch": 0,
          "train_objective": 2.269007921218872,
          "dev_nll": 2.2618143558502197,
          "dev_kl": 0.02326270607132297,
          "dev_objective": 2.2618143558502197
        },
        {
          "epoch": 1,
          "train_objective": 2.250344753265381,
          "dev_nll": 2.2558183670043945,
          "dev_kl": 0.045454852995651496,
          "dev_objective": 2.2558183670043945
        },
        {
          "epoch": 2,
          "train_objective": 2.2364280223846436,
          "dev_nll": 2.2573893070220947,
          "dev_kl": 0.04998362902604329,
          "dev_objective": 2.2573893070220947
        },
        {
          "epoch": 3,
          "train_objective": 2.22548770904541,
          "dev_nll": 2.2629828453063965,
          "dev_kl": 0.05181253179388649,
          "dev_objective": 2.2629828453063965
        },
        {
          "epoch": 4,
          "train_objective": 2.2181897163391113,
          "dev_nll": 2.2620997428894043,
          "dev_kl": 0.06207312803205757,
          "dev_objective": 2.2620997428894043
        },
        {
          "epoch": 5,
          "train_objective": 2.2120909690856934,
          "dev_nll": 2.2555034160614014,
          "dev_kl": 0.07401863283054014,
          "dev_objective": 2.2555034160614014
        },
        {
          "epoch": 6,
          "train_objective": 2.206312417984009,
          "dev_nll": 2.2476248741149902,
          "dev_kl": 0.0792223072279379,
          "dev_objective": 2.2476248741149902
        },
        {
          "epoch": 7,
          "train_objective": 2.200500249862671,
          "dev_nll": 2.239454746246338,
          "dev_kl": 0.0765006447898912,
          "dev_objective": 2.239454746246338
        },
        {
          "epoch": 8,
          "train_objective": 2.193794012069702,
          "dev_nll": 2.2303626537323,
          "dev_kl": 0.07141106899802548,
          "dev_objective": 2.2303626537323
        },
        {
          "epoch": 9,
          "train_objective": 2.187256336212158,
          "dev_nll": 2.2189910411834717,
          "dev_kl": 0.06840480905789714,
          "dev_objective": 2.2189910411834717
        },
        {
          "epoch": 10,
          "train_objective": 2.180981397628784,
          "dev_nll": 2.2059402465820312,
          "dev_kl": 0.06856684160821543,
          "dev_objective": 2.2059402465820312
        },
        {
          "epoch": 11,
          "train_objective": 2.17496919631958,
          "dev_nll": 2.193514108657837,
          "dev_kl": 0.07036522054952477,
          "dev_objective": 2.193514108657837
        },
        {
          "epoch": 12,
          "train_objective": 2.1698226928710938,
          "dev_nll": 2.1831254959106445,
          "dev_kl": 0.07070748732836397,
          "dev_objective": 2.1831254959106445
        },
        {
          "epoch": 13,
          "train_objective": 2.165341854095459,
          "dev_nll": 2.174762010574341,
          "dev_kl": 0.06882377809777789,
          "dev_objective": 2.174762010574341
        },
        {
          "epoch": 14,
          "train_objective": 2.1612370014190674,
          "dev_nll": 2.1677956581115723,
          "dev_kl": 0.06747734113931991,
          "dev_objective": 2.1677956581115723
        },
        {
          "epoch": 15,
          "train_objective": 2.1576485633850098,
          "dev_nll": 2.1613147258758545,
          "dev_kl": 0.06927415602714629,
          "dev_objective": 2.1613147258758545
        },
        {
          "epoch": 16,
          "train_objective": 2.154205083847046,
          "dev_nll": 2.1552650928497314,
          "dev_kl": 0.0741281682197508,
          "dev_objective": 2.1552650928497314
        },
        {
          "epoch": 17,
          "train_objective": 2.150726079940796,
          "dev_nll": 2.1503617763519287,
          "dev_kl": 0.07956807222217321,
          "dev_objective": 2.1503617763519287
        },
        {
          "epoch": 18,
          "train_objective": 2.147359609603882,
          "dev_nll": 2.146906614303589,
          "dev_kl": 0.08301404984416189,
          "dev_objective": 2.146906614303589
        },
        {
          "epoch": 19,
          "train_objective": 2.1439387798309326,
          "dev_nll": 2.144740581512451,
          "dev_kl": 0.08487519096616689,
          "dev_objective": 2.144740581512451
        },
        {
          "epoch": 20,
          "train_objective": 2.1405630111694336,
          "dev_nll": 2.143230438232422,
          "dev_kl": 0.08757203074826582,
          "dev_objective": 2.143230438232422
        },
        {
          "epoch": 21,
          "train_objective": 2.137437582015991,
          "dev_nll": 2.1415040493011475,
          "dev_kl": 0.09241389910698877,
          "dev_objective": 2.1415040493011475
        },
        {
          "epoch": 22,
          "train_objective": 2.134471893310547,
          "dev_nll": 2.1395342350006104,
          "dev_kl": 0.09834099542517383,
          "dev_objective": 2.1395342350006104
        },
        {
          "epoch": 23,
          "train_objective": 2.1317620277404785,
          "dev_nll": 2.1378188133239746,
          "dev_kl": 0.10298712952649808,
          "dev_objective": 2.1378188133239746
        },
        {
          "epoch": 24,
          "train_objective": 2.1292951107025146,
          "dev_nll": 2.1364407539367676,
          "dev_kl": 0.10528403369558824,
          "dev_objective": 2.1364407539367676
        },
        {
          "epoch": 25,
          "train_objective": 2.1268866062164307,
          "dev_nll": 2.1347885131835938,
          "dev_kl": 0.10656110279530555,
          "dev_objective": 2.1347885131835938
        },
        {
          "epoch": 26,
          "train_objective": 2.124560594558716,
          "dev_nll": 2.131896734237671,
          "dev_kl": 0.10845469117063929,
          "dev_objective": 2.131896734237671
        },
        {
          "epoch": 27,
          "train_objective": 2.1222012042999268,
          "dev_nll": 2.1277053356170654,
          "dev_kl": 0.1110048202697087,
          "dev_objective": 2.1277053356170654
        },
        {
          "epoch": 28,
          "train_objective": 2.119769334793091,
          "dev_nll": 2.123100996017456,
          "dev_kl": 0.11278056388569845,
          "dev_objective": 2.123100996017456
        },
        {
          "epoch": 29,
          "train_objective": 2.117354154586792,
          "dev_nll": 2.118727207183838,
          "dev_kl": 0.11263087877651325,
          "dev_objective": 2.118727207183838
        },
        {
          "epoch": 30,
          "train_objective": 2.1149208545684814,
          "dev_nll": 2.1144959926605225,
          "dev_kl": 0.11139896179775934,
          "dev_objective": 2.1144959926605225
        },
        {
          "epoch": 31,
          "train_objective": 2.1125648021698,
          "dev_nll": 2.1099307537078857,
          "dev_kl": 0.11093769589153764,
          "dev_objective": 2.1099307537078857
        },
        {
          "epoch": 32,
          "train_objective": 2.110308885574341,
          "dev_nll": 2.1050922870635986,
          "dev_kl": 0.1118356403223499,
          "dev_objective": 2.1050922870635986
        },
        {
          "epoch": 33,
          "train_objective": 2.10811448097229,
          "dev_nll": 2.1007280349731445,
          "dev_kl": 0.11279764941784444,
          "dev_objective": 2.1007280349731445
        },
        {
          "epoch": 34,
          "train_objective": 2.1060056686401367,
          "dev_nll": 2.0973117351531982,
          "dev_kl": 0.11251583624513703,
          "dev_objective": 2.0973117351531982
        },
        {
          "epoch": 35,
          "train_objective": 2.1038906574249268,
          "dev_nll": 2.094651699066162,
          "dev_kl": 0.11173675580554314,
          "dev_objective": 2.094651699066162
        },
        {
          "epoch": 36,
          "train_objective": 2.101773977279663,
          "dev_nll": 2.0921974182128906,
          "dev_kl": 0.11208885644252102,
          "dev_objective": 2.0921974182128906
        },
        {
          "epoch": 37,
          "train_objective": 2.0996413230895996,
          "dev_nll": 2.0898056030273438,
          "dev_kl": 0.113708923692471,
          "dev_objective": 2.0898056030273438
        },
        {
          "epoch": 38,
          "train_objective": 2.09749436378479,
          "dev_nll": 2.087876319885254,
          "dev_kl": 0.11513107646726542,
          "dev_objective": 2.087876319885254
        },
        {
          "epoch": 39,
          "train_objective": 2.0953917503356934,
          "dev_nll": 2.0865767002105713,
          "dev_kl": 0.11541214061749948,
          "dev_objective": 2.0865767002105713
        },
        {
          "epoch": 40,
          "train_objective": 2.0933244228363037,
          "dev_nll": 2.085465669631958,
          "dev_kl": 0.1154223840205452,
          "dev_objective": 2.085465669631958
        },
        {
          "epoch": 41,
          "train_objective": 2.0913338661193848,
          "dev_nll": 2.0838782787323,
          "dev_kl": 0.11626368159059065,
          "dev_objective": 2.0838782787323
        },
        {
          "epoch": 42,
          "train_objective": 2.0893919467926025,
          "dev_nll": 2.081782341003418,
          "dev_kl": 0.11754124725724126,
          "dev_objective": 2.081782341003418
        },
        {
          "epoch": 43,
          "train_objective": 2.0874874591827393,
          "dev_nll": 2.0796115398406982,
          "dev_kl": 0.11797583906550531,
          "dev_objective": 2.0796115398406982
        },
        {
          "epoch": 44,
          "train_objective": 2.085602283477783,
          "dev_nll": 2.0774388313293457,
          "dev_kl": 0.11734554228196675,
          "dev_objective": 2.0774388313293457
        },
        {
          "epoch": 45,
          "train_objective": 2.0837159156799316,
          "dev_nll": 2.0748629570007324,
          "dev_kl": 0.1167594580827197,
          "dev_objective": 2.0748629570007324
        },
        {
          "epoch": 46,
          "train_objective": 2.081848382949829,
          "dev_nll": 2.0717132091522217,
          "dev_kl": 0.11689637932792171,
          "dev_objective": 2.0717132091522217
        },
        {
          "epoch": 47,
          "train_objective": 2.0799946784973145,
          "dev_nll": 2.0684614181518555,
          "dev_kl": 0.11709201591810933,
          "dev_objective": 2.0684614181518555
        },
        {
          "epoch": 48,
          "train_objective": 2.078184127807617,
          "dev_nll": 2.0655677318573,
          "dev_kl": 0.11655568050405195,
          "dev_objective": 2.0655677318573
        },
        {
          "epoch": 49,
          "train_objective": 2.076409339904785,
          "dev_nll": 2.0629687309265137,
          "dev_kl": 0.11579795606719616,
          "dev_objective": 2.0629687309265137
        },
        {
          "epoch": 50,
          "train_objective": 2.074673652648926,
          "dev_nll": 2.060378313064575,
          "dev_kl": 0.11583501447478796,
          "dev_objective": 2.060378313064575
        },
        {
          "epoch": 51,
          "train_objective": 2.072960615158081,
          "dev_nll": 2.0578880310058594,
          "dev_kl": 0.11658929936747225,
          "dev_objective": 2.0578880310058594
        },
        {
          "epoch": 52,
          "train_objective": 2.071260929107666,
          "dev_nll": 2.0558407306671143,
          "dev_kl": 0.11713267163046308,
          "dev_objective": 2.0558407306671143
        },
        {
          "epoch": 53,
          "train_objective": 2.069571018218994,
          "dev_nll": 2.0542542934417725,
          "dev_kl": 0.11727981351374707,
          "dev_objective": 2.0542542934417725
        },
        {
          "epoch": 54,
          "train_objective": 2.0678892135620117,
          "dev_nll": 2.0527637004852295,
          "dev_kl": 0.11781249142897961,
          "dev_objective": 2.0527637004852295
        },
        {
          "epoch": 55,
          "train_objective": 2.066227436065674,
          "dev_nll": 2.0511298179626465,
          "dev_kl": 0.1190334760210569,
          "dev_objective": 2.0511298179626465
        },
        {
          "epoch": 56,
          "train_objective": 2.0645852088928223,
          "dev_nll": 2.0495047569274902,
          "dev_kl": 0.12022476549772126,
          "dev_objective": 2.0495047569274902
        },
        {
          "epoch": 57,
          "train_objective": 2.0629701614379883,
          "dev_nll": 2.047987937927246,
          "dev_kl": 0.12083021872509103,
          "dev_objective": 2.047987937927246
        },
        {
          "epoch": 58,
          "train_objective": 2.0613725185394287,
          "dev_nll": 2.046326160430908,
          "dev_kl": 0.1213041143030398,
          "dev_objective": 2.046326160430908
        },
        {
          "epoch": 59,
          "train_objective": 2.059791326522827,
          "dev_nll": 2.044257402420044,
          "dev_kl": 0.12218718875937902,
          "dev_objective": 2.044257402420044
        },
        {
          "epoch": 60,
          "train_objective": 2.0582175254821777,
          "dev_nll": 2.041926383972168,
          "dev_kl": 0.12315026369902331,
          "dev_objective": 2.041926383972168
        },
        {
          "epoch": 61,
          "train_objective": 2.0566537380218506,
          "dev_nll": 2.039607286453247,
          "dev_kl": 0.12362336279270617,
          "dev_objective": 2.039607286453247
        },
        {
          "epoch": 62,
          "train_objective": 2.0550992488861084,
          "dev_nll": 2.037289619445801,
          "dev_kl": 0.12384444818756468,
          "dev_objective": 2.037289619445801
        },
        {
          "epoch": 63,
          "train_objective": 2.053560733795166,
          "dev_nll": 2.0348293781280518,
          "dev_kl": 0.12444531829264183,
          "dev_objective": 2.0348293781280518
        },
        {
          "epoch": 64,
          "train_objective": 2.0520386695861816,
          "dev_nll": 2.0323421955108643,
          "dev_kl": 0.12537814235851705,
          "dev_objective": 2.0323421955108643
        },
        {
          "epoch": 65,
          "train_objective": 2.050532817840576,
          "dev_nll": 2.030093193054199,
          "dev_kl": 0.12610755681672747,
          "dev_objective": 2.030093193054199
        },
        {
          "epoch": 66,
          "train_objective": 2.0490400791168213,
          "dev_nll": 2.0281074047088623,
          "dev_kl": 0.12665529630088188,
          "dev_objective": 2.0281074047088623
        },
        {
          "epoch": 67,
          "train_objective": 2.0475573539733887,
          "dev_nll": 2.026200294494629,
          "dev_kl": 0.1275491400722515,
          "dev_objective": 2.026200294494629
        },
        {
          "epoch": 68,
          "train_objective": 2.046083927154541,
          "dev_nll": 2.0243308544158936,
          "dev_kl": 0.1288209380498072,
          "dev_objective": 2.0243308544158936
        },
        {
          "epoch": 69,
          "train_objective": 2.044619560241699,
          "dev_nll": 2.0226311683654785,
          "dev_kl": 0.12995026701524318,
          "dev_objective": 2.0226311683654785
        },
        {
          "epoch": 70,
          "train_objective": 2.04316782951355,
          "dev_nll": 2.0210764408111572,
          "dev_kl": 0.1308114633870286,
          "dev_objective": 2.0210764408111572
        },
        {
          "epoch": 71,
          "train_objective": 2.0417284965515137,
          "dev_nll": 2.0194458961486816,
          "dev_kl": 0.13181740518969795,
          "dev_objective": 2.0194458961486816
        },
        {
          "epoch": 72,
          "train_objective": 2.0403025150299072,
          "dev_nll": 2.017652988433838,
          "dev_kl": 0.13304030770847053,
          "dev_objective": 2.017652988433838
        },
        {
          "epoch": 73,
          "train_objective": 2.0388877391815186,
          "dev_nll": 2.0158193111419678,
          "dev_kl": 0.1340455429498442,
          "dev_objective": 2.0158193111419678
        },
        {
          "epoch": 74,
          "train_objective": 2.037482500076294,
          "dev_nll": 2.0139782428741455,
          "dev_kl": 0.13472483271464436,
          "dev_objective": 2.0139782428741455
        },
        {
          "epoch": 75,
          "train_objective": 2.036085844039917,
          "dev_nll": 2.012010097503662,
          "dev_kl": 0.13547974873988614,
          "dev_objective": 2.012010097503662
        },
        {
          "epoch": 76,
          "train_objective": 2.034698724746704,
          "dev_nll": 2.009925365447998,
          "dev_kl": 0.13642294845451508,
          "dev_objective": 2.009925365447998
        },
        {
          "epoch": 77,
          "train_objective": 2.0333213806152344,
          "dev_nll": 2.0079057216644287,
          "dev_kl": 0.13721095346887638,
          "dev_objective": 2.0079057216644287
        },
        {
          "epoch": 78,
          "train_objective": 2.031954765319824,
          "dev_nll": 2.0060195922851562,
          "dev_kl": 0.1378050545977244,
          "dev_objective": 2.0060195922851562
        },
        {
          "epoch": 79,
          "train_objective": 2.0305984020233154,
          "dev_nll": 2.0041797161102295,
          "dev_kl": 0.13858006866480987,
          "dev_objective": 2.0041797161102295
        },
        {
          "epoch": 80,
          "train_objective": 2.0292510986328125,
          "dev_nll": 2.0023951530456543,
          "dev_kl": 0.1395719688352164,
          "dev_objective": 2.0023951530456543
        },
        {
          "epoch": 81,
          "train_objective": 2.027911424636841,
          "dev_nll": 2.0007760524749756,
          "dev_kl": 0.14044036143585234,
          "dev_objective": 2.0007760524749756
        },
        {
          "epoch": 82,
          "train_objective": 2.0265793800354004,
          "dev_nll": 1.9992917776107788,
          "dev_kl": 0.14119134802237018,
          "dev_objective": 1.9992917776107788
        },
        {
          "epoch": 83,
          "train_objective": 2.0252556800842285,
          "dev_nll": 1.9977977275848389,
          "dev_kl": 0.14211714205223028,
          "dev_objective": 1.9977977275848389
        },
        {
          "epoch": 84,
          "train_objective": 2.0239405632019043,
          "dev_nll": 1.9962764978408813,
          "dev_kl": 0.14312046412630258,
          "dev_objective": 1.9962764978408813
        },
        {
          "epoch": 85,
          "train_objective": 2.0226337909698486,
          "dev_nll": 1.9947854280471802,
          "dev_kl": 0.1439012938414004,
          "dev_objective": 1.9947854280471802
        },
        {
          "epoch": 86,
          "train_objective": 2.0213351249694824,
          "dev_nll": 1.9932565689086914,
          "dev_kl": 0.14457745560201574,
          "dev_objective": 1.9932565689086914
        },
        {
          "epoch": 87,
          "train_objective": 2.0200436115264893,
          "dev_nll": 1.991606593132019,
          "dev_kl": 0.14537945312556919,
          "dev_objective": 1.991606593132019
        },
        {
          "epoch": 88,
          "train_objective": 2.01875901222229,
          "dev_nll": 1.9899123907089233,
          "dev_kl": 0.1461347179646763,
          "dev_objective": 1.9899123907089233
        },
        {
          "epoch": 89,
          "train_objective": 2.017481565475464,
          "dev_nll": 1.9882586002349854,
          "dev_kl": 0.14669363771623992,
          "dev_objective": 1.9882586002349854
        },
        {
          "epoch": 90,
          "train_objective": 2.0162112712860107,
          "dev_nll": 1.986606478691101,
          "dev_kl": 0.14729956928472798,
          "dev_objective": 1.986606478691101
        },
        {
          "epoch": 91,
          "train_objective": 2.0149481296539307,
          "dev_nll": 1.9849605560302734,
          "dev_kl": 0.148056021539142,
          "dev_objective": 1.9849605560302734
        },
        {
          "epoch": 92,
          "train_objective": 2.0136919021606445,
          "dev_nll": 1.9834202527999878,
          "dev_kl": 0.14873667788347816,
          "dev_objective": 1.9834202527999878
        },
        {
          "epoch": 93,
          "train_objective": 2.012442111968994,
          "dev_nll": 1.9819859266281128,
          "dev_kl": 0.1493546967478553,
          "dev_objective": 1.9819859266281128
        },
        {
          "epoch": 94,
          "train_objective": 2.0111985206604004,
          "dev_nll": 1.9805737733840942,
          "dev_kl": 0.15012576312313344,
          "dev_objective": 1.9805737733840942
        },
        {
          "epoch": 95,
          "train_objective": 2.009960651397705,
          "dev_nll": 1.9791916608810425,
          "dev_kl": 0.1509357601286726,
          "dev_objective": 1.9791916608810425
        },
        {
          "epoch": 96,
          "train_objective": 2.0087294578552246,
          "dev_nll": 1.9778629541397095,
          "dev_kl": 0.15160599110966866,
          "dev_objective": 1.9778629541397095
        },
        {
          "epoch": 97,
          "train_objective": 2.0075042247772217,
          "dev_nll": 1.976503849029541,
          "dev_kl": 0.15229476815056023,
          "dev_objective": 1.976503849029541
        },
        {
          "epoch": 98,
          "train_objective": 2.0062851905822754,
          "dev_nll": 1.9750754833221436,
          "dev_kl": 0.15306296684519127,
          "dev_objective": 1.9750754833221436
        },
        {
          "epoch": 99,
          "train_objective": 2.0050718784332275,
          "dev_nll": 1.9736411571502686,
          "dev_kl": 0.15371356714047021,
          "dev_objective": 1.9736411571502686
        },
        {
          "epoch": 100,
          "train_objective": 2.003864049911499,
          "dev_nll": 1.972200870513916,
          "dev_kl": 0.15429758811621247,
          "dev_objective": 1.972200870513916
        },
        {
          "epoch": 101,
          "train_objective": 2.0026614665985107,
          "dev_nll": 1.9707255363464355,
          "dev_kl": 0.1549904123535967,
          "dev_objective": 1.9707255363464355
        },
        {
          "epoch": 102,
          "train_objective": 2.001464605331421,
          "dev_nll": 1.9692870378494263,
          "dev_kl": 0.15566891712044273,
          "dev_objective": 1.9692870378494263
        },
        {
          "epoch": 103,
          "train_objective": 2.0002732276916504,
          "dev_nll": 1.9679272174835205,
          "dev_kl": 0.15627853152434434,
          "dev_objective": 1.9679272174835205
        },
        {
          "epoch": 104,
          "train_objective": 1.9990873336791992,
          "dev_nll": 1.966599941253662,
          "dev_kl": 0.15699842979980483,
          "dev_objective": 1.966599941253662
        },
        {
          "epoch": 105,
          "train_objective": 1.997905969619751,
          "dev_nll": 1.965317964553833,
          "dev_kl": 0.15776903972214273,
          "dev_objective": 1.965317964553833
        },
        {
          "epoch": 106,
          "train_objective": 1.9967302083969116,
          "dev_nll": 1.9641051292419434,
          "dev_kl": 0.1584578525098796,
          "dev_objective": 1.9641051292419434
        },
        {
          "epoch": 107,
          "train_objective": 1.9955592155456543,
          "dev_nll": 1.9628909826278687,
          "dev_kl": 0.1591997270279371,
          "dev_objective": 1.9628909826278687
        },
        {
          "epoch": 108,
          "train_objective": 1.994392991065979,
          "dev_nll": 1.9616538286209106,
          "dev_kl": 0.15998517514651153,
          "dev_objective": 1.9616538286209106
        },
        {
          "epoch": 109,
          "train_objective": 1.9932316541671753,
          "dev_nll": 1.960425853729248,
          "dev_kl": 0.16066647000896098,
          "dev_objective": 1.960425853729248
        },
        {
          "epoch": 110,
          "train_objective": 1.992074966430664,
          "dev_nll": 1.9591690301895142,
          "dev_kl": 0.16136254433978786,
          "dev_objective": 1.9591690301895142
        },
        {
          "epoch": 111,
          "train_objective": 1.9909229278564453,
          "dev_nll": 1.957885980606079,
          "dev_kl": 0.16210750949795585,
          "dev_objective": 1.957885980606079
        },
        {
          "epoch": 112,
          "train_objective": 1.989775538444519,
          "dev_nll": 1.956640601158142,
          "dev_kl": 0.16277210839378,
          "dev_objective": 1.956640601158142
        },
        {
          "epoch": 113,
          "train_objective": 1.9886327981948853,
          "dev_nll": 1.9554170370101929,
          "dev_kl": 0.1634749648840846,
          "dev_objective": 1.9554170370101929
        },
        {
          "epoch": 114,
          "train_objective": 1.9874944686889648,
          "dev_nll": 1.9542196989059448,
          "dev_kl": 0.1642456417987207,
          "dev_objective": 1.9542196989059448
        },
        {
          "epoch": 115,
          "train_objective": 1.9863604307174683,
          "dev_nll": 1.953089952468872,
          "dev_kl": 0.16495616770106125,
          "dev_objective": 1.953089952468872
        },
        {
          "epoch": 116,
          "train_objective": 1.9852310419082642,
          "dev_nll": 1.951979398727417,
          "dev_kl": 0.16571903832021867,
          "dev_objective": 1.951979398727417
        },
        {
          "epoch": 117,
          "train_objective": 1.9841058254241943,
          "dev_nll": 1.9508740901947021,
          "dev_kl": 0.16651277150119748,
          "dev_objective": 1.9508740901947021
        },
        {
          "epoch": 118,
          "train_objective": 1.982985258102417,
          "dev_nll": 1.9497878551483154,
          "dev_kl": 0.1672288873862173,
          "dev_objective": 1.9497878551483154
        },
        {
          "epoch": 119,
          "train_objective": 1.9818686246871948,
          "dev_nll": 1.948667287826538,
          "dev_kl": 0.1679956457527304,
          "dev_objective": 1.948667287826538
        },
        {
          "epoch": 120,
          "train_objective": 1.9807568788528442,
          "dev_nll": 1.947536587715149,
          "dev_kl": 0.16873609359787256,
          "dev_objective": 1.947536587715149
        },
        {
          "epoch": 121,
          "train_objective": 1.9796491861343384,
          "dev_nll": 1.9464153051376343,
          "dev_kl": 0.16943023305990407,
          "dev_objective": 1.9464153051376343
        },
        {
          "epoch": 122,
          "train_objective": 1.9785462617874146,
          "dev_nll": 1.9452844858169556,
          "dev_kl": 0.17019665118323657,
          "dev_objective": 1.9452844858169556
        },
        {
          "epoch": 123,
          "train_objective": 1.977447271347046,
          "dev_nll": 1.944202184677124,
          "dev_kl": 0.17090944539722022,
          "dev_objective": 1.944202184677124
        },
        {
          "epoch": 124,
          "train_objective": 1.9763531684875488,
          "dev_nll": 1.9431447982788086,
          "dev_kl": 0.17166778171300753,
          "dev_objective": 1.9431447982788086
        },
        {
          "epoch": 125,
          "train_objective": 1.9752635955810547,
          "dev_nll": 1.9421145915985107,
          "dev_kl": 0.17245039384107333,
          "dev_objective": 1.9421145915985107
        },
        {
          "epoch": 126,
          "train_objective": 1.9741785526275635,
          "dev_nll": 1.9411183595657349,
          "dev_kl": 0.1731909416271961,
          "dev_objective": 1.9411183595657349
        },
        {
          "epoch": 127,
          "train_objective": 1.9730982780456543,
          "dev_nll": 1.940102219581604,
          "dev_kl": 0.1740021377105501,
          "dev_objective": 1.940102219581604
        },
        {
          "epoch": 128,
          "train_objective": 1.972022533416748,
          "dev_nll": 1.939104676246643,
          "dev_kl": 0.1747268327335651,
          "dev_objective": 1.939104676246643
        },
        {
          "epoch": 129,
          "train_objective": 1.970951795578003,
          "dev_nll": 1.938072681427002,
          "dev_kl": 0.17552577152109897,
          "dev_objective": 1.938072681427002
        },
        {
          "epoch": 130,
          "train_objective": 1.9698857069015503,
          "dev_nll": 1.9370644092559814,
          "dev_kl": 0.17624817177787558,
          "dev_objective": 1.9370644092559814
        },
        {
          "epoch": 131,
          "train_objective": 1.968824863433838,
          "dev_nll": 1.9360454082489014,
          "dev_kl": 0.17705328455027025,
          "dev_objective": 1.9360454082489014
        },
        {
          "epoch": 132,
          "train_objective": 1.967768907546997,
          "dev_nll": 1.9350776672363281,
          "dev_kl": 0.1777919464585212,
          "dev_objective": 1.9350776672363281
        },
        {
          "epoch": 133,
          "train_objective": 1.9667177200317383,
          "dev_nll": 1.934104561805725,
          "dev_kl": 0.17865075232242947,
          "dev_objective": 1.934104561805725
        },
        {
          "epoch": 134,
          "train_objective": 1.965671420097351,
          "dev_nll": 1.9332008361816406,
          "dev_kl": 0.17937428424520804,
          "dev_objective": 1.9332008361816406
        },
        {
          "epoch": 135,
          "train_objective": 1.964630365371704,
          "dev_nll": 1.9322246313095093,
          "dev_kl": 0.18035419813885883,
          "dev_objective": 1.9322246313095093
        },
        {
          "epoch": 136,
          "train_objective": 1.9635940790176392,
          "dev_nll": 1.9313896894454956,
          "dev_kl": 0.18088642112608697,
          "dev_objective": 1.9313896894454956
        },
        {
          "epoch": 137,
          "train_objective": 1.962563157081604,
          "dev_nll": 1.930258870124817,
          "dev_kl": 0.18230029742594236,
          "dev_objective": 1.930258870124817
        },
        {
          "epoch": 138,
          "train_objective": 1.9615378379821777,
          "dev_nll": 1.9297279119491577,
          "dev_kl": 0.18188011073213708,
          "dev_objective": 1.9297279119491577
        },
        {
          "epoch": 139,
          "train_objective": 1.9605227708816528,
          "dev_nll": 1.927900791168213,
          "dev_kl": 0.1855509724753263,
          "dev_objective": 1.927900791168213
        },
        {
          "epoch": 140,
          "train_objective": 1.9595398902893066,
          "dev_nll": 1.9292460680007935,
          "dev_kl": 0.18002957557034385,
          "dev_objective": 1.9292460680007935
        },
        {
          "epoch": 141,
          "train_objective": 1.9587117433547974,
          "dev_nll": 1.9245314598083496,
          "dev_kl": 0.19563667511835964,
          "dev_objective": 1.9245314598083496
        },
        {
          "epoch": 142,
          "train_objective": 1.958500623703003,
          "dev_nll": 1.931723713874817,
          "dev_kl": 0.17301287122809136,
          "dev_objective": 1.931723713874817
        },
        {
          "epoch": 143,
          "train_objective": 1.9586906433105469,
          "dev_nll": 1.9231568574905396,
          "dev_kl": 0.19629233367405496,
          "dev_objective": 1.9231568574905396
        },
        {
          "epoch": 144,
          "train_objective": 1.9563689231872559,
          "dev_nll": 1.9229753017425537,
          "dev_kl": 0.19217883425907376,
          "dev_objective": 1.9229753017425537
        },
        {
          "epoch": 145,
          "train_objective": 1.9547860622406006,
          "dev_nll": 1.9276669025421143,
          "dev_kl": 0.17736079615985487,
          "dev_objective": 1.9276669025421143
        },
        {
          "epoch": 146,
          "train_objective": 1.9550617933273315,
          "dev_nll": 1.9215707778930664,
          "dev_kl": 0.1932974315315552,
          "dev_objective": 1.9215707778930664
        },
        {
          "epoch": 147,
          "train_objective": 1.9528478384017944,
          "dev_nll": 1.920198678970337,
          "dev_kl": 0.1984283277756526,
          "dev_objective": 1.920198678970337
        },
        {
          "epoch": 148,
          "train_objective": 1.9524102210998535,
          "dev_nll": 1.9239495992660522,
          "dev_kl": 0.18262796770982645,
          "dev_objective": 1.9239495992660522
        },
        {
          "epoch": 149,
          "train_objective": 1.9515459537506104,
          "dev_nll": 1.9210608005523682,
          "dev_kl": 0.18881344056042196,
          "dev_objective": 1.9210608005523682
        },
        {
          "epoch": 150,
          "train_objective": 1.949950933456421,
          "dev_nll": 1.9177478551864624,
          "dev_kl": 0.20197088586854506,
          "dev_objective": 1.9177478551864624
        },
        {
          "epoch": 151,
          "train_objective": 1.9498162269592285,
          "dev_nll": 1.919213891029358,
          "dev_kl": 0.1907656353369758,
          "dev_objective": 1.919213891029358
        },
        {
          "epoch": 152,
          "train_objective": 1.948090672492981,
          "dev_nll": 1.9200547933578491,
          "dev_kl": 0.18680555529909226,
          "dev_objective": 1.9200547933578491
        },
        {
          "epoch": 153,
          "train_objective": 1.9476637840270996,
          "dev_nll": 1.915663480758667,
          "dev_kl": 0.1999703795724624,
          "dev_objective": 1.915663480758667
        },
        {
          "epoch": 154,
          "train_objective": 1.9465091228485107,
          "dev_nll": 1.915041208267212,
          "dev_kl": 0.1994303817281852,
          "dev_objective": 1.915041208267212
        },
        {
          "epoch": 155,
          "train_objective": 1.9454916715621948,
          "dev_nll": 1.9173051118850708,
          "dev_kl": 0.18960868529052483,
          "dev_objective": 1.9173051118850708
        },
        {
          "epoch": 156,
          "train_objective": 1.9448821544647217,
          "dev_nll": 1.9145581722259521,
          "dev_kl": 0.1961369404384682,
          "dev_objective": 1.9145581722259521
        },
        {
          "epoch": 157,
          "train_objective": 1.9435415267944336,
          "dev_nll": 1.9122633934020996,
          "dev_kl": 0.20429535858282769,
          "dev_objective": 1.9122633934020996
        },
        {
          "epoch": 158,
          "train_objective": 1.9430702924728394,
          "dev_nll": 1.9135358333587646,
          "dev_kl": 0.19594668060004175,
          "dev_objective": 1.9135358333587646
        },
        {
          "epoch": 159,
          "train_objective": 1.9418318271636963,
          "dev_nll": 1.9134536981582642,
          "dev_kl": 0.19463932501605233,
          "dev_objective": 1.9134536981582642
        },
        {
          "epoch": 160,
          "train_objective": 1.9411128759384155,
          "dev_nll": 1.9102059602737427,
          "dev_kl": 0.20451707491936447,
          "dev_objective": 1.9102059602737427
        },
        {
          "epoch": 161,
          "train_objective": 1.9402250051498413,
          "dev_nll": 1.9099280834197998,
          "dev_kl": 0.20261618208878482,
          "dev_objective": 1.9099280834197998
        },
        {
          "epoch": 162,
          "train_objective": 1.9391919374465942,
          "dev_nll": 1.9111809730529785,
          "dev_kl": 0.19649870000645384,
          "dev_objective": 1.9111809730529785
        },
        {
          "epoch": 163,
          "train_objective": 1.9385524988174438,
          "dev_nll": 1.9085867404937744,
          "dev_kl": 0.2030610682375662,
          "dev_objective": 1.9085867404937744
        },
        {
          "epoch": 164,
          "train_objective": 1.9374412298202515,
          "dev_nll": 1.9071012735366821,
          "dev_kl": 0.20717483430026887,
          "dev_objective": 1.9071012735366821
        },
        {
          "epoch": 165,
          "train_objective": 1.9367531538009644,
          "dev_nll": 1.9082741737365723,
          "dev_kl": 0.20058534883365436,
          "dev_objective": 1.9082741737365723
        },
        {
          "epoch": 166,
          "train_objective": 1.9358330965042114,
          "dev_nll": 1.907150387763977,
          "dev_kl": 0.20259454454555437,
          "dev_objective": 1.907150387763977
        },
        {
          "epoch": 167,
          "train_objective": 1.934922456741333,
          "dev_nll": 1.9049195051193237,
          "dev_kl": 0.2094034041185771,
          "dev_objective": 1.9049195051193237
        },
        {
          "epoch": 168,
          "train_objective": 1.9342122077941895,
          "dev_nll": 1.9053767919540405,
          "dev_kl": 0.2051674467050009,
          "dev_objective": 1.9053767919540405
        },
        {
          "epoch": 169,
          "train_objective": 1.9332164525985718,
          "dev_nll": 1.9053229093551636,
          "dev_kl": 0.20371198013995415,
          "dev_objective": 1.9053229093551636
        },
        {
          "epoch": 170,
          "train_objective": 1.932477355003357,
          "dev_nll": 1.9029062986373901,
          "dev_kl": 0.21046214372020317,
          "dev_objective": 1.9029062986373901
        },
        {
          "epoch": 171,
          "train_objective": 1.9316349029541016,
          "dev_nll": 1.9026485681533813,
          "dev_kl": 0.20910805680260464,
          "dev_objective": 1.9026485681533813
        },
        {
          "epoch": 172,
          "train_objective": 1.9307345151901245,
          "dev_nll": 1.9030932188034058,
          "dev_kl": 0.20591733617255012,
          "dev_objective": 1.9030932188034058
        },
        {
          "epoch": 173,
          "train_objective": 1.9300146102905273,
          "dev_nll": 1.900955080986023,
          "dev_kl": 0.21151619162074886,
          "dev_objective": 1.900955080986023
        },
        {
          "epoch": 174,
          "train_objective": 1.929123878479004,
          "dev_nll": 1.9002548456192017,
          "dev_kl": 0.2122408566190987,
          "dev_objective": 1.9002548456192017
        },
        {
          "epoch": 175,
          "train_objective": 1.9283125400543213,
          "dev_nll": 1.9008301496505737,
          "dev_kl": 0.2086149736785808,
          "dev_objective": 1.9008301496505737
        },
        {
          "epoch": 176,
          "train_objective": 1.9275625944137573,
          "dev_nll": 1.8990192413330078,
          "dev_kl": 0.2130832371243217,
          "dev_objective": 1.8990192413330078
        },
        {
          "epoch": 177,
          "train_objective": 1.926688313484192,
          "dev_nll": 1.898075819015503,
          "dev_kl": 0.21476946957409382,
          "dev_objective": 1.898075819015503
        },
        {
          "epoch": 178,
          "train_objective": 1.9259161949157715,
          "dev_nll": 1.8985633850097656,
          "dev_kl": 0.211323382760826,
          "dev_objective": 1.8985633850097656
        },
        {
          "epoch": 179,
          "train_objective": 1.9251524209976196,
          "dev_nll": 1.8969168663024902,
          "dev_kl": 0.21515989434477445,
          "dev_objective": 1.8969168663024902
        },
        {
          "epoch": 180,
          "train_objective": 1.9243077039718628,
          "dev_nll": 1.8959431648254395,
          "dev_kl": 0.21691108361591357,
          "dev_objective": 1.8959431648254395
        },
        {
          "epoch": 181,
          "train_objective": 1.923546314239502,
          "dev_nll": 1.8963243961334229,
          "dev_kl": 0.21389984858834798,
          "dev_objective": 1.8963243961334229
        },
        {
          "epoch": 182,
          "train_objective": 1.92279052734375,
          "dev_nll": 1.8947328329086304,
          "dev_kl": 0.21767369187898464,
          "dev_objective": 1.8947328329086304
        },
        {
          "epoch": 183,
          "train_objective": 1.9219728708267212,
          "dev_nll": 1.893950343132019,
          "dev_kl": 0.218805712731639,
          "dev_objective": 1.893950343132019
        },
        {
          "epoch": 184,
          "train_objective": 1.9212088584899902,
          "dev_nll": 1.8941785097122192,
          "dev_kl": 0.21647381526627787,
          "dev_objective": 1.8941785097122192
        },
        {
          "epoch": 185,
          "train_objective": 1.9204703569412231,
          "dev_nll": 1.8925358057022095,
          "dev_kl": 0.22048921520645554,
          "dev_objective": 1.8925358057022095
        },
        {
          "epoch": 186,
          "train_objective": 1.9196829795837402,
          "dev_nll": 1.892067551612854,
          "dev_kl": 0.22041114801457068,
          "dev_objective": 1.892067551612854
        },
        {
          "epoch": 187,
          "train_objective": 1.9189114570617676,
          "dev_nll": 1.8919390439987183,
          "dev_kl": 0.21927831596317324,
          "dev_objective": 1.8919390439987183
        },
        {
          "epoch": 188,
          "train_objective": 1.9181817770004272,
          "dev_nll": 1.890308141708374,
          "dev_kl": 0.22327638340291675,
          "dev_objective": 1.890308141708374
        },
        {
          "epoch": 189,
          "train_objective": 1.9174343347549438,
          "dev_nll": 1.890246033668518,
          "dev_kl": 0.22177117579692118,
          "dev_objective": 1.890246033668518
        },
        {
          "epoch": 190,
          "train_objective": 1.9166669845581055,
          "dev_nll": 1.8895303010940552,
          "dev_kl": 0.22264143580419793,
          "dev_objective": 1.8895303010940552
        },
        {
          "epoch": 191,
          "train_objective": 1.91592538356781,
          "dev_nll": 1.8882673978805542,
          "dev_kl": 0.2254901179741766,
          "dev_objective": 1.8882673978805542
        },
        {
          "epoch": 192,
          "train_objective": 1.9152058362960815,
          "dev_nll": 1.888427734375,
          "dev_kl": 0.2234205457692345,
          "dev_objective": 1.888427734375
        },
        {
          "epoch": 193,
          "train_objective": 1.9144744873046875,
          "dev_nll": 1.8870673179626465,
          "dev_kl": 0.22648525985612258,
          "dev_objective": 1.8870673179626465
        },
        {
          "epoch": 194,
          "train_objective": 1.9137309789657593,
          "dev_nll": 1.886568546295166,
          "dev_kl": 0.226639827218343,
          "dev_objective": 1.886568546295166
        },
        {
          "epoch": 195,
          "train_objective": 1.913000464439392,
          "dev_nll": 1.8862099647521973,
          "dev_kl": 0.22637506777437422,
          "dev_objective": 1.8862099647521973
        },
        {
          "epoch": 196,
          "train_objective": 1.9122896194458008,
          "dev_nll": 1.8848516941070557,
          "dev_kl": 0.2294935695994813,
          "dev_objective": 1.8848516941070557
        },
        {
          "epoch": 197,
          "train_objective": 1.9115828275680542,
          "dev_nll": 1.884955883026123,
          "dev_kl": 0.22766275043590917,
          "dev_objective": 1.884955883026123
        },
        {
          "epoch": 198,
          "train_objective": 1.9108697175979614,
          "dev_nll": 1.8836134672164917,
          "dev_kl": 0.23069325286626546,
          "dev_objective": 1.8836134672164917
        },
        {
          "epoch": 199,
          "train_objective": 1.9101530313491821,
          "dev_nll": 1.8833162784576416,
          "dev_kl": 0.2302615201553783,
          "dev_objective": 1.8833162784576416
        },
        {
          "epoch": 200,
          "train_objective": 1.9094419479370117,
          "dev_nll": 1.8826247453689575,
          "dev_kl": 0.2312009831437388,
          "dev_objective": 1.8826247453689575
        },
        {
          "epoch": 201,
          "train_objective": 1.9087412357330322,
          "dev_nll": 1.8816850185394287,
          "dev_kl": 0.2329966849521608,
          "dev_objective": 1.8816850185394287
        },
        {
          "epoch": 202,
          "train_objective": 1.908050298690796,
          "dev_nll": 1.8815900087356567,
          "dev_kl": 0.23199763779973123,
          "dev_objective": 1.8815900087356567
        },
        {
          "epoch": 203,
          "train_objective": 1.9073652029037476,
          "dev_nll": 1.8801836967468262,
          "dev_kl": 0.23531965041314964,
          "dev_objective": 1.8801836967468262
        },
        {
          "epoch": 204,
          "train_objective": 1.9066839218139648,
          "dev_nll": 1.8804413080215454,
          "dev_kl": 0.23315806898733113,
          "dev_objective": 1.8804413080215454
        },
        {
          "epoch": 205,
          "train_objective": 1.9060066938400269,
          "dev_nll": 1.8787405490875244,
          "dev_kl": 0.23745074510775707,
          "dev_objective": 1.8787405490875244
        },
        {
          "epoch": 206,
          "train_objective": 1.9053345918655396,
          "dev_nll": 1.8793299198150635,
          "dev_kl": 0.23427982247426166,
          "dev_objective": 1.8793299198150635
        },
        {
          "epoch": 207,
          "train_objective": 1.9046711921691895,
          "dev_nll": 1.877243161201477,
          "dev_kl": 0.23992605328241046,
          "dev_objective": 1.877243161201477
        },
        {
          "epoch": 208,
          "train_objective": 1.9040216207504272,
          "dev_nll": 1.8784898519515991,
          "dev_kl": 0.23478421169492575,
          "dev_objective": 1.8784898519515991
        },
        {
          "epoch": 209,
          "train_objective": 1.903398036956787,
          "dev_nll": 1.8755255937576294,
          "dev_kl": 0.24350444780377387,
          "dev_objective": 1.8755255937576294
        },
        {
          "epoch": 210,
          "train_objective": 1.9028197526931763,
          "dev_nll": 1.8782519102096558,
          "dev_kl": 0.23391990673619215,
          "dev_objective": 1.8782519102096558
        },
        {
          "epoch": 211,
          "train_objective": 1.9023295640945435,
          "dev_nll": 1.8735333681106567,
          "dev_kl": 0.2489690211190431,
          "dev_objective": 1.8735333681106567
        },
        {
          "epoch": 212,
          "train_objective": 1.9019474983215332,
          "dev_nll": 1.8785618543624878,
          "dev_kl": 0.2320866492484604,
          "dev_objective": 1.8785618543624878
        },
        {
          "epoch": 213,
          "train_objective": 1.9016391038894653,
          "dev_nll": 1.87190580368042,
          "dev_kl": 0.2529412992382506,
          "dev_objective": 1.87190580368042
        },
        {
          "epoch": 214,
          "train_objective": 1.9010370969772339,
          "dev_nll": 1.8761790990829468,
          "dev_kl": 0.23557396097578578,
          "dev_objective": 1.8761790990829468
        },
        {
          "epoch": 215,
          "train_objective": 1.8999773263931274,
          "dev_nll": 1.8721073865890503,
          "dev_kl": 0.24645868060388812,
          "dev_objective": 1.8721073865890503
        },
        {
          "epoch": 216,
          "train_objective": 1.898817539215088,
          "dev_nll": 1.8715853691101074,
          "dev_kl": 0.24771081180487936,
          "dev_objective": 1.8715853691101074
        },
        {
          "epoch": 217,
          "train_objective": 1.8982114791870117,
          "dev_nll": 1.8745275735855103,
          "dev_kl": 0.23878430327618713,
          "dev_objective": 1.8745275735855103
        },
        {
          "epoch": 218,
          "train_objective": 1.8979876041412354,
          "dev_nll": 1.8696714639663696,
          "dev_kl": 0.2544424475028037,
          "dev_objective": 1.8696714639663696
        },
        {
          "epoch": 219,
          "train_objective": 1.8974770307540894,
          "dev_nll": 1.8725415468215942,
          "dev_kl": 0.24208828655851855,
          "dev_objective": 1.8725415468215942
        },
        {
          "epoch": 220,
          "train_objective": 1.8965303897857666,
          "dev_nll": 1.8698874711990356,
          "dev_kl": 0.24827103113319288,
          "dev_objective": 1.8698874711990356
        },
        {
          "epoch": 221,
          "train_objective": 1.8956552743911743,
          "dev_nll": 1.8682105541229248,
          "dev_kl": 0.25292839420757984,
          "dev_objective": 1.8682105541229248
        },
        {
          "epoch": 222,
          "train_objective": 1.895216703414917,
          "dev_nll": 1.8709232807159424,
          "dev_kl": 0.24328137070427205,
          "dev_objective": 1.8709232807159424
        },
        {
          "epoch": 223,
          "train_objective": 1.8948512077331543,
          "dev_nll": 1.8667494058609009,
          "dev_kl": 0.25594695133098344,
          "dev_objective": 1.8667494058609009
        },
        {
          "epoch": 224,
          "train_objective": 1.8941370248794556,
          "dev_nll": 1.8682427406311035,
          "dev_kl": 0.24908716979159698,
          "dev_objective": 1.8682427406311035
        },
        {
          "epoch": 225,
          "train_objective": 1.893290638923645,
          "dev_nll": 1.867728352546692,
          "dev_kl": 0.24999268660070123,
          "dev_objective": 1.867728352546692
        },
        {
          "epoch": 226,
          "train_objective": 1.8926955461502075,
          "dev_nll": 1.8653496503829956,
          "dev_kl": 0.25768974803488803,
          "dev_objective": 1.8653496503829956
        },
        {
          "epoch": 227,
          "train_objective": 1.8922909498214722,
          "dev_nll": 1.8677709102630615,
          "dev_kl": 0.24847574302977002,
          "dev_objective": 1.8677709102630615
        },
        {
          "epoch": 228,
          "train_objective": 1.8917548656463623,
          "dev_nll": 1.8643909692764282,
          "dev_kl": 0.2577988299046148,
          "dev_objective": 1.8643909692764282
        },
        {
          "epoch": 229,
          "train_objective": 1.8910118341445923,
          "dev_nll": 1.864688515663147,
          "dev_kl": 0.25494801781249343,
          "dev_objective": 1.864688515663147
        },
        {
          "epoch": 230,
          "train_objective": 1.8903242349624634,
          "dev_nll": 1.864916443824768,
          "dev_kl": 0.2532233958308761,
          "dev_objective": 1.864916443824768
        },
        {
          "epoch": 231,
          "train_objective": 1.8898223638534546,
          "dev_nll": 1.862384557723999,
          "dev_kl": 0.26121809335660423,
          "dev_objective": 1.862384557723999
        },
        {
          "epoch": 232,
          "train_objective": 1.8893592357635498,
          "dev_nll": 1.8644132614135742,
          "dev_kl": 0.25351468219446976,
          "dev_objective": 1.8644132614135742
        },
        {
          "epoch": 233,
          "train_objective": 1.888775110244751,
          "dev_nll": 1.8618906736373901,
          "dev_kl": 0.26081079475766233,
          "dev_objective": 1.8618906736373901
        },
        {
          "epoch": 234,
          "train_objective": 1.8880987167358398,
          "dev_nll": 1.8620381355285645,
          "dev_kl": 0.2592508270749235,
          "dev_objective": 1.8620381355285645
        },
        {
          "epoch": 235,
          "train_objective": 1.8874818086624146,
          "dev_nll": 1.8622407913208008,
          "dev_kl": 0.25776507864026604,
          "dev_objective": 1.8622407913208008
        },
        {
          "epoch": 236,
          "train_objective": 1.8869720697402954,
          "dev_nll": 1.860000729560852,
          "dev_kl": 0.2644329859690556,
          "dev_objective": 1.860000729560852
        },
        {
          "epoch": 237,
          "train_objective": 1.8864877223968506,
          "dev_nll": 1.8615899085998535,
          "dev_kl": 0.25797592877485864,
          "dev_objective": 1.8615899085998535
        },
        {
          "epoch": 238,
          "train_objective": 1.8859449625015259,
          "dev_nll": 1.8590470552444458,
          "dev_kl": 0.2652136143464763,
          "dev_objective": 1.8590470552444458
        },
        {
          "epoch": 239,
          "train_objective": 1.8853373527526855,
          "dev_nll": 1.8596503734588623,
          "dev_kl": 0.26203850583752264,
          "dev_objective": 1.8596503734588623
        },
        {
          "epoch": 240,
          "train_objective": 1.8847315311431885,
          "dev_nll": 1.8589824438095093,
          "dev_kl": 0.26349327074330264,
          "dev_objective": 1.8589824438095093
        },
        {
          "epoch": 241,
          "train_objective": 1.8841772079467773,
          "dev_nll": 1.8578072786331177,
          "dev_kl": 0.2668883991637477,
          "dev_objective": 1.8578072786331177
        },
        {
          "epoch": 242,
          "train_objective": 1.8836712837219238,
          "dev_nll": 1.8588601350784302,
          "dev_kl": 0.2627975721885492,
          "dev_objective": 1.8588601350784302
        },
        {
          "epoch": 243,
          "train_objective": 1.8831771612167358,
          "dev_nll": 1.8564975261688232,
          "dev_kl": 0.2698726120597876,
          "dev_objective": 1.8564975261688232
        },
        {
          "epoch": 244,
          "train_objective": 1.8826624155044556,
          "dev_nll": 1.8578617572784424,
          "dev_kl": 0.26424183965417314,
          "dev_objective": 1.8578617572784424
        },
        {
          "epoch": 245,
          "train_objective": 1.8821204900741577,
          "dev_nll": 1.855574607849121,
          "dev_kl": 0.27072268441269126,
          "dev_objective": 1.855574607849121
        },
        {
          "epoch": 246,
          "train_objective": 1.8815594911575317,
          "dev_nll": 1.8562970161437988,
          "dev_kl": 0.2672311418714958,
          "dev_objective": 1.8562970161437988
        },
        {
          "epoch": 247,
          "train_objective": 1.8809996843338013,
          "dev_nll": 1.8550413846969604,
          "dev_kl": 0.2705885793317344,
          "dev_objective": 1.8550413846969604
        },
        {
          "epoch": 248,
          "train_objective": 1.8804540634155273,
          "dev_nll": 1.8548258543014526,
          "dev_kl": 0.270660365310808,
          "dev_objective": 1.8548258543014526
        },
        {
          "epoch": 249,
          "train_objective": 1.879926323890686,
          "dev_nll": 1.8546854257583618,
          "dev_kl": 0.27056036855152865,
          "dev_objective": 1.8546854257583618
        },
        {
          "epoch": 250,
          "train_objective": 1.8794142007827759,
          "dev_nll": 1.8535096645355225,
          "dev_kl": 0.2738511154705004,
          "dev_objective": 1.8535096645355225
        },
        {
          "epoch": 251,
          "train_objective": 1.8789139986038208,
          "dev_nll": 1.8542026281356812,
          "dev_kl": 0.27080614567809813,
          "dev_objective": 1.8542026281356812
        },
        {
          "epoch": 252,
          "train_objective": 1.8784247636795044,
          "dev_nll": 1.8521114587783813,
          "dev_kl": 0.27696285622093725,
          "dev_objective": 1.8521114587783813
        },
        {
          "epoch": 253,
          "train_objective": 1.8779492378234863,
          "dev_nll": 1.853721261024475,
          "dev_kl": 0.2708510690377102,
          "dev_objective": 1.853721261024475
        },
        {
          "epoch": 254,
          "train_objective": 1.8774970769882202,
          "dev_nll": 1.8506158590316772,
          "dev_kl": 0.2806875071874274,
          "dev_objective": 1.8506158590316772
        },
        {
          "epoch": 255,
          "train_objective": 1.8770804405212402,
          "dev_nll": 1.8537256717681885,
          "dev_kl": 0.2700790806866444,
          "dev_objective": 1.8537256717681885
        },
        {
          "epoch": 256,
          "train_objective": 1.8767282962799072,
          "dev_nll": 1.8491102457046509,
          "dev_kl": 0.2856475332634406,
          "dev_objective": 1.8491102457046509
        },
        {
          "epoch": 257,
          "train_objective": 1.876443862915039,
          "dev_nll": 1.854243516921997,
          "dev_kl": 0.268640540015825,
          "dev_objective": 1.854243516921997
        },
        {
          "epoch": 258,
          "train_objective": 1.8762282133102417,
          "dev_nll": 1.8478199243545532,
          "dev_kl": 0.2900696749303926,
          "dev_objective": 1.8478199243545532
        },
        {
          "epoch": 259,
          "train_objective": 1.8758819103240967,
          "dev_nll": 1.8532664775848389,
          "dev_kl": 0.2700786334840027,
          "dev_objective": 1.8532664775848389
        },
        {
          "epoch": 260,
          "train_objective": 1.87526535987854,
          "dev_nll": 1.8474745750427246,
          "dev_kl": 0.28738637024385705,
          "dev_objective": 1.8474745750427246
        },
        {
          "epoch": 261,
          "train_objective": 1.8743054866790771,
          "dev_nll": 1.8493996858596802,
          "dev_kl": 0.27892227893745575,
          "dev_objective": 1.8493996858596802
        },
        {
          "epoch": 262,
          "train_objective": 1.8734482526779175,
          "dev_nll": 1.8493069410324097,
          "dev_kl": 0.279182784108294,
          "dev_objective": 1.8493069410324097
        },
        {
          "epoch": 263,
          "train_objective": 1.8729934692382812,
          "dev_nll": 1.8466060161590576,
          "dev_kl": 0.28927121012731716,
          "dev_objective": 1.8466060161590576
        },
        {
          "epoch": 264,
          "train_objective": 1.8728142976760864,
          "dev_nll": 1.8506332635879517,
          "dev_kl": 0.2757614184808624,
          "dev_objective": 1.8506332635879517
        },
        {
          "epoch": 265,
          "train_objective": 1.8725556135177612,
          "dev_nll": 1.845516562461853,
          "dev_kl": 0.29162912650520467,
          "dev_objective": 1.845516562461853
        },
        {
          "epoch": 266,
          "train_objective": 1.8719547986984253,
          "dev_nll": 1.8478974103927612,
          "dev_kl": 0.28099282945900617,
          "dev_objective": 1.8478974103927612
        },
        {
          "epoch": 267,
          "train_objective": 1.8711867332458496,
          "dev_nll": 1.8460232019424438,
          "dev_kl": 0.2857282721093512,
          "dev_objective": 1.8460232019424438
        },
        {
          "epoch": 268,
          "train_objective": 1.870575189590454,
          "dev_nll": 1.844592809677124,
          "dev_kl": 0.2903890353166037,
          "dev_objective": 1.844592809677124
        },
        {
          "epoch": 269,
          "train_objective": 1.870234727859497,
          "dev_nll": 1.8472628593444824,
          "dev_kl": 0.28149028901044315,
          "dev_objective": 1.8472628593444824
        },
        {
          "epoch": 270,
          "train_objective": 1.869968056678772,
          "dev_nll": 1.8433661460876465,
          "dev_kl": 0.29463551925948345,
          "dev_objective": 1.8433661460876465
        },
        {
          "epoch": 271,
          "train_objective": 1.8695322275161743,
          "dev_nll": 1.8460254669189453,
          "dev_kl": 0.28435272598420985,
          "dev_objective": 1.8460254669189453
        },
        {
          "epoch": 272,
          "train_objective": 1.868923306465149,
          "dev_nll": 1.84354829788208,
          "dev_kl": 0.2914903654658177,
          "dev_objective": 1.84354829788208
        },
        {
          "epoch": 273,
          "train_objective": 1.8683072328567505,
          "dev_nll": 1.843179702758789,
          "dev_kl": 0.2917988750127119,
          "dev_objective": 1.843179702758789
        },
        {
          "epoch": 274,
          "train_objective": 1.867842197418213,
          "dev_nll": 1.8442797660827637,
          "dev_kl": 0.2874644723645336,
          "dev_objective": 1.8442797660827637
        },
        {
          "epoch": 275,
          "train_objective": 1.8675017356872559,
          "dev_nll": 1.8412935733795166,
          "dev_kl": 0.29726077009596535,
          "dev_objective": 1.8412935733795166
        },
        {
          "epoch": 276,
          "train_objective": 1.8671507835388184,
          "dev_nll": 1.8437961339950562,
          "dev_kl": 0.2878077669102732,
          "dev_objective": 1.8437961339950562
        },
        {
          "epoch": 277,
          "train_objective": 1.8667010068893433,
          "dev_nll": 1.840728759765625,
          "dev_kl": 0.29742563527647975,
          "dev_objective": 1.840728759765625
        },
        {
          "epoch": 278,
          "train_objective": 1.8661595582962036,
          "dev_nll": 1.8418943881988525,
          "dev_kl": 0.29252406935467645,
          "dev_objective": 1.8418943881988525
        },
        {
          "epoch": 279,
          "train_objective": 1.8656214475631714,
          "dev_nll": 1.8411120176315308,
          "dev_kl": 0.2946731559344911,
          "dev_objective": 1.8411120176315308
        },
        {
          "epoch": 280,
          "train_objective": 1.8651553392410278,
          "dev_nll": 1.839975118637085,
          "dev_kl": 0.29824165444451944,
          "dev_objective": 1.839975118637085
        },
        {
          "epoch": 281,
          "train_objective": 1.864761233329773,
          "dev_nll": 1.8413811922073364,
          "dev_kl": 0.29299493782591446,
          "dev_objective": 1.8413811922073364
        },
        {
          "epoch": 282,
          "train_objective": 1.864394187927246,
          "dev_nll": 1.8385919332504272,
          "dev_kl": 0.3019525015827369,
          "dev_objective": 1.8385919332504272
        },
        {
          "epoch": 283,
          "train_objective": 1.8640055656433105,
          "dev_nll": 1.840688705444336,
          "dev_kl": 0.2938298803108098,
          "dev_objective": 1.840688705444336
        },
        {
          "epoch": 284,
          "train_objective": 1.8635766506195068,
          "dev_nll": 1.8377517461776733,
          "dev_kl": 0.30301069860086516,
          "dev_objective": 1.8377517461776733
        },
        {
          "epoch": 285,
          "train_objective": 1.863107681274414,
          "dev_nll": 1.8392969369888306,
          "dev_kl": 0.2967854093021906,
          "dev_objective": 1.8392969369888306
        },
        {
          "epoch": 286,
          "train_objective": 1.8626258373260498,
          "dev_nll": 1.8374688625335693,
          "dev_kl": 0.3024357366669285,
          "dev_objective": 1.8374688625335693
        },
        {
          "epoch": 287,
          "train_objective": 1.862152338027954,
          "dev_nll": 1.8378400802612305,
          "dev_kl": 0.3006374889665896,
          "dev_objective": 1.8378400802612305
        },
        {
          "epoch": 288,
          "train_objective": 1.8617023229599,
          "dev_nll": 1.837395429611206,
          "dev_kl": 0.3016847424410485,
          "dev_objective": 1.837395429611206
        },
        {
          "epoch": 289,
          "train_objective": 1.8612762689590454,
          "dev_nll": 1.8364633321762085,
          "dev_kl": 0.3043185566040175,
          "dev_objective": 1.8364633321762085
        },
        {
          "epoch": 290,
          "train_objective": 1.8608694076538086,
          "dev_nll": 1.8371224403381348,
          "dev_kl": 0.30135281467055147,
          "dev_objective": 1.8371224403381348
        },
        {
          "epoch": 291,
          "train_objective": 1.8604769706726074,
          "dev_nll": 1.83506441116333,
          "dev_kl": 0.3077065428500777,
          "dev_objective": 1.83506441116333
        },
        {
          "epoch": 292,
          "train_objective": 1.8600980043411255,
          "dev_nll": 1.8367815017700195,
          "dev_kl": 0.3011250210640667,
          "dev_objective": 1.8367815017700195
        },
        {
          "epoch": 293,
          "train_objective": 1.8597379922866821,
          "dev_nll": 1.8336920738220215,
          "dev_kl": 0.3113710952519968,
          "dev_objective": 1.8336920738220215
        },
        {
          "epoch": 294,
          "train_objective": 1.8594040870666504,
          "dev_nll": 1.8368277549743652,
          "dev_kl": 0.30037673597165326,
          "dev_objective": 1.8368277549743652
        },
        {
          "epoch": 295,
          "train_objective": 1.8591188192367554,
          "dev_nll": 1.8323591947555542,
          "dev_kl": 0.31597768185609904,
          "dev_objective": 1.8323591947555542
        },
        {
          "epoch": 296,
          "train_objective": 1.85888671875,
          "dev_nll": 1.8373732566833496,
          "dev_kl": 0.2988986355160271,
          "dev_objective": 1.8373732566833496
        },
        {
          "epoch": 297,
          "train_objective": 1.8587303161621094,
          "dev_nll": 1.831097960472107,
          "dev_kl": 0.32088324406628943,
          "dev_objective": 1.831097960472107
        },
        {
          "epoch": 298,
          "train_objective": 1.8585455417633057,
          "dev_nll": 1.8372814655303955,
          "dev_kl": 0.2986986404200932,
          "dev_objective": 1.8372814655303955
        },
        {
          "epoch": 299,
          "train_objective": 1.8582438230514526,
          "dev_nll": 1.8303571939468384,
          "dev_kl": 0.32131284276476585,
          "dev_objective": 1.8303571939468384
        }
      ]
    },
    "constrained_logic_repair_head": {
      "kl_lambda": 3.0,
      "best_dev_nll": 2.039397716522217,
      "best_dev_kl": 0.02662441345258943,
      "best_dev_objective": 2.1192709568799852,
      "epochs_run": 300,
      "history": [
        {
          "epoch": 0,
          "train_objective": 2.7297050952911377,
          "dev_nll": 2.254145383834839,
          "dev_kl": 0.03480787038056365,
          "dev_objective": 2.3585689949765296
        },
        {
          "epoch": 1,
          "train_objective": 2.427452802658081,
          "dev_nll": 2.2727620601654053,
          "dev_kl": 0.0023402623823835507,
          "dev_objective": 2.279782847312556
        },
        {
          "epoch": 2,
          "train_objective": 2.3041176795959473,
          "dev_nll": 2.318869113922119,
          "dev_kl": 0.008639469069453913,
          "dev_objective": 2.3447875211304807
        },
        {
          "epoch": 3,
          "train_objective": 2.3682336807250977,
          "dev_nll": 2.338615894317627,
          "dev_kl": 0.0170880837454083,
          "dev_objective": 2.389880145553852
        },
        {
          "epoch": 4,
          "train_objective": 2.4286751747131348,
          "dev_nll": 2.3276050090789795,
          "dev_kl": 0.015002883326782434,
          "dev_objective": 2.372613659059327
        },
        {
          "epoch": 5,
          "train_objective": 2.4053053855895996,
          "dev_nll": 2.3010618686676025,
          "dev_kl": 0.00807802463086691,
          "dev_objective": 2.3252959425602033
        },
        {
          "epoch": 6,
          "train_objective": 2.3450324535369873,
          "dev_nll": 2.271851062774658,
          "dev_kl": 0.002995431121923281,
          "dev_objective": 2.2808373561404283
        },
        {
          "epoch": 7,
          "train_objective": 2.2978012561798096,
          "dev_nll": 2.2480945587158203,
          "dev_kl": 0.0033074400357813952,
          "dev_objective": 2.2580168788231645
        },
        {
          "epoch": 8,
          "train_objective": 2.2843551635742188,
          "dev_nll": 2.2321012020111084,
          "dev_kl": 0.007993419191103664,
          "dev_objective": 2.2560814595844194
        },
        {
          "epoch": 9,
          "train_objective": 2.2947959899902344,
          "dev_nll": 2.2221920490264893,
          "dev_kl": 0.013610476009161756,
          "dev_objective": 2.2630234770539746
        },
        {
          "epoch": 10,
          "train_objective": 2.311011552810669,
          "dev_nll": 2.2158381938934326,
          "dev_kl": 0.01720558764698269,
          "dev_objective": 2.2674549568343805
        },
        {
          "epoch": 11,
          "train_objective": 2.3200490474700928,
          "dev_nll": 2.2114663124084473,
          "dev_kl": 0.017644183922072385,
          "dev_objective": 2.2643988641746646
        },
        {
          "epoch": 12,
          "train_objective": 2.3171932697296143,
          "dev_nll": 2.2087032794952393,
          "dev_kl": 0.015460104345939718,
          "dev_objective": 2.2550835925330586
        },
        {
          "epoch": 13,
          "train_objective": 2.304412841796875,
          "dev_nll": 2.2078471183776855,
          "dev_kl": 0.012067030192361222,
          "dev_objective": 2.2440482089547693
        },
        {
          "epoch": 14,
          "train_objective": 2.28723406791687,
          "dev_nll": 2.209205150604248,
          "dev_kl": 0.008960557620141757,
          "dev_objective": 2.236086823464673
        },
        {
          "epoch": 15,
          "train_objective": 2.271821975708008,
          "dev_nll": 2.2125823497772217,
          "dev_kl": 0.0071518444026157525,
          "dev_objective": 2.234037882985069
        },
        {
          "epoch": 16,
          "train_objective": 2.262761354446411,
          "dev_nll": 2.2170417308807373,
          "dev_kl": 0.006894900439661584,
          "dev_objective": 2.237726432199722
        },
        {
          "epoch": 17,
          "train_objective": 2.2615222930908203,
          "dev_nll": 2.2210328578948975,
          "dev_kl": 0.00773669373761099,
          "dev_objective": 2.2442429391077305
        },
        {
          "epoch": 18,
          "train_objective": 2.2659029960632324,
          "dev_nll": 2.222907066345215,
          "dev_kl": 0.008869626973587851,
          "dev_objective": 2.2495159472659783
        },
        {
          "epoch": 19,
          "train_objective": 2.2711851596832275,
          "dev_nll": 2.22157621383667,
          "dev_kl": 0.009614106942847086,
          "dev_objective": 2.250418534665211
        },
        {
          "epoch": 20,
          "train_objective": 2.2729437351226807,
          "dev_nll": 2.2169008255004883,
          "dev_kl": 0.009739924971851194,
          "dev_objective": 2.2461206004160417
        },
        {
          "epoch": 21,
          "train_objective": 2.2695469856262207,
          "dev_nll": 2.2096149921417236,
          "dev_kl": 0.009468056079837167,
          "dev_objective": 2.238019160381235
        },
        {
          "epoch": 22,
          "train_objective": 2.262493848800659,
          "dev_nll": 2.200927972793579,
          "dev_kl": 0.009238360209499594,
          "dev_objective": 2.228643053422078
        },
        {
          "epoch": 23,
          "train_objective": 2.254859209060669,
          "dev_nll": 2.192078113555908,
          "dev_kl": 0.009425826149422105,
          "dev_objective": 2.2203555920041746
        },
        {
          "epoch": 24,
          "train_objective": 2.2493138313293457,
          "dev_nll": 2.184006452560425,
          "dev_kl": 0.010151483082350948,
          "dev_objective": 2.2144609018074775
        },
        {
          "epoch": 25,
          "train_objective": 2.2469255924224854,
          "dev_nll": 2.1772301197052,
          "dev_kl": 0.011253308569844644,
          "dev_objective": 2.210990045414734
        },
        {
          "epoch": 26,
          "train_objective": 2.2471065521240234,
          "dev_nll": 2.1718990802764893,
          "dev_kl": 0.012395208470233893,
          "dev_objective": 2.2090847056871907
        },
        {
          "epoch": 27,
          "train_objective": 2.2483367919921875,
          "dev_nll": 2.1679420471191406,
          "dev_kl": 0.013233013870614069,
          "dev_objective": 2.2076410887309827
        },
        {
          "epoch": 28,
          "train_objective": 2.2490532398223877,
          "dev_nll": 2.1652138233184814,
          "dev_kl": 0.013551933279781192,
          "dev_objective": 2.205869623157825
        },
        {
          "epoch": 29,
          "train_objective": 2.2482852935791016,
          "dev_nll": 2.163578510284424,
          "dev_kl": 0.013326270253028351,
          "dev_objective": 2.203557321043509
        },
        {
          "epoch": 30,
          "train_objective": 2.245899200439453,
          "dev_nll": 2.1629199981689453,
          "dev_kl": 0.012696967191725701,
          "dev_objective": 2.2010108997441225
        },
        {
          "epoch": 31,
          "train_objective": 2.242485761642456,
          "dev_nll": 2.163099527359009,
          "dev_kl": 0.011894140942106108,
          "dev_objective": 2.198781950185327
        },
        {
          "epoch": 32,
          "train_objective": 2.2390098571777344,
          "dev_nll": 2.1638970375061035,
          "dev_kl": 0.01114315570537672,
          "dev_objective": 2.1973265046222337
        },
        {
          "epoch": 33,
          "train_objective": 2.2363688945770264,
          "dev_nll": 2.164978265762329,
          "dev_kl": 0.010589974412174375,
          "dev_objective": 2.196748188998852
        },
        {
          "epoch": 34,
          "train_objective": 2.2350006103515625,
          "dev_nll": 2.165916681289673,
          "dev_kl": 0.010271374787506019,
          "dev_objective": 2.196730805652191
        },
        {
          "epoch": 35,
          "train_objective": 2.2347047328948975,
          "dev_nll": 2.166278123855591,
          "dev_kl": 0.010137694620900695,
          "dev_objective": 2.1966912077182927
        },
        {
          "epoch": 36,
          "train_objective": 2.234783172607422,
          "dev_nll": 2.165736675262451,
          "dev_kl": 0.01011080866803306,
          "dev_objective": 2.1960691012665503
        },
        {
          "epoch": 37,
          "train_objective": 2.2344532012939453,
          "dev_nll": 2.1641685962677,
          "dev_kl": 0.01014159703134299,
          "dev_objective": 2.194593387361729
        },
        {
          "epoch": 38,
          "train_objective": 2.233283042907715,
          "dev_nll": 2.161677837371826,
          "dev_kl": 0.010233810053496445,
          "dev_objective": 2.1923792675323157
        },
        {
          "epoch": 39,
          "train_objective": 2.2313826084136963,
          "dev_nll": 2.158546209335327,
          "dev_kl": 0.010425469095017426,
          "dev_objective": 2.1898226166203796
        },
        {
          "epoch": 40,
          "train_objective": 2.2292568683624268,
          "dev_nll": 2.1551365852355957,
          "dev_kl": 0.010746234267014541,
          "dev_objective": 2.1873752880366393
        },
        {
          "epoch": 41,
          "train_objective": 2.227458953857422,
          "dev_nll": 2.1517956256866455,
          "dev_kl": 0.011180720308812352,
          "dev_objective": 2.1853377866130828
        },
        {
          "epoch": 42,
          "train_objective": 2.2262840270996094,
          "dev_nll": 2.1487863063812256,
          "dev_kl": 0.011660311745504874,
          "dev_objective": 2.18376724161774
        },
        {
          "epoch": 43,
          "train_objective": 2.2256624698638916,
          "dev_nll": 2.146268367767334,
          "dev_kl": 0.012086589283179827,
          "dev_objective": 2.1825281356168733
        },
        {
          "epoch": 44,
          "train_objective": 2.225268602371216,
          "dev_nll": 2.144310712814331,
          "dev_kl": 0.012371095763687213,
          "dev_objective": 2.181424000105393
        },
        {
          "epoch": 45,
          "train_objective": 2.2247374057769775,
          "dev_nll": 2.1429126262664795,
          "dev_kl": 0.012469657455562605,
          "dev_objective": 2.180321598633167
        },
        {
          "epoch": 46,
          "train_objective": 2.223853349685669,
          "dev_nll": 2.1420249938964844,
          "dev_kl": 0.012395615376393637,
          "dev_objective": 2.1792118400256655
        },
        {
          "epoch": 47,
          "train_objective": 2.222628593444824,
          "dev_nll": 2.141551971435547,
          "dev_kl": 0.012208701855490438,
          "dev_objective": 2.178178077002018
        },
        {
          "epoch": 48,
          "train_objective": 2.2212576866149902,
          "dev_nll": 2.1413519382476807,
          "dev_kl": 0.011987969652657304,
          "dev_objective": 2.1773158472056524
        },
        {
          "epoch": 49,
          "train_objective": 2.2199883460998535,
          "dev_nll": 2.1412386894226074,
          "dev_kl": 0.011802642297855503,
          "dev_objective": 2.176646616316174
        },
        {
          "epoch": 50,
          "train_objective": 2.2189855575561523,
          "dev_nll": 2.141000986099243,
          "dev_kl": 0.011693617202098237,
          "dev_objective": 2.1760818377055378
        },
        {
          "epoch": 51,
          "train_objective": 2.2182507514953613,
          "dev_nll": 2.140439510345459,
          "dev_kl": 0.011671880198231488,
          "dev_objective": 2.1754551509401536
        },
        {
          "epoch": 52,
          "train_objective": 2.217641592025757,
          "dev_nll": 2.1394095420837402,
          "dev_kl": 0.011729966371890728,
          "dev_objective": 2.1745994411994123
        },
        {
          "epoch": 53,
          "train_objective": 2.2169721126556396,
          "dev_nll": 2.1378564834594727,
          "dev_kl": 0.011856984263202091,
          "dev_objective": 2.173427436249079
        },
        {
          "epoch": 54,
          "train_objective": 2.2161266803741455,
          "dev_nll": 2.135826826095581,
          "dev_kl": 0.012046986138909586,
          "dev_objective": 2.1719677845123098
        },
        {
          "epoch": 55,
          "train_objective": 2.2151172161102295,
          "dev_nll": 2.133450508117676,
          "dev_kl": 0.012296659494372638,
          "dev_objective": 2.170340486600794
        },
        {
          "epoch": 56,
          "train_objective": 2.214054822921753,
          "dev_nll": 2.1309046745300293,
          "dev_kl": 0.012596738169196289,
          "dev_objective": 2.168694889037618
        },
        {
          "epoch": 57,
          "train_objective": 2.2130682468414307,
          "dev_nll": 2.128373384475708,
          "dev_kl": 0.012924679497315607,
          "dev_objective": 2.1671474229676546
        },
        {
          "epoch": 58,
          "train_objective": 2.2122247219085693,
          "dev_nll": 2.126012086868286,
          "dev_kl": 0.013245295784603973,
          "dev_objective": 2.165747974222098
        },
        {
          "epoch": 59,
          "train_objective": 2.2115018367767334,
          "dev_nll": 2.1239304542541504,
          "dev_kl": 0.013520001030006857,
          "dev_objective": 2.164490457344171
        },
        {
          "epoch": 60,
          "train_objective": 2.21081805229187,
          "dev_nll": 2.1221864223480225,
          "dev_kl": 0.01371940302448599,
          "dev_objective": 2.1633446314214804
        },
        {
          "epoch": 61,
          "train_objective": 2.2100911140441895,
          "dev_nll": 2.120789051055908,
          "dev_kl": 0.013833145272230042,
          "dev_objective": 2.1622884868725984
        },
        {
          "epoch": 62,
          "train_objective": 2.209284543991089,
          "dev_nll": 2.119703531265259,
          "dev_kl": 0.013872139166352583,
          "dev_objective": 2.1613199487643167
        },
        {
          "epoch": 63,
          "train_objective": 2.2084224224090576,
          "dev_nll": 2.118856191635132,
          "dev_kl": 0.013862820323304954,
          "dev_objective": 2.1604446526050465
        },
        {
          "epoch": 64,
          "train_objective": 2.207564353942871,
          "dev_nll": 2.118147611618042,
          "dev_kl": 0.013837008225219743,
          "dev_objective": 2.159658636293701
        },
        {
          "epoch": 65,
          "train_objective": 2.206766128540039,
          "dev_nll": 2.1174635887145996,
          "dev_kl": 0.013822326199613042,
          "dev_objective": 2.1589305673134387
        },
        {
          "epoch": 66,
          "train_objective": 2.2060434818267822,
          "dev_nll": 2.1166961193084717,
          "dev_kl": 0.01383698737009655,
          "dev_objective": 2.1582070814187615
        },
        {
          "epoch": 67,
          "train_objective": 2.2053706645965576,
          "dev_nll": 2.1157643795013428,
          "dev_kl": 0.013889564842044434,
          "dev_objective": 2.157433074027476
        },
        {
          "epoch": 68,
          "train_objective": 2.2047009468078613,
          "dev_nll": 2.1146316528320312,
          "dev_kl": 0.013981689159917805,
          "dev_objective": 2.1565767203117847
        },
        {
          "epoch": 69,
          "train_objective": 2.2039990425109863,
          "dev_nll": 2.1133100986480713,
          "dev_kl": 0.01411032935747088,
          "dev_objective": 2.155641086720484
        },
        {
          "epoch": 70,
          "train_objective": 2.203263759613037,
          "dev_nll": 2.111855983734131,
          "dev_kl": 0.014268543731698112,
          "dev_objective": 2.1546616149292253
        },
        {
          "epoch": 71,
          "train_objective": 2.2025208473205566,
          "dev_nll": 2.1103522777557373,
          "dev_kl": 0.014444664805531837,
          "dev_objective": 2.1536862721723327
        },
        {
          "epoch": 72,
          "train_objective": 2.201802968978882,
          "dev_nll": 2.1088900566101074,
          "dev_kl": 0.014622412384949155,
          "dev_objective": 2.152757293764955
        },
        {
          "epoch": 73,
          "train_objective": 2.201127529144287,
          "dev_nll": 2.107548236846924,
          "dev_kl": 0.014783291691528247,
          "dev_objective": 2.1518981119215086
        },
        {
          "epoch": 74,
          "train_objective": 2.200486660003662,
          "dev_nll": 2.106381893157959,
          "dev_kl": 0.014911040573523522,
          "dev_objective": 2.1511150148785294
        },
        {
          "epoch": 75,
          "train_objective": 2.1998586654663086,
          "dev_nll": 2.1054155826568604,
          "dev_kl": 0.014996376678322416,
          "dev_objective": 2.1504047126918278
        },
        {
          "epoch": 76,
          "train_objective": 2.199223279953003,
          "dev_nll": 2.1046431064605713,
          "dev_kl": 0.015039680892735854,
          "dev_objective": 2.149762149138779
        },
        {
          "epoch": 77,
          "train_objective": 2.1985745429992676,
          "dev_nll": 2.104029655456543,
          "dev_kl": 0.01505045486123276,
          "dev_objective": 2.149181020040241
        },
        {
          "epoch": 78,
          "train_objective": 2.1979238986968994,
          "dev_nll": 2.1035192012786865,
          "dev_kl": 0.01504394046014158,
          "dev_objective": 2.148651022659111
        },
        {
          "epoch": 79,
          "train_objective": 2.1972873210906982,
          "dev_nll": 2.1030433177948,
          "dev_kl": 0.015036676646428401,
          "dev_objective": 2.148153347734085
        },
        {
          "epoch": 80,
          "train_objective": 2.1966755390167236,
          "dev_nll": 2.102534532546997,
          "dev_kl": 0.015042619954853377,
          "dev_objective": 2.147662392411557
        },
        {
          "epoch": 81,
          "train_objective": 2.1960880756378174,
          "dev_nll": 2.1019365787506104,
          "dev_kl": 0.015071197768971156,
          "dev_objective": 2.1471501720575237
        },
        {
          "epoch": 82,
          "train_objective": 2.1955137252807617,
          "dev_nll": 2.10121750831604,
          "dev_kl": 0.015126933258232401,
          "dev_objective": 2.1465983080907374
        },
        {
          "epoch": 83,
          "train_objective": 2.194941520690918,
          "dev_nll": 2.100372791290283,
          "dev_kl": 0.01520988571579224,
          "dev_objective": 2.14600244843766
        },
        {
          "epoch": 84,
          "train_objective": 2.1943671703338623,
          "dev_nll": 2.099424123764038,
          "dev_kl": 0.015316265021652184,
          "dev_objective": 2.1453729188289947
        },
        {
          "epoch": 85,
          "train_objective": 2.193795680999756,
          "dev_nll": 2.0984139442443848,
          "dev_kl": 0.015438911651873641,
          "dev_objective": 2.1447306792000056
        },
        {
          "epoch": 86,
          "train_objective": 2.1932361125946045,
          "dev_nll": 2.0973925590515137,
          "dev_kl": 0.015568256169465278,
          "dev_objective": 2.1440973275599093
        },
        {
          "epoch": 87,
          "train_objective": 2.1926937103271484,
          "dev_nll": 2.0964086055755615,
          "dev_kl": 0.015693876276166085,
          "dev_objective": 2.1434902344040596
        },
        {
          "epoch": 88,
          "train_objective": 2.1921679973602295,
          "dev_nll": 2.0954973697662354,
          "dev_kl": 0.01580687491160289,
          "dev_objective": 2.142917994501044
        },
        {
          "epoch": 89,
          "train_objective": 2.191653251647949,
          "dev_nll": 2.094679117202759,
          "dev_kl": 0.015902037202141475,
          "dev_objective": 2.142385228809183
        },
        {
          "epoch": 90,
          "train_objective": 2.19114351272583,
          "dev_nll": 2.0939531326293945,
          "dev_kl": 0.01597905992624677,
          "dev_objective": 2.141890312408135
        },
        {
          "epoch": 91,
          "train_objective": 2.1906373500823975,
          "dev_nll": 2.0933010578155518,
          "dev_kl": 0.016042423119919526,
          "dev_objective": 2.1414283271753103
        },
        {
          "epoch": 92,
          "train_objective": 2.1901373863220215,
          "dev_nll": 2.092693328857422,
          "dev_kl": 0.01609977336782912,
          "dev_objective": 2.1409926489609092
        },
        {
          "epoch": 93,
          "train_objective": 2.1896488666534424,
          "dev_nll": 2.0920920372009277,
          "dev_kl": 0.01615968416130321,
          "dev_objective": 2.1405710896848373
        },
        {
          "epoch": 94,
          "train_objective": 2.189173698425293,
          "dev_nll": 2.0914621353149414,
          "dev_kl": 0.01622973529198249,
          "dev_objective": 2.140151341190889
        },
        {
          "epoch": 95,
          "train_objective": 2.188711404800415,
          "dev_nll": 2.0907773971557617,
          "dev_kl": 0.016315011888624983,
          "dev_objective": 2.1397224328216367
        },
        {
          "epoch": 96,
          "train_objective": 2.188257932662964,
          "dev_nll": 2.0900256633758545,
          "dev_kl": 0.01641757724710178,
          "dev_objective": 2.13927839511716
        },
        {
          "epoch": 97,
          "train_objective": 2.1878111362457275,
          "dev_nll": 2.0892117023468018,
          "dev_kl": 0.016536401862672925,
          "dev_objective": 2.1388209079348206
        },
        {
          "epoch": 98,
          "train_objective": 2.1873703002929688,
          "dev_nll": 2.088353157043457,
          "dev_kl": 0.01666776684263872,
          "dev_objective": 2.138356457571373
        },
        {
          "epoch": 99,
          "train_objective": 2.1869380474090576,
          "dev_nll": 2.087477207183838,
          "dev_kl": 0.016805991781078413,
          "dev_objective": 2.1378951825270733
        },
        {
          "epoch": 100,
          "train_objective": 2.1865158081054688,
          "dev_nll": 2.086613178253174,
          "dev_kl": 0.01694448550781319,
          "dev_objective": 2.1374466347766132
        },
        {
          "epoch": 101,
          "train_objective": 2.1861045360565186,
          "dev_nll": 2.0857865810394287,
          "dev_kl": 0.017077176986883085,
          "dev_objective": 2.137018112000078
        },
        {
          "epoch": 102,
          "train_objective": 2.1857035160064697,
          "dev_nll": 2.0850136280059814,
          "dev_kl": 0.01719982905611228,
          "dev_objective": 2.136613115174318
        },
        {
          "epoch": 103,
          "train_objective": 2.1853106021881104,
          "dev_nll": 2.084298849105835,
          "dev_kl": 0.017310925761472667,
          "dev_objective": 2.136231626390253
        },
        {
          "epoch": 104,
          "train_objective": 2.1849241256713867,
          "dev_nll": 2.083634853363037,
          "dev_kl": 0.01741185002993826,
          "dev_objective": 2.1358704034528517
        },
        {
          "epoch": 105,
          "train_objective": 2.1845455169677734,
          "dev_nll": 2.083005428314209,
          "dev_kl": 0.017506257005807786,
          "dev_objective": 2.1355241993316323
        },
        {
          "epoch": 106,
          "train_objective": 2.1841750144958496,
          "dev_nll": 2.0823895931243896,
          "dev_kl": 0.017598929124892696,
          "dev_objective": 2.135186380499068
        },
        {
          "epoch": 107,
          "train_objective": 2.1838135719299316,
          "dev_nll": 2.0817654132843018,
          "dev_kl": 0.017694560727020643,
          "dev_objective": 2.1348490954653636
        },
        {
          "epoch": 108,
          "train_objective": 2.1834616661071777,
          "dev_nll": 2.081115961074829,
          "dev_kl": 0.017796651764378488,
          "dev_objective": 2.1345059163679645
        },
        {
          "epoch": 109,
          "train_objective": 2.183117389678955,
          "dev_nll": 2.080432891845703,
          "dev_kl": 0.017906933425095032,
          "dev_objective": 2.134153692120988
        },
        {
          "epoch": 110,
          "train_objective": 2.1827809810638428,
          "dev_nll": 2.079716920852661,
          "dev_kl": 0.0180252802092582,
          "dev_objective": 2.1337927614804357
        },
        {
          "epoch": 111,
          "train_objective": 2.1824512481689453,
          "dev_nll": 2.078977108001709,
          "dev_kl": 0.018149679186879784,
          "dev_objective": 2.1334261455623484
        },
        {
          "epoch": 112,
          "train_objective": 2.18212890625,
          "dev_nll": 2.0782294273376465,
          "dev_kl": 0.018277013158375346,
          "dev_objective": 2.1330604668127724
        },
        {
          "epoch": 113,
          "train_objective": 2.181814193725586,
          "dev_nll": 2.0774898529052734,
          "dev_kl": 0.0184036509180022,
          "dev_objective": 2.13270080565928
        },
        {
          "epoch": 114,
          "train_objective": 2.1815078258514404,
          "dev_nll": 2.0767734050750732,
          "dev_kl": 0.018526338615563808,
          "dev_objective": 2.1323524209217646
        },
        {
          "epoch": 115,
          "train_objective": 2.181209087371826,
          "dev_nll": 2.076089382171631,
          "dev_kl": 0.018643032266498282,
          "dev_objective": 2.132018478971126
        },
        {
          "epoch": 116,
          "train_objective": 2.180917263031006,
          "dev_nll": 2.075439214706421,
          "dev_kl": 0.018753284025257704,
          "dev_objective": 2.1316990667821942
        },
        {
          "epoch": 117,
          "train_objective": 2.1806318759918213,
          "dev_nll": 2.0748186111450195,
          "dev_kl": 0.018858226821631997,
          "dev_objective": 2.1313932916099154
        },
        {
          "epoch": 118,
          "train_objective": 2.1803534030914307,
          "dev_nll": 2.0742170810699463,
          "dev_kl": 0.018960301920578623,
          "dev_objective": 2.131097986831682
        },
        {
          "epoch": 119,
          "train_objective": 2.180081605911255,
          "dev_nll": 2.073622703552246,
          "dev_kl": 0.019062361437701493,
          "dev_objective": 2.1308097878653505
        },
        {
          "epoch": 120,
          "train_objective": 2.1798174381256104,
          "dev_nll": 2.073023557662964,
          "dev_kl": 0.019167059565776842,
          "dev_objective": 2.1305247363602944
        },
        {
          "epoch": 121,
          "train_objective": 2.1795594692230225,
          "dev_nll": 2.0724122524261475,
          "dev_kl": 0.019276204746560537,
          "dev_objective": 2.130240866665829
        },
        {
          "epoch": 122,
          "train_objective": 2.1793081760406494,
          "dev_nll": 2.0717854499816895,
          "dev_kl": 0.0193903466103481,
          "dev_objective": 2.129956489812734
        },
        {
          "epoch": 123,
          "train_objective": 2.179063320159912,
          "dev_nll": 2.0711469650268555,
          "dev_kl": 0.01950885447765793,
          "dev_objective": 2.129673528459829
        },
        {
          "epoch": 124,
          "train_objective": 2.1788241863250732,
          "dev_nll": 2.0705039501190186,
          "dev_kl": 0.019630031790248713,
          "dev_objective": 2.129394045489765
        },
        {
          "epoch": 125,
          "train_objective": 2.178591012954712,
          "dev_nll": 2.0698659420013428,
          "dev_kl": 0.019751616199878422,
          "dev_objective": 2.129120790600978
        },
        {
          "epoch": 126,
          "train_objective": 2.1783642768859863,
          "dev_nll": 2.0692431926727295,
          "dev_kl": 0.019871357679450967,
          "dev_objective": 2.1288572657110825
        },
        {
          "epoch": 127,
          "train_objective": 2.1781435012817383,
          "dev_nll": 2.0686426162719727,
          "dev_kl": 0.019987500423716532,
          "dev_objective": 2.128605117543122
        },
        {
          "epoch": 128,
          "train_objective": 2.1779286861419678,
          "dev_nll": 2.068067789077759,
          "dev_kl": 0.020099263753624516,
          "dev_objective": 2.1283655803386323
        },
        {
          "epoch": 129,
          "train_objective": 2.1777191162109375,
          "dev_nll": 2.067516326904297,
          "dev_kl": 0.02020684790143089,
          "dev_objective": 2.1281368706085897
        },
        {
          "epoch": 130,
          "train_objective": 2.1775147914886475,
          "dev_nll": 2.066984176635742,
          "dev_kl": 0.020311406768464088,
          "dev_objective": 2.1279183969411344
        },
        {
          "epoch": 131,
          "train_objective": 2.177316188812256,
          "dev_nll": 2.0664637088775635,
          "dev_kl": 0.02041452482598624,
          "dev_objective": 2.127707283355522
        },
        {
          "epoch": 132,
          "train_objective": 2.1771228313446045,
          "dev_nll": 2.0659477710723877,
          "dev_kl": 0.020517827095547773,
          "dev_objective": 2.127501252359031
        },
        {
          "epoch": 133,
          "train_objective": 2.176934242248535,
          "dev_nll": 2.0654311180114746,
          "dev_kl": 0.020622500422964426,
          "dev_objective": 2.127298619280368
        },
        {
          "epoch": 134,
          "train_objective": 2.1767513751983643,
          "dev_nll": 2.064911127090454,
          "dev_kl": 0.020729046901226515,
          "dev_objective": 2.1270982677941337
        },
        {
          "epoch": 135,
          "train_objective": 2.176572799682617,
          "dev_nll": 2.0643889904022217,
          "dev_kl": 0.020837109262199217,
          "dev_objective": 2.1269003181888193
        },
        {
          "epoch": 136,
          "train_objective": 2.1763992309570312,
          "dev_nll": 2.063868522644043,
          "dev_kl": 0.020945765449338266,
          "dev_objective": 2.1267058189920576
        },
        {
          "epoch": 137,
          "train_objective": 2.176229953765869,
          "dev_nll": 2.0633552074432373,
          "dev_kl": 0.021053630880684265,
          "dev_objective": 2.12651610008529
        },
        {
          "epoch": 138,
          "train_objective": 2.176065683364868,
          "dev_nll": 2.0628554821014404,
          "dev_kl": 0.021159334723871236,
          "dev_objective": 2.126333486273054
        },
        {
          "epoch": 139,
          "train_objective": 2.175905466079712,
          "dev_nll": 2.0623724460601807,
          "dev_kl": 0.021261832701998787,
          "dev_objective": 2.126157944166177
        },
        {
          "epoch": 140,
          "train_objective": 2.1757500171661377,
          "dev_nll": 2.06190824508667,
          "dev_kl": 0.02136065412799383,
          "dev_objective": 2.1259902074706516
        },
        {
          "epoch": 141,
          "train_objective": 2.175598621368408,
          "dev_nll": 2.061461925506592,
          "dev_kl": 0.021456000677242806,
          "dev_objective": 2.1258299275383203
        },
        {
          "epoch": 142,
          "train_objective": 2.1754508018493652,
          "dev_nll": 2.061030149459839,
          "dev_kl": 0.021548608980804414,
          "dev_objective": 2.125675976402252
        },
        {
          "epoch": 143,
          "train_objective": 2.175307512283325,
          "dev_nll": 2.0606086254119873,
          "dev_kl": 0.021639528310950007,
          "dev_objective": 2.1255272103448375
        },
        {
          "epoch": 144,
          "train_objective": 2.1751675605773926,
          "dev_nll": 2.060192823410034,
          "dev_kl": 0.021729814154012046,
          "dev_objective": 2.1253822658720702
        },
        {
          "epoch": 145,
          "train_objective": 2.175032138824463,
          "dev_nll": 2.059779644012451,
          "dev_kl": 0.021820217213668936,
          "dev_objective": 2.125240295653458
        },
        {
          "epoch": 146,
          "train_objective": 2.1749002933502197,
          "dev_nll": 2.0593671798706055,
          "dev_kl": 0.021910995977032964,
          "dev_objective": 2.1251001678017043
        },
        {
          "epoch": 147,
          "train_objective": 2.174771547317505,
          "dev_nll": 2.0589568614959717,
          "dev_kl": 0.02200196648167597,
          "dev_objective": 2.1249627609409996
        },
        {
          "epoch": 148,
          "train_objective": 2.1746463775634766,
          "dev_nll": 2.05855131149292,
          "dev_kl": 0.022092550863964937,
          "dev_objective": 2.1248289640848146
        },
        {
          "epoch": 149,
          "train_objective": 2.1745247840881348,
          "dev_nll": 2.0581533908843994,
          "dev_kl": 0.022181944974052074,
          "dev_objective": 2.124699225806556
        },
        {
          "epoch": 150,
          "train_objective": 2.174406051635742,
          "dev_nll": 2.0577659606933594,
          "dev_kl": 0.02226941659941699,
          "dev_objective": 2.1245742104916103
        },
        {
          "epoch": 151,
          "train_objective": 2.174290895462036,
          "dev_nll": 2.05739164352417,
          "dev_kl": 0.022354516078013222,
          "dev_objective": 2.1244551917582095
        },
        {
          "epoch": 152,
          "train_objective": 2.1741786003112793,
          "dev_nll": 2.0570297241210938,
          "dev_kl": 0.022437161043378617,
          "dev_objective": 2.1243412072512298
        },
        {
          "epoch": 153,
          "train_objective": 2.1740691661834717,
          "dev_nll": 2.0566790103912354,
          "dev_kl": 0.022517637096907576,
          "dev_objective": 2.1242319216819583
        },
        {
          "epoch": 154,
          "train_objective": 2.1739630699157715,
          "dev_nll": 2.0563368797302246,
          "dev_kl": 0.02259653565570343,
          "dev_objective": 2.124126486697335
        },
        {
          "epoch": 155,
          "train_objective": 2.173859119415283,
          "dev_nll": 2.0560009479522705,
          "dev_kl": 0.022674509942917538,
          "dev_objective": 2.124024477781023
        },
        {
          "epoch": 156,
          "train_objective": 2.1737585067749023,
          "dev_nll": 2.0556681156158447,
          "dev_kl": 0.02275211678561964,
          "dev_objective": 2.1239244659727037
        },
        {
          "epoch": 157,
          "train_objective": 2.1736602783203125,
          "dev_nll": 2.055337429046631,
          "dev_kl": 0.022829675075791037,
          "dev_objective": 2.123826454274004
        },
        {
          "epoch": 158,
          "train_objective": 2.1735646724700928,
          "dev_nll": 2.0550084114074707,
          "dev_kl": 0.02290714995385995,
          "dev_objective": 2.1237298612690507
        },
        {
          "epoch": 159,
          "train_objective": 2.173471689224243,
          "dev_nll": 2.054682493209839,
          "dev_kl": 0.022984245335809082,
          "dev_objective": 2.123635229217266
        },
        {
          "epoch": 160,
          "train_objective": 2.1733810901641846,
          "dev_nll": 2.054361343383789,
          "dev_kl": 0.023060481172046617,
          "dev_objective": 2.123542786899929
        },
        {
          "epoch": 161,
          "train_objective": 2.173292636871338,
          "dev_nll": 2.054047107696533,
          "dev_kl": 0.023135352665810165,
          "dev_objective": 2.123453165693964
        },
        {
          "epoch": 162,
          "train_objective": 2.1732065677642822,
          "dev_nll": 2.053740978240967,
          "dev_kl": 0.02320846220948272,
          "dev_objective": 2.123366364869415
        },
        {
          "epoch": 163,
          "train_objective": 2.1731224060058594,
          "dev_nll": 2.0534439086914062,
          "dev_kl": 0.023279694163844594,
          "dev_objective": 2.12328299118294
        },
        {
          "epoch": 164,
          "train_objective": 2.1730408668518066,
          "dev_nll": 2.053154706954956,
          "dev_kl": 0.02334913881159983,
          "dev_objective": 2.1232021233897553
        },
        {
          "epoch": 165,
          "train_objective": 2.1729609966278076,
          "dev_nll": 2.052872657775879,
          "dev_kl": 0.023417114320018136,
          "dev_objective": 2.1231240007359333
        },
        {
          "epoch": 166,
          "train_objective": 2.1728830337524414,
          "dev_nll": 2.052595853805542,
          "dev_kl": 0.023484009208979906,
          "dev_objective": 2.123047881432482
        },
        {
          "epoch": 167,
          "train_objective": 2.172807216644287,
          "dev_nll": 2.0523226261138916,
          "dev_kl": 0.023550195163241715,
          "dev_objective": 2.122973211603617
        },
        {
          "epoch": 168,
          "train_objective": 2.1727333068847656,
          "dev_nll": 2.0520524978637695,
          "dev_kl": 0.02361585770687508,
          "dev_objective": 2.122900070984395
        },
        {
          "epoch": 169,
          "train_objective": 2.172661066055298,
          "dev_nll": 2.0517852306365967,
          "dev_kl": 0.02368101396027382,
          "dev_objective": 2.122828272517418
        },
        {
          "epoch": 170,
          "train_objective": 2.172590494155884,
          "dev_nll": 2.0515215396881104,
          "dev_kl": 0.02374548976401891,
          "dev_objective": 2.122758008980167
        },
        {
          "epoch": 171,
          "train_objective": 2.1725218296051025,
          "dev_nll": 2.051262378692627,
          "dev_kl": 0.023809002755369218,
          "dev_objective": 2.1226893869587347
        },
        {
          "epoch": 172,
          "train_objective": 2.172454833984375,
          "dev_nll": 2.051008939743042,
          "dev_kl": 0.023871229759098642,
          "dev_objective": 2.122622629020338
        },
        {
          "epoch": 173,
          "train_objective": 2.172389030456543,
          "dev_nll": 2.050762414932251,
          "dev_kl": 0.02393193170847791,
          "dev_objective": 2.1225582100576847
        },
        {
          "epoch": 174,
          "train_objective": 2.1723251342773438,
          "dev_nll": 2.050523281097412,
          "dev_kl": 0.023991037385647295,
          "dev_objective": 2.122496393254354
        },
        {
          "epoch": 175,
          "train_objective": 2.17226243019104,
          "dev_nll": 2.050290584564209,
          "dev_kl": 0.024048626961958437,
          "dev_objective": 2.1224364654500842
        },
        {
          "epoch": 176,
          "train_objective": 2.17220139503479,
          "dev_nll": 2.0500638484954834,
          "dev_kl": 0.024104908680299984,
          "dev_objective": 2.1223785745363832
        },
        {
          "epoch": 177,
          "train_objective": 2.1721420288085938,
          "dev_nll": 2.0498416423797607,
          "dev_kl": 0.02416013061123489,
          "dev_objective": 2.1223220342134654
        },
        {
          "epoch": 178,
          "train_objective": 2.172083616256714,
          "dev_nll": 2.0496232509613037,
          "dev_kl": 0.024214538402628858,
          "dev_objective": 2.1222668661691904
        },
        {
          "epoch": 179,
          "train_objective": 2.1720261573791504,
          "dev_nll": 2.049408197402954,
          "dev_kl": 0.024268241947399335,
          "dev_objective": 2.122212923245152
        },
        {
          "epoch": 180,
          "train_objective": 2.1719706058502197,
          "dev_nll": 2.049196243286133,
          "dev_kl": 0.024321272183704685,
          "dev_objective": 2.1221600598372468
        },
        {
          "epoch": 181,
          "train_objective": 2.1719155311584473,
          "dev_nll": 2.048987865447998,
          "dev_kl": 0.02437350177835371,
          "dev_objective": 2.1221083707830593
        },
        {
          "epoch": 182,
          "train_objective": 2.1718621253967285,
          "dev_nll": 2.048783540725708,
          "dev_kl": 0.024424748180585133,
          "dev_objective": 2.1220577852674634
        },
        {
          "epoch": 183,
          "train_objective": 2.171809673309326,
          "dev_nll": 2.048584461212158,
          "dev_kl": 0.024474848772877374,
          "dev_objective": 2.1220090075307905
        },
        {
          "epoch": 184,
          "train_objective": 2.1717584133148193,
          "dev_nll": 2.0483901500701904,
          "dev_kl": 0.024523687362251384,
          "dev_objective": 2.1219612121569447
        },
        {
          "epoch": 185,
          "train_objective": 2.171708106994629,
          "dev_nll": 2.048201084136963,
          "dev_kl": 0.02457128207069226,
          "dev_objective": 2.12191493034904
        },
        {
          "epoch": 186,
          "train_objective": 2.171658992767334,
          "dev_nll": 2.0480170249938965,
          "dev_kl": 0.024617707716544403,
          "dev_objective": 2.12187014814353
        },
        {
          "epoch": 187,
          "train_objective": 2.1716103553771973,
          "dev_nll": 2.047837018966675,
          "dev_kl": 0.0246631118661917,
          "dev_objective": 2.12182635456525
        },
        {
          "epoch": 188,
          "train_objective": 2.171563148498535,
          "dev_nll": 2.0476608276367188,
          "dev_kl": 0.024707702022079413,
          "dev_objective": 2.121783933702957
        },
        {
          "epoch": 189,
          "train_objective": 2.1715168952941895,
          "dev_nll": 2.0474870204925537,
          "dev_kl": 0.02475155035751192,
          "dev_objective": 2.1217416715650894
        },
        {
          "epoch": 190,
          "train_objective": 2.171471118927002,
          "dev_nll": 2.047316074371338,
          "dev_kl": 0.024794755201484706,
          "dev_objective": 2.121700339975792
        },
        {
          "epoch": 191,
          "train_objective": 2.17142653465271,
          "dev_nll": 2.0471479892730713,
          "dev_kl": 0.02483726716243771,
          "dev_objective": 2.1216597907603845
        },
        {
          "epoch": 192,
          "train_objective": 2.171382427215576,
          "dev_nll": 2.046982765197754,
          "dev_kl": 0.02487898057825897,
          "dev_objective": 2.1216197069325307
        },
        {
          "epoch": 193,
          "train_objective": 2.171339511871338,
          "dev_nll": 2.0468215942382812,
          "dev_kl": 0.024919814129175433,
          "dev_objective": 2.1215810366258077
        },
        {
          "epoch": 194,
          "train_objective": 2.171297311782837,
          "dev_nll": 2.046663999557495,
          "dev_kl": 0.024959656403626542,
          "dev_objective": 2.1215429687683747
        },
        {
          "epoch": 195,
          "train_objective": 2.1712558269500732,
          "dev_nll": 2.0465104579925537,
          "dev_kl": 0.024998487791398894,
          "dev_objective": 2.1215059213667504
        },
        {
          "epoch": 196,
          "train_objective": 2.1712148189544678,
          "dev_nll": 2.046360492706299,
          "dev_kl": 0.025036362043858784,
          "dev_objective": 2.1214695788378752
        },
        {
          "epoch": 197,
          "train_objective": 2.171175003051758,
          "dev_nll": 2.0462145805358887,
          "dev_kl": 0.025073345314275037,
          "dev_objective": 2.1214346164787137
        },
        {
          "epoch": 198,
          "train_objective": 2.171135663986206,
          "dev_nll": 2.0460712909698486,
          "dev_kl": 0.025109554459508677,
          "dev_objective": 2.121399954348375
        },
        {
          "epoch": 199,
          "train_objective": 2.1710968017578125,
          "dev_nll": 2.0459306240081787,
          "dev_kl": 0.02514508179061719,
          "dev_objective": 2.12136586938003
        },
        {
          "epoch": 200,
          "train_objective": 2.1710586547851562,
          "dev_nll": 2.0457921028137207,
          "dev_kl": 0.025180019835756906,
          "dev_objective": 2.1213321623209915
        },
        {
          "epoch": 201,
          "train_objective": 2.171020984649658,
          "dev_nll": 2.0456559658050537,
          "dev_kl": 0.025214324755644477,
          "dev_objective": 2.1212989400719873
        },
        {
          "epoch": 202,
          "train_objective": 2.1709840297698975,
          "dev_nll": 2.045522451400757,
          "dev_kl": 0.025248003677834193,
          "dev_objective": 2.121266462434259
        },
        {
          "epoch": 203,
          "train_objective": 2.170947551727295,
          "dev_nll": 2.045391798019409,
          "dev_kl": 0.02528094485620255,
          "dev_objective": 2.121234632588017
        },
        {
          "epoch": 204,
          "train_objective": 2.170912027359009,
          "dev_nll": 2.0452635288238525,
          "dev_kl": 0.025313107378629816,
          "dev_objective": 2.121202850959742
        },
        {
          "epoch": 205,
          "train_objective": 2.1708762645721436,
          "dev_nll": 2.0451390743255615,
          "dev_kl": 0.02534446531910919,
          "dev_objective": 2.121172470282889
        },
        {
          "epoch": 206,
          "train_objective": 2.170841693878174,
          "dev_nll": 2.0450170040130615,
          "dev_kl": 0.025375042149486642,
          "dev_objective": 2.1211421304615214
        },
        {
          "epoch": 207,
          "train_objective": 2.170807361602783,
          "dev_nll": 2.0448977947235107,
          "dev_kl": 0.025404903863615415,
          "dev_objective": 2.1211125063143568
        },
        {
          "epoch": 208,
          "train_objective": 2.17077374458313,
          "dev_nll": 2.04478120803833,
          "dev_kl": 0.025434099149844097,
          "dev_objective": 2.1210835054878623
        },
        {
          "epoch": 209,
          "train_objective": 2.1707406044006348,
          "dev_nll": 2.044666051864624,
          "dev_kl": 0.025462744773264875,
          "dev_objective": 2.121054286184419
        },
        {
          "epoch": 210,
          "train_objective": 2.1707077026367188,
          "dev_nll": 2.044553279876709,
          "dev_kl": 0.025490859519220418,
          "dev_objective": 2.12102585843437
        },
        {
          "epoch": 211,
          "train_objective": 2.170675277709961,
          "dev_nll": 2.0444419384002686,
          "dev_kl": 0.02551844390476257,
          "dev_objective": 2.120997270114556
        },
        {
          "epoch": 212,
          "train_objective": 2.1706433296203613,
          "dev_nll": 2.044332981109619,
          "dev_kl": 0.025545479963651044,
          "dev_objective": 2.1209694210005723
        },
        {
          "epoch": 213,
          "train_objective": 2.17061185836792,
          "dev_nll": 2.0442261695861816,
          "dev_kl": 0.02557193481852091,
          "dev_objective": 2.1209419740417443
        },
        {
          "epoch": 214,
          "train_objective": 2.1705808639526367,
          "dev_nll": 2.044121503829956,
          "dev_kl": 0.025597770213829103,
          "dev_objective": 2.120914814471443
        },
        {
          "epoch": 215,
          "train_objective": 2.1705501079559326,
          "dev_nll": 2.0440189838409424,
          "dev_kl": 0.025622978277907178,
          "dev_objective": 2.120887918674664
        },
        {
          "epoch": 216,
          "train_objective": 2.1705198287963867,
          "dev_nll": 2.0439188480377197,
          "dev_kl": 0.02564758510404342,
          "dev_objective": 2.12086160334985
        },
        {
          "epoch": 217,
          "train_objective": 2.17048978805542,
          "dev_nll": 2.043820858001709,
          "dev_kl": 0.025671622739488108,
          "dev_objective": 2.1208357262201734
        },
        {
          "epoch": 218,
          "train_objective": 2.1704602241516113,
          "dev_nll": 2.043724298477173,
          "dev_kl": 0.02569514859534867,
          "dev_objective": 2.120809744263219
        },
        {
          "epoch": 219,
          "train_objective": 2.170430898666382,
          "dev_nll": 2.0436298847198486,
          "dev_kl": 0.025718209269741835,
          "dev_objective": 2.1207845125290743
        },
        {
          "epoch": 220,
          "train_objective": 2.1704020500183105,
          "dev_nll": 2.04353666305542,
          "dev_kl": 0.025740827430618573,
          "dev_objective": 2.1207591453472756
        },
        {
          "epoch": 221,
          "train_objective": 2.1703739166259766,
          "dev_nll": 2.043445587158203,
          "dev_kl": 0.02576302205262756,
          "dev_objective": 2.120734653316086
        },
        {
          "epoch": 222,
          "train_objective": 2.1703453063964844,
          "dev_nll": 2.0433554649353027,
          "dev_kl": 0.025784757641681075,
          "dev_objective": 2.120709737860346
        },
        {
          "epoch": 223,
          "train_objective": 2.1703174114227295,
          "dev_nll": 2.0432674884796143,
          "dev_kl": 0.025806002067150297,
          "dev_objective": 2.120685494681065
        },
        {
          "epoch": 224,
          "train_objective": 2.1702895164489746,
          "dev_nll": 2.0431809425354004,
          "dev_kl": 0.025826749493586116,
          "dev_objective": 2.1206611910161586
        },
        {
          "epoch": 225,
          "train_objective": 2.170262575149536,
          "dev_nll": 2.0430965423583984,
          "dev_kl": 0.02584700544809436,
          "dev_objective": 2.1206375587026813
        },
        {
          "epoch": 226,
          "train_objective": 2.1702351570129395,
          "dev_nll": 2.04301381111145,
          "dev_kl": 0.025866783035789022,
          "dev_objective": 2.120614160218817
        },
        {
          "epoch": 227,
          "train_objective": 2.170208692550659,
          "dev_nll": 2.0429325103759766,
          "dev_kl": 0.025886139745387744,
          "dev_objective": 2.1205909296121397
        },
        {
          "epoch": 228,
          "train_objective": 2.1701819896698,
          "dev_nll": 2.0428526401519775,
          "dev_kl": 0.025905068250591152,
          "dev_objective": 2.120567844903751
        },
        {
          "epoch": 229,
          "train_objective": 2.1701557636260986,
          "dev_nll": 2.042774200439453,
          "dev_kl": 0.0259236266379253,
          "dev_objective": 2.120545080353229
        },
        {
          "epoch": 230,
          "train_objective": 2.1701300144195557,
          "dev_nll": 2.042696475982666,
          "dev_kl": 0.025941832092808776,
          "dev_objective": 2.120521972261092
        },
        {
          "epoch": 231,
          "train_objective": 2.1701040267944336,
          "dev_nll": 2.0426206588745117,
          "dev_kl": 0.025959659928900633,
          "dev_objective": 2.120499638661214
        },
        {
          "epoch": 232,
          "train_objective": 2.1700785160064697,
          "dev_nll": 2.042545795440674,
          "dev_kl": 0.025977123189436457,
          "dev_objective": 2.120477165008983
        },
        {
          "epoch": 233,
          "train_objective": 2.170053482055664,
          "dev_nll": 2.0424723625183105,
          "dev_kl": 0.02599420746880676,
          "dev_objective": 2.1204549849247307
        },
        {
          "epoch": 234,
          "train_objective": 2.1700284481048584,
          "dev_nll": 2.042400360107422,
          "dev_kl": 0.026010887274678023,
          "dev_objective": 2.120433021931456
        },
        {
          "epoch": 235,
          "train_objective": 2.170003652572632,
          "dev_nll": 2.042330026626587,
          "dev_kl": 0.026027182086689717,
          "dev_objective": 2.120411572886656
        },
        {
          "epoch": 236,
          "train_objective": 2.1699790954589844,
          "dev_nll": 2.0422604084014893,
          "dev_kl": 0.02604312179211594,
          "dev_objective": 2.120389773777837
        },
        {
          "epoch": 237,
          "train_objective": 2.169955015182495,
          "dev_nll": 2.042191982269287,
          "dev_kl": 0.02605874601673956,
          "dev_objective": 2.120368220319506
        },
        {
          "epoch": 238,
          "train_objective": 2.1699306964874268,
          "dev_nll": 2.0421252250671387,
          "dev_kl": 0.026074042330865185,
          "dev_objective": 2.120347352059734
        },
        {
          "epoch": 239,
          "train_objective": 2.1699068546295166,
          "dev_nll": 2.0420589447021484,
          "dev_kl": 0.02608906908006919,
          "dev_objective": 2.120326151942356
        },
        {
          "epoch": 240,
          "train_objective": 2.1698830127716064,
          "dev_nll": 2.0419936180114746,
          "dev_kl": 0.026103776782595862,
          "dev_objective": 2.120304948359262
        },
        {
          "epoch": 241,
          "train_objective": 2.1698596477508545,
          "dev_nll": 2.0419294834136963,
          "dev_kl": 0.02611823412715583,
          "dev_objective": 2.120284185795164
        },
        {
          "epoch": 242,
          "train_objective": 2.1698362827301025,
          "dev_nll": 2.0418667793273926,
          "dev_kl": 0.026132353938599997,
          "dev_objective": 2.1202638411431924
        },
        {
          "epoch": 243,
          "train_objective": 2.1698131561279297,
          "dev_nll": 2.041804790496826,
          "dev_kl": 0.02614617515942669,
          "dev_objective": 2.1202433159751064
        },
        {
          "epoch": 244,
          "train_objective": 2.169790267944336,
          "dev_nll": 2.041743755340576,
          "dev_kl": 0.026159712841822388,
          "dev_objective": 2.1202228938660435
        },
        {
          "epoch": 245,
          "train_objective": 2.169767379760742,
          "dev_nll": 2.0416839122772217,
          "dev_kl": 0.026172943291598343,
          "dev_objective": 2.1202027421520167
        },
        {
          "epoch": 246,
          "train_objective": 2.1697449684143066,
          "dev_nll": 2.0416247844696045,
          "dev_kl": 0.02618593493421973,
          "dev_objective": 2.1201825892722637
        },
        {
          "epoch": 247,
          "train_objective": 2.16972279548645,
          "dev_nll": 2.0415666103363037,
          "dev_kl": 0.0261986607760149,
          "dev_objective": 2.1201625926643484
        },
        {
          "epoch": 248,
          "train_objective": 2.1697006225585938,
          "dev_nll": 2.0415091514587402,
          "dev_kl": 0.026211161513577913,
          "dev_objective": 2.120142635999474
        },
        {
          "epoch": 249,
          "train_objective": 2.1696784496307373,
          "dev_nll": 2.041452646255493,
          "dev_kl": 0.026223448442865734,
          "dev_objective": 2.1201229915840902
        },
        {
          "epoch": 250,
          "train_objective": 2.16965651512146,
          "dev_nll": 2.0413968563079834,
          "dev_kl": 0.026235479821643985,
          "dev_objective": 2.1201032957729153
        },
        {
          "epoch": 251,
          "train_objective": 2.1696345806121826,
          "dev_nll": 2.04134202003479,
          "dev_kl": 0.026247274381242826,
          "dev_objective": 2.1200838431785187
        },
        {
          "epoch": 252,
          "train_objective": 2.1696131229400635,
          "dev_nll": 2.041287899017334,
          "dev_kl": 0.026258852378977043,
          "dev_objective": 2.120064456154265
        },
        {
          "epoch": 253,
          "train_objective": 2.1695916652679443,
          "dev_nll": 2.0412349700927734,
          "dev_kl": 0.02627016502424135,
          "dev_objective": 2.1200454651654974
        },
        {
          "epoch": 254,
          "train_objective": 2.1695704460144043,
          "dev_nll": 2.041182279586792,
          "dev_kl": 0.026281270465964603,
          "dev_objective": 2.1200260909846858
        },
        {
          "epoch": 255,
          "train_objective": 2.1695494651794434,
          "dev_nll": 2.041130781173706,
          "dev_kl": 0.026292170652792463,
          "dev_objective": 2.1200072931320832
        },
        {
          "epoch": 256,
          "train_objective": 2.1695282459259033,
          "dev_nll": 2.0410797595977783,
          "dev_kl": 0.026302868440571066,
          "dev_objective": 2.1199883649194917
        },
        {
          "epoch": 257,
          "train_objective": 2.1695075035095215,
          "dev_nll": 2.041029453277588,
          "dev_kl": 0.026313365798921802,
          "dev_objective": 2.1199695506743534
        },
        {
          "epoch": 258,
          "train_objective": 2.1694867610931396,
          "dev_nll": 2.0409798622131348,
          "dev_kl": 0.02632367327234599,
          "dev_objective": 2.1199508820301727
        },
        {
          "epoch": 259,
          "train_objective": 2.169466257095337,
          "dev_nll": 2.04093074798584,
          "dev_kl": 0.026333812164847512,
          "dev_objective": 2.1199321844803825
        },
        {
          "epoch": 260,
          "train_objective": 2.1694459915161133,
          "dev_nll": 2.0408825874328613,
          "dev_kl": 0.02634374404573595,
          "dev_objective": 2.119913819570069
        },
        {
          "epoch": 261,
          "train_objective": 2.1694254875183105,
          "dev_nll": 2.04083514213562,
          "dev_kl": 0.026353499890925985,
          "dev_objective": 2.119895641808398
        },
        {
          "epoch": 262,
          "train_objective": 2.169405460357666,
          "dev_nll": 2.040788173675537,
          "dev_kl": 0.026363058488706948,
          "dev_objective": 2.119877349141658
        },
        {
          "epoch": 263,
          "train_objective": 2.1693851947784424,
          "dev_nll": 2.0407416820526123,
          "dev_kl": 0.026372458343184343,
          "dev_objective": 2.119859057082165
        },
        {
          "epoch": 264,
          "train_objective": 2.169365406036377,
          "dev_nll": 2.040695905685425,
          "dev_kl": 0.026381679929096485,
          "dev_objective": 2.1198409454727143
        },
        {
          "epoch": 265,
          "train_objective": 2.1693456172943115,
          "dev_nll": 2.0406508445739746,
          "dev_kl": 0.026390748936473182,
          "dev_objective": 2.119823091383394
        },
        {
          "epoch": 266,
          "train_objective": 2.169326066970825,
          "dev_nll": 2.0406064987182617,
          "dev_kl": 0.026399656484188797,
          "dev_objective": 2.1198054681708283
        },
        {
          "epoch": 267,
          "train_objective": 2.169306516647339,
          "dev_nll": 2.040562391281128,
          "dev_kl": 0.026408403768908937,
          "dev_objective": 2.119787602587855
        },
        {
          "epoch": 268,
          "train_objective": 2.1692869663238525,
          "dev_nll": 2.0405189990997314,
          "dev_kl": 0.02641701816081967,
          "dev_objective": 2.1197700535821906
        },
        {
          "epoch": 269,
          "train_objective": 2.1692676544189453,
          "dev_nll": 2.0404763221740723,
          "dev_kl": 0.026425468563395844,
          "dev_objective": 2.1197527278642596
        },
        {
          "epoch": 270,
          "train_objective": 2.169248580932617,
          "dev_nll": 2.040433645248413,
          "dev_kl": 0.026433791706195888,
          "dev_objective": 2.119735020367001
        },
        {
          "epoch": 271,
          "train_objective": 2.16922926902771,
          "dev_nll": 2.0403921604156494,
          "dev_kl": 0.026441942980127024,
          "dev_objective": 2.1197179893560305
        },
        {
          "epoch": 272,
          "train_objective": 2.169210433959961,
          "dev_nll": 2.0403506755828857,
          "dev_kl": 0.026449966283204656,
          "dev_objective": 2.1197005744324997
        },
        {
          "epoch": 273,
          "train_objective": 2.169191598892212,
          "dev_nll": 2.0403099060058594,
          "dev_kl": 0.026457843272149697,
          "dev_objective": 2.1196834358223087
        },
        {
          "epoch": 274,
          "train_objective": 2.169173002243042,
          "dev_nll": 2.040269613265991,
          "dev_kl": 0.026465627258886827,
          "dev_objective": 2.119666495042652
        },
        {
          "epoch": 275,
          "train_objective": 2.169154405593872,
          "dev_nll": 2.0402300357818604,
          "dev_kl": 0.02647324896790926,
          "dev_objective": 2.1196497826855882
        },
        {
          "epoch": 276,
          "train_objective": 2.169135570526123,
          "dev_nll": 2.0401904582977295,
          "dev_kl": 0.026480743948890415,
          "dev_objective": 2.119632690144401
        },
        {
          "epoch": 277,
          "train_objective": 2.169116973876953,
          "dev_nll": 2.040151596069336,
          "dev_kl": 0.026488136974171742,
          "dev_objective": 2.1196160069918513
        },
        {
          "epoch": 278,
          "train_objective": 2.1690986156463623,
          "dev_nll": 2.0401129722595215,
          "dev_kl": 0.026495409274666763,
          "dev_objective": 2.1195992000835218
        },
        {
          "epoch": 279,
          "train_objective": 2.1690804958343506,
          "dev_nll": 2.0400750637054443,
          "dev_kl": 0.02650255028175207,
          "dev_objective": 2.1195827145507007
        },
        {
          "epoch": 280,
          "train_objective": 2.169062376022339,
          "dev_nll": 2.0400376319885254,
          "dev_kl": 0.026509591550272597,
          "dev_objective": 2.1195664066393434
        },
        {
          "epoch": 281,
          "train_objective": 2.169044017791748,
          "dev_nll": 2.0400006771087646,
          "dev_kl": 0.02651651572805267,
          "dev_objective": 2.1195502242929227
        },
        {
          "epoch": 282,
          "train_objective": 2.1690263748168945,
          "dev_nll": 2.039963722229004,
          "dev_kl": 0.026523332187050098,
          "dev_objective": 2.119533718790154
        },
        {
          "epoch": 283,
          "train_objective": 2.169008493423462,
          "dev_nll": 2.0399274826049805,
          "dev_kl": 0.026530037416975846,
          "dev_objective": 2.119517594855908
        },
        {
          "epoch": 284,
          "train_objective": 2.1689906120300293,
          "dev_nll": 2.0398917198181152,
          "dev_kl": 0.026536649834524067,
          "dev_objective": 2.1195016693216875
        },
        {
          "epoch": 285,
          "train_objective": 2.168973207473755,
          "dev_nll": 2.039856195449829,
          "dev_kl": 0.02654315384423679,
          "dev_objective": 2.1194856569825395
        },
        {
          "epoch": 286,
          "train_objective": 2.1689553260803223,
          "dev_nll": 2.039821147918701,
          "dev_kl": 0.02654955083156122,
          "dev_objective": 2.119469800413385
        },
        {
          "epoch": 287,
          "train_objective": 2.168938159942627,
          "dev_nll": 2.0397863388061523,
          "dev_kl": 0.026555856193734653,
          "dev_objective": 2.1194539073873564
        },
        {
          "epoch": 288,
          "train_objective": 2.1689205169677734,
          "dev_nll": 2.0397520065307617,
          "dev_kl": 0.02656207073203011,
          "dev_objective": 2.119438218726852
        },
        {
          "epoch": 289,
          "train_objective": 2.168903112411499,
          "dev_nll": 2.03971791267395,
          "dev_kl": 0.026568169053224427,
          "dev_objective": 2.1194224198336236
        },
        {
          "epoch": 290,
          "train_objective": 2.1688859462738037,
          "dev_nll": 2.039684534072876,
          "dev_kl": 0.02657418407873158,
          "dev_objective": 2.119407086309071
        },
        {
          "epoch": 291,
          "train_objective": 2.1688687801361084,
          "dev_nll": 2.0396511554718018,
          "dev_kl": 0.026580102022250626,
          "dev_objective": 2.119391461538554
        },
        {
          "epoch": 292,
          "train_objective": 2.168851613998413,
          "dev_nll": 2.039618492126465,
          "dev_kl": 0.026585952163808182,
          "dev_objective": 2.1193763486178896
        },
        {
          "epoch": 293,
          "train_objective": 2.1688344478607178,
          "dev_nll": 2.039585590362549,
          "dev_kl": 0.02659170143096498,
          "dev_objective": 2.1193606946554437
        },
        {
          "epoch": 294,
          "train_objective": 2.1688177585601807,
          "dev_nll": 2.039553642272949,
          "dev_kl": 0.026597354157307598,
          "dev_objective": 2.119345704744872
        },
        {
          "epoch": 295,
          "train_objective": 2.1688005924224854,
          "dev_nll": 2.0395219326019287,
          "dev_kl": 0.02660293702711561,
          "dev_objective": 2.1193307436832756
        },
        {
          "epoch": 296,
          "train_objective": 2.1687841415405273,
          "dev_nll": 2.039490222930908,
          "dev_kl": 0.026608428712263033,
          "dev_objective": 2.119315509067697
        },
        {
          "epoch": 297,
          "train_objective": 2.1687676906585693,
          "dev_nll": 2.039458990097046,
          "dev_kl": 0.0266138366129887,
          "dev_objective": 2.119300499936012
        },
        {
          "epoch": 298,
          "train_objective": 2.168750762939453,
          "dev_nll": 2.039428234100342,
          "dev_kl": 0.02661916941534392,
          "dev_objective": 2.1192857423463733
        },
        {
          "epoch": 299,
          "train_objective": 2.168734073638916,
          "dev_nll": 2.039397716522217,
          "dev_kl": 0.02662441345258943,
          "dev_objective": 2.1192709568799852
        }
      ]
    },
    "constrained_candidates": [
      {
        "kl_lambda": 1.0,
        "best_dev_nll": 1.9266932010650635,
        "best_dev_kl": 0.08823371080153093,
        "best_dev_objective": 2.0149269118665942,
        "epochs_run": 300,
        "history": [
          {
            "epoch": 0,
            "train_objective": 2.5020530223846436,
            "dev_nll": 2.3029568195343018,
            "dev_kl": 0.007760020504917463,
            "dev_objective": 2.3107168400392193
          },
          {
            "epoch": 1,
            "train_objective": 2.3715455532073975,
            "dev_nll": 2.271385669708252,
            "dev_kl": 0.02666470126742088,
            "dev_objective": 2.2980503709756728
          },
          {
            "epoch": 2,
            "train_objective": 2.3458852767944336,
            "dev_nll": 2.2601072788238525,
            "dev_kl": 0.04568147310160671,
            "dev_objective": 2.3057887519254594
          },
          {
            "epoch": 3,
            "train_objective": 2.356715202331543,
            "dev_nll": 2.2511179447174072,
            "dev_kl": 0.04803245357627905,
            "dev_objective": 2.299150398293686
          },
          {
            "epoch": 4,
            "train_objective": 2.3481216430664062,
            "dev_nll": 2.2418105602264404,
            "dev_kl": 0.03755388397782168,
            "dev_objective": 2.279364444204262
          },
          {
            "epoch": 5,
            "train_objective": 2.322309970855713,
            "dev_nll": 2.2354838848114014,
            "dev_kl": 0.02300276777860163,
            "dev_objective": 2.258486652590003
          },
          {
            "epoch": 6,
            "train_objective": 2.2924628257751465,
            "dev_nll": 2.2351205348968506,
            "dev_kl": 0.011360251083592506,
            "dev_objective": 2.246480785980443
          },
          {
            "epoch": 7,
            "train_objective": 2.26975679397583,
            "dev_nll": 2.240840435028076,
            "dev_kl": 0.006078734734753222,
            "dev_objective": 2.2469191697628292
          },
          {
            "epoch": 8,
            "train_objective": 2.259744644165039,
            "dev_nll": 2.2491071224212646,
            "dev_kl": 0.006686027721566912,
            "dev_objective": 2.2557931501428317
          },
          {
            "epoch": 9,
            "train_objective": 2.260345935821533,
            "dev_nll": 2.254486322402954,
            "dev_kl": 0.010092357117451963,
            "dev_objective": 2.264578679520406
          },
          {
            "epoch": 10,
            "train_objective": 2.263418197631836,
            "dev_nll": 2.253336191177368,
            "dev_kl": 0.013411676672157235,
            "dev_objective": 2.266747867849525
          },
          {
            "epoch": 11,
            "train_objective": 2.2616872787475586,
            "dev_nll": 2.2456037998199463,
            "dev_kl": 0.015723016091542703,
            "dev_objective": 2.261326815911489
          },
          {
            "epoch": 12,
            "train_objective": 2.254053831100464,
            "dev_nll": 2.2336232662200928,
            "dev_kl": 0.017662613843787915,
            "dev_objective": 2.2512858800638806
          },
          {
            "epoch": 13,
            "train_objective": 2.2440052032470703,
            "dev_nll": 2.2202765941619873,
            "dev_kl": 0.02031184921538256,
            "dev_objective": 2.2405884433773697
          },
          {
            "epoch": 14,
            "train_objective": 2.2355833053588867,
            "dev_nll": 2.2078261375427246,
            "dev_kl": 0.02432394612565855,
            "dev_objective": 2.232150083668383
          },
          {
            "epoch": 15,
            "train_objective": 2.230978012084961,
            "dev_nll": 2.1974267959594727,
            "dev_kl": 0.02942290461227835,
            "dev_objective": 2.226849700571751
          },
          {
            "epoch": 16,
            "train_objective": 2.2299747467041016,
            "dev_nll": 2.189194440841675,
            "dev_kl": 0.03446608783335316,
            "dev_objective": 2.223660528675028
          },
          {
            "epoch": 17,
            "train_objective": 2.2306041717529297,
            "dev_nll": 2.182678699493408,
            "dev_kl": 0.03810470793731846,
            "dev_objective": 2.2207834074307264
          },
          {
            "epoch": 18,
            "train_objective": 2.230499744415283,
            "dev_nll": 2.1774213314056396,
            "dev_kl": 0.0395630547296474,
            "dev_objective": 2.216984386135287
          },
          {
            "epoch": 19,
            "train_objective": 2.2282376289367676,
            "dev_nll": 2.1732420921325684,
            "dev_kl": 0.03896653382862742,
            "dev_objective": 2.2122086259611957
          },
          {
            "epoch": 20,
            "train_objective": 2.2238965034484863,
            "dev_nll": 2.1701772212982178,
            "dev_kl": 0.03711003913053286,
            "dev_objective": 2.2072872604287506
          },
          {
            "epoch": 21,
            "train_objective": 2.2186689376831055,
            "dev_nll": 2.1682209968566895,
            "dev_kl": 0.034961325626165884,
            "dev_objective": 2.2031823224828555
          },
          {
            "epoch": 22,
            "train_objective": 2.213987112045288,
            "dev_nll": 2.167102575302124,
            "dev_kl": 0.03323145371941463,
            "dev_objective": 2.2003340290215387
          },
          {
            "epoch": 23,
            "train_objective": 2.2107527256011963,
            "dev_nll": 2.1662306785583496,
            "dev_kl": 0.03219173528329545,
            "dev_objective": 2.1984224138416453
          },
          {
            "epoch": 24,
            "train_objective": 2.209000587463379,
            "dev_nll": 2.164844512939453,
            "dev_kl": 0.031748816817747175,
            "dev_objective": 2.1965933297572002
          },
          {
            "epoch": 25,
            "train_objective": 2.2080464363098145,
            "dev_nll": 2.1622841358184814,
            "dev_kl": 0.031664355588774826,
            "dev_objective": 2.1939484914072565
          },
          {
            "epoch": 26,
            "train_objective": 2.206970453262329,
            "dev_nll": 2.1582369804382324,
            "dev_kl": 0.03176332101527903,
            "dev_objective": 2.1900003014535114
          },
          {
            "epoch": 27,
            "train_objective": 2.2051479816436768,
            "dev_nll": 2.1528267860412598,
            "dev_kl": 0.032025900393565024,
            "dev_objective": 2.1848526864348248
          },
          {
            "epoch": 28,
            "train_objective": 2.202528476715088,
            "dev_nll": 2.146528482437134,
            "dev_kl": 0.03254997120490549,
            "dev_objective": 2.179078453642039
          },
          {
            "epoch": 29,
            "train_objective": 2.19954252243042,
            "dev_nll": 2.139972448348999,
            "dev_kl": 0.033437960070079646,
            "dev_objective": 2.1734104084190786
          },
          {
            "epoch": 30,
            "train_objective": 2.1967782974243164,
            "dev_nll": 2.133742570877075,
            "dev_kl": 0.034683373366558065,
            "dev_objective": 2.168425944243633
          },
          {
            "epoch": 31,
            "train_objective": 2.1946372985839844,
            "dev_nll": 2.128241539001465,
            "dev_kl": 0.036119717398767466,
            "dev_objective": 2.164361256400232
          },
          {
            "epoch": 32,
            "train_objective": 2.1931588649749756,
            "dev_nll": 2.1236557960510254,
            "dev_kl": 0.03745966954135781,
            "dev_objective": 2.161115465592383
          },
          {
            "epoch": 33,
            "train_objective": 2.1920645236968994,
            "dev_nll": 2.120007276535034,
            "dev_kl": 0.03840391459635686,
            "dev_objective": 2.1584111911313912
          },
          {
            "epoch": 34,
            "train_objective": 2.1909525394439697,
            "dev_nll": 2.117236614227295,
            "dev_kl": 0.03876028643073598,
            "dev_objective": 2.155996900658031
          },
          {
            "epoch": 35,
            "train_objective": 2.1895253658294678,
            "dev_nll": 2.1152632236480713,
            "dev_kl": 0.038511846162093515,
            "dev_objective": 2.1537750698101648
          },
          {
            "epoch": 36,
            "train_objective": 2.187718152999878,
            "dev_nll": 2.1140005588531494,
            "dev_kl": 0.03780582911955813,
            "dev_objective": 2.1518063879727074
          },
          {
            "epoch": 37,
            "train_objective": 2.18569016456604,
            "dev_nll": 2.113328218460083,
            "dev_kl": 0.03688125278976922,
            "dev_objective": 2.1502094712498523
          },
          {
            "epoch": 38,
            "train_objective": 2.1837046146392822,
            "dev_nll": 2.113055467605591,
            "dev_kl": 0.03597765820109294,
            "dev_objective": 2.149033125806684
          },
          {
            "epoch": 39,
            "train_objective": 2.1819710731506348,
            "dev_nll": 2.1129143238067627,
            "dev_kl": 0.035267174097096864,
            "dev_objective": 2.1481814979038596
          },
          {
            "epoch": 40,
            "train_objective": 2.180541753768921,
            "dev_nll": 2.1125950813293457,
            "dev_kl": 0.03483200730621681,
            "dev_objective": 2.1474270886355624
          },
          {
            "epoch": 41,
            "train_objective": 2.179302930831909,
            "dev_nll": 2.111823797225952,
            "dev_kl": 0.0346836974458383,
            "dev_objective": 2.1465074946717904
          },
          {
            "epoch": 42,
            "train_objective": 2.1780645847320557,
            "dev_nll": 2.1104376316070557,
            "dev_kl": 0.034800523575311444,
            "dev_objective": 2.145238155182367
          },
          {
            "epoch": 43,
            "train_objective": 2.1766815185546875,
            "dev_nll": 2.1084306240081787,
            "dev_kl": 0.03515637645221038,
            "dev_objective": 2.143587000460389
          },
          {
            "epoch": 44,
            "train_objective": 2.175137996673584,
            "dev_nll": 2.1059391498565674,
            "dev_kl": 0.035725762713113215,
            "dev_objective": 2.1416649125696807
          },
          {
            "epoch": 45,
            "train_objective": 2.1735332012176514,
            "dev_nll": 2.10318922996521,
            "dev_kl": 0.03646894103033586,
            "dev_objective": 2.139658170995546
          },
          {
            "epoch": 46,
            "train_objective": 2.172006845474243,
            "dev_nll": 2.1004207134246826,
            "dev_kl": 0.03731499310071068,
            "dev_objective": 2.1377357065253935
          },
          {
            "epoch": 47,
            "train_objective": 2.1706483364105225,
            "dev_nll": 2.0978341102600098,
            "dev_kl": 0.03816029398601402,
            "dev_objective": 2.135994404246024
          },
          {
            "epoch": 48,
            "train_objective": 2.1694533824920654,
            "dev_nll": 2.095560073852539,
            "dev_kl": 0.03888998243764781,
            "dev_objective": 2.134450056290187
          },
          {
            "epoch": 49,
            "train_objective": 2.168339729309082,
            "dev_nll": 2.093661308288574,
            "dev_kl": 0.039413377969852975,
            "dev_objective": 2.133074686258427
          },
          {
            "epoch": 50,
            "train_objective": 2.167210102081299,
            "dev_nll": 2.0921425819396973,
            "dev_kl": 0.039694866626984904,
            "dev_objective": 2.131837448566682
          },
          {
            "epoch": 51,
            "train_objective": 2.1660096645355225,
            "dev_nll": 2.0909616947174072,
            "dev_kl": 0.03976377266089994,
            "dev_objective": 2.130725467378307
          },
          {
            "epoch": 52,
            "train_objective": 2.16474986076355,
            "dev_nll": 2.0900332927703857,
            "dev_kl": 0.03969868137459229,
            "dev_objective": 2.129731974144978
          },
          {
            "epoch": 53,
            "train_objective": 2.163490056991577,
            "dev_nll": 2.089228391647339,
            "dev_kl": 0.039596509622611305,
            "dev_objective": 2.12882490126995
          },
          {
            "epoch": 54,
            "train_objective": 2.162290096282959,
            "dev_nll": 2.0883889198303223,
            "dev_kl": 0.03954225644964288,
            "dev_objective": 2.127931176279965
          },
          {
            "epoch": 55,
            "train_objective": 2.1611719131469727,
            "dev_nll": 2.0873513221740723,
            "dev_kl": 0.03959230910818856,
            "dev_objective": 2.126943631282261
          },
          {
            "epoch": 56,
            "train_objective": 2.1601085662841797,
            "dev_nll": 2.085984706878662,
            "dev_kl": 0.03977357537007412,
            "dev_objective": 2.125758282248736
          },
          {
            "epoch": 57,
            "train_objective": 2.1590492725372314,
            "dev_nll": 2.0842247009277344,
            "dev_kl": 0.04009169110659141,
            "dev_objective": 2.1243163920343258
          },
          {
            "epoch": 58,
            "train_objective": 2.157953977584839,
            "dev_nll": 2.08208966255188,
            "dev_kl": 0.040538306400465136,
            "dev_objective": 2.122627968952345
          },
          {
            "epoch": 59,
            "train_objective": 2.1568186283111572,
            "dev_nll": 2.0796735286712646,
            "dev_kl": 0.04109257864891677,
            "dev_objective": 2.1207661073201813
          },
          {
            "epoch": 60,
            "train_objective": 2.1556732654571533,
            "dev_nll": 2.077115058898926,
            "dev_kl": 0.04171799000159644,
            "dev_objective": 2.1188330489005223
          },
          {
            "epoch": 61,
            "train_objective": 2.1545560359954834,
            "dev_nll": 2.0745630264282227,
            "dev_kl": 0.042361483326064306,
            "dev_objective": 2.116924509754287
          },
          {
            "epoch": 62,
            "train_objective": 2.153486490249634,
            "dev_nll": 2.072144031524658,
            "dev_kl": 0.042960632756050374,
            "dev_objective": 2.1151046642807088
          },
          {
            "epoch": 63,
            "train_objective": 2.152456521987915,
            "dev_nll": 2.0699448585510254,
            "dev_kl": 0.0434590713981002,
            "dev_objective": 2.1134039299491256
          },
          {
            "epoch": 64,
            "train_objective": 2.151440382003784,
            "dev_nll": 2.0680062770843506,
            "dev_kl": 0.04382362409058522,
            "dev_objective": 2.1118299011749357
          },
          {
            "epoch": 65,
            "train_objective": 2.1504147052764893,
            "dev_nll": 2.0663230419158936,
            "dev_kl": 0.0440543679612781,
            "dev_objective": 2.1103774098771715
          },
          {
            "epoch": 66,
            "train_objective": 2.1493759155273438,
            "dev_nll": 2.0648515224456787,
            "dev_kl": 0.04418308549426362,
            "dev_objective": 2.1090346079399422
          },
          {
            "epoch": 67,
            "train_objective": 2.1483399868011475,
            "dev_nll": 2.0635147094726562,
            "dev_kl": 0.04426104767323547,
            "dev_objective": 2.107775757145892
          },
          {
            "epoch": 68,
            "train_objective": 2.1473259925842285,
            "dev_nll": 2.0622193813323975,
            "dev_kl": 0.04434282929837905,
            "dev_objective": 2.1065622106307766
          },
          {
            "epoch": 69,
            "train_objective": 2.1463429927825928,
            "dev_nll": 2.0608716011047363,
            "dev_kl": 0.04447341400727227,
            "dev_objective": 2.1053450151120088
          },
          {
            "epoch": 70,
            "train_objective": 2.1453840732574463,
            "dev_nll": 2.059401273727417,
            "dev_kl": 0.04468130310451998,
            "dev_objective": 2.104082576831937
          },
          {
            "epoch": 71,
            "train_objective": 2.144432306289673,
            "dev_nll": 2.0577800273895264,
            "dev_kl": 0.04497694651604638,
            "dev_objective": 2.102756973905573
          },
          {
            "epoch": 72,
            "train_objective": 2.1434760093688965,
            "dev_nll": 2.0560262203216553,
            "dev_kl": 0.04535389012187249,
            "dev_objective": 2.101380110443528
          },
          {
            "epoch": 73,
            "train_objective": 2.1425154209136963,
            "dev_nll": 2.0541977882385254,
            "dev_kl": 0.04579015873657825,
            "dev_objective": 2.0999879469751037
          },
          {
            "epoch": 74,
            "train_objective": 2.1415603160858154,
            "dev_nll": 2.052375555038452,
            "dev_kl": 0.04625135954461052,
            "dev_objective": 2.0986269145830625
          },
          {
            "epoch": 75,
            "train_objective": 2.1406211853027344,
            "dev_nll": 2.050640106201172,
            "dev_kl": 0.046696365080975195,
            "dev_objective": 2.097336471282147
          },
          {
            "epoch": 76,
            "train_objective": 2.139699935913086,
            "dev_nll": 2.049055337905884,
            "dev_kl": 0.047086839379558154,
            "dev_objective": 2.096142177285442
          },
          {
            "epoch": 77,
            "train_objective": 2.1387901306152344,
            "dev_nll": 2.0476558208465576,
            "dev_kl": 0.047397110091002136,
            "dev_objective": 2.09505293093756
          },
          {
            "epoch": 78,
            "train_objective": 2.137883424758911,
            "dev_nll": 2.0464441776275635,
            "dev_kl": 0.04762126148367921,
            "dev_objective": 2.0940654391112425
          },
          {
            "epoch": 79,
            "train_objective": 2.136976480484009,
            "dev_nll": 2.045391321182251,
            "dev_kl": 0.047773772728973415,
            "dev_objective": 2.0931650939112245
          },
          {
            "epoch": 80,
            "train_objective": 2.1360723972320557,
            "dev_nll": 2.044445753097534,
            "dev_kl": 0.0478837321080301,
            "dev_objective": 2.092329485205564
          },
          {
            "epoch": 81,
            "train_objective": 2.1351780891418457,
            "dev_nll": 2.0435407161712646,
            "dev_kl": 0.047985498925570295,
            "dev_objective": 2.091526215096835
          },
          {
            "epoch": 82,
            "train_objective": 2.1342976093292236,
            "dev_nll": 2.0426111221313477,
            "dev_kl": 0.048109607401866095,
            "dev_objective": 2.0907207295332135
          },
          {
            "epoch": 83,
            "train_objective": 2.133429765701294,
            "dev_nll": 2.041606903076172,
            "dev_kl": 0.048276625605098704,
            "dev_objective": 2.0898835286812707
          },
          {
            "epoch": 84,
            "train_objective": 2.1325690746307373,
            "dev_nll": 2.0405049324035645,
            "dev_kl": 0.04849434819760489,
            "dev_objective": 2.0889992806011692
          },
          {
            "epoch": 85,
            "train_objective": 2.1317126750946045,
            "dev_nll": 2.0393104553222656,
            "dev_kl": 0.048757867935860344,
            "dev_objective": 2.088068323258126
          },
          {
            "epoch": 86,
            "train_objective": 2.1308600902557373,
            "dev_nll": 2.038055658340454,
            "dev_kl": 0.04905139522727679,
            "dev_objective": 2.0871070535677307
          },
          {
            "epoch": 87,
            "train_objective": 2.1300156116485596,
            "dev_nll": 2.0367863178253174,
            "dev_kl": 0.049351849060438505,
            "dev_objective": 2.086138166885756
          },
          {
            "epoch": 88,
            "train_objective": 2.129181385040283,
            "dev_nll": 2.0355496406555176,
            "dev_kl": 0.049634289281728035,
            "dev_objective": 2.0851839299372457
          },
          {
            "epoch": 89,
            "train_objective": 2.1283576488494873,
            "dev_nll": 2.0343799591064453,
            "dev_kl": 0.04987828746891102,
            "dev_objective": 2.0842582465753563
          },
          {
            "epoch": 90,
            "train_objective": 2.1275417804718018,
            "dev_nll": 2.0332956314086914,
            "dev_kl": 0.05007338189511552,
            "dev_objective": 2.0833690133038067
          },
          {
            "epoch": 91,
            "train_objective": 2.1267313957214355,
            "dev_nll": 2.032292366027832,
            "dev_kl": 0.0502218077806672,
            "dev_objective": 2.0825141738084993
          },
          {
            "epoch": 92,
            "train_objective": 2.1259260177612305,
            "dev_nll": 2.0313479900360107,
            "dev_kl": 0.05033731243052931,
            "dev_objective": 2.08168530246654
          },
          {
            "epoch": 93,
            "train_objective": 2.1251273155212402,
            "dev_nll": 2.0304276943206787,
            "dev_kl": 0.050440515727140346,
            "dev_objective": 2.080868210047819
          },
          {
            "epoch": 94,
            "train_objective": 2.124337673187256,
            "dev_nll": 2.029494047164917,
            "dev_kl": 0.05055314952272687,
            "dev_objective": 2.080047196687644
          },
          {
            "epoch": 95,
            "train_objective": 2.1235568523406982,
            "dev_nll": 2.028515338897705,
            "dev_kl": 0.05069265640886114,
            "dev_objective": 2.0792079953065663
          },
          {
            "epoch": 96,
            "train_objective": 2.122784376144409,
            "dev_nll": 2.027475118637085,
            "dev_kl": 0.050868596063574426,
            "dev_objective": 2.0783437147006594
          },
          {
            "epoch": 97,
            "train_objective": 2.122018337249756,
            "dev_nll": 2.026376724243164,
            "dev_kl": 0.051081338662419234,
            "dev_objective": 2.0774580629055834
          },
          {
            "epoch": 98,
            "train_objective": 2.121258497238159,
            "dev_nll": 2.025238513946533,
            "dev_kl": 0.051322799201148586,
            "dev_objective": 2.076561313147682
          },
          {
            "epoch": 99,
            "train_objective": 2.1205062866210938,
            "dev_nll": 2.0240910053253174,
            "dev_kl": 0.051578892222899304,
            "dev_objective": 2.0756698975482166
          },
          {
            "epoch": 100,
            "train_objective": 2.1197619438171387,
            "dev_nll": 2.022966146469116,
            "dev_kl": 0.05183335175309833,
            "dev_objective": 2.0747994982222147
          },
          {
            "epoch": 101,
            "train_objective": 2.1190266609191895,
            "dev_nll": 2.0218894481658936,
            "dev_kl": 0.05207228364406137,
            "dev_objective": 2.073961731809955
          },
          {
            "epoch": 102,
            "train_objective": 2.1182987689971924,
            "dev_nll": 2.020874500274658,
            "dev_kl": 0.05228786968399544,
            "dev_objective": 2.0731623699586534
          },
          {
            "epoch": 103,
            "train_objective": 2.1175780296325684,
            "dev_nll": 2.019920587539673,
            "dev_kl": 0.0524803434439876,
            "dev_objective": 2.0724009309836604
          },
          {
            "epoch": 104,
            "train_objective": 2.1168644428253174,
            "dev_nll": 2.019012689590454,
            "dev_kl": 0.05265727876643608,
            "dev_objective": 2.07166996835689
          },
          {
            "epoch": 105,
            "train_objective": 2.1161577701568604,
            "dev_nll": 2.0181281566619873,
            "dev_kl": 0.05283076332898827,
            "dev_objective": 2.0709589199909755
          },
          {
            "epoch": 106,
            "train_objective": 2.115459442138672,
            "dev_nll": 2.017242908477783,
            "dev_kl": 0.053013533462879354,
            "dev_objective": 2.0702564419406624
          },
          {
            "epoch": 107,
            "train_objective": 2.114769220352173,
            "dev_nll": 2.0163369178771973,
            "dev_kl": 0.053215201149132474,
            "dev_objective": 2.06955211902633
          },
          {
            "epoch": 108,
            "train_objective": 2.114086866378784,
            "dev_nll": 2.01539945602417,
            "dev_kl": 0.05343987979833876,
            "dev_objective": 2.0688393358225086
          },
          {
            "epoch": 109,
            "train_objective": 2.1134114265441895,
            "dev_nll": 2.0144340991973877,
            "dev_kl": 0.05368544128178074,
            "dev_objective": 2.0681195404791684
          },
          {
            "epoch": 110,
            "train_objective": 2.1127431392669678,
            "dev_nll": 2.0134527683258057,
            "dev_kl": 0.053944262776624514,
            "dev_objective": 2.06739703110243
          },
          {
            "epoch": 111,
            "train_objective": 2.1120827198028564,
            "dev_nll": 2.0124738216400146,
            "dev_kl": 0.054205734907808875,
            "dev_objective": 2.0666795565478235
          },
          {
            "epoch": 112,
            "train_objective": 2.1114299297332764,
            "dev_nll": 2.0115156173706055,
            "dev_kl": 0.05445910359497878,
            "dev_objective": 2.0659747209655843
          },
          {
            "epoch": 113,
            "train_objective": 2.1107852458953857,
            "dev_nll": 2.010589361190796,
            "dev_kl": 0.05469668536606404,
            "dev_objective": 2.06528604655686
          },
          {
            "epoch": 114,
            "train_objective": 2.1101479530334473,
            "dev_nll": 2.009699583053589,
            "dev_kl": 0.054915744601539127,
            "dev_objective": 2.064615327655128
          },
          {
            "epoch": 115,
            "train_objective": 2.109517812728882,
            "dev_nll": 2.0088400840759277,
            "dev_kl": 0.05511902653201072,
            "dev_objective": 2.0639591106079385
          },
          {
            "epoch": 116,
            "train_objective": 2.1088950634002686,
            "dev_nll": 2.007997989654541,
            "dev_kl": 0.05531349623793954,
            "dev_objective": 2.0633114858924806
          },
          {
            "epoch": 117,
            "train_objective": 2.1082799434661865,
            "dev_nll": 2.007157802581787,
            "dev_kl": 0.055507801175285296,
            "dev_objective": 2.0626656037570723
          },
          {
            "epoch": 118,
            "train_objective": 2.1076724529266357,
            "dev_nll": 2.006304979324341,
            "dev_kl": 0.05570963014814969,
            "dev_objective": 2.0620146094724907
          },
          {
            "epoch": 119,
            "train_objective": 2.107072353363037,
            "dev_nll": 2.005431652069092,
            "dev_kl": 0.05592351801156461,
            "dev_objective": 2.0613551700806565
          },
          {
            "epoch": 120,
            "train_objective": 2.1064798831939697,
            "dev_nll": 2.004537582397461,
            "dev_kl": 0.05614980394943609,
            "dev_objective": 2.060687386346897
          },
          {
            "epoch": 121,
            "train_objective": 2.105894088745117,
            "dev_nll": 2.003629446029663,
            "dev_kl": 0.05638496464680511,
            "dev_objective": 2.060014410676468
          },
          {
            "epoch": 122,
            "train_objective": 2.105315923690796,
            "dev_nll": 2.0027194023132324,
            "dev_kl": 0.05662284074518997,
            "dev_objective": 2.0593422430584223
          },
          {
            "epoch": 123,
            "train_objective": 2.1047449111938477,
            "dev_nll": 2.0018198490142822,
            "dev_kl": 0.05685689955370853,
            "dev_objective": 2.058676748567991
          },
          {
            "epoch": 124,
            "train_objective": 2.1041815280914307,
            "dev_nll": 2.0009400844573975,
            "dev_kl": 0.05708229009833959,
            "dev_objective": 2.058022374555737
          },
          {
            "epoch": 125,
            "train_objective": 2.1036248207092285,
            "dev_nll": 2.0000829696655273,
            "dev_kl": 0.057297305871002575,
            "dev_objective": 2.05738027553653
          },
          {
            "epoch": 126,
            "train_objective": 2.1030757427215576,
            "dev_nll": 1.9992467164993286,
            "dev_kl": 0.05750391666089428,
            "dev_objective": 2.056750633160223
          },
          {
            "epoch": 127,
            "train_objective": 2.1025335788726807,
            "dev_nll": 1.9984221458435059,
            "dev_kl": 0.05770680862520863,
            "dev_objective": 2.0561289544687145
          },
          {
            "epoch": 128,
            "train_objective": 2.1019983291625977,
            "dev_nll": 1.9976001977920532,
            "dev_kl": 0.057911837502877726,
            "dev_objective": 2.0555120352949308
          },
          {
            "epoch": 129,
            "train_objective": 2.1014702320098877,
            "dev_nll": 1.996772050857544,
            "dev_kl": 0.05812405452534959,
            "dev_objective": 2.0548961053828934
          },
          {
            "epoch": 130,
            "train_objective": 2.100949287414551,
            "dev_nll": 1.9959328174591064,
            "dev_kl": 0.05834617294152981,
            "dev_objective": 2.054278990400636
          },
          {
            "epoch": 131,
            "train_objective": 2.1004350185394287,
            "dev_nll": 1.9950833320617676,
            "dev_kl": 0.0585780157749583,
            "dev_objective": 2.053661347836726
          },
          {
            "epoch": 132,
            "train_objective": 2.0999276638031006,
            "dev_nll": 1.9942294359207153,
            "dev_kl": 0.05881670883202271,
            "dev_objective": 2.053046144752738
          },
          {
            "epoch": 133,
            "train_objective": 2.0994269847869873,
            "dev_nll": 1.9933785200119019,
            "dev_kl": 0.059057789531679034,
            "dev_objective": 2.0524363095435807
          },
          {
            "epoch": 134,
            "train_objective": 2.098933219909668,
            "dev_nll": 1.9925390481948853,
            "dev_kl": 0.05929686554061534,
            "dev_objective": 2.0518359137355007
          },
          {
            "epoch": 135,
            "train_objective": 2.0984463691711426,
            "dev_nll": 1.991715908050537,
            "dev_kl": 0.059531073421575466,
            "dev_objective": 2.0512469814721124
          },
          {
            "epoch": 136,
            "train_objective": 2.097965717315674,
            "dev_nll": 1.990909218788147,
            "dev_kl": 0.059759874377181534,
            "dev_objective": 2.0506690931653284
          },
          {
            "epoch": 137,
            "train_objective": 2.097491979598999,
            "dev_nll": 1.9901165962219238,
            "dev_kl": 0.05998502951534884,
            "dev_objective": 2.050101625737273
          },
          {
            "epoch": 138,
            "train_objective": 2.09702467918396,
            "dev_nll": 1.9893313646316528,
            "dev_kl": 0.06020993483882096,
            "dev_objective": 2.049541299470474
          },
          {
            "epoch": 139,
            "train_objective": 2.0965638160705566,
            "dev_nll": 1.9885470867156982,
            "dev_kl": 0.06043807421349459,
            "dev_objective": 2.0489851609291927
          },
          {
            "epoch": 140,
            "train_objective": 2.096109390258789,
            "dev_nll": 1.987758994102478,
            "dev_kl": 0.06067194560593044,
            "dev_objective": 2.0484309397084086
          },
          {
            "epoch": 141,
            "train_objective": 2.095661163330078,
            "dev_nll": 1.9869656562805176,
            "dev_kl": 0.060912092658900865,
            "dev_objective": 2.0478777489394187
          },
          {
            "epoch": 142,
            "train_objective": 2.095219612121582,
            "dev_nll": 1.9861700534820557,
            "dev_kl": 0.061157067551755824,
            "dev_objective": 2.0473271210338115
          },
          {
            "epoch": 143,
            "train_objective": 2.0947840213775635,
            "dev_nll": 1.9853761196136475,
            "dev_kl": 0.06140400519644892,
            "dev_objective": 2.0467801248100965
          },
          {
            "epoch": 144,
            "train_objective": 2.0943546295166016,
            "dev_nll": 1.9845902919769287,
            "dev_kl": 0.06164963249545041,
            "dev_objective": 2.046239924472379
          },
          {
            "epoch": 145,
            "train_objective": 2.0939314365386963,
            "dev_nll": 1.9838160276412964,
            "dev_kl": 0.061891534659373866,
            "dev_objective": 2.04570756230067
          },
          {
            "epoch": 146,
            "train_objective": 2.0935144424438477,
            "dev_nll": 1.9830553531646729,
            "dev_kl": 0.06212875213440474,
            "dev_objective": 2.045184105299078
          },
          {
            "epoch": 147,
            "train_objective": 2.0931034088134766,
            "dev_nll": 1.982305884361267,
            "dev_kl": 0.06236217957124248,
            "dev_objective": 2.0446680639325097
          },
          {
            "epoch": 148,
            "train_objective": 2.092698335647583,
            "dev_nll": 1.9815648794174194,
            "dev_kl": 0.06259391013205655,
            "dev_objective": 2.044158789549476
          },
          {
            "epoch": 149,
            "train_objective": 2.092298984527588,
            "dev_nll": 1.9808272123336792,
            "dev_kl": 0.06282644685534006,
            "dev_objective": 2.0436536591890193
          },
          {
            "epoch": 150,
            "train_objective": 2.0919055938720703,
            "dev_nll": 1.9800904989242554,
            "dev_kl": 0.0630616650975368,
            "dev_objective": 2.0431521640217922
          },
          {
            "epoch": 151,
            "train_objective": 2.0915181636810303,
            "dev_nll": 1.9793529510498047,
            "dev_kl": 0.06330014412031248,
            "dev_objective": 2.042653095170117
          },
          {
            "epoch": 152,
            "train_objective": 2.0911359786987305,
            "dev_nll": 1.9786170721054077,
            "dev_kl": 0.06354108332605982,
            "dev_objective": 2.0421581554314674
          },
          {
            "epoch": 153,
            "train_objective": 2.090759754180908,
            "dev_nll": 1.9778857231140137,
            "dev_kl": 0.06378264408684461,
            "dev_objective": 2.041668367200858
          },
          {
            "epoch": 154,
            "train_objective": 2.090388774871826,
            "dev_nll": 1.977163553237915,
            "dev_kl": 0.06402271935875686,
            "dev_objective": 2.041186272596672
          },
          {
            "epoch": 155,
            "train_objective": 2.0900237560272217,
            "dev_nll": 1.9764530658721924,
            "dev_kl": 0.06425978314039205,
            "dev_objective": 2.0407128490125843
          },
          {
            "epoch": 156,
            "train_objective": 2.0896639823913574,
            "dev_nll": 1.975754976272583,
            "dev_kl": 0.06449348229268852,
            "dev_objective": 2.0402484585652716
          },
          {
            "epoch": 157,
            "train_objective": 2.0893096923828125,
            "dev_nll": 1.975068211555481,
            "dev_kl": 0.06472466050999591,
            "dev_objective": 2.039792872065477
          },
          {
            "epoch": 158,
            "train_objective": 2.0889604091644287,
            "dev_nll": 1.9743900299072266,
            "dev_kl": 0.0649549443492884,
            "dev_objective": 2.039344974256515
          },
          {
            "epoch": 159,
            "train_objective": 2.0886166095733643,
            "dev_nll": 1.9737169742584229,
            "dev_kl": 0.06518609480940746,
            "dev_objective": 2.0389030690678305
          },
          {
            "epoch": 160,
            "train_objective": 2.08827805519104,
            "dev_nll": 1.9730473756790161,
            "dev_kl": 0.06541919283493347,
            "dev_objective": 2.0384665685139494
          },
          {
            "epoch": 161,
            "train_objective": 2.087944507598877,
            "dev_nll": 1.9723806381225586,
            "dev_kl": 0.06565438338496664,
            "dev_objective": 2.0380350215075254
          },
          {
            "epoch": 162,
            "train_objective": 2.087615966796875,
            "dev_nll": 1.971718668937683,
            "dev_kl": 0.0658907368967964,
            "dev_objective": 2.0376094058344796
          },
          {
            "epoch": 163,
            "train_objective": 2.0872926712036133,
            "dev_nll": 1.9710638523101807,
            "dev_kl": 0.06612685363244701,
            "dev_objective": 2.0371907059426277
          },
          {
            "epoch": 164,
            "train_objective": 2.0869741439819336,
            "dev_nll": 1.9704179763793945,
            "dev_kl": 0.06636125578645717,
            "dev_objective": 2.0367792321658515
          },
          {
            "epoch": 165,
            "train_objective": 2.086660385131836,
            "dev_nll": 1.969782829284668,
            "dev_kl": 0.06659324484172503,
            "dev_objective": 2.036376074126393
          },
          {
            "epoch": 166,
            "train_objective": 2.0863516330718994,
            "dev_nll": 1.9691574573516846,
            "dev_kl": 0.06682287628955401,
            "dev_objective": 2.0359803336412385
          },
          {
            "epoch": 167,
            "train_objective": 2.086047649383545,
            "dev_nll": 1.968540072441101,
            "dev_kl": 0.06705106111444734,
            "dev_objective": 2.0355911335555485
          },
          {
            "epoch": 168,
            "train_objective": 2.0857481956481934,
            "dev_nll": 1.9679286479949951,
            "dev_kl": 0.06727903506819259,
            "dev_objective": 2.0352076830631876
          },
          {
            "epoch": 169,
            "train_objective": 2.0854532718658447,
            "dev_nll": 1.9673212766647339,
            "dev_kl": 0.06750772072858102,
            "dev_objective": 2.0348289973933147
          },
          {
            "epoch": 170,
            "train_objective": 2.085162878036499,
            "dev_nll": 1.9667173624038696,
            "dev_kl": 0.0677374153217586,
            "dev_objective": 2.034454777725628
          },
          {
            "epoch": 171,
            "train_objective": 2.0848770141601562,
            "dev_nll": 1.9661171436309814,
            "dev_kl": 0.06796770289263411,
            "dev_objective": 2.0340848465236157
          },
          {
            "epoch": 172,
            "train_objective": 2.0845956802368164,
            "dev_nll": 1.9655228853225708,
            "dev_kl": 0.06819758010264654,
            "dev_objective": 2.0337204654252172
          },
          {
            "epoch": 173,
            "train_objective": 2.0843186378479004,
            "dev_nll": 1.9649360179901123,
            "dev_kl": 0.06842603023910711,
            "dev_objective": 2.0333620482292196
          },
          {
            "epoch": 174,
            "train_objective": 2.084045886993408,
            "dev_nll": 1.9643574953079224,
            "dev_kl": 0.06865240811152165,
            "dev_objective": 2.033009903419444
          },
          {
            "epoch": 175,
            "train_objective": 2.083777666091919,
            "dev_nll": 1.9637876749038696,
            "dev_kl": 0.06887665648340575,
            "dev_objective": 2.0326643313872754
          },
          {
            "epoch": 176,
            "train_objective": 2.083513021469116,
            "dev_nll": 1.9632259607315063,
            "dev_kl": 0.0690994067264402,
            "dev_objective": 2.0323253674579465
          },
          {
            "epoch": 177,
            "train_objective": 2.0832526683807373,
            "dev_nll": 1.9626702070236206,
            "dev_kl": 0.0693214620832723,
            "dev_objective": 2.031991669106893
          },
          {
            "epoch": 178,
            "train_objective": 2.082996368408203,
            "dev_nll": 1.9621193408966064,
            "dev_kl": 0.06954351603473025,
            "dev_objective": 2.031662856931337
          },
          {
            "epoch": 179,
            "train_objective": 2.0827438831329346,
            "dev_nll": 1.9615727663040161,
            "dev_kl": 0.06976579157803375,
            "dev_objective": 2.0313385578820498
          },
          {
            "epoch": 180,
            "train_objective": 2.0824954509735107,
            "dev_nll": 1.961031198501587,
            "dev_kl": 0.06998798074326604,
            "dev_objective": 2.031019179244853
          },
          {
            "epoch": 181,
            "train_objective": 2.0822508335113525,
            "dev_nll": 1.9604957103729248,
            "dev_kl": 0.07020935212337487,
            "dev_objective": 2.0307050624963
          },
          {
            "epoch": 182,
            "train_objective": 2.08201003074646,
            "dev_nll": 1.9599679708480835,
            "dev_kl": 0.07042919687700232,
            "dev_objective": 2.0303971677250856
          },
          {
            "epoch": 183,
            "train_objective": 2.081772565841675,
            "dev_nll": 1.9594480991363525,
            "dev_kl": 0.07064705504616303,
            "dev_objective": 2.0300951541825154
          },
          {
            "epoch": 184,
            "train_objective": 2.0815389156341553,
            "dev_nll": 1.9589359760284424,
            "dev_kl": 0.07086296885081374,
            "dev_objective": 2.029798944879256
          },
          {
            "epoch": 185,
            "train_objective": 2.0813088417053223,
            "dev_nll": 1.9584308862686157,
            "dev_kl": 0.07107734885528214,
            "dev_objective": 2.029508235123898
          },
          {
            "epoch": 186,
            "train_objective": 2.081082344055176,
            "dev_nll": 1.9579315185546875,
            "dev_kl": 0.07129080192529941,
            "dev_objective": 2.029222320479987
          },
          {
            "epoch": 187,
            "train_objective": 2.0808591842651367,
            "dev_nll": 1.9574370384216309,
            "dev_kl": 0.07150371742292165,
            "dev_objective": 2.0289407558445527
          },
          {
            "epoch": 188,
            "train_objective": 2.0806398391723633,
            "dev_nll": 1.9569472074508667,
            "dev_kl": 0.07171616744174547,
            "dev_objective": 2.028663374892612
          },
          {
            "epoch": 189,
            "train_objective": 2.080423593521118,
            "dev_nll": 1.9564627408981323,
            "dev_kl": 0.07192780495084285,
            "dev_objective": 2.0283905458489753
          },
          {
            "epoch": 190,
            "train_objective": 2.0802102088928223,
            "dev_nll": 1.9559838771820068,
            "dev_kl": 0.07213812392951736,
            "dev_objective": 2.0281220011115244
          },
          {
            "epoch": 191,
            "train_objective": 2.080000400543213,
            "dev_nll": 1.9555116891860962,
            "dev_kl": 0.07234664216033511,
            "dev_objective": 2.0278583313464313
          },
          {
            "epoch": 192,
            "train_objective": 2.0797934532165527,
            "dev_nll": 1.9550466537475586,
            "dev_kl": 0.07255319985015704,
            "dev_objective": 2.0275998535977156
          },
          {
            "epoch": 193,
            "train_objective": 2.079590320587158,
            "dev_nll": 1.9545879364013672,
            "dev_kl": 0.07275797848312839,
            "dev_objective": 2.0273459148844957
          },
          {
            "epoch": 194,
            "train_objective": 2.0793895721435547,
            "dev_nll": 1.9541348218917847,
            "dev_kl": 0.07296139581615592,
            "dev_objective": 2.027096217707941
          },
          {
            "epoch": 195,
            "train_objective": 2.0791921615600586,
            "dev_nll": 1.9536867141723633,
            "dev_kl": 0.07316388474643096,
            "dev_objective": 2.026850598918794
          },
          {
            "epoch": 196,
            "train_objective": 2.0789971351623535,
            "dev_nll": 1.9532432556152344,
            "dev_kl": 0.07336559776963482,
            "dev_objective": 2.0266088533848694
          },
          {
            "epoch": 197,
            "train_objective": 2.078805446624756,
            "dev_nll": 1.9528042078018188,
            "dev_kl": 0.07356645364884858,
            "dev_objective": 2.0263706614506676
          },
          {
            "epoch": 198,
            "train_objective": 2.0786166191101074,
            "dev_nll": 1.952370285987854,
            "dev_kl": 0.07376613410667994,
            "dev_objective": 2.026136420094534
          },
          {
            "epoch": 199,
            "train_objective": 2.078430652618408,
            "dev_nll": 1.9519425630569458,
            "dev_kl": 0.07396428928047687,
            "dev_objective": 2.025906852337423
          },
          {
            "epoch": 200,
            "train_objective": 2.0782470703125,
            "dev_nll": 1.9515206813812256,
            "dev_kl": 0.07416069456418087,
            "dev_objective": 2.0256813759454064
          },
          {
            "epoch": 201,
            "train_objective": 2.078066349029541,
            "dev_nll": 1.951104760169983,
            "dev_kl": 0.07435546220733306,
            "dev_objective": 2.025460222377316
          },
          {
            "epoch": 202,
            "train_objective": 2.0778884887695312,
            "dev_nll": 1.9506944417953491,
            "dev_kl": 0.07454880021369874,
            "dev_objective": 2.025243242009048
          },
          {
            "epoch": 203,
            "train_objective": 2.0777125358581543,
            "dev_nll": 1.9502888917922974,
            "dev_kl": 0.0747410536131209,
            "dev_objective": 2.0250299454054184
          },
          {
            "epoch": 204,
            "train_objective": 2.0775396823883057,
            "dev_nll": 1.949887752532959,
            "dev_kl": 0.07493239042751894,
            "dev_objective": 2.0248201429604777
          },
          {
            "epoch": 205,
            "train_objective": 2.077369213104248,
            "dev_nll": 1.949491024017334,
            "dev_kl": 0.07512279611441668,
            "dev_objective": 2.0246138201317505
          },
          {
            "epoch": 206,
            "train_objective": 2.0772011280059814,
            "dev_nll": 1.949098825454712,
            "dev_kl": 0.07531205097188216,
            "dev_objective": 2.024410876426594
          },
          {
            "epoch": 207,
            "train_objective": 2.077035427093506,
            "dev_nll": 1.9487117528915405,
            "dev_kl": 0.07549990294710943,
            "dev_objective": 2.02421165583865
          },
          {
            "epoch": 208,
            "train_objective": 2.0768721103668213,
            "dev_nll": 1.948330283164978,
            "dev_kl": 0.07568617187532689,
            "dev_objective": 2.024016455040305
          },
          {
            "epoch": 209,
            "train_objective": 2.0767111778259277,
            "dev_nll": 1.9479538202285767,
            "dev_kl": 0.0758708570664329,
            "dev_objective": 2.0238246772950097
          },
          {
            "epoch": 210,
            "train_objective": 2.076552629470825,
            "dev_nll": 1.9475823640823364,
            "dev_kl": 0.07605416864064429,
            "dev_objective": 2.0236365327229806
          },
          {
            "epoch": 211,
            "train_objective": 2.0763959884643555,
            "dev_nll": 1.9472150802612305,
            "dev_kl": 0.07623628618799753,
            "dev_objective": 2.023451366449228
          },
          {
            "epoch": 212,
            "train_objective": 2.0762414932250977,
            "dev_nll": 1.9468519687652588,
            "dev_kl": 0.07641740873254635,
            "dev_objective": 2.023269377497805
          },
          {
            "epoch": 213,
            "train_objective": 2.07608962059021,
            "dev_nll": 1.9464929103851318,
            "dev_kl": 0.07659749363062417,
            "dev_objective": 2.023090404015756
          },
          {
            "epoch": 214,
            "train_objective": 2.075939655303955,
            "dev_nll": 1.9461380243301392,
            "dev_kl": 0.07677639016319436,
            "dev_objective": 2.0229144144933335
          },
          {
            "epoch": 215,
            "train_objective": 2.075791597366333,
            "dev_nll": 1.9457879066467285,
            "dev_kl": 0.07695392930779506,
            "dev_objective": 2.0227418359545237
          },
          {
            "epoch": 216,
            "train_objective": 2.075645685195923,
            "dev_nll": 1.9454424381256104,
            "dev_kl": 0.07712998275376588,
            "dev_objective": 2.022572420879376
          },
          {
            "epoch": 217,
            "train_objective": 2.0755019187927246,
            "dev_nll": 1.945101261138916,
            "dev_kl": 0.07730457748219303,
            "dev_objective": 2.022405838621109
          },
          {
            "epoch": 218,
            "train_objective": 2.07535982131958,
            "dev_nll": 1.9447643756866455,
            "dev_kl": 0.07747787837283099,
            "dev_objective": 2.0222422540594764
          },
          {
            "epoch": 219,
            "train_objective": 2.0752198696136475,
            "dev_nll": 1.9444316625595093,
            "dev_kl": 0.07765007477572507,
            "dev_objective": 2.022081737335234
          },
          {
            "epoch": 220,
            "train_objective": 2.0750818252563477,
            "dev_nll": 1.9441026449203491,
            "dev_kl": 0.0778212127535864,
            "dev_objective": 2.0219238576739356
          },
          {
            "epoch": 221,
            "train_objective": 2.0749456882476807,
            "dev_nll": 1.943777322769165,
            "dev_kl": 0.07799129305734627,
            "dev_objective": 2.0217686158265114
          },
          {
            "epoch": 222,
            "train_objective": 2.0748109817504883,
            "dev_nll": 1.9434555768966675,
            "dev_kl": 0.07816017716955226,
            "dev_objective": 2.02161575406622
          },
          {
            "epoch": 223,
            "train_objective": 2.074678659439087,
            "dev_nll": 1.9431384801864624,
            "dev_kl": 0.07832779680999617,
            "dev_objective": 2.0214662769964584
          },
          {
            "epoch": 224,
            "train_objective": 2.07454776763916,
            "dev_nll": 1.9428250789642334,
            "dev_kl": 0.07849405706348317,
            "dev_objective": 2.0213191360277167
          },
          {
            "epoch": 225,
            "train_objective": 2.074418544769287,
            "dev_nll": 1.9425157308578491,
            "dev_kl": 0.07865902803301274,
            "dev_objective": 2.021174758890862
          },
          {
            "epoch": 226,
            "train_objective": 2.074291229248047,
            "dev_nll": 1.9422101974487305,
            "dev_kl": 0.07882283446546812,
            "dev_objective": 2.0210330319141985
          },
          {
            "epoch": 227,
            "train_objective": 2.0741655826568604,
            "dev_nll": 1.9419080018997192,
            "dev_kl": 0.07898561097471765,
            "dev_objective": 2.020893612874437
          },
          {
            "epoch": 228,
            "train_objective": 2.0740416049957275,
            "dev_nll": 1.9416091442108154,
            "dev_kl": 0.07914739174071934,
            "dev_objective": 2.0207565359515347
          },
          {
            "epoch": 229,
            "train_objective": 2.0739190578460693,
            "dev_nll": 1.9413138628005981,
            "dev_kl": 0.07930810725828213,
            "dev_objective": 2.02062197005888
          },
          {
            "epoch": 230,
            "train_objective": 2.073798179626465,
            "dev_nll": 1.9410219192504883,
            "dev_kl": 0.07946769364580915,
            "dev_objective": 2.0204896128962972
          },
          {
            "epoch": 231,
            "train_objective": 2.073678970336914,
            "dev_nll": 1.9407333135604858,
            "dev_kl": 0.07962609051835833,
            "dev_objective": 2.020359404078844
          },
          {
            "epoch": 232,
            "train_objective": 2.073561191558838,
            "dev_nll": 1.9404484033584595,
            "dev_kl": 0.07978327852791292,
            "dev_objective": 2.0202316818863726
          },
          {
            "epoch": 233,
            "train_objective": 2.0734453201293945,
            "dev_nll": 1.94016695022583,
            "dev_kl": 0.07993934185428729,
            "dev_objective": 2.020106292080117
          },
          {
            "epoch": 234,
            "train_objective": 2.0733306407928467,
            "dev_nll": 1.939888596534729,
            "dev_kl": 0.08009441342070564,
            "dev_objective": 2.0199830099554346
          },
          {
            "epoch": 235,
            "train_objective": 2.0732173919677734,
            "dev_nll": 1.9396131038665771,
            "dev_kl": 0.08024854760046478,
            "dev_objective": 2.0198616514670418
          },
          {
            "epoch": 236,
            "train_objective": 2.073105812072754,
            "dev_nll": 1.9393407106399536,
            "dev_kl": 0.0804016871843487,
            "dev_objective": 2.0197423978243023
          },
          {
            "epoch": 237,
            "train_objective": 2.07299542427063,
            "dev_nll": 1.9390712976455688,
            "dev_kl": 0.08055381887374227,
            "dev_objective": 2.019625116519311
          },
          {
            "epoch": 238,
            "train_objective": 2.0728867053985596,
            "dev_nll": 1.9388048648834229,
            "dev_kl": 0.0807048725908169,
            "dev_objective": 2.0195097374742397
          },
          {
            "epoch": 239,
            "train_objective": 2.072779417037964,
            "dev_nll": 1.9385414123535156,
            "dev_kl": 0.08085486566782132,
            "dev_objective": 2.019396278021337
          },
          {
            "epoch": 240,
            "train_objective": 2.0726730823516846,
            "dev_nll": 1.9382814168930054,
            "dev_kl": 0.08100378604580623,
            "dev_objective": 2.0192852029388115
          },
          {
            "epoch": 241,
            "train_objective": 2.072568655014038,
            "dev_nll": 1.9380240440368652,
            "dev_kl": 0.08115178012909989,
            "dev_objective": 2.019175824165965
          },
          {
            "epoch": 242,
            "train_objective": 2.072465181350708,
            "dev_nll": 1.9377691745758057,
            "dev_kl": 0.08129888230532005,
            "dev_objective": 2.019068056881126
          },
          {
            "epoch": 243,
            "train_objective": 2.0723628997802734,
            "dev_nll": 1.9375171661376953,
            "dev_kl": 0.08144508534832648,
            "dev_objective": 2.018962251486022
          },
          {
            "epoch": 244,
            "train_objective": 2.0722622871398926,
            "dev_nll": 1.9372676610946655,
            "dev_kl": 0.08159037258031333,
            "dev_objective": 2.018858033674979
          },
          {
            "epoch": 245,
            "train_objective": 2.0721628665924072,
            "dev_nll": 1.937021017074585,
            "dev_kl": 0.08173469456567152,
            "dev_objective": 2.0187557116402566
          },
          {
            "epoch": 246,
            "train_objective": 2.0720646381378174,
            "dev_nll": 1.936777114868164,
            "dev_kl": 0.08187800583740075,
            "dev_objective": 2.018655120705565
          },
          {
            "epoch": 247,
            "train_objective": 2.071967601776123,
            "dev_nll": 1.9365358352661133,
            "dev_kl": 0.08202037273335631,
            "dev_objective": 2.0185562079994694
          },
          {
            "epoch": 248,
            "train_objective": 2.0718719959259033,
            "dev_nll": 1.936297059059143,
            "dev_kl": 0.08216187416424824,
            "dev_objective": 2.0184589332233913
          },
          {
            "epoch": 249,
            "train_objective": 2.071777582168579,
            "dev_nll": 1.9360604286193848,
            "dev_kl": 0.08230251689475063,
            "dev_objective": 2.018362945514135
          },
          {
            "epoch": 250,
            "train_objective": 2.0716841220855713,
            "dev_nll": 1.9358265399932861,
            "dev_kl": 0.08244230600308862,
            "dev_objective": 2.0182688459963747
          },
          {
            "epoch": 251,
            "train_objective": 2.071592330932617,
            "dev_nll": 1.9355946779251099,
            "dev_kl": 0.08258125051721796,
            "dev_objective": 2.0181759284423277
          },
          {
            "epoch": 252,
            "train_objective": 2.0715012550354004,
            "dev_nll": 1.9353654384613037,
            "dev_kl": 0.08271926753684408,
            "dev_objective": 2.018084705998148
          },
          {
            "epoch": 253,
            "train_objective": 2.071411609649658,
            "dev_nll": 1.9351387023925781,
            "dev_kl": 0.08285636958028483,
            "dev_objective": 2.0179950719728628
          },
          {
            "epoch": 254,
            "train_objective": 2.0713226795196533,
            "dev_nll": 1.934913992881775,
            "dev_kl": 0.0829925986094954,
            "dev_objective": 2.01790659149127
          },
          {
            "epoch": 255,
            "train_objective": 2.071235179901123,
            "dev_nll": 1.9346914291381836,
            "dev_kl": 0.08312799222767353,
            "dev_objective": 2.017819421365857
          },
          {
            "epoch": 256,
            "train_objective": 2.0711488723754883,
            "dev_nll": 1.9344713687896729,
            "dev_kl": 0.08326258509092636,
            "dev_objective": 2.017733953880599
          },
          {
            "epoch": 257,
            "train_objective": 2.071063756942749,
            "dev_nll": 1.9342530965805054,
            "dev_kl": 0.0833963600557868,
            "dev_objective": 2.0176494566362924
          },
          {
            "epoch": 258,
            "train_objective": 2.070979595184326,
            "dev_nll": 1.9340369701385498,
            "dev_kl": 0.08352929863424317,
            "dev_objective": 2.017566268772793
          },
          {
            "epoch": 259,
            "train_objective": 2.0708963871002197,
            "dev_nll": 1.9338228702545166,
            "dev_kl": 0.08366134473089096,
            "dev_objective": 2.0174842149854078
          },
          {
            "epoch": 260,
            "train_objective": 2.070814371109009,
            "dev_nll": 1.9336111545562744,
            "dev_kl": 0.0837925454844964,
            "dev_objective": 2.017403700040771
          },
          {
            "epoch": 261,
            "train_objective": 2.0707333087921143,
            "dev_nll": 1.9334009885787964,
            "dev_kl": 0.08392289275018212,
            "dev_objective": 2.0173238813289784
          },
          {
            "epoch": 262,
            "train_objective": 2.070653200149536,
            "dev_nll": 1.933193325996399,
            "dev_kl": 0.08405241914940914,
            "dev_objective": 2.017245745145808
          },
          {
            "epoch": 263,
            "train_objective": 2.0705742835998535,
            "dev_nll": 1.9329873323440552,
            "dev_kl": 0.08418112526949798,
            "dev_objective": 2.017168457613553
          },
          {
            "epoch": 264,
            "train_objective": 2.0704963207244873,
            "dev_nll": 1.9327830076217651,
            "dev_kl": 0.08430902980821761,
            "dev_objective": 2.0170920374299826
          },
          {
            "epoch": 265,
            "train_objective": 2.0704193115234375,
            "dev_nll": 1.9325809478759766,
            "dev_kl": 0.08443608279717532,
            "dev_objective": 2.017017030673152
          },
          {
            "epoch": 266,
            "train_objective": 2.070343255996704,
            "dev_nll": 1.9323804378509521,
            "dev_kl": 0.0845622463164398,
            "dev_objective": 2.016942684167392
          },
          {
            "epoch": 267,
            "train_objective": 2.070268154144287,
            "dev_nll": 1.9321820735931396,
            "dev_kl": 0.08468755776364659,
            "dev_objective": 2.016869631356786
          },
          {
            "epoch": 268,
            "train_objective": 2.0701940059661865,
            "dev_nll": 1.9319853782653809,
            "dev_kl": 0.08481197973067227,
            "dev_objective": 2.016797357996053
          },
          {
            "epoch": 269,
            "train_objective": 2.0701210498809814,
            "dev_nll": 1.9317903518676758,
            "dev_kl": 0.08493559324677598,
            "dev_objective": 2.0167259451144517
          },
          {
            "epoch": 270,
            "train_objective": 2.0700485706329346,
            "dev_nll": 1.931597352027893,
            "dev_kl": 0.08505839021951966,
            "dev_objective": 2.016655742247413
          },
          {
            "epoch": 271,
            "train_objective": 2.069977045059204,
            "dev_nll": 1.931405782699585,
            "dev_kl": 0.0851802785402617,
            "dev_objective": 2.0165860612398467
          },
          {
            "epoch": 272,
            "train_objective": 2.069906711578369,
            "dev_nll": 1.9312162399291992,
            "dev_kl": 0.08530127022390228,
            "dev_objective": 2.0165175101531014
          },
          {
            "epoch": 273,
            "train_objective": 2.0698370933532715,
            "dev_nll": 1.9310282468795776,
            "dev_kl": 0.08542138967780513,
            "dev_objective": 2.016449636557383
          },
          {
            "epoch": 274,
            "train_objective": 2.0697684288024902,
            "dev_nll": 1.9308419227600098,
            "dev_kl": 0.08554061859225233,
            "dev_objective": 2.0163825413522622
          },
          {
            "epoch": 275,
            "train_objective": 2.069700241088867,
            "dev_nll": 1.9306572675704956,
            "dev_kl": 0.08565898920904409,
            "dev_objective": 2.0163162567795396
          },
          {
            "epoch": 276,
            "train_objective": 2.0696330070495605,
            "dev_nll": 1.9304744005203247,
            "dev_kl": 0.0857764854230121,
            "dev_objective": 2.016250885943337
          },
          {
            "epoch": 277,
            "train_objective": 2.0695667266845703,
            "dev_nll": 1.9302928447723389,
            "dev_kl": 0.08589309827751808,
            "dev_objective": 2.016185943049857
          },
          {
            "epoch": 278,
            "train_objective": 2.0695011615753174,
            "dev_nll": 1.9301133155822754,
            "dev_kl": 0.08600875671726425,
            "dev_objective": 2.0161220722995394
          },
          {
            "epoch": 279,
            "train_objective": 2.069436550140381,
            "dev_nll": 1.9299354553222656,
            "dev_kl": 0.08612353093334818,
            "dev_objective": 2.0160589862556137
          },
          {
            "epoch": 280,
            "train_objective": 2.0693724155426025,
            "dev_nll": 1.92975914478302,
            "dev_kl": 0.08623742431335084,
            "dev_objective": 2.015996569096371
          },
          {
            "epoch": 281,
            "train_objective": 2.0693092346191406,
            "dev_nll": 1.9295843839645386,
            "dev_kl": 0.08635041233873716,
            "dev_objective": 2.015934796303276
          },
          {
            "epoch": 282,
            "train_objective": 2.069246530532837,
            "dev_nll": 1.9294109344482422,
            "dev_kl": 0.08646252794979929,
            "dev_objective": 2.0158734623980417
          },
          {
            "epoch": 283,
            "train_objective": 2.0691850185394287,
            "dev_nll": 1.9292395114898682,
            "dev_kl": 0.08657373102834902,
            "dev_objective": 2.015813242518217
          },
          {
            "epoch": 284,
            "train_objective": 2.0691237449645996,
            "dev_nll": 1.9290692806243896,
            "dev_kl": 0.08668402204004762,
            "dev_objective": 2.015753302664437
          },
          {
            "epoch": 285,
            "train_objective": 2.069063425064087,
            "dev_nll": 1.9289005994796753,
            "dev_kl": 0.0867934060274615,
            "dev_objective": 2.015694005507137
          },
          {
            "epoch": 286,
            "train_objective": 2.0690038204193115,
            "dev_nll": 1.928733468055725,
            "dev_kl": 0.08690191039328908,
            "dev_objective": 2.015635378449014
          },
          {
            "epoch": 287,
            "train_objective": 2.0689446926116943,
            "dev_nll": 1.9285681247711182,
            "dev_kl": 0.08700951139090231,
            "dev_objective": 2.0155776361620203
          },
          {
            "epoch": 288,
            "train_objective": 2.0688865184783936,
            "dev_nll": 1.9284039735794067,
            "dev_kl": 0.08711627173354966,
            "dev_objective": 2.0155202453129566
          },
          {
            "epoch": 289,
            "train_objective": 2.068828582763672,
            "dev_nll": 1.9282413721084595,
            "dev_kl": 0.08722214187235311,
            "dev_objective": 2.0154635139808126
          },
          {
            "epoch": 290,
            "train_objective": 2.0687716007232666,
            "dev_nll": 1.9280800819396973,
            "dev_kl": 0.0873271199677408,
            "dev_objective": 2.015407201907438
          },
          {
            "epoch": 291,
            "train_objective": 2.0687150955200195,
            "dev_nll": 1.9279206991195679,
            "dev_kl": 0.08743122683603081,
            "dev_objective": 2.0153519259555988
          },
          {
            "epoch": 292,
            "train_objective": 2.0686590671539307,
            "dev_nll": 1.9277621507644653,
            "dev_kl": 0.08753447409358446,
            "dev_objective": 2.01529662485805
          },
          {
            "epoch": 293,
            "train_objective": 2.068603992462158,
            "dev_nll": 1.9276052713394165,
            "dev_kl": 0.08763687704010187,
            "dev_objective": 2.015242148379518
          },
          {
            "epoch": 294,
            "train_objective": 2.068549394607544,
            "dev_nll": 1.9274498224258423,
            "dev_kl": 0.08773843249985697,
            "dev_objective": 2.0151882549256994
          },
          {
            "epoch": 295,
            "train_objective": 2.068495273590088,
            "dev_nll": 1.9272958040237427,
            "dev_kl": 0.08783912243581637,
            "dev_objective": 2.015134926459559
          },
          {
            "epoch": 296,
            "train_objective": 2.068441867828369,
            "dev_nll": 1.9271432161331177,
            "dev_kl": 0.08793900776151065,
            "dev_objective": 2.015082223894628
          },
          {
            "epoch": 297,
            "train_objective": 2.0683887004852295,
            "dev_nll": 1.9269919395446777,
            "dev_kl": 0.08803805015007923,
            "dev_objective": 2.015029989694757
          },
          {
            "epoch": 298,
            "train_objective": 2.0683364868164062,
            "dev_nll": 1.9268420934677124,
            "dev_kl": 0.08813628112175712,
            "dev_objective": 2.0149783745894694
          },
          {
            "epoch": 299,
            "train_objective": 2.068284511566162,
            "dev_nll": 1.9266932010650635,
            "dev_kl": 0.08823371080153093,
            "dev_objective": 2.0149269118665942
          }
        ]
      },
      {
        "kl_lambda": 3.0,
        "best_dev_nll": 2.039397716522217,
        "best_dev_kl": 0.02662441345258943,
        "best_dev_objective": 2.1192709568799852,
        "epochs_run": 300,
        "history": [
          {
            "epoch": 0,
            "train_objective": 2.7297050952911377,
            "dev_nll": 2.254145383834839,
            "dev_kl": 0.03480787038056365,
            "dev_objective": 2.3585689949765296
          },
          {
            "epoch": 1,
            "train_objective": 2.427452802658081,
            "dev_nll": 2.2727620601654053,
            "dev_kl": 0.0023402623823835507,
            "dev_objective": 2.279782847312556
          },
          {
            "epoch": 2,
            "train_objective": 2.3041176795959473,
            "dev_nll": 2.318869113922119,
            "dev_kl": 0.008639469069453913,
            "dev_objective": 2.3447875211304807
          },
          {
            "epoch": 3,
            "train_objective": 2.3682336807250977,
            "dev_nll": 2.338615894317627,
            "dev_kl": 0.0170880837454083,
            "dev_objective": 2.389880145553852
          },
          {
            "epoch": 4,
            "train_objective": 2.4286751747131348,
            "dev_nll": 2.3276050090789795,
            "dev_kl": 0.015002883326782434,
            "dev_objective": 2.372613659059327
          },
          {
            "epoch": 5,
            "train_objective": 2.4053053855895996,
            "dev_nll": 2.3010618686676025,
            "dev_kl": 0.00807802463086691,
            "dev_objective": 2.3252959425602033
          },
          {
            "epoch": 6,
            "train_objective": 2.3450324535369873,
            "dev_nll": 2.271851062774658,
            "dev_kl": 0.002995431121923281,
            "dev_objective": 2.2808373561404283
          },
          {
            "epoch": 7,
            "train_objective": 2.2978012561798096,
            "dev_nll": 2.2480945587158203,
            "dev_kl": 0.0033074400357813952,
            "dev_objective": 2.2580168788231645
          },
          {
            "epoch": 8,
            "train_objective": 2.2843551635742188,
            "dev_nll": 2.2321012020111084,
            "dev_kl": 0.007993419191103664,
            "dev_objective": 2.2560814595844194
          },
          {
            "epoch": 9,
            "train_objective": 2.2947959899902344,
            "dev_nll": 2.2221920490264893,
            "dev_kl": 0.013610476009161756,
            "dev_objective": 2.2630234770539746
          },
          {
            "epoch": 10,
            "train_objective": 2.311011552810669,
            "dev_nll": 2.2158381938934326,
            "dev_kl": 0.01720558764698269,
            "dev_objective": 2.2674549568343805
          },
          {
            "epoch": 11,
            "train_objective": 2.3200490474700928,
            "dev_nll": 2.2114663124084473,
            "dev_kl": 0.017644183922072385,
            "dev_objective": 2.2643988641746646
          },
          {
            "epoch": 12,
            "train_objective": 2.3171932697296143,
            "dev_nll": 2.2087032794952393,
            "dev_kl": 0.015460104345939718,
            "dev_objective": 2.2550835925330586
          },
          {
            "epoch": 13,
            "train_objective": 2.304412841796875,
            "dev_nll": 2.2078471183776855,
            "dev_kl": 0.012067030192361222,
            "dev_objective": 2.2440482089547693
          },
          {
            "epoch": 14,
            "train_objective": 2.28723406791687,
            "dev_nll": 2.209205150604248,
            "dev_kl": 0.008960557620141757,
            "dev_objective": 2.236086823464673
          },
          {
            "epoch": 15,
            "train_objective": 2.271821975708008,
            "dev_nll": 2.2125823497772217,
            "dev_kl": 0.0071518444026157525,
            "dev_objective": 2.234037882985069
          },
          {
            "epoch": 16,
            "train_objective": 2.262761354446411,
            "dev_nll": 2.2170417308807373,
            "dev_kl": 0.006894900439661584,
            "dev_objective": 2.237726432199722
          },
          {
            "epoch": 17,
            "train_objective": 2.2615222930908203,
            "dev_nll": 2.2210328578948975,
            "dev_kl": 0.00773669373761099,
            "dev_objective": 2.2442429391077305
          },
          {
            "epoch": 18,
            "train_objective": 2.2659029960632324,
            "dev_nll": 2.222907066345215,
            "dev_kl": 0.008869626973587851,
            "dev_objective": 2.2495159472659783
          },
          {
            "epoch": 19,
            "train_objective": 2.2711851596832275,
            "dev_nll": 2.22157621383667,
            "dev_kl": 0.009614106942847086,
            "dev_objective": 2.250418534665211
          },
          {
            "epoch": 20,
            "train_objective": 2.2729437351226807,
            "dev_nll": 2.2169008255004883,
            "dev_kl": 0.009739924971851194,
            "dev_objective": 2.2461206004160417
          },
          {
            "epoch": 21,
            "train_objective": 2.2695469856262207,
            "dev_nll": 2.2096149921417236,
            "dev_kl": 0.009468056079837167,
            "dev_objective": 2.238019160381235
          },
          {
            "epoch": 22,
            "train_objective": 2.262493848800659,
            "dev_nll": 2.200927972793579,
            "dev_kl": 0.009238360209499594,
            "dev_objective": 2.228643053422078
          },
          {
            "epoch": 23,
            "train_objective": 2.254859209060669,
            "dev_nll": 2.192078113555908,
            "dev_kl": 0.009425826149422105,
            "dev_objective": 2.2203555920041746
          },
          {
            "epoch": 24,
            "train_objective": 2.2493138313293457,
            "dev_nll": 2.184006452560425,
            "dev_kl": 0.010151483082350948,
            "dev_objective": 2.2144609018074775
          },
          {
            "epoch": 25,
            "train_objective": 2.2469255924224854,
            "dev_nll": 2.1772301197052,
            "dev_kl": 0.011253308569844644,
            "dev_objective": 2.210990045414734
          },
          {
            "epoch": 26,
            "train_objective": 2.2471065521240234,
            "dev_nll": 2.1718990802764893,
            "dev_kl": 0.012395208470233893,
            "dev_objective": 2.2090847056871907
          },
          {
            "epoch": 27,
            "train_objective": 2.2483367919921875,
            "dev_nll": 2.1679420471191406,
            "dev_kl": 0.013233013870614069,
            "dev_objective": 2.2076410887309827
          },
          {
            "epoch": 28,
            "train_objective": 2.2490532398223877,
            "dev_nll": 2.1652138233184814,
            "dev_kl": 0.013551933279781192,
            "dev_objective": 2.205869623157825
          },
          {
            "epoch": 29,
            "train_objective": 2.2482852935791016,
            "dev_nll": 2.163578510284424,
            "dev_kl": 0.013326270253028351,
            "dev_objective": 2.203557321043509
          },
          {
            "epoch": 30,
            "train_objective": 2.245899200439453,
            "dev_nll": 2.1629199981689453,
            "dev_kl": 0.012696967191725701,
            "dev_objective": 2.2010108997441225
          },
          {
            "epoch": 31,
            "train_objective": 2.242485761642456,
            "dev_nll": 2.163099527359009,
            "dev_kl": 0.011894140942106108,
            "dev_objective": 2.198781950185327
          },
          {
            "epoch": 32,
            "train_objective": 2.2390098571777344,
            "dev_nll": 2.1638970375061035,
            "dev_kl": 0.01114315570537672,
            "dev_objective": 2.1973265046222337
          },
          {
            "epoch": 33,
            "train_objective": 2.2363688945770264,
            "dev_nll": 2.164978265762329,
            "dev_kl": 0.010589974412174375,
            "dev_objective": 2.196748188998852
          },
          {
            "epoch": 34,
            "train_objective": 2.2350006103515625,
            "dev_nll": 2.165916681289673,
            "dev_kl": 0.010271374787506019,
            "dev_objective": 2.196730805652191
          },
          {
            "epoch": 35,
            "train_objective": 2.2347047328948975,
            "dev_nll": 2.166278123855591,
            "dev_kl": 0.010137694620900695,
            "dev_objective": 2.1966912077182927
          },
          {
            "epoch": 36,
            "train_objective": 2.234783172607422,
            "dev_nll": 2.165736675262451,
            "dev_kl": 0.01011080866803306,
            "dev_objective": 2.1960691012665503
          },
          {
            "epoch": 37,
            "train_objective": 2.2344532012939453,
            "dev_nll": 2.1641685962677,
            "dev_kl": 0.01014159703134299,
            "dev_objective": 2.194593387361729
          },
          {
            "epoch": 38,
            "train_objective": 2.233283042907715,
            "dev_nll": 2.161677837371826,
            "dev_kl": 0.010233810053496445,
            "dev_objective": 2.1923792675323157
          },
          {
            "epoch": 39,
            "train_objective": 2.2313826084136963,
            "dev_nll": 2.158546209335327,
            "dev_kl": 0.010425469095017426,
            "dev_objective": 2.1898226166203796
          },
          {
            "epoch": 40,
            "train_objective": 2.2292568683624268,
            "dev_nll": 2.1551365852355957,
            "dev_kl": 0.010746234267014541,
            "dev_objective": 2.1873752880366393
          },
          {
            "epoch": 41,
            "train_objective": 2.227458953857422,
            "dev_nll": 2.1517956256866455,
            "dev_kl": 0.011180720308812352,
            "dev_objective": 2.1853377866130828
          },
          {
            "epoch": 42,
            "train_objective": 2.2262840270996094,
            "dev_nll": 2.1487863063812256,
            "dev_kl": 0.011660311745504874,
            "dev_objective": 2.18376724161774
          },
          {
            "epoch": 43,
            "train_objective": 2.2256624698638916,
            "dev_nll": 2.146268367767334,
            "dev_kl": 0.012086589283179827,
            "dev_objective": 2.1825281356168733
          },
          {
            "epoch": 44,
            "train_objective": 2.225268602371216,
            "dev_nll": 2.144310712814331,
            "dev_kl": 0.012371095763687213,
            "dev_objective": 2.181424000105393
          },
          {
            "epoch": 45,
            "train_objective": 2.2247374057769775,
            "dev_nll": 2.1429126262664795,
            "dev_kl": 0.012469657455562605,
            "dev_objective": 2.180321598633167
          },
          {
            "epoch": 46,
            "train_objective": 2.223853349685669,
            "dev_nll": 2.1420249938964844,
            "dev_kl": 0.012395615376393637,
            "dev_objective": 2.1792118400256655
          },
          {
            "epoch": 47,
            "train_objective": 2.222628593444824,
            "dev_nll": 2.141551971435547,
            "dev_kl": 0.012208701855490438,
            "dev_objective": 2.178178077002018
          },
          {
            "epoch": 48,
            "train_objective": 2.2212576866149902,
            "dev_nll": 2.1413519382476807,
            "dev_kl": 0.011987969652657304,
            "dev_objective": 2.1773158472056524
          },
          {
            "epoch": 49,
            "train_objective": 2.2199883460998535,
            "dev_nll": 2.1412386894226074,
            "dev_kl": 0.011802642297855503,
            "dev_objective": 2.176646616316174
          },
          {
            "epoch": 50,
            "train_objective": 2.2189855575561523,
            "dev_nll": 2.141000986099243,
            "dev_kl": 0.011693617202098237,
            "dev_objective": 2.1760818377055378
          },
          {
            "epoch": 51,
            "train_objective": 2.2182507514953613,
            "dev_nll": 2.140439510345459,
            "dev_kl": 0.011671880198231488,
            "dev_objective": 2.1754551509401536
          },
          {
            "epoch": 52,
            "train_objective": 2.217641592025757,
            "dev_nll": 2.1394095420837402,
            "dev_kl": 0.011729966371890728,
            "dev_objective": 2.1745994411994123
          },
          {
            "epoch": 53,
            "train_objective": 2.2169721126556396,
            "dev_nll": 2.1378564834594727,
            "dev_kl": 0.011856984263202091,
            "dev_objective": 2.173427436249079
          },
          {
            "epoch": 54,
            "train_objective": 2.2161266803741455,
            "dev_nll": 2.135826826095581,
            "dev_kl": 0.012046986138909586,
            "dev_objective": 2.1719677845123098
          },
          {
            "epoch": 55,
            "train_objective": 2.2151172161102295,
            "dev_nll": 2.133450508117676,
            "dev_kl": 0.012296659494372638,
            "dev_objective": 2.170340486600794
          },
          {
            "epoch": 56,
            "train_objective": 2.214054822921753,
            "dev_nll": 2.1309046745300293,
            "dev_kl": 0.012596738169196289,
            "dev_objective": 2.168694889037618
          },
          {
            "epoch": 57,
            "train_objective": 2.2130682468414307,
            "dev_nll": 2.128373384475708,
            "dev_kl": 0.012924679497315607,
            "dev_objective": 2.1671474229676546
          },
          {
            "epoch": 58,
            "train_objective": 2.2122247219085693,
            "dev_nll": 2.126012086868286,
            "dev_kl": 0.013245295784603973,
            "dev_objective": 2.165747974222098
          },
          {
            "epoch": 59,
            "train_objective": 2.2115018367767334,
            "dev_nll": 2.1239304542541504,
            "dev_kl": 0.013520001030006857,
            "dev_objective": 2.164490457344171
          },
          {
            "epoch": 60,
            "train_objective": 2.21081805229187,
            "dev_nll": 2.1221864223480225,
            "dev_kl": 0.01371940302448599,
            "dev_objective": 2.1633446314214804
          },
          {
            "epoch": 61,
            "train_objective": 2.2100911140441895,
            "dev_nll": 2.120789051055908,
            "dev_kl": 0.013833145272230042,
            "dev_objective": 2.1622884868725984
          },
          {
            "epoch": 62,
            "train_objective": 2.209284543991089,
            "dev_nll": 2.119703531265259,
            "dev_kl": 0.013872139166352583,
            "dev_objective": 2.1613199487643167
          },
          {
            "epoch": 63,
            "train_objective": 2.2084224224090576,
            "dev_nll": 2.118856191635132,
            "dev_kl": 0.013862820323304954,
            "dev_objective": 2.1604446526050465
          },
          {
            "epoch": 64,
            "train_objective": 2.207564353942871,
            "dev_nll": 2.118147611618042,
            "dev_kl": 0.013837008225219743,
            "dev_objective": 2.159658636293701
          },
          {
            "epoch": 65,
            "train_objective": 2.206766128540039,
            "dev_nll": 2.1174635887145996,
            "dev_kl": 0.013822326199613042,
            "dev_objective": 2.1589305673134387
          },
          {
            "epoch": 66,
            "train_objective": 2.2060434818267822,
            "dev_nll": 2.1166961193084717,
            "dev_kl": 0.01383698737009655,
            "dev_objective": 2.1582070814187615
          },
          {
            "epoch": 67,
            "train_objective": 2.2053706645965576,
            "dev_nll": 2.1157643795013428,
            "dev_kl": 0.013889564842044434,
            "dev_objective": 2.157433074027476
          },
          {
            "epoch": 68,
            "train_objective": 2.2047009468078613,
            "dev_nll": 2.1146316528320312,
            "dev_kl": 0.013981689159917805,
            "dev_objective": 2.1565767203117847
          },
          {
            "epoch": 69,
            "train_objective": 2.2039990425109863,
            "dev_nll": 2.1133100986480713,
            "dev_kl": 0.01411032935747088,
            "dev_objective": 2.155641086720484
          },
          {
            "epoch": 70,
            "train_objective": 2.203263759613037,
            "dev_nll": 2.111855983734131,
            "dev_kl": 0.014268543731698112,
            "dev_objective": 2.1546616149292253
          },
          {
            "epoch": 71,
            "train_objective": 2.2025208473205566,
            "dev_nll": 2.1103522777557373,
            "dev_kl": 0.014444664805531837,
            "dev_objective": 2.1536862721723327
          },
          {
            "epoch": 72,
            "train_objective": 2.201802968978882,
            "dev_nll": 2.1088900566101074,
            "dev_kl": 0.014622412384949155,
            "dev_objective": 2.152757293764955
          },
          {
            "epoch": 73,
            "train_objective": 2.201127529144287,
            "dev_nll": 2.107548236846924,
            "dev_kl": 0.014783291691528247,
            "dev_objective": 2.1518981119215086
          },
          {
            "epoch": 74,
            "train_objective": 2.200486660003662,
            "dev_nll": 2.106381893157959,
            "dev_kl": 0.014911040573523522,
            "dev_objective": 2.1511150148785294
          },
          {
            "epoch": 75,
            "train_objective": 2.1998586654663086,
            "dev_nll": 2.1054155826568604,
            "dev_kl": 0.014996376678322416,
            "dev_objective": 2.1504047126918278
          },
          {
            "epoch": 76,
            "train_objective": 2.199223279953003,
            "dev_nll": 2.1046431064605713,
            "dev_kl": 0.015039680892735854,
            "dev_objective": 2.149762149138779
          },
          {
            "epoch": 77,
            "train_objective": 2.1985745429992676,
            "dev_nll": 2.104029655456543,
            "dev_kl": 0.01505045486123276,
            "dev_objective": 2.149181020040241
          },
          {
            "epoch": 78,
            "train_objective": 2.1979238986968994,
            "dev_nll": 2.1035192012786865,
            "dev_kl": 0.01504394046014158,
            "dev_objective": 2.148651022659111
          },
          {
            "epoch": 79,
            "train_objective": 2.1972873210906982,
            "dev_nll": 2.1030433177948,
            "dev_kl": 0.015036676646428401,
            "dev_objective": 2.148153347734085
          },
          {
            "epoch": 80,
            "train_objective": 2.1966755390167236,
            "dev_nll": 2.102534532546997,
            "dev_kl": 0.015042619954853377,
            "dev_objective": 2.147662392411557
          },
          {
            "epoch": 81,
            "train_objective": 2.1960880756378174,
            "dev_nll": 2.1019365787506104,
            "dev_kl": 0.015071197768971156,
            "dev_objective": 2.1471501720575237
          },
          {
            "epoch": 82,
            "train_objective": 2.1955137252807617,
            "dev_nll": 2.10121750831604,
            "dev_kl": 0.015126933258232401,
            "dev_objective": 2.1465983080907374
          },
          {
            "epoch": 83,
            "train_objective": 2.194941520690918,
            "dev_nll": 2.100372791290283,
            "dev_kl": 0.01520988571579224,
            "dev_objective": 2.14600244843766
          },
          {
            "epoch": 84,
            "train_objective": 2.1943671703338623,
            "dev_nll": 2.099424123764038,
            "dev_kl": 0.015316265021652184,
            "dev_objective": 2.1453729188289947
          },
          {
            "epoch": 85,
            "train_objective": 2.193795680999756,
            "dev_nll": 2.0984139442443848,
            "dev_kl": 0.015438911651873641,
            "dev_objective": 2.1447306792000056
          },
          {
            "epoch": 86,
            "train_objective": 2.1932361125946045,
            "dev_nll": 2.0973925590515137,
            "dev_kl": 0.015568256169465278,
            "dev_objective": 2.1440973275599093
          },
          {
            "epoch": 87,
            "train_objective": 2.1926937103271484,
            "dev_nll": 2.0964086055755615,
            "dev_kl": 0.015693876276166085,
            "dev_objective": 2.1434902344040596
          },
          {
            "epoch": 88,
            "train_objective": 2.1921679973602295,
            "dev_nll": 2.0954973697662354,
            "dev_kl": 0.01580687491160289,
            "dev_objective": 2.142917994501044
          },
          {
            "epoch": 89,
            "train_objective": 2.191653251647949,
            "dev_nll": 2.094679117202759,
            "dev_kl": 0.015902037202141475,
            "dev_objective": 2.142385228809183
          },
          {
            "epoch": 90,
            "train_objective": 2.19114351272583,
            "dev_nll": 2.0939531326293945,
            "dev_kl": 0.01597905992624677,
            "dev_objective": 2.141890312408135
          },
          {
            "epoch": 91,
            "train_objective": 2.1906373500823975,
            "dev_nll": 2.0933010578155518,
            "dev_kl": 0.016042423119919526,
            "dev_objective": 2.1414283271753103
          },
          {
            "epoch": 92,
            "train_objective": 2.1901373863220215,
            "dev_nll": 2.092693328857422,
            "dev_kl": 0.01609977336782912,
            "dev_objective": 2.1409926489609092
          },
          {
            "epoch": 93,
            "train_objective": 2.1896488666534424,
            "dev_nll": 2.0920920372009277,
            "dev_kl": 0.01615968416130321,
            "dev_objective": 2.1405710896848373
          },
          {
            "epoch": 94,
            "train_objective": 2.189173698425293,
            "dev_nll": 2.0914621353149414,
            "dev_kl": 0.01622973529198249,
            "dev_objective": 2.140151341190889
          },
          {
            "epoch": 95,
            "train_objective": 2.188711404800415,
            "dev_nll": 2.0907773971557617,
            "dev_kl": 0.016315011888624983,
            "dev_objective": 2.1397224328216367
          },
          {
            "epoch": 96,
            "train_objective": 2.188257932662964,
            "dev_nll": 2.0900256633758545,
            "dev_kl": 0.01641757724710178,
            "dev_objective": 2.13927839511716
          },
          {
            "epoch": 97,
            "train_objective": 2.1878111362457275,
            "dev_nll": 2.0892117023468018,
            "dev_kl": 0.016536401862672925,
            "dev_objective": 2.1388209079348206
          },
          {
            "epoch": 98,
            "train_objective": 2.1873703002929688,
            "dev_nll": 2.088353157043457,
            "dev_kl": 0.01666776684263872,
            "dev_objective": 2.138356457571373
          },
          {
            "epoch": 99,
            "train_objective": 2.1869380474090576,
            "dev_nll": 2.087477207183838,
            "dev_kl": 0.016805991781078413,
            "dev_objective": 2.1378951825270733
          },
          {
            "epoch": 100,
            "train_objective": 2.1865158081054688,
            "dev_nll": 2.086613178253174,
            "dev_kl": 0.01694448550781319,
            "dev_objective": 2.1374466347766132
          },
          {
            "epoch": 101,
            "train_objective": 2.1861045360565186,
            "dev_nll": 2.0857865810394287,
            "dev_kl": 0.017077176986883085,
            "dev_objective": 2.137018112000078
          },
          {
            "epoch": 102,
            "train_objective": 2.1857035160064697,
            "dev_nll": 2.0850136280059814,
            "dev_kl": 0.01719982905611228,
            "dev_objective": 2.136613115174318
          },
          {
            "epoch": 103,
            "train_objective": 2.1853106021881104,
            "dev_nll": 2.084298849105835,
            "dev_kl": 0.017310925761472667,
            "dev_objective": 2.136231626390253
          },
          {
            "epoch": 104,
            "train_objective": 2.1849241256713867,
            "dev_nll": 2.083634853363037,
            "dev_kl": 0.01741185002993826,
            "dev_objective": 2.1358704034528517
          },
          {
            "epoch": 105,
            "train_objective": 2.1845455169677734,
            "dev_nll": 2.083005428314209,
            "dev_kl": 0.017506257005807786,
            "dev_objective": 2.1355241993316323
          },
          {
            "epoch": 106,
            "train_objective": 2.1841750144958496,
            "dev_nll": 2.0823895931243896,
            "dev_kl": 0.017598929124892696,
            "dev_objective": 2.135186380499068
          },
          {
            "epoch": 107,
            "train_objective": 2.1838135719299316,
            "dev_nll": 2.0817654132843018,
            "dev_kl": 0.017694560727020643,
            "dev_objective": 2.1348490954653636
          },
          {
            "epoch": 108,
            "train_objective": 2.1834616661071777,
            "dev_nll": 2.081115961074829,
            "dev_kl": 0.017796651764378488,
            "dev_objective": 2.1345059163679645
          },
          {
            "epoch": 109,
            "train_objective": 2.183117389678955,
            "dev_nll": 2.080432891845703,
            "dev_kl": 0.017906933425095032,
            "dev_objective": 2.134153692120988
          },
          {
            "epoch": 110,
            "train_objective": 2.1827809810638428,
            "dev_nll": 2.079716920852661,
            "dev_kl": 0.0180252802092582,
            "dev_objective": 2.1337927614804357
          },
          {
            "epoch": 111,
            "train_objective": 2.1824512481689453,
            "dev_nll": 2.078977108001709,
            "dev_kl": 0.018149679186879784,
            "dev_objective": 2.1334261455623484
          },
          {
            "epoch": 112,
            "train_objective": 2.18212890625,
            "dev_nll": 2.0782294273376465,
            "dev_kl": 0.018277013158375346,
            "dev_objective": 2.1330604668127724
          },
          {
            "epoch": 113,
            "train_objective": 2.181814193725586,
            "dev_nll": 2.0774898529052734,
            "dev_kl": 0.0184036509180022,
            "dev_objective": 2.13270080565928
          },
          {
            "epoch": 114,
            "train_objective": 2.1815078258514404,
            "dev_nll": 2.0767734050750732,
            "dev_kl": 0.018526338615563808,
            "dev_objective": 2.1323524209217646
          },
          {
            "epoch": 115,
            "train_objective": 2.181209087371826,
            "dev_nll": 2.076089382171631,
            "dev_kl": 0.018643032266498282,
            "dev_objective": 2.132018478971126
          },
          {
            "epoch": 116,
            "train_objective": 2.180917263031006,
            "dev_nll": 2.075439214706421,
            "dev_kl": 0.018753284025257704,
            "dev_objective": 2.1316990667821942
          },
          {
            "epoch": 117,
            "train_objective": 2.1806318759918213,
            "dev_nll": 2.0748186111450195,
            "dev_kl": 0.018858226821631997,
            "dev_objective": 2.1313932916099154
          },
          {
            "epoch": 118,
            "train_objective": 2.1803534030914307,
            "dev_nll": 2.0742170810699463,
            "dev_kl": 0.018960301920578623,
            "dev_objective": 2.131097986831682
          },
          {
            "epoch": 119,
            "train_objective": 2.180081605911255,
            "dev_nll": 2.073622703552246,
            "dev_kl": 0.019062361437701493,
            "dev_objective": 2.1308097878653505
          },
          {
            "epoch": 120,
            "train_objective": 2.1798174381256104,
            "dev_nll": 2.073023557662964,
            "dev_kl": 0.019167059565776842,
            "dev_objective": 2.1305247363602944
          },
          {
            "epoch": 121,
            "train_objective": 2.1795594692230225,
            "dev_nll": 2.0724122524261475,
            "dev_kl": 0.019276204746560537,
            "dev_objective": 2.130240866665829
          },
          {
            "epoch": 122,
            "train_objective": 2.1793081760406494,
            "dev_nll": 2.0717854499816895,
            "dev_kl": 0.0193903466103481,
            "dev_objective": 2.129956489812734
          },
          {
            "epoch": 123,
            "train_objective": 2.179063320159912,
            "dev_nll": 2.0711469650268555,
            "dev_kl": 0.01950885447765793,
            "dev_objective": 2.129673528459829
          },
          {
            "epoch": 124,
            "train_objective": 2.1788241863250732,
            "dev_nll": 2.0705039501190186,
            "dev_kl": 0.019630031790248713,
            "dev_objective": 2.129394045489765
          },
          {
            "epoch": 125,
            "train_objective": 2.178591012954712,
            "dev_nll": 2.0698659420013428,
            "dev_kl": 0.019751616199878422,
            "dev_objective": 2.129120790600978
          },
          {
            "epoch": 126,
            "train_objective": 2.1783642768859863,
            "dev_nll": 2.0692431926727295,
            "dev_kl": 0.019871357679450967,
            "dev_objective": 2.1288572657110825
          },
          {
            "epoch": 127,
            "train_objective": 2.1781435012817383,
            "dev_nll": 2.0686426162719727,
            "dev_kl": 0.019987500423716532,
            "dev_objective": 2.128605117543122
          },
          {
            "epoch": 128,
            "train_objective": 2.1779286861419678,
            "dev_nll": 2.068067789077759,
            "dev_kl": 0.020099263753624516,
            "dev_objective": 2.1283655803386323
          },
          {
            "epoch": 129,
            "train_objective": 2.1777191162109375,
            "dev_nll": 2.067516326904297,
            "dev_kl": 0.02020684790143089,
            "dev_objective": 2.1281368706085897
          },
          {
            "epoch": 130,
            "train_objective": 2.1775147914886475,
            "dev_nll": 2.066984176635742,
            "dev_kl": 0.020311406768464088,
            "dev_objective": 2.1279183969411344
          },
          {
            "epoch": 131,
            "train_objective": 2.177316188812256,
            "dev_nll": 2.0664637088775635,
            "dev_kl": 0.02041452482598624,
            "dev_objective": 2.127707283355522
          },
          {
            "epoch": 132,
            "train_objective": 2.1771228313446045,
            "dev_nll": 2.0659477710723877,
            "dev_kl": 0.020517827095547773,
            "dev_objective": 2.127501252359031
          },
          {
            "epoch": 133,
            "train_objective": 2.176934242248535,
            "dev_nll": 2.0654311180114746,
            "dev_kl": 0.020622500422964426,
            "dev_objective": 2.127298619280368
          },
          {
            "epoch": 134,
            "train_objective": 2.1767513751983643,
            "dev_nll": 2.064911127090454,
            "dev_kl": 0.020729046901226515,
            "dev_objective": 2.1270982677941337
          },
          {
            "epoch": 135,
            "train_objective": 2.176572799682617,
            "dev_nll": 2.0643889904022217,
            "dev_kl": 0.020837109262199217,
            "dev_objective": 2.1269003181888193
          },
          {
            "epoch": 136,
            "train_objective": 2.1763992309570312,
            "dev_nll": 2.063868522644043,
            "dev_kl": 0.020945765449338266,
            "dev_objective": 2.1267058189920576
          },
          {
            "epoch": 137,
            "train_objective": 2.176229953765869,
            "dev_nll": 2.0633552074432373,
            "dev_kl": 0.021053630880684265,
            "dev_objective": 2.12651610008529
          },
          {
            "epoch": 138,
            "train_objective": 2.176065683364868,
            "dev_nll": 2.0628554821014404,
            "dev_kl": 0.021159334723871236,
            "dev_objective": 2.126333486273054
          },
          {
            "epoch": 139,
            "train_objective": 2.175905466079712,
            "dev_nll": 2.0623724460601807,
            "dev_kl": 0.021261832701998787,
            "dev_objective": 2.126157944166177
          },
          {
            "epoch": 140,
            "train_objective": 2.1757500171661377,
            "dev_nll": 2.06190824508667,
            "dev_kl": 0.02136065412799383,
            "dev_objective": 2.1259902074706516
          },
          {
            "epoch": 141,
            "train_objective": 2.175598621368408,
            "dev_nll": 2.061461925506592,
            "dev_kl": 0.021456000677242806,
            "dev_objective": 2.1258299275383203
          },
          {
            "epoch": 142,
            "train_objective": 2.1754508018493652,
            "dev_nll": 2.061030149459839,
            "dev_kl": 0.021548608980804414,
            "dev_objective": 2.125675976402252
          },
          {
            "epoch": 143,
            "train_objective": 2.175307512283325,
            "dev_nll": 2.0606086254119873,
            "dev_kl": 0.021639528310950007,
            "dev_objective": 2.1255272103448375
          },
          {
            "epoch": 144,
            "train_objective": 2.1751675605773926,
            "dev_nll": 2.060192823410034,
            "dev_kl": 0.021729814154012046,
            "dev_objective": 2.1253822658720702
          },
          {
            "epoch": 145,
            "train_objective": 2.175032138824463,
            "dev_nll": 2.059779644012451,
            "dev_kl": 0.021820217213668936,
            "dev_objective": 2.125240295653458
          },
          {
            "epoch": 146,
            "train_objective": 2.1749002933502197,
            "dev_nll": 2.0593671798706055,
            "dev_kl": 0.021910995977032964,
            "dev_objective": 2.1251001678017043
          },
          {
            "epoch": 147,
            "train_objective": 2.174771547317505,
            "dev_nll": 2.0589568614959717,
            "dev_kl": 0.02200196648167597,
            "dev_objective": 2.1249627609409996
          },
          {
            "epoch": 148,
            "train_objective": 2.1746463775634766,
            "dev_nll": 2.05855131149292,
            "dev_kl": 0.022092550863964937,
            "dev_objective": 2.1248289640848146
          },
          {
            "epoch": 149,
            "train_objective": 2.1745247840881348,
            "dev_nll": 2.0581533908843994,
            "dev_kl": 0.022181944974052074,
            "dev_objective": 2.124699225806556
          },
          {
            "epoch": 150,
            "train_objective": 2.174406051635742,
            "dev_nll": 2.0577659606933594,
            "dev_kl": 0.02226941659941699,
            "dev_objective": 2.1245742104916103
          },
          {
            "epoch": 151,
            "train_objective": 2.174290895462036,
            "dev_nll": 2.05739164352417,
            "dev_kl": 0.022354516078013222,
            "dev_objective": 2.1244551917582095
          },
          {
            "epoch": 152,
            "train_objective": 2.1741786003112793,
            "dev_nll": 2.0570297241210938,
            "dev_kl": 0.022437161043378617,
            "dev_objective": 2.1243412072512298
          },
          {
            "epoch": 153,
            "train_objective": 2.1740691661834717,
            "dev_nll": 2.0566790103912354,
            "dev_kl": 0.022517637096907576,
            "dev_objective": 2.1242319216819583
          },
          {
            "epoch": 154,
            "train_objective": 2.1739630699157715,
            "dev_nll": 2.0563368797302246,
            "dev_kl": 0.02259653565570343,
            "dev_objective": 2.124126486697335
          },
          {
            "epoch": 155,
            "train_objective": 2.173859119415283,
            "dev_nll": 2.0560009479522705,
            "dev_kl": 0.022674509942917538,
            "dev_objective": 2.124024477781023
          },
          {
            "epoch": 156,
            "train_objective": 2.1737585067749023,
            "dev_nll": 2.0556681156158447,
            "dev_kl": 0.02275211678561964,
            "dev_objective": 2.1239244659727037
          },
          {
            "epoch": 157,
            "train_objective": 2.1736602783203125,
            "dev_nll": 2.055337429046631,
            "dev_kl": 0.022829675075791037,
            "dev_objective": 2.123826454274004
          },
          {
            "epoch": 158,
            "train_objective": 2.1735646724700928,
            "dev_nll": 2.0550084114074707,
            "dev_kl": 0.02290714995385995,
            "dev_objective": 2.1237298612690507
          },
          {
            "epoch": 159,
            "train_objective": 2.173471689224243,
            "dev_nll": 2.054682493209839,
            "dev_kl": 0.022984245335809082,
            "dev_objective": 2.123635229217266
          },
          {
            "epoch": 160,
            "train_objective": 2.1733810901641846,
            "dev_nll": 2.054361343383789,
            "dev_kl": 0.023060481172046617,
            "dev_objective": 2.123542786899929
          },
          {
            "epoch": 161,
            "train_objective": 2.173292636871338,
            "dev_nll": 2.054047107696533,
            "dev_kl": 0.023135352665810165,
            "dev_objective": 2.123453165693964
          },
          {
            "epoch": 162,
            "train_objective": 2.1732065677642822,
            "dev_nll": 2.053740978240967,
            "dev_kl": 0.02320846220948272,
            "dev_objective": 2.123366364869415
          },
          {
            "epoch": 163,
            "train_objective": 2.1731224060058594,
            "dev_nll": 2.0534439086914062,
            "dev_kl": 0.023279694163844594,
            "dev_objective": 2.12328299118294
          },
          {
            "epoch": 164,
            "train_objective": 2.1730408668518066,
            "dev_nll": 2.053154706954956,
            "dev_kl": 0.02334913881159983,
            "dev_objective": 2.1232021233897553
          },
          {
            "epoch": 165,
            "train_objective": 2.1729609966278076,
            "dev_nll": 2.052872657775879,
            "dev_kl": 0.023417114320018136,
            "dev_objective": 2.1231240007359333
          },
          {
            "epoch": 166,
            "train_objective": 2.1728830337524414,
            "dev_nll": 2.052595853805542,
            "dev_kl": 0.023484009208979906,
            "dev_objective": 2.123047881432482
          },
          {
            "epoch": 167,
            "train_objective": 2.172807216644287,
            "dev_nll": 2.0523226261138916,
            "dev_kl": 0.023550195163241715,
            "dev_objective": 2.122973211603617
          },
          {
            "epoch": 168,
            "train_objective": 2.1727333068847656,
            "dev_nll": 2.0520524978637695,
            "dev_kl": 0.02361585770687508,
            "dev_objective": 2.122900070984395
          },
          {
            "epoch": 169,
            "train_objective": 2.172661066055298,
            "dev_nll": 2.0517852306365967,
            "dev_kl": 0.02368101396027382,
            "dev_objective": 2.122828272517418
          },
          {
            "epoch": 170,
            "train_objective": 2.172590494155884,
            "dev_nll": 2.0515215396881104,
            "dev_kl": 0.02374548976401891,
            "dev_objective": 2.122758008980167
          },
          {
            "epoch": 171,
            "train_objective": 2.1725218296051025,
            "dev_nll": 2.051262378692627,
            "dev_kl": 0.023809002755369218,
            "dev_objective": 2.1226893869587347
          },
          {
            "epoch": 172,
            "train_objective": 2.172454833984375,
            "dev_nll": 2.051008939743042,
            "dev_kl": 0.023871229759098642,
            "dev_objective": 2.122622629020338
          },
          {
            "epoch": 173,
            "train_objective": 2.172389030456543,
            "dev_nll": 2.050762414932251,
            "dev_kl": 0.02393193170847791,
            "dev_objective": 2.1225582100576847
          },
          {
            "epoch": 174,
            "train_objective": 2.1723251342773438,
            "dev_nll": 2.050523281097412,
            "dev_kl": 0.023991037385647295,
            "dev_objective": 2.122496393254354
          },
          {
            "epoch": 175,
            "train_objective": 2.17226243019104,
            "dev_nll": 2.050290584564209,
            "dev_kl": 0.024048626961958437,
            "dev_objective": 2.1224364654500842
          },
          {
            "epoch": 176,
            "train_objective": 2.17220139503479,
            "dev_nll": 2.0500638484954834,
            "dev_kl": 0.024104908680299984,
            "dev_objective": 2.1223785745363832
          },
          {
            "epoch": 177,
            "train_objective": 2.1721420288085938,
            "dev_nll": 2.0498416423797607,
            "dev_kl": 0.02416013061123489,
            "dev_objective": 2.1223220342134654
          },
          {
            "epoch": 178,
            "train_objective": 2.172083616256714,
            "dev_nll": 2.0496232509613037,
            "dev_kl": 0.024214538402628858,
            "dev_objective": 2.1222668661691904
          },
          {
            "epoch": 179,
            "train_objective": 2.1720261573791504,
            "dev_nll": 2.049408197402954,
            "dev_kl": 0.024268241947399335,
            "dev_objective": 2.122212923245152
          },
          {
            "epoch": 180,
            "train_objective": 2.1719706058502197,
            "dev_nll": 2.049196243286133,
            "dev_kl": 0.024321272183704685,
            "dev_objective": 2.1221600598372468
          },
          {
            "epoch": 181,
            "train_objective": 2.1719155311584473,
            "dev_nll": 2.048987865447998,
            "dev_kl": 0.02437350177835371,
            "dev_objective": 2.1221083707830593
          },
          {
            "epoch": 182,
            "train_objective": 2.1718621253967285,
            "dev_nll": 2.048783540725708,
            "dev_kl": 0.024424748180585133,
            "dev_objective": 2.1220577852674634
          },
          {
            "epoch": 183,
            "train_objective": 2.171809673309326,
            "dev_nll": 2.048584461212158,
            "dev_kl": 0.024474848772877374,
            "dev_objective": 2.1220090075307905
          },
          {
            "epoch": 184,
            "train_objective": 2.1717584133148193,
            "dev_nll": 2.0483901500701904,
            "dev_kl": 0.024523687362251384,
            "dev_objective": 2.1219612121569447
          },
          {
            "epoch": 185,
            "train_objective": 2.171708106994629,
            "dev_nll": 2.048201084136963,
            "dev_kl": 0.02457128207069226,
            "dev_objective": 2.12191493034904
          },
          {
            "epoch": 186,
            "train_objective": 2.171658992767334,
            "dev_nll": 2.0480170249938965,
            "dev_kl": 0.024617707716544403,
            "dev_objective": 2.12187014814353
          },
          {
            "epoch": 187,
            "train_objective": 2.1716103553771973,
            "dev_nll": 2.047837018966675,
            "dev_kl": 0.0246631118661917,
            "dev_objective": 2.12182635456525
          },
          {
            "epoch": 188,
            "train_objective": 2.171563148498535,
            "dev_nll": 2.0476608276367188,
            "dev_kl": 0.024707702022079413,
            "dev_objective": 2.121783933702957
          },
          {
            "epoch": 189,
            "train_objective": 2.1715168952941895,
            "dev_nll": 2.0474870204925537,
            "dev_kl": 0.02475155035751192,
            "dev_objective": 2.1217416715650894
          },
          {
            "epoch": 190,
            "train_objective": 2.171471118927002,
            "dev_nll": 2.047316074371338,
            "dev_kl": 0.024794755201484706,
            "dev_objective": 2.121700339975792
          },
          {
            "epoch": 191,
            "train_objective": 2.17142653465271,
            "dev_nll": 2.0471479892730713,
            "dev_kl": 0.02483726716243771,
            "dev_objective": 2.1216597907603845
          },
          {
            "epoch": 192,
            "train_objective": 2.171382427215576,
            "dev_nll": 2.046982765197754,
            "dev_kl": 0.02487898057825897,
            "dev_objective": 2.1216197069325307
          },
          {
            "epoch": 193,
            "train_objective": 2.171339511871338,
            "dev_nll": 2.0468215942382812,
            "dev_kl": 0.024919814129175433,
            "dev_objective": 2.1215810366258077
          },
          {
            "epoch": 194,
            "train_objective": 2.171297311782837,
            "dev_nll": 2.046663999557495,
            "dev_kl": 0.024959656403626542,
            "dev_objective": 2.1215429687683747
          },
          {
            "epoch": 195,
            "train_objective": 2.1712558269500732,
            "dev_nll": 2.0465104579925537,
            "dev_kl": 0.024998487791398894,
            "dev_objective": 2.1215059213667504
          },
          {
            "epoch": 196,
            "train_objective": 2.1712148189544678,
            "dev_nll": 2.046360492706299,
            "dev_kl": 0.025036362043858784,
            "dev_objective": 2.1214695788378752
          },
          {
            "epoch": 197,
            "train_objective": 2.171175003051758,
            "dev_nll": 2.0462145805358887,
            "dev_kl": 0.025073345314275037,
            "dev_objective": 2.1214346164787137
          },
          {
            "epoch": 198,
            "train_objective": 2.171135663986206,
            "dev_nll": 2.0460712909698486,
            "dev_kl": 0.025109554459508677,
            "dev_objective": 2.121399954348375
          },
          {
            "epoch": 199,
            "train_objective": 2.1710968017578125,
            "dev_nll": 2.0459306240081787,
            "dev_kl": 0.02514508179061719,
            "dev_objective": 2.12136586938003
          },
          {
            "epoch": 200,
            "train_objective": 2.1710586547851562,
            "dev_nll": 2.0457921028137207,
            "dev_kl": 0.025180019835756906,
            "dev_objective": 2.1213321623209915
          },
          {
            "epoch": 201,
            "train_objective": 2.171020984649658,
            "dev_nll": 2.0456559658050537,
            "dev_kl": 0.025214324755644477,
            "dev_objective": 2.1212989400719873
          },
          {
            "epoch": 202,
            "train_objective": 2.1709840297698975,
            "dev_nll": 2.045522451400757,
            "dev_kl": 0.025248003677834193,
            "dev_objective": 2.121266462434259
          },
          {
            "epoch": 203,
            "train_objective": 2.170947551727295,
            "dev_nll": 2.045391798019409,
            "dev_kl": 0.02528094485620255,
            "dev_objective": 2.121234632588017
          },
          {
            "epoch": 204,
            "train_objective": 2.170912027359009,
            "dev_nll": 2.0452635288238525,
            "dev_kl": 0.025313107378629816,
            "dev_objective": 2.121202850959742
          },
          {
            "epoch": 205,
            "train_objective": 2.1708762645721436,
            "dev_nll": 2.0451390743255615,
            "dev_kl": 0.02534446531910919,
            "dev_objective": 2.121172470282889
          },
          {
            "epoch": 206,
            "train_objective": 2.170841693878174,
            "dev_nll": 2.0450170040130615,
            "dev_kl": 0.025375042149486642,
            "dev_objective": 2.1211421304615214
          },
          {
            "epoch": 207,
            "train_objective": 2.170807361602783,
            "dev_nll": 2.0448977947235107,
            "dev_kl": 0.025404903863615415,
            "dev_objective": 2.1211125063143568
          },
          {
            "epoch": 208,
            "train_objective": 2.17077374458313,
            "dev_nll": 2.04478120803833,
            "dev_kl": 0.025434099149844097,
            "dev_objective": 2.1210835054878623
          },
          {
            "epoch": 209,
            "train_objective": 2.1707406044006348,
            "dev_nll": 2.044666051864624,
            "dev_kl": 0.025462744773264875,
            "dev_objective": 2.121054286184419
          },
          {
            "epoch": 210,
            "train_objective": 2.1707077026367188,
            "dev_nll": 2.044553279876709,
            "dev_kl": 0.025490859519220418,
            "dev_objective": 2.12102585843437
          },
          {
            "epoch": 211,
            "train_objective": 2.170675277709961,
            "dev_nll": 2.0444419384002686,
            "dev_kl": 0.02551844390476257,
            "dev_objective": 2.120997270114556
          },
          {
            "epoch": 212,
            "train_objective": 2.1706433296203613,
            "dev_nll": 2.044332981109619,
            "dev_kl": 0.025545479963651044,
            "dev_objective": 2.1209694210005723
          },
          {
            "epoch": 213,
            "train_objective": 2.17061185836792,
            "dev_nll": 2.0442261695861816,
            "dev_kl": 0.02557193481852091,
            "dev_objective": 2.1209419740417443
          },
          {
            "epoch": 214,
            "train_objective": 2.1705808639526367,
            "dev_nll": 2.044121503829956,
            "dev_kl": 0.025597770213829103,
            "dev_objective": 2.120914814471443
          },
          {
            "epoch": 215,
            "train_objective": 2.1705501079559326,
            "dev_nll": 2.0440189838409424,
            "dev_kl": 0.025622978277907178,
            "dev_objective": 2.120887918674664
          },
          {
            "epoch": 216,
            "train_objective": 2.1705198287963867,
            "dev_nll": 2.0439188480377197,
            "dev_kl": 0.02564758510404342,
            "dev_objective": 2.12086160334985
          },
          {
            "epoch": 217,
            "train_objective": 2.17048978805542,
            "dev_nll": 2.043820858001709,
            "dev_kl": 0.025671622739488108,
            "dev_objective": 2.1208357262201734
          },
          {
            "epoch": 218,
            "train_objective": 2.1704602241516113,
            "dev_nll": 2.043724298477173,
            "dev_kl": 0.02569514859534867,
            "dev_objective": 2.120809744263219
          },
          {
            "epoch": 219,
            "train_objective": 2.170430898666382,
            "dev_nll": 2.0436298847198486,
            "dev_kl": 0.025718209269741835,
            "dev_objective": 2.1207845125290743
          },
          {
            "epoch": 220,
            "train_objective": 2.1704020500183105,
            "dev_nll": 2.04353666305542,
            "dev_kl": 0.025740827430618573,
            "dev_objective": 2.1207591453472756
          },
          {
            "epoch": 221,
            "train_objective": 2.1703739166259766,
            "dev_nll": 2.043445587158203,
            "dev_kl": 0.02576302205262756,
            "dev_objective": 2.120734653316086
          },
          {
            "epoch": 222,
            "train_objective": 2.1703453063964844,
            "dev_nll": 2.0433554649353027,
            "dev_kl": 0.025784757641681075,
            "dev_objective": 2.120709737860346
          },
          {
            "epoch": 223,
            "train_objective": 2.1703174114227295,
            "dev_nll": 2.0432674884796143,
            "dev_kl": 0.025806002067150297,
            "dev_objective": 2.120685494681065
          },
          {
            "epoch": 224,
            "train_objective": 2.1702895164489746,
            "dev_nll": 2.0431809425354004,
            "dev_kl": 0.025826749493586116,
            "dev_objective": 2.1206611910161586
          },
          {
            "epoch": 225,
            "train_objective": 2.170262575149536,
            "dev_nll": 2.0430965423583984,
            "dev_kl": 0.02584700544809436,
            "dev_objective": 2.1206375587026813
          },
          {
            "epoch": 226,
            "train_objective": 2.1702351570129395,
            "dev_nll": 2.04301381111145,
            "dev_kl": 0.025866783035789022,
            "dev_objective": 2.120614160218817
          },
          {
            "epoch": 227,
            "train_objective": 2.170208692550659,
            "dev_nll": 2.0429325103759766,
            "dev_kl": 0.025886139745387744,
            "dev_objective": 2.1205909296121397
          },
          {
            "epoch": 228,
            "train_objective": 2.1701819896698,
            "dev_nll": 2.0428526401519775,
            "dev_kl": 0.025905068250591152,
            "dev_objective": 2.120567844903751
          },
          {
            "epoch": 229,
            "train_objective": 2.1701557636260986,
            "dev_nll": 2.042774200439453,
            "dev_kl": 0.0259236266379253,
            "dev_objective": 2.120545080353229
          },
          {
            "epoch": 230,
            "train_objective": 2.1701300144195557,
            "dev_nll": 2.042696475982666,
            "dev_kl": 0.025941832092808776,
            "dev_objective": 2.120521972261092
          },
          {
            "epoch": 231,
            "train_objective": 2.1701040267944336,
            "dev_nll": 2.0426206588745117,
            "dev_kl": 0.025959659928900633,
            "dev_objective": 2.120499638661214
          },
          {
            "epoch": 232,
            "train_objective": 2.1700785160064697,
            "dev_nll": 2.042545795440674,
            "dev_kl": 0.025977123189436457,
            "dev_objective": 2.120477165008983
          },
          {
            "epoch": 233,
            "train_objective": 2.170053482055664,
            "dev_nll": 2.0424723625183105,
            "dev_kl": 0.02599420746880676,
            "dev_objective": 2.1204549849247307
          },
          {
            "epoch": 234,
            "train_objective": 2.1700284481048584,
            "dev_nll": 2.042400360107422,
            "dev_kl": 0.026010887274678023,
            "dev_objective": 2.120433021931456
          },
          {
            "epoch": 235,
            "train_objective": 2.170003652572632,
            "dev_nll": 2.042330026626587,
            "dev_kl": 0.026027182086689717,
            "dev_objective": 2.120411572886656
          },
          {
            "epoch": 236,
            "train_objective": 2.1699790954589844,
            "dev_nll": 2.0422604084014893,
            "dev_kl": 0.02604312179211594,
            "dev_objective": 2.120389773777837
          },
          {
            "epoch": 237,
            "train_objective": 2.169955015182495,
            "dev_nll": 2.042191982269287,
            "dev_kl": 0.02605874601673956,
            "dev_objective": 2.120368220319506
          },
          {
            "epoch": 238,
            "train_objective": 2.1699306964874268,
            "dev_nll": 2.0421252250671387,
            "dev_kl": 0.026074042330865185,
            "dev_objective": 2.120347352059734
          },
          {
            "epoch": 239,
            "train_objective": 2.1699068546295166,
            "dev_nll": 2.0420589447021484,
            "dev_kl": 0.02608906908006919,
            "dev_objective": 2.120326151942356
          },
          {
            "epoch": 240,
            "train_objective": 2.1698830127716064,
            "dev_nll": 2.0419936180114746,
            "dev_kl": 0.026103776782595862,
            "dev_objective": 2.120304948359262
          },
          {
            "epoch": 241,
            "train_objective": 2.1698596477508545,
            "dev_nll": 2.0419294834136963,
            "dev_kl": 0.02611823412715583,
            "dev_objective": 2.120284185795164
          },
          {
            "epoch": 242,
            "train_objective": 2.1698362827301025,
            "dev_nll": 2.0418667793273926,
            "dev_kl": 0.026132353938599997,
            "dev_objective": 2.1202638411431924
          },
          {
            "epoch": 243,
            "train_objective": 2.1698131561279297,
            "dev_nll": 2.041804790496826,
            "dev_kl": 0.02614617515942669,
            "dev_objective": 2.1202433159751064
          },
          {
            "epoch": 244,
            "train_objective": 2.169790267944336,
            "dev_nll": 2.041743755340576,
            "dev_kl": 0.026159712841822388,
            "dev_objective": 2.1202228938660435
          },
          {
            "epoch": 245,
            "train_objective": 2.169767379760742,
            "dev_nll": 2.0416839122772217,
            "dev_kl": 0.026172943291598343,
            "dev_objective": 2.1202027421520167
          },
          {
            "epoch": 246,
            "train_objective": 2.1697449684143066,
            "dev_nll": 2.0416247844696045,
            "dev_kl": 0.02618593493421973,
            "dev_objective": 2.1201825892722637
          },
          {
            "epoch": 247,
            "train_objective": 2.16972279548645,
            "dev_nll": 2.0415666103363037,
            "dev_kl": 0.0261986607760149,
            "dev_objective": 2.1201625926643484
          },
          {
            "epoch": 248,
            "train_objective": 2.1697006225585938,
            "dev_nll": 2.0415091514587402,
            "dev_kl": 0.026211161513577913,
            "dev_objective": 2.120142635999474
          },
          {
            "epoch": 249,
            "train_objective": 2.1696784496307373,
            "dev_nll": 2.041452646255493,
            "dev_kl": 0.026223448442865734,
            "dev_objective": 2.1201229915840902
          },
          {
            "epoch": 250,
            "train_objective": 2.16965651512146,
            "dev_nll": 2.0413968563079834,
            "dev_kl": 0.026235479821643985,
            "dev_objective": 2.1201032957729153
          },
          {
            "epoch": 251,
            "train_objective": 2.1696345806121826,
            "dev_nll": 2.04134202003479,
            "dev_kl": 0.026247274381242826,
            "dev_objective": 2.1200838431785187
          },
          {
            "epoch": 252,
            "train_objective": 2.1696131229400635,
            "dev_nll": 2.041287899017334,
            "dev_kl": 0.026258852378977043,
            "dev_objective": 2.120064456154265
          },
          {
            "epoch": 253,
            "train_objective": 2.1695916652679443,
            "dev_nll": 2.0412349700927734,
            "dev_kl": 0.02627016502424135,
            "dev_objective": 2.1200454651654974
          },
          {
            "epoch": 254,
            "train_objective": 2.1695704460144043,
            "dev_nll": 2.041182279586792,
            "dev_kl": 0.026281270465964603,
            "dev_objective": 2.1200260909846858
          },
          {
            "epoch": 255,
            "train_objective": 2.1695494651794434,
            "dev_nll": 2.041130781173706,
            "dev_kl": 0.026292170652792463,
            "dev_objective": 2.1200072931320832
          },
          {
            "epoch": 256,
            "train_objective": 2.1695282459259033,
            "dev_nll": 2.0410797595977783,
            "dev_kl": 0.026302868440571066,
            "dev_objective": 2.1199883649194917
          },
          {
            "epoch": 257,
            "train_objective": 2.1695075035095215,
            "dev_nll": 2.041029453277588,
            "dev_kl": 0.026313365798921802,
            "dev_objective": 2.1199695506743534
          },
          {
            "epoch": 258,
            "train_objective": 2.1694867610931396,
            "dev_nll": 2.0409798622131348,
            "dev_kl": 0.02632367327234599,
            "dev_objective": 2.1199508820301727
          },
          {
            "epoch": 259,
            "train_objective": 2.169466257095337,
            "dev_nll": 2.04093074798584,
            "dev_kl": 0.026333812164847512,
            "dev_objective": 2.1199321844803825
          },
          {
            "epoch": 260,
            "train_objective": 2.1694459915161133,
            "dev_nll": 2.0408825874328613,
            "dev_kl": 0.02634374404573595,
            "dev_objective": 2.119913819570069
          },
          {
            "epoch": 261,
            "train_objective": 2.1694254875183105,
            "dev_nll": 2.04083514213562,
            "dev_kl": 0.026353499890925985,
            "dev_objective": 2.119895641808398
          },
          {
            "epoch": 262,
            "train_objective": 2.169405460357666,
            "dev_nll": 2.040788173675537,
            "dev_kl": 0.026363058488706948,
            "dev_objective": 2.119877349141658
          },
          {
            "epoch": 263,
            "train_objective": 2.1693851947784424,
            "dev_nll": 2.0407416820526123,
            "dev_kl": 0.026372458343184343,
            "dev_objective": 2.119859057082165
          },
          {
            "epoch": 264,
            "train_objective": 2.169365406036377,
            "dev_nll": 2.040695905685425,
            "dev_kl": 0.026381679929096485,
            "dev_objective": 2.1198409454727143
          },
          {
            "epoch": 265,
            "train_objective": 2.1693456172943115,
            "dev_nll": 2.0406508445739746,
            "dev_kl": 0.026390748936473182,
            "dev_objective": 2.119823091383394
          },
          {
            "epoch": 266,
            "train_objective": 2.169326066970825,
            "dev_nll": 2.0406064987182617,
            "dev_kl": 0.026399656484188797,
            "dev_objective": 2.1198054681708283
          },
          {
            "epoch": 267,
            "train_objective": 2.169306516647339,
            "dev_nll": 2.040562391281128,
            "dev_kl": 0.026408403768908937,
            "dev_objective": 2.119787602587855
          },
          {
            "epoch": 268,
            "train_objective": 2.1692869663238525,
            "dev_nll": 2.0405189990997314,
            "dev_kl": 0.02641701816081967,
            "dev_objective": 2.1197700535821906
          },
          {
            "epoch": 269,
            "train_objective": 2.1692676544189453,
            "dev_nll": 2.0404763221740723,
            "dev_kl": 0.026425468563395844,
            "dev_objective": 2.1197527278642596
          },
          {
            "epoch": 270,
            "train_objective": 2.169248580932617,
            "dev_nll": 2.040433645248413,
            "dev_kl": 0.026433791706195888,
            "dev_objective": 2.119735020367001
          },
          {
            "epoch": 271,
            "train_objective": 2.16922926902771,
            "dev_nll": 2.0403921604156494,
            "dev_kl": 0.026441942980127024,
            "dev_objective": 2.1197179893560305
          },
          {
            "epoch": 272,
            "train_objective": 2.169210433959961,
            "dev_nll": 2.0403506755828857,
            "dev_kl": 0.026449966283204656,
            "dev_objective": 2.1197005744324997
          },
          {
            "epoch": 273,
            "train_objective": 2.169191598892212,
            "dev_nll": 2.0403099060058594,
            "dev_kl": 0.026457843272149697,
            "dev_objective": 2.1196834358223087
          },
          {
            "epoch": 274,
            "train_objective": 2.169173002243042,
            "dev_nll": 2.040269613265991,
            "dev_kl": 0.026465627258886827,
            "dev_objective": 2.119666495042652
          },
          {
            "epoch": 275,
            "train_objective": 2.169154405593872,
            "dev_nll": 2.0402300357818604,
            "dev_kl": 0.02647324896790926,
            "dev_objective": 2.1196497826855882
          },
          {
            "epoch": 276,
            "train_objective": 2.169135570526123,
            "dev_nll": 2.0401904582977295,
            "dev_kl": 0.026480743948890415,
            "dev_objective": 2.119632690144401
          },
          {
            "epoch": 277,
            "train_objective": 2.169116973876953,
            "dev_nll": 2.040151596069336,
            "dev_kl": 0.026488136974171742,
            "dev_objective": 2.1196160069918513
          },
          {
            "epoch": 278,
            "train_objective": 2.1690986156463623,
            "dev_nll": 2.0401129722595215,
            "dev_kl": 0.026495409274666763,
            "dev_objective": 2.1195992000835218
          },
          {
            "epoch": 279,
            "train_objective": 2.1690804958343506,
            "dev_nll": 2.0400750637054443,
            "dev_kl": 0.02650255028175207,
            "dev_objective": 2.1195827145507007
          },
          {
            "epoch": 280,
            "train_objective": 2.169062376022339,
            "dev_nll": 2.0400376319885254,
            "dev_kl": 0.026509591550272597,
            "dev_objective": 2.1195664066393434
          },
          {
            "epoch": 281,
            "train_objective": 2.169044017791748,
            "dev_nll": 2.0400006771087646,
            "dev_kl": 0.02651651572805267,
            "dev_objective": 2.1195502242929227
          },
          {
            "epoch": 282,
            "train_objective": 2.1690263748168945,
            "dev_nll": 2.039963722229004,
            "dev_kl": 0.026523332187050098,
            "dev_objective": 2.119533718790154
          },
          {
            "epoch": 283,
            "train_objective": 2.169008493423462,
            "dev_nll": 2.0399274826049805,
            "dev_kl": 0.026530037416975846,
            "dev_objective": 2.119517594855908
          },
          {
            "epoch": 284,
            "train_objective": 2.1689906120300293,
            "dev_nll": 2.0398917198181152,
            "dev_kl": 0.026536649834524067,
            "dev_objective": 2.1195016693216875
          },
          {
            "epoch": 285,
            "train_objective": 2.168973207473755,
            "dev_nll": 2.039856195449829,
            "dev_kl": 0.02654315384423679,
            "dev_objective": 2.1194856569825395
          },
          {
            "epoch": 286,
            "train_objective": 2.1689553260803223,
            "dev_nll": 2.039821147918701,
            "dev_kl": 0.02654955083156122,
            "dev_objective": 2.119469800413385
          },
          {
            "epoch": 287,
            "train_objective": 2.168938159942627,
            "dev_nll": 2.0397863388061523,
            "dev_kl": 0.026555856193734653,
            "dev_objective": 2.1194539073873564
          },
          {
            "epoch": 288,
            "train_objective": 2.1689205169677734,
            "dev_nll": 2.0397520065307617,
            "dev_kl": 0.02656207073203011,
            "dev_objective": 2.119438218726852
          },
          {
            "epoch": 289,
            "train_objective": 2.168903112411499,
            "dev_nll": 2.03971791267395,
            "dev_kl": 0.026568169053224427,
            "dev_objective": 2.1194224198336236
          },
          {
            "epoch": 290,
            "train_objective": 2.1688859462738037,
            "dev_nll": 2.039684534072876,
            "dev_kl": 0.02657418407873158,
            "dev_objective": 2.119407086309071
          },
          {
            "epoch": 291,
            "train_objective": 2.1688687801361084,
            "dev_nll": 2.0396511554718018,
            "dev_kl": 0.026580102022250626,
            "dev_objective": 2.119391461538554
          },
          {
            "epoch": 292,
            "train_objective": 2.168851613998413,
            "dev_nll": 2.039618492126465,
            "dev_kl": 0.026585952163808182,
            "dev_objective": 2.1193763486178896
          },
          {
            "epoch": 293,
            "train_objective": 2.1688344478607178,
            "dev_nll": 2.039585590362549,
            "dev_kl": 0.02659170143096498,
            "dev_objective": 2.1193606946554437
          },
          {
            "epoch": 294,
            "train_objective": 2.1688177585601807,
            "dev_nll": 2.039553642272949,
            "dev_kl": 0.026597354157307598,
            "dev_objective": 2.119345704744872
          },
          {
            "epoch": 295,
            "train_objective": 2.1688005924224854,
            "dev_nll": 2.0395219326019287,
            "dev_kl": 0.02660293702711561,
            "dev_objective": 2.1193307436832756
          },
          {
            "epoch": 296,
            "train_objective": 2.1687841415405273,
            "dev_nll": 2.039490222930908,
            "dev_kl": 0.026608428712263033,
            "dev_objective": 2.119315509067697
          },
          {
            "epoch": 297,
            "train_objective": 2.1687676906585693,
            "dev_nll": 2.039458990097046,
            "dev_kl": 0.0266138366129887,
            "dev_objective": 2.119300499936012
          },
          {
            "epoch": 298,
            "train_objective": 2.168750762939453,
            "dev_nll": 2.039428234100342,
            "dev_kl": 0.02661916941534392,
            "dev_objective": 2.1192857423463733
          },
          {
            "epoch": 299,
            "train_objective": 2.168734073638916,
            "dev_nll": 2.039397716522217,
            "dev_kl": 0.02662441345258943,
            "dev_objective": 2.1192709568799852
          }
        ]
      },
      {
        "kl_lambda": 10.0,
        "best_dev_nll": 2.1475989818573,
        "best_dev_kl": 0.005291408885806287,
        "best_dev_objective": 2.200513070715363,
        "epochs_run": 300,
        "history": [
          {
            "epoch": 0,
            "train_objective": 3.2041425704956055,
            "dev_nll": 2.348686933517456,
            "dev_kl": 0.015361590239171254,
            "dev_objective": 2.502302835909169
          },
          {
            "epoch": 1,
            "train_objective": 2.5058674812316895,
            "dev_nll": 2.285708427429199,
            "dev_kl": 0.011986286807957373,
            "dev_objective": 2.405571295508773
          },
          {
            "epoch": 2,
            "train_objective": 2.467925786972046,
            "dev_nll": 2.272822141647339,
            "dev_kl": 0.01700611714090678,
            "dev_objective": 2.4428833130564067
          },
          {
            "epoch": 3,
            "train_objective": 2.54997181892395,
            "dev_nll": 2.2704174518585205,
            "dev_kl": 0.011625466569246061,
            "dev_objective": 2.3866721175509813
          },
          {
            "epoch": 4,
            "train_objective": 2.469358205795288,
            "dev_nll": 2.2774038314819336,
            "dev_kl": 0.0040402426483368645,
            "dev_objective": 2.317806257965302
          },
          {
            "epoch": 5,
            "train_objective": 2.349072217941284,
            "dev_nll": 2.292539358139038,
            "dev_kl": 0.0026431665985230442,
            "dev_objective": 2.3189710241242687
          },
          {
            "epoch": 6,
            "train_objective": 2.333885908126831,
            "dev_nll": 2.3028724193573,
            "dev_kl": 0.004872733306534051,
            "dev_objective": 2.3515997524226404
          },
          {
            "epoch": 7,
            "train_objective": 2.3877406120300293,
            "dev_nll": 2.2993004322052,
            "dev_kl": 0.004783021437810725,
            "dev_objective": 2.3471306465833073
          },
          {
            "epoch": 8,
            "train_objective": 2.3931362628936768,
            "dev_nll": 2.2848315238952637,
            "dev_kl": 0.002513938283890319,
            "dev_objective": 2.3099709067341667
          },
          {
            "epoch": 9,
            "train_objective": 2.3479316234588623,
            "dev_nll": 2.266500949859619,
            "dev_kl": 0.0010531565410699612,
            "dev_objective": 2.2770325152703186
          },
          {
            "epoch": 10,
            "train_objective": 2.3067941665649414,
            "dev_nll": 2.2506067752838135,
            "dev_kl": 0.0022869632025626866,
            "dev_objective": 2.2734764073094405
          },
          {
            "epoch": 11,
            "train_objective": 2.308831214904785,
            "dev_nll": 2.2402217388153076,
            "dev_kl": 0.004819212682222159,
            "dev_objective": 2.288413865637529
          },
          {
            "epoch": 12,
            "train_objective": 2.335904836654663,
            "dev_nll": 2.235038995742798,
            "dev_kl": 0.005791676439437176,
            "dev_objective": 2.2929557601371697
          },
          {
            "epoch": 13,
            "train_objective": 2.3447580337524414,
            "dev_nll": 2.234010934829712,
            "dev_kl": 0.00454523235660147,
            "dev_objective": 2.279463258395727
          },
          {
            "epoch": 14,
            "train_objective": 2.3255670070648193,
            "dev_nll": 2.236510753631592,
            "dev_kl": 0.0026613460908232775,
            "dev_objective": 2.2631242145398245
          },
          {
            "epoch": 15,
            "train_objective": 2.301421880722046,
            "dev_nll": 2.241273880004883,
            "dev_kl": 0.001738135891689642,
            "dev_objective": 2.2586552389217793
          },
          {
            "epoch": 16,
            "train_objective": 2.2951300144195557,
            "dev_nll": 2.24572491645813,
            "dev_kl": 0.0019568157698780816,
            "dev_objective": 2.2652930741569106
          },
          {
            "epoch": 17,
            "train_objective": 2.305624008178711,
            "dev_nll": 2.2471048831939697,
            "dev_kl": 0.002437400825894312,
            "dev_objective": 2.271478891452913
          },
          {
            "epoch": 18,
            "train_objective": 2.3146796226501465,
            "dev_nll": 2.2441678047180176,
            "dev_kl": 0.002476604034896596,
            "dev_objective": 2.2689338450669836
          },
          {
            "epoch": 19,
            "train_objective": 2.310145616531372,
            "dev_nll": 2.2376532554626465,
            "dev_kl": 0.0021585302613832914,
            "dev_objective": 2.2592385580764796
          },
          {
            "epoch": 20,
            "train_objective": 2.296074390411377,
            "dev_nll": 2.229579448699951,
            "dev_kl": 0.002034838227995646,
            "dev_objective": 2.2499278309799076
          },
          {
            "epoch": 21,
            "train_objective": 2.285383701324463,
            "dev_nll": 2.222151517868042,
            "dev_kl": 0.002425653377662178,
            "dev_objective": 2.246408051644664
          },
          {
            "epoch": 22,
            "train_objective": 2.2857823371887207,
            "dev_nll": 2.2168595790863037,
            "dev_kl": 0.003029312326222541,
            "dev_objective": 2.247152702348529
          },
          {
            "epoch": 23,
            "train_objective": 2.2924141883850098,
            "dev_nll": 2.2142398357391357,
            "dev_kl": 0.0032808536129819046,
            "dev_objective": 2.2470483718689547
          },
          {
            "epoch": 24,
            "train_objective": 2.2951431274414062,
            "dev_nll": 2.2142174243927,
            "dev_kl": 0.003003615650782563,
            "dev_objective": 2.244253580900526
          },
          {
            "epoch": 25,
            "train_objective": 2.2901268005371094,
            "dev_nll": 2.2163586616516113,
            "dev_kl": 0.0025465190487962033,
            "dev_objective": 2.2418238521395732
          },
          {
            "epoch": 26,
            "train_objective": 2.2822158336639404,
            "dev_nll": 2.2197647094726562,
            "dev_kl": 0.0023556473271120005,
            "dev_objective": 2.2433211827437765
          },
          {
            "epoch": 27,
            "train_objective": 2.2784390449523926,
            "dev_nll": 2.223006010055542,
            "dev_kl": 0.0025226896907190313,
            "dev_objective": 2.2482329069627323
          },
          {
            "epoch": 28,
            "train_objective": 2.2804925441741943,
            "dev_nll": 2.224544048309326,
            "dev_kl": 0.002763373691007612,
            "dev_objective": 2.2521777852194025
          },
          {
            "epoch": 29,
            "train_objective": 2.2836716175079346,
            "dev_nll": 2.22347354888916,
            "dev_kl": 0.002782535742127194,
            "dev_objective": 2.2512989063104323
          },
          {
            "epoch": 30,
            "train_objective": 2.2828619480133057,
            "dev_nll": 2.2199623584747314,
            "dev_kl": 0.00258009694103699,
            "dev_objective": 2.2457633278851015
          },
          {
            "epoch": 31,
            "train_objective": 2.2780613899230957,
            "dev_nll": 2.215067148208618,
            "dev_kl": 0.0023973797668749046,
            "dev_objective": 2.2390409458773672
          },
          {
            "epoch": 32,
            "train_objective": 2.273515224456787,
            "dev_nll": 2.210153341293335,
            "dev_kl": 0.0024230744450317427,
            "dev_objective": 2.2343840857436525
          },
          {
            "epoch": 33,
            "train_objective": 2.2724881172180176,
            "dev_nll": 2.2063205242156982,
            "dev_kl": 0.002591723923074283,
            "dev_objective": 2.232237763446441
          },
          {
            "epoch": 34,
            "train_objective": 2.27388334274292,
            "dev_nll": 2.2041311264038086,
            "dev_kl": 0.0026837526005168387,
            "dev_objective": 2.230968652408977
          },
          {
            "epoch": 35,
            "train_objective": 2.274179697036743,
            "dev_nll": 2.2036430835723877,
            "dev_kl": 0.002584480375590575,
            "dev_objective": 2.2294878873282933
          },
          {
            "epoch": 36,
            "train_objective": 2.2717349529266357,
            "dev_nll": 2.2045042514801025,
            "dev_kl": 0.002388710727934046,
            "dev_objective": 2.228391358759443
          },
          {
            "epoch": 37,
            "train_objective": 2.268319845199585,
            "dev_nll": 2.2059993743896484,
            "dev_kl": 0.0022605893273967914,
            "dev_objective": 2.2286052676636166
          },
          {
            "epoch": 38,
            "train_objective": 2.266637086868286,
            "dev_nll": 2.2071735858917236,
            "dev_kl": 0.0022495833938657663,
            "dev_objective": 2.2296694198303815
          },
          {
            "epoch": 39,
            "train_objective": 2.2671024799346924,
            "dev_nll": 2.207160711288452,
            "dev_kl": 0.002277373125056132,
            "dev_objective": 2.2299344425390135
          },
          {
            "epoch": 40,
            "train_objective": 2.267673969268799,
            "dev_nll": 2.2055819034576416,
            "dev_kl": 0.0022753709154376585,
            "dev_objective": 2.2283356126120184
          },
          {
            "epoch": 41,
            "train_objective": 2.2666141986846924,
            "dev_nll": 2.202712297439575,
            "dev_kl": 0.0022774151513150574,
            "dev_objective": 2.2254864489527257
          },
          {
            "epoch": 42,
            "train_objective": 2.2644782066345215,
            "dev_nll": 2.1993000507354736,
            "dev_kl": 0.0023602863552409587,
            "dev_objective": 2.222902914287883
          },
          {
            "epoch": 43,
            "train_objective": 2.2630739212036133,
            "dev_nll": 2.196197271347046,
            "dev_kl": 0.002523428062763619,
            "dev_objective": 2.221431551974682
          },
          {
            "epoch": 44,
            "train_objective": 2.263075590133667,
            "dev_nll": 2.19402813911438,
            "dev_kl": 0.0026674495917128247,
            "dev_objective": 2.220702635031508
          },
          {
            "epoch": 45,
            "train_objective": 2.263364315032959,
            "dev_nll": 2.1930460929870605,
            "dev_kl": 0.002700484395006185,
            "dev_objective": 2.220050936937122
          },
          {
            "epoch": 46,
            "train_objective": 2.2626707553863525,
            "dev_nll": 2.1931285858154297,
            "dev_kl": 0.0026359636799866536,
            "dev_objective": 2.219488222615296
          },
          {
            "epoch": 47,
            "train_objective": 2.261160373687744,
            "dev_nll": 2.1938321590423584,
            "dev_kl": 0.002564675835913534,
            "dev_objective": 2.219478917401494
          },
          {
            "epoch": 48,
            "train_objective": 2.260002851486206,
            "dev_nll": 2.1945064067840576,
            "dev_kl": 0.0025511681128960306,
            "dev_objective": 2.220018087913018
          },
          {
            "epoch": 49,
            "train_objective": 2.2597529888153076,
            "dev_nll": 2.194518804550171,
            "dev_kl": 0.0025865948959075433,
            "dev_objective": 2.2203847535092462
          },
          {
            "epoch": 50,
            "train_objective": 2.2597475051879883,
            "dev_nll": 2.193530321121216,
            "dev_kl": 0.002636377113008125,
            "dev_objective": 2.219894092251297
          },
          {
            "epoch": 51,
            "train_objective": 2.259150743484497,
            "dev_nll": 2.1916427612304688,
            "dev_kl": 0.0026981935676172594,
            "dev_objective": 2.2186246969066414
          },
          {
            "epoch": 52,
            "train_objective": 2.2580692768096924,
            "dev_nll": 2.1893246173858643,
            "dev_kl": 0.0027919272655675706,
            "dev_objective": 2.21724389004154
          },
          {
            "epoch": 53,
            "train_objective": 2.2572624683380127,
            "dev_nll": 2.187161684036255,
            "dev_kl": 0.0029091445316438906,
            "dev_objective": 2.216253129352694
          },
          {
            "epoch": 54,
            "train_objective": 2.2570412158966064,
            "dev_nll": 2.185610294342041,
            "dev_kl": 0.0030034148460201635,
            "dev_objective": 2.2156444428022426
          },
          {
            "epoch": 55,
            "train_objective": 2.2569234371185303,
            "dev_nll": 2.184851884841919,
            "dev_kl": 0.00303892491816392,
            "dev_objective": 2.2152411340235583
          },
          {
            "epoch": 56,
            "train_objective": 2.2564024925231934,
            "dev_nll": 2.184767484664917,
            "dev_kl": 0.0030298606688702093,
            "dev_objective": 2.215066091353619
          },
          {
            "epoch": 57,
            "train_objective": 2.2556233406066895,
            "dev_nll": 2.184992790222168,
            "dev_kl": 0.0030196688514462933,
            "dev_objective": 2.215189478736631
          },
          {
            "epoch": 58,
            "train_objective": 2.2550764083862305,
            "dev_nll": 2.1850528717041016,
            "dev_kl": 0.0030337679835701326,
            "dev_objective": 2.215390551539803
          },
          {
            "epoch": 59,
            "train_objective": 2.254870891571045,
            "dev_nll": 2.184558868408203,
            "dev_kl": 0.003067521495468755,
            "dev_objective": 2.2152340833628905
          },
          {
            "epoch": 60,
            "train_objective": 2.2546448707580566,
            "dev_nll": 2.1833815574645996,
            "dev_kl": 0.0031128694867843193,
            "dev_objective": 2.2145102523324427
          },
          {
            "epoch": 61,
            "train_objective": 2.254141092300415,
            "dev_nll": 2.1817030906677246,
            "dev_kl": 0.003174970054428454,
            "dev_objective": 2.213452791212009
          },
          {
            "epoch": 62,
            "train_objective": 2.2535483837127686,
            "dev_nll": 2.1799051761627197,
            "dev_kl": 0.003255884822506273,
            "dev_objective": 2.2124640243877827
          },
          {
            "epoch": 63,
            "train_objective": 2.2531650066375732,
            "dev_nll": 2.178382158279419,
            "dev_kl": 0.0033362875259921863,
            "dev_objective": 2.2117450335393407
          },
          {
            "epoch": 64,
            "train_objective": 2.252962827682495,
            "dev_nll": 2.1773786544799805,
            "dev_kl": 0.0033882434775125707,
            "dev_objective": 2.2112610892551063
          },
          {
            "epoch": 65,
            "train_objective": 2.2526814937591553,
            "dev_nll": 2.1769163608551025,
            "dev_kl": 0.00340408251803318,
            "dev_objective": 2.2109571860354342
          },
          {
            "epoch": 66,
            "train_objective": 2.2522411346435547,
            "dev_nll": 2.176805019378662,
            "dev_kl": 0.0034024746480779636,
            "dev_objective": 2.2108297658594416
          },
          {
            "epoch": 67,
            "train_objective": 2.251824378967285,
            "dev_nll": 2.1767308712005615,
            "dev_kl": 0.0034071919033702397,
            "dev_objective": 2.210802790234264
          },
          {
            "epoch": 68,
            "train_objective": 2.2515692710876465,
            "dev_nll": 2.1763923168182373,
            "dev_kl": 0.00342858659571796,
            "dev_objective": 2.2106781827754167
          },
          {
            "epoch": 69,
            "train_objective": 2.251373767852783,
            "dev_nll": 2.1756372451782227,
            "dev_kl": 0.003466672574480375,
            "dev_objective": 2.2103039709230266
          },
          {
            "epoch": 70,
            "train_objective": 2.251082420349121,
            "dev_nll": 2.174527406692505,
            "dev_kl": 0.0035203970324506075,
            "dev_objective": 2.209731377017011
          },
          {
            "epoch": 71,
            "train_objective": 2.250722885131836,
            "dev_nll": 2.173292398452759,
            "dev_kl": 0.0035855712052875175,
            "dev_objective": 2.209148110505634
          },
          {
            "epoch": 72,
            "train_objective": 2.2504329681396484,
            "dev_nll": 2.172205686569214,
            "dev_kl": 0.0036485157967314358,
            "dev_objective": 2.208690844536528
          },
          {
            "epoch": 73,
            "train_objective": 2.250234603881836,
            "dev_nll": 2.171459913253784,
            "dev_kl": 0.0036925404523457358,
            "dev_objective": 2.2083853177772417
          },
          {
            "epoch": 74,
            "train_objective": 2.2500228881835938,
            "dev_nll": 2.171090841293335,
            "dev_kl": 0.0037127440383129223,
            "dev_objective": 2.2082182816764644
          },
          {
            "epoch": 75,
            "train_objective": 2.2497429847717285,
            "dev_nll": 2.1709752082824707,
            "dev_kl": 0.0037202607671969344,
            "dev_objective": 2.20817781595444
          },
          {
            "epoch": 76,
            "train_objective": 2.2494680881500244,
            "dev_nll": 2.1708929538726807,
            "dev_kl": 0.0037308720323028515,
            "dev_objective": 2.2082016741957093
          },
          {
            "epoch": 77,
            "train_objective": 2.2492640018463135,
            "dev_nll": 2.170628070831299,
            "dev_kl": 0.0037533177324016957,
            "dev_objective": 2.208161248155316
          },
          {
            "epoch": 78,
            "train_objective": 2.2490925788879395,
            "dev_nll": 2.1700708866119385,
            "dev_kl": 0.003788955623455983,
            "dev_objective": 2.2079604428464985
          },
          {
            "epoch": 79,
            "train_objective": 2.2488858699798584,
            "dev_nll": 2.1692628860473633,
            "dev_kl": 0.003835996079729526,
            "dev_objective": 2.2076228468446586
          },
          {
            "epoch": 80,
            "train_objective": 2.2486572265625,
            "dev_nll": 2.168363332748413,
            "dev_kl": 0.003889449641212343,
            "dev_objective": 2.2072578291605365
          },
          {
            "epoch": 81,
            "train_objective": 2.2484652996063232,
            "dev_nll": 2.1675610542297363,
            "dev_kl": 0.003939809652594934,
            "dev_objective": 2.2069591507556856
          },
          {
            "epoch": 82,
            "train_objective": 2.248314142227173,
            "dev_nll": 2.1669845581054688,
            "dev_kl": 0.003977760983534527,
            "dev_objective": 2.206762167940814
          },
          {
            "epoch": 83,
            "train_objective": 2.248154640197754,
            "dev_nll": 2.166644334793091,
            "dev_kl": 0.004001573713098837,
            "dev_objective": 2.206660071924079
          },
          {
            "epoch": 84,
            "train_objective": 2.247971534729004,
            "dev_nll": 2.166442632675171,
            "dev_kl": 0.004018202374625305,
            "dev_objective": 2.206624656421424
          },
          {
            "epoch": 85,
            "train_objective": 2.2477991580963135,
            "dev_nll": 2.1662230491638184,
            "dev_kl": 0.004036794056217102,
            "dev_objective": 2.2065909897259894
          },
          {
            "epoch": 86,
            "train_objective": 2.247659921646118,
            "dev_nll": 2.16585111618042,
            "dev_kl": 0.004062938216815678,
            "dev_objective": 2.2064804983485766
          },
          {
            "epoch": 87,
            "train_objective": 2.247528076171875,
            "dev_nll": 2.16528058052063,
            "dev_kl": 0.004097978375497618,
            "dev_objective": 2.206260364275606
          },
          {
            "epoch": 88,
            "train_objective": 2.247380018234253,
            "dev_nll": 2.1645712852478027,
            "dev_kl": 0.0041401077967518855,
            "dev_objective": 2.2059723632153214
          },
          {
            "epoch": 89,
            "train_objective": 2.24723219871521,
            "dev_nll": 2.1638505458831787,
            "dev_kl": 0.004184073375654407,
            "dev_objective": 2.205691279639723
          },
          {
            "epoch": 90,
            "train_objective": 2.2471063137054443,
            "dev_nll": 2.1632444858551025,
            "dev_kl": 0.0042225747750201555,
            "dev_objective": 2.205470233605304
          },
          {
            "epoch": 91,
            "train_objective": 2.2469940185546875,
            "dev_nll": 2.1628172397613525,
            "dev_kl": 0.004250745885918412,
            "dev_objective": 2.2053246986205366
          },
          {
            "epoch": 92,
            "train_objective": 2.2468743324279785,
            "dev_nll": 2.1625452041625977,
            "dev_kl": 0.004269899951051795,
            "dev_objective": 2.2052442036731157
          },
          {
            "epoch": 93,
            "train_objective": 2.2467503547668457,
            "dev_nll": 2.1623361110687256,
            "dev_kl": 0.004286059532115269,
            "dev_objective": 2.205196706389878
          },
          {
            "epoch": 94,
            "train_objective": 2.246640205383301,
            "dev_nll": 2.162081003189087,
            "dev_kl": 0.004305334884053524,
            "dev_objective": 2.205134352029622
          },
          {
            "epoch": 95,
            "train_objective": 2.246542453765869,
            "dev_nll": 2.161710262298584,
            "dev_kl": 0.004330943704468433,
            "dev_objective": 2.2050196993432682
          },
          {
            "epoch": 96,
            "train_objective": 2.2464420795440674,
            "dev_nll": 2.1612279415130615,
            "dev_kl": 0.00436261064634629,
            "dev_objective": 2.2048540479765246
          },
          {
            "epoch": 97,
            "train_objective": 2.246338367462158,
            "dev_nll": 2.1607038974761963,
            "dev_kl": 0.004397098825843837,
            "dev_objective": 2.2046748857346348
          },
          {
            "epoch": 98,
            "train_objective": 2.2462422847747803,
            "dev_nll": 2.1602306365966797,
            "dev_kl": 0.004429167667104913,
            "dev_objective": 2.204522313267729
          },
          {
            "epoch": 99,
            "train_objective": 2.2461564540863037,
            "dev_nll": 2.1598730087280273,
            "dev_kl": 0.004454384816822025,
            "dev_objective": 2.2044168568962474
          },
          {
            "epoch": 100,
            "train_objective": 2.2460711002349854,
            "dev_nll": 2.159636974334717,
            "dev_kl": 0.004472153676099035,
            "dev_objective": 2.204358511095707
          },
          {
            "epoch": 101,
            "train_objective": 2.2459840774536133,
            "dev_nll": 2.1594696044921875,
            "dev_kl": 0.004485881342793823,
            "dev_objective": 2.204328417920126
          },
          {
            "epoch": 102,
            "train_objective": 2.245901346206665,
            "dev_nll": 2.159292459487915,
            "dev_kl": 0.00450035654163609,
            "dev_objective": 2.204296024904276
          },
          {
            "epoch": 103,
            "train_objective": 2.245826482772827,
            "dev_nll": 2.159043073654175,
            "dev_kl": 0.004518848454379392,
            "dev_objective": 2.204231558197969
          },
          {
            "epoch": 104,
            "train_objective": 2.245753765106201,
            "dev_nll": 2.158708095550537,
            "dev_kl": 0.004541968851799128,
            "dev_objective": 2.2041277840685285
          },
          {
            "epoch": 105,
            "train_objective": 2.2456793785095215,
            "dev_nll": 2.1583266258239746,
            "dev_kl": 0.004567756704164896,
            "dev_objective": 2.2040041928656238
          },
          {
            "epoch": 106,
            "train_objective": 2.245607614517212,
            "dev_nll": 2.1579630374908447,
            "dev_kl": 0.00459262097229749,
            "dev_objective": 2.20388924721382
          },
          {
            "epoch": 107,
            "train_objective": 2.245542287826538,
            "dev_nll": 2.157670497894287,
            "dev_kl": 0.00461315606413451,
            "dev_objective": 2.2038020585356324
          },
          {
            "epoch": 108,
            "train_objective": 2.245478630065918,
            "dev_nll": 2.1574628353118896,
            "dev_kl": 0.004628388045553898,
            "dev_objective": 2.2037467157674286
          },
          {
            "epoch": 109,
            "train_objective": 2.2454142570495605,
            "dev_nll": 2.1573095321655273,
            "dev_kl": 0.004640228063893832,
            "dev_objective": 2.2037118128044657
          },
          {
            "epoch": 110,
            "train_objective": 2.245351791381836,
            "dev_nll": 2.1571569442749023,
            "dev_kl": 0.004652036989248266,
            "dev_objective": 2.203677314167385
          },
          {
            "epoch": 111,
            "train_objective": 2.245293617248535,
            "dev_nll": 2.1569597721099854,
            "dev_kl": 0.004666408328318482,
            "dev_objective": 2.20362385539317
          },
          {
            "epoch": 112,
            "train_objective": 2.2452375888824463,
            "dev_nll": 2.156705379486084,
            "dev_kl": 0.004684032827614689,
            "dev_objective": 2.2035457077622307
          },
          {
            "epoch": 113,
            "train_objective": 2.245181083679199,
            "dev_nll": 2.1564199924468994,
            "dev_kl": 0.0047035335992076975,
            "dev_objective": 2.2034553284389764
          },
          {
            "epoch": 114,
            "train_objective": 2.2451260089874268,
            "dev_nll": 2.15614914894104,
            "dev_kl": 0.004722217714040632,
            "dev_objective": 2.2033713260814465
          },
          {
            "epoch": 115,
            "train_objective": 2.245074510574341,
            "dev_nll": 2.1559317111968994,
            "dev_kl": 0.004737635487758739,
            "dev_objective": 2.2033080660744866
          },
          {
            "epoch": 116,
            "train_objective": 2.2450242042541504,
            "dev_nll": 2.1557767391204834,
            "dev_kl": 0.00474910205924938,
            "dev_objective": 2.2032677597129773
          },
          {
            "epoch": 117,
            "train_objective": 2.244974136352539,
            "dev_nll": 2.1556615829467773,
            "dev_kl": 0.004758087728987448,
            "dev_objective": 2.203242460236652
          },
          {
            "epoch": 118,
            "train_objective": 2.2449252605438232,
            "dev_nll": 2.155548334121704,
            "dev_kl": 0.00476701980952786,
            "dev_objective": 2.2032185322169826
          },
          {
            "epoch": 119,
            "train_objective": 2.2448785305023193,
            "dev_nll": 2.1554038524627686,
            "dev_kl": 0.004777831818697647,
            "dev_objective": 2.203182170649745
          },
          {
            "epoch": 120,
            "train_objective": 2.244833469390869,
            "dev_nll": 2.155221700668335,
            "dev_kl": 0.004790938055422786,
            "dev_objective": 2.203131081222563
          },
          {
            "epoch": 121,
            "train_objective": 2.24478816986084,
            "dev_nll": 2.1550216674804688,
            "dev_kl": 0.00480516174328849,
            "dev_objective": 2.2030732849133536
          },
          {
            "epoch": 122,
            "train_objective": 2.244744062423706,
            "dev_nll": 2.1548357009887695,
            "dev_kl": 0.004818488719195614,
            "dev_objective": 2.203020588180726
          },
          {
            "epoch": 123,
            "train_objective": 2.244701862335205,
            "dev_nll": 2.1546883583068848,
            "dev_kl": 0.004829345909964612,
            "dev_objective": 2.2029818174065308
          },
          {
            "epoch": 124,
            "train_objective": 2.2446603775024414,
            "dev_nll": 2.154581069946289,
            "dev_kl": 0.004837543345455013,
            "dev_objective": 2.202956503400839
          },
          {
            "epoch": 125,
            "train_objective": 2.244619846343994,
            "dev_nll": 2.154494285583496,
            "dev_kl": 0.004844344336815338,
            "dev_objective": 2.2029377289516496
          },
          {
            "epoch": 126,
            "train_objective": 2.244580030441284,
            "dev_nll": 2.1543993949890137,
            "dev_kl": 0.004851531006892942,
            "dev_objective": 2.202914705057943
          },
          {
            "epoch": 127,
            "train_objective": 2.2445411682128906,
            "dev_nll": 2.1542775630950928,
            "dev_kl": 0.004860264249539279,
            "dev_objective": 2.2028802055904855
          },
          {
            "epoch": 128,
            "train_objective": 2.2445032596588135,
            "dev_nll": 2.1541292667388916,
            "dev_kl": 0.004870532059555387,
            "dev_objective": 2.2028345873344453
          },
          {
            "epoch": 129,
            "train_objective": 2.2444660663604736,
            "dev_nll": 2.153972625732422,
            "dev_kl": 0.004881205465272279,
            "dev_objective": 2.2027846803851445
          },
          {
            "epoch": 130,
            "train_objective": 2.244429349899292,
            "dev_nll": 2.1538314819335938,
            "dev_kl": 0.0048908082354574695,
            "dev_objective": 2.2027395642881684
          },
          {
            "epoch": 131,
            "train_objective": 2.244393825531006,
            "dev_nll": 2.1537187099456787,
            "dev_kl": 0.00489847037992608,
            "dev_objective": 2.2027034137449397
          },
          {
            "epoch": 132,
            "train_objective": 2.244358777999878,
            "dev_nll": 2.1536307334899902,
            "dev_kl": 0.004904467966601563,
            "dev_objective": 2.202675413156006
          },
          {
            "epoch": 133,
            "train_objective": 2.244324207305908,
            "dev_nll": 2.153550148010254,
            "dev_kl": 0.004909929069260404,
            "dev_objective": 2.202649438702858
          },
          {
            "epoch": 134,
            "train_objective": 2.244290351867676,
            "dev_nll": 2.1534581184387207,
            "dev_kl": 0.004916052247354601,
            "dev_objective": 2.2026186409122666
          },
          {
            "epoch": 135,
            "train_objective": 2.244257688522339,
            "dev_nll": 2.1533470153808594,
            "dev_kl": 0.004923392394515644,
            "dev_objective": 2.202580939326016
          },
          {
            "epoch": 136,
            "train_objective": 2.244224786758423,
            "dev_nll": 2.153223752975464,
            "dev_kl": 0.004931509728398728,
            "dev_objective": 2.202538850259451
          },
          {
            "epoch": 137,
            "train_objective": 2.2441928386688232,
            "dev_nll": 2.153104305267334,
            "dev_kl": 0.004939365990959141,
            "dev_objective": 2.202497965176925
          },
          {
            "epoch": 138,
            "train_objective": 2.244161367416382,
            "dev_nll": 2.153003692626953,
            "dev_kl": 0.004946011861525099,
            "dev_objective": 2.202463811242204
          },
          {
            "epoch": 139,
            "train_objective": 2.244130849838257,
            "dev_nll": 2.152925491333008,
            "dev_kl": 0.004951166923641361,
            "dev_objective": 2.2024371605694215
          },
          {
            "epoch": 140,
            "train_objective": 2.244100332260132,
            "dev_nll": 2.152860403060913,
            "dev_kl": 0.0049554118021340994,
            "dev_objective": 2.202414521082254
          },
          {
            "epoch": 141,
            "train_objective": 2.244070529937744,
            "dev_nll": 2.152794599533081,
            "dev_kl": 0.004959702153526549,
            "dev_objective": 2.2023916210683465
          },
          {
            "epoch": 142,
            "train_objective": 2.2440414428710938,
            "dev_nll": 2.1527175903320312,
            "dev_kl": 0.00496471821024242,
            "dev_objective": 2.2023647724344553
          },
          {
            "epoch": 143,
            "train_objective": 2.2440123558044434,
            "dev_nll": 2.1526291370391846,
            "dev_kl": 0.00497044999963134,
            "dev_objective": 2.202333637035498
          },
          {
            "epoch": 144,
            "train_objective": 2.2439842224121094,
            "dev_nll": 2.152539014816284,
            "dev_kl": 0.004976298161079637,
            "dev_objective": 2.2023019964270807
          },
          {
            "epoch": 145,
            "train_objective": 2.2439560890197754,
            "dev_nll": 2.1524581909179688,
            "dev_kl": 0.004981491016486223,
            "dev_objective": 2.202273101082831
          },
          {
            "epoch": 146,
            "train_objective": 2.243928909301758,
            "dev_nll": 2.152392864227295,
            "dev_kl": 0.004985582720732677,
            "dev_objective": 2.2022486914346215
          },
          {
            "epoch": 147,
            "train_objective": 2.2439019680023193,
            "dev_nll": 2.152339458465576,
            "dev_kl": 0.00498885426487824,
            "dev_objective": 2.2022280011143587
          },
          {
            "epoch": 148,
            "train_objective": 2.243875503540039,
            "dev_nll": 2.1522879600524902,
            "dev_kl": 0.00499194720746878,
            "dev_objective": 2.202207432127178
          },
          {
            "epoch": 149,
            "train_objective": 2.243849039077759,
            "dev_nll": 2.1522295475006104,
            "dev_kl": 0.004995499149584715,
            "dev_objective": 2.2021845389964576
          },
          {
            "epoch": 150,
            "train_objective": 2.243823528289795,
            "dev_nll": 2.1521613597869873,
            "dev_kl": 0.004999652799105624,
            "dev_objective": 2.2021578877780437
          },
          {
            "epoch": 151,
            "train_objective": 2.24379825592041,
            "dev_nll": 2.152088165283203,
            "dev_kl": 0.00500410964617061,
            "dev_objective": 2.202129261744909
          },
          {
            "epoch": 152,
            "train_objective": 2.2437732219696045,
            "dev_nll": 2.1520192623138428,
            "dev_kl": 0.0050082451561392445,
            "dev_objective": 2.2021017138752352
          },
          {
            "epoch": 153,
            "train_objective": 2.243748664855957,
            "dev_nll": 2.151961088180542,
            "dev_kl": 0.005011676362718808,
            "dev_objective": 2.20207785180773
          },
          {
            "epoch": 154,
            "train_objective": 2.2437245845794678,
            "dev_nll": 2.151911497116089,
            "dev_kl": 0.005014464666470172,
            "dev_objective": 2.2020561437807906
          },
          {
            "epoch": 155,
            "train_objective": 2.2437007427215576,
            "dev_nll": 2.151864767074585,
            "dev_kl": 0.005017036092541021,
            "dev_objective": 2.202035127999995
          },
          {
            "epoch": 156,
            "train_objective": 2.2436771392822266,
            "dev_nll": 2.1518142223358154,
            "dev_kl": 0.005019909331888623,
            "dev_objective": 2.2020133156547015
          },
          {
            "epoch": 157,
            "train_objective": 2.243654251098633,
            "dev_nll": 2.1517562866210938,
            "dev_kl": 0.005023282289707945,
            "dev_objective": 2.2019891095181734
          },
          {
            "epoch": 158,
            "train_objective": 2.243631601333618,
            "dev_nll": 2.1516945362091064,
            "dev_kl": 0.005026934690184069,
            "dev_objective": 2.201963883110947
          },
          {
            "epoch": 159,
            "train_objective": 2.2436089515686035,
            "dev_nll": 2.151634931564331,
            "dev_kl": 0.0050304611543217585,
            "dev_objective": 2.2019395431075486
          },
          {
            "epoch": 160,
            "train_objective": 2.243587017059326,
            "dev_nll": 2.1515824794769287,
            "dev_kl": 0.00503349240544422,
            "dev_objective": 2.201917403531371
          },
          {
            "epoch": 161,
            "train_objective": 2.243565320968628,
            "dev_nll": 2.1515374183654785,
            "dev_kl": 0.00503607237571798,
            "dev_objective": 2.2018981421226584
          },
          {
            "epoch": 162,
            "train_objective": 2.243544101715088,
            "dev_nll": 2.1514947414398193,
            "dev_kl": 0.005038457398440769,
            "dev_objective": 2.201879315424227
          },
          {
            "epoch": 163,
            "train_objective": 2.243523120880127,
            "dev_nll": 2.151449203491211,
            "dev_kl": 0.005041055215327573,
            "dev_objective": 2.2018597556444868
          },
          {
            "epoch": 164,
            "train_objective": 2.243502378463745,
            "dev_nll": 2.1513991355895996,
            "dev_kl": 0.005044009182670338,
            "dev_objective": 2.201839227416303
          },
          {
            "epoch": 165,
            "train_objective": 2.2434818744659424,
            "dev_nll": 2.1513454914093018,
            "dev_kl": 0.005047187471194906,
            "dev_objective": 2.201817366121251
          },
          {
            "epoch": 166,
            "train_objective": 2.243461847305298,
            "dev_nll": 2.1512937545776367,
            "dev_kl": 0.005050260019014057,
            "dev_objective": 2.2017963547677772
          },
          {
            "epoch": 167,
            "train_objective": 2.2434422969818115,
            "dev_nll": 2.1512465476989746,
            "dev_kl": 0.005052977917190989,
            "dev_objective": 2.2017763268708843
          },
          {
            "epoch": 168,
            "train_objective": 2.243422746658325,
            "dev_nll": 2.1512043476104736,
            "dev_kl": 0.005055346764411215,
            "dev_objective": 2.201757815254586
          },
          {
            "epoch": 169,
            "train_objective": 2.243403434753418,
            "dev_nll": 2.1511638164520264,
            "dev_kl": 0.005057589232705026,
            "dev_objective": 2.2017397087790767
          },
          {
            "epoch": 170,
            "train_objective": 2.24338436126709,
            "dev_nll": 2.151120901107788,
            "dev_kl": 0.005059987651514569,
            "dev_objective": 2.201720777622934
          },
          {
            "epoch": 171,
            "train_objective": 2.243366003036499,
            "dev_nll": 2.1510744094848633,
            "dev_kl": 0.0050626433875803995,
            "dev_objective": 2.2017008433606673
          },
          {
            "epoch": 172,
            "train_objective": 2.243347644805908,
            "dev_nll": 2.1510260105133057,
            "dev_kl": 0.005065448176423046,
            "dev_objective": 2.201680492277536
          },
          {
            "epoch": 173,
            "train_objective": 2.2433297634124756,
            "dev_nll": 2.1509788036346436,
            "dev_kl": 0.005068179497889637,
            "dev_objective": 2.20166059861354
          },
          {
            "epoch": 174,
            "train_objective": 2.243311882019043,
            "dev_nll": 2.150935649871826,
            "dev_kl": 0.0050706322461435875,
            "dev_objective": 2.201641972333262
          },
          {
            "epoch": 175,
            "train_objective": 2.2432947158813477,
            "dev_nll": 2.150895357131958,
            "dev_kl": 0.005072849882642848,
            "dev_objective": 2.2016238559583865
          },
          {
            "epoch": 176,
            "train_objective": 2.2432773113250732,
            "dev_nll": 2.1508562564849854,
            "dev_kl": 0.005075000100381051,
            "dev_objective": 2.201606257488796
          },
          {
            "epoch": 177,
            "train_objective": 2.243260383605957,
            "dev_nll": 2.150815725326538,
            "dev_kl": 0.005077299029122711,
            "dev_objective": 2.201588715617765
          },
          {
            "epoch": 178,
            "train_objective": 2.24324369430542,
            "dev_nll": 2.1507728099823,
            "dev_kl": 0.005079794283783239,
            "dev_objective": 2.2015707528201323
          },
          {
            "epoch": 179,
            "train_objective": 2.243227243423462,
            "dev_nll": 2.150728940963745,
            "dev_kl": 0.0050823694993825715,
            "dev_objective": 2.201552635957571
          },
          {
            "epoch": 180,
            "train_objective": 2.243211269378662,
            "dev_nll": 2.150686502456665,
            "dev_kl": 0.005084858225083801,
            "dev_objective": 2.201535084707503
          },
          {
            "epoch": 181,
            "train_objective": 2.243195056915283,
            "dev_nll": 2.1506471633911133,
            "dev_kl": 0.0050871427956735715,
            "dev_objective": 2.201518591347849
          },
          {
            "epoch": 182,
            "train_objective": 2.2431795597076416,
            "dev_nll": 2.1506102085113525,
            "dev_kl": 0.005089263825940581,
            "dev_objective": 2.2015028467707585
          },
          {
            "epoch": 183,
            "train_objective": 2.2431640625,
            "dev_nll": 2.150573492050171,
            "dev_kl": 0.005091397520568986,
            "dev_objective": 2.201487467255861
          },
          {
            "epoch": 184,
            "train_objective": 2.2431488037109375,
            "dev_nll": 2.1505348682403564,
            "dev_kl": 0.005093636559264793,
            "dev_objective": 2.2014712338330042
          },
          {
            "epoch": 185,
            "train_objective": 2.243134021759033,
            "dev_nll": 2.1504952907562256,
            "dev_kl": 0.005096027349658847,
            "dev_objective": 2.201455564252814
          },
          {
            "epoch": 186,
            "train_objective": 2.243119478225708,
            "dev_nll": 2.1504549980163574,
            "dev_kl": 0.005098432388868778,
            "dev_objective": 2.201439321905045
          },
          {
            "epoch": 187,
            "train_objective": 2.243104934692383,
            "dev_nll": 2.150416374206543,
            "dev_kl": 0.00510074907383118,
            "dev_objective": 2.201423864944855
          },
          {
            "epoch": 188,
            "train_objective": 2.2430906295776367,
            "dev_nll": 2.1503798961639404,
            "dev_kl": 0.005102906919132733,
            "dev_objective": 2.201408965355268
          },
          {
            "epoch": 189,
            "train_objective": 2.2430765628814697,
            "dev_nll": 2.1503443717956543,
            "dev_kl": 0.005104985671235366,
            "dev_objective": 2.201394228508008
          },
          {
            "epoch": 190,
            "train_objective": 2.243062734603882,
            "dev_nll": 2.150308609008789,
            "dev_kl": 0.005107094542918357,
            "dev_objective": 2.2013795544379726
          },
          {
            "epoch": 191,
            "train_objective": 2.243049144744873,
            "dev_nll": 2.1502716541290283,
            "dev_kl": 0.005109320914237508,
            "dev_objective": 2.2013648632714036
          },
          {
            "epoch": 192,
            "train_objective": 2.2430357933044434,
            "dev_nll": 2.150233745574951,
            "dev_kl": 0.005111619781756245,
            "dev_objective": 2.2013499433925134
          },
          {
            "epoch": 193,
            "train_objective": 2.2430226802825928,
            "dev_nll": 2.150196075439453,
            "dev_kl": 0.00511389370335933,
            "dev_objective": 2.2013350124730464
          },
          {
            "epoch": 194,
            "train_objective": 2.2430098056793213,
            "dev_nll": 2.150160074234009,
            "dev_kl": 0.005116063562643438,
            "dev_objective": 2.2013207098604433
          },
          {
            "epoch": 195,
            "train_objective": 2.242997169494629,
            "dev_nll": 2.15012526512146,
            "dev_kl": 0.005118158921627705,
            "dev_objective": 2.201306854337737
          },
          {
            "epoch": 196,
            "train_objective": 2.2429845333099365,
            "dev_nll": 2.1500911712646484,
            "dev_kl": 0.005120196736964128,
            "dev_objective": 2.2012931386342895
          },
          {
            "epoch": 197,
            "train_objective": 2.2429721355438232,
            "dev_nll": 2.1500563621520996,
            "dev_kl": 0.005122311404897823,
            "dev_objective": 2.2012794762010777
          },
          {
            "epoch": 198,
            "train_objective": 2.24295973777771,
            "dev_nll": 2.1500208377838135,
            "dev_kl": 0.005124517518771091,
            "dev_objective": 2.2012660129715242
          },
          {
            "epoch": 199,
            "train_objective": 2.242948055267334,
            "dev_nll": 2.1499850749969482,
            "dev_kl": 0.0051267371517669,
            "dev_objective": 2.201252446514617
          },
          {
            "epoch": 200,
            "train_objective": 2.242936372756958,
            "dev_nll": 2.1499502658843994,
            "dev_kl": 0.005128907549865167,
            "dev_objective": 2.201239341383051
          },
          {
            "epoch": 201,
            "train_objective": 2.242924451828003,
            "dev_nll": 2.149916410446167,
            "dev_kl": 0.005130998845980922,
            "dev_objective": 2.2012263989059764
          },
          {
            "epoch": 202,
            "train_objective": 2.242913246154785,
            "dev_nll": 2.14988374710083,
            "dev_kl": 0.005133030496024829,
            "dev_objective": 2.2012140520610783
          },
          {
            "epoch": 203,
            "train_objective": 2.2429020404815674,
            "dev_nll": 2.149850606918335,
            "dev_kl": 0.005135085430706281,
            "dev_objective": 2.2012014612253976
          },
          {
            "epoch": 204,
            "train_objective": 2.2428908348083496,
            "dev_nll": 2.1498172283172607,
            "dev_kl": 0.005137198337989331,
            "dev_objective": 2.201189211697154
          },
          {
            "epoch": 205,
            "train_objective": 2.24288010597229,
            "dev_nll": 2.149783134460449,
            "dev_kl": 0.005139349685926284,
            "dev_objective": 2.201176631319712
          },
          {
            "epoch": 206,
            "train_objective": 2.2428693771362305,
            "dev_nll": 2.149749755859375,
            "dev_kl": 0.0051414892730315695,
            "dev_objective": 2.2011646485896907
          },
          {
            "epoch": 207,
            "train_objective": 2.242858648300171,
            "dev_nll": 2.149716854095459,
            "dev_kl": 0.0051435625600378945,
            "dev_objective": 2.2011524796958377
          },
          {
            "epoch": 208,
            "train_objective": 2.2428483963012695,
            "dev_nll": 2.1496851444244385,
            "dev_kl": 0.005145583141449344,
            "dev_objective": 2.201140975838932
          },
          {
            "epoch": 209,
            "train_objective": 2.242838144302368,
            "dev_nll": 2.149653434753418,
            "dev_kl": 0.0051476045356704725,
            "dev_objective": 2.2011294801101227
          },
          {
            "epoch": 210,
            "train_objective": 2.242828130722046,
            "dev_nll": 2.1496217250823975,
            "dev_kl": 0.0051496505075520295,
            "dev_objective": 2.2011182301579177
          },
          {
            "epoch": 211,
            "train_objective": 2.2428183555603027,
            "dev_nll": 2.1495893001556396,
            "dev_kl": 0.005151730830606015,
            "dev_objective": 2.2011066084617
          },
          {
            "epoch": 212,
            "train_objective": 2.2428085803985596,
            "dev_nll": 2.149557113647461,
            "dev_kl": 0.005153810460936396,
            "dev_objective": 2.201095218256825
          },
          {
            "epoch": 213,
            "train_objective": 2.2427988052368164,
            "dev_nll": 2.1495258808135986,
            "dev_kl": 0.005155856777868771,
            "dev_objective": 2.2010844485922862
          },
          {
            "epoch": 214,
            "train_objective": 2.2427895069122314,
            "dev_nll": 2.1494951248168945,
            "dev_kl": 0.005157857950696059,
            "dev_objective": 2.2010737043238553
          },
          {
            "epoch": 215,
            "train_objective": 2.2427804470062256,
            "dev_nll": 2.1494646072387695,
            "dev_kl": 0.005159842145633422,
            "dev_objective": 2.2010630286951036
          },
          {
            "epoch": 216,
            "train_objective": 2.2427711486816406,
            "dev_nll": 2.1494343280792236,
            "dev_kl": 0.005161840137621799,
            "dev_objective": 2.2010527294554416
          },
          {
            "epoch": 217,
            "train_objective": 2.242762565612793,
            "dev_nll": 2.1494035720825195,
            "dev_kl": 0.005163843565209357,
            "dev_objective": 2.201042007734613
          },
          {
            "epoch": 218,
            "train_objective": 2.242753505706787,
            "dev_nll": 2.1493730545043945,
            "dev_kl": 0.005165872765549769,
            "dev_objective": 2.2010317821598924
          },
          {
            "epoch": 219,
            "train_objective": 2.2427444458007812,
            "dev_nll": 2.1493430137634277,
            "dev_kl": 0.005167877473312573,
            "dev_objective": 2.2010217884965533
          },
          {
            "epoch": 220,
            "train_objective": 2.2427358627319336,
            "dev_nll": 2.1493136882781982,
            "dev_kl": 0.00516984788011361,
            "dev_objective": 2.2010121670793343
          },
          {
            "epoch": 221,
            "train_objective": 2.242727756500244,
            "dev_nll": 2.149284601211548,
            "dev_kl": 0.0051717808473276325,
            "dev_objective": 2.201002409684824
          },
          {
            "epoch": 222,
            "train_objective": 2.2427196502685547,
            "dev_nll": 2.1492555141448975,
            "dev_kl": 0.0051737227023533035,
            "dev_objective": 2.2009927411684305
          },
          {
            "epoch": 223,
            "train_objective": 2.242711305618286,
            "dev_nll": 2.149226427078247,
            "dev_kl": 0.005175677962445964,
            "dev_objective": 2.200983206702707
          },
          {
            "epoch": 224,
            "train_objective": 2.242703437805176,
            "dev_nll": 2.149197578430176,
            "dev_kl": 0.005177635265706183,
            "dev_objective": 2.200973931087238
          },
          {
            "epoch": 225,
            "train_objective": 2.2426950931549072,
            "dev_nll": 2.1491687297821045,
            "dev_kl": 0.005179570652208886,
            "dev_objective": 2.200964436304193
          },
          {
            "epoch": 226,
            "train_objective": 2.242687463760376,
            "dev_nll": 2.1491408348083496,
            "dev_kl": 0.005181483854251276,
            "dev_objective": 2.200955673350862
          },
          {
            "epoch": 227,
            "train_objective": 2.2426798343658447,
            "dev_nll": 2.1491127014160156,
            "dev_kl": 0.00518336048628191,
            "dev_objective": 2.200946306278835
          },
          {
            "epoch": 228,
            "train_objective": 2.2426722049713135,
            "dev_nll": 2.14908504486084,
            "dev_kl": 0.005185234572776165,
            "dev_objective": 2.2009373905886016
          },
          {
            "epoch": 229,
            "train_objective": 2.2426648139953613,
            "dev_nll": 2.149057626724243,
            "dev_kl": 0.005187104532032626,
            "dev_objective": 2.2009286720445695
          },
          {
            "epoch": 230,
            "train_objective": 2.242657423019409,
            "dev_nll": 2.1490299701690674,
            "dev_kl": 0.0051889879917956655,
            "dev_objective": 2.200919850087024
          },
          {
            "epoch": 231,
            "train_objective": 2.2426505088806152,
            "dev_nll": 2.1490025520324707,
            "dev_kl": 0.005190866749979103,
            "dev_objective": 2.2009112195322618
          },
          {
            "epoch": 232,
            "train_objective": 2.242643356323242,
            "dev_nll": 2.1489756107330322,
            "dev_kl": 0.0051927116429716395,
            "dev_objective": 2.200902727162749
          },
          {
            "epoch": 233,
            "train_objective": 2.242636203765869,
            "dev_nll": 2.148949146270752,
            "dev_kl": 0.005194537541126362,
            "dev_objective": 2.2008945216820157
          },
          {
            "epoch": 234,
            "train_objective": 2.2426295280456543,
            "dev_nll": 2.1489226818084717,
            "dev_kl": 0.005196344900141084,
            "dev_objective": 2.2008861308098826
          },
          {
            "epoch": 235,
            "train_objective": 2.2426226139068604,
            "dev_nll": 2.1488964557647705,
            "dev_kl": 0.00519816220178466,
            "dev_objective": 2.200878077782617
          },
          {
            "epoch": 236,
            "train_objective": 2.2426161766052246,
            "dev_nll": 2.1488702297210693,
            "dev_kl": 0.005199981317829198,
            "dev_objective": 2.2008700428993615
          },
          {
            "epoch": 237,
            "train_objective": 2.2426092624664307,
            "dev_nll": 2.1488442420959473,
            "dev_kl": 0.005201799293842612,
            "dev_objective": 2.200862235034373
          },
          {
            "epoch": 238,
            "train_objective": 2.242602825164795,
            "dev_nll": 2.1488187313079834,
            "dev_kl": 0.0052035802775765305,
            "dev_objective": 2.200854534083749
          },
          {
            "epoch": 239,
            "train_objective": 2.2425966262817383,
            "dev_nll": 2.1487932205200195,
            "dev_kl": 0.00520535086390147,
            "dev_objective": 2.2008467291590343
          },
          {
            "epoch": 240,
            "train_objective": 2.2425901889801025,
            "dev_nll": 2.148768186569214,
            "dev_kl": 0.005207117122670359,
            "dev_objective": 2.2008393577959176
          },
          {
            "epoch": 241,
            "train_objective": 2.242583751678467,
            "dev_nll": 2.148743152618408,
            "dev_kl": 0.005208863134350133,
            "dev_objective": 2.2008317839619096
          },
          {
            "epoch": 242,
            "train_objective": 2.2425777912139893,
            "dev_nll": 2.1487183570861816,
            "dev_kl": 0.0052106207619979136,
            "dev_objective": 2.200824564706161
          },
          {
            "epoch": 243,
            "train_objective": 2.242572069168091,
            "dev_nll": 2.148693561553955,
            "dev_kl": 0.0052123634228042354,
            "dev_objective": 2.2008171957819975
          },
          {
            "epoch": 244,
            "train_objective": 2.2425661087036133,
            "dev_nll": 2.1486687660217285,
            "dev_kl": 0.005214072228252032,
            "dev_objective": 2.200809488304249
          },
          {
            "epoch": 245,
            "train_objective": 2.2425601482391357,
            "dev_nll": 2.1486446857452393,
            "dev_kl": 0.005215788384645691,
            "dev_objective": 2.200802569591696
          },
          {
            "epoch": 246,
            "train_objective": 2.2425544261932373,
            "dev_nll": 2.148620843887329,
            "dev_kl": 0.005217493276414881,
            "dev_objective": 2.200795776651478
          },
          {
            "epoch": 247,
            "train_objective": 2.242548942565918,
            "dev_nll": 2.148597002029419,
            "dev_kl": 0.00521918237371882,
            "dev_objective": 2.2007888257666073
          },
          {
            "epoch": 248,
            "train_objective": 2.2425434589385986,
            "dev_nll": 2.148573160171509,
            "dev_kl": 0.0052208589215035055,
            "dev_objective": 2.200781749386544
          },
          {
            "epoch": 249,
            "train_objective": 2.2425379753112793,
            "dev_nll": 2.1485495567321777,
            "dev_kl": 0.005222539409055366,
            "dev_objective": 2.2007749508227312
          },
          {
            "epoch": 250,
            "train_objective": 2.24253249168396,
            "dev_nll": 2.148526668548584,
            "dev_kl": 0.005224188648663495,
            "dev_objective": 2.2007685550352187
          },
          {
            "epoch": 251,
            "train_objective": 2.2425272464752197,
            "dev_nll": 2.148503303527832,
            "dev_kl": 0.00522582324458756,
            "dev_objective": 2.2007615359737076
          },
          {
            "epoch": 252,
            "train_objective": 2.2425217628479004,
            "dev_nll": 2.1484806537628174,
            "dev_kl": 0.005227442657357913,
            "dev_objective": 2.2007550803363967
          },
          {
            "epoch": 253,
            "train_objective": 2.24251651763916,
            "dev_nll": 2.1484577655792236,
            "dev_kl": 0.005229068915558945,
            "dev_objective": 2.2007484547348133
          },
          {
            "epoch": 254,
            "train_objective": 2.242511510848999,
            "dev_nll": 2.148435354232788,
            "dev_kl": 0.005230693959527196,
            "dev_objective": 2.20074229382806
          },
          {
            "epoch": 255,
            "train_objective": 2.242506504058838,
            "dev_nll": 2.1484131813049316,
            "dev_kl": 0.00523228914204771,
            "dev_objective": 2.200736072725409
          },
          {
            "epoch": 256,
            "train_objective": 2.2425014972686768,
            "dev_nll": 2.148391008377075,
            "dev_kl": 0.005233874257789245,
            "dev_objective": 2.2007297509549675
          },
          {
            "epoch": 257,
            "train_objective": 2.2424967288970947,
            "dev_nll": 2.148369073867798,
            "dev_kl": 0.005235444708739886,
            "dev_objective": 2.2007235209551967
          },
          {
            "epoch": 258,
            "train_objective": 2.2424919605255127,
            "dev_nll": 2.1483473777770996,
            "dev_kl": 0.0052369995443056015,
            "dev_objective": 2.2007173732201557
          },
          {
            "epoch": 259,
            "train_objective": 2.2424869537353516,
            "dev_nll": 2.1483259201049805,
            "dev_kl": 0.005238555369008257,
            "dev_objective": 2.200711473795063
          },
          {
            "epoch": 260,
            "train_objective": 2.2424821853637695,
            "dev_nll": 2.1483047008514404,
            "dev_kl": 0.005240095417730527,
            "dev_objective": 2.2007056550287456
          },
          {
            "epoch": 261,
            "train_objective": 2.2424776554107666,
            "dev_nll": 2.1482834815979004,
            "dev_kl": 0.005241628257355334,
            "dev_objective": 2.200699764171454
          },
          {
            "epoch": 262,
            "train_objective": 2.2424733638763428,
            "dev_nll": 2.1482622623443604,
            "dev_kl": 0.0052431583195308076,
            "dev_objective": 2.2006938455396683
          },
          {
            "epoch": 263,
            "train_objective": 2.24246883392334,
            "dev_nll": 2.1482412815093994,
            "dev_kl": 0.005244651373039495,
            "dev_objective": 2.2006877952397943
          },
          {
            "epoch": 264,
            "train_objective": 2.242464303970337,
            "dev_nll": 2.148221015930176,
            "dev_kl": 0.0052461439391245715,
            "dev_objective": 2.2006824553214215
          },
          {
            "epoch": 265,
            "train_objective": 2.242459774017334,
            "dev_nll": 2.148200273513794,
            "dev_kl": 0.005247630660976954,
            "dev_objective": 2.2006765801235635
          },
          {
            "epoch": 266,
            "train_objective": 2.2424557209014893,
            "dev_nll": 2.1481800079345703,
            "dev_kl": 0.005249095399211673,
            "dev_objective": 2.200670961926687
          },
          {
            "epoch": 267,
            "train_objective": 2.2424514293670654,
            "dev_nll": 2.1481597423553467,
            "dev_kl": 0.005250560799886279,
            "dev_objective": 2.2006653503542095
          },
          {
            "epoch": 268,
            "train_objective": 2.2424471378326416,
            "dev_nll": 2.1481399536132812,
            "dev_kl": 0.005252019452536269,
            "dev_objective": 2.200660148138644
          },
          {
            "epoch": 269,
            "train_objective": 2.2424428462982178,
            "dev_nll": 2.1481199264526367,
            "dev_kl": 0.005253447781223594,
            "dev_objective": 2.200654404264873
          },
          {
            "epoch": 270,
            "train_objective": 2.242438793182373,
            "dev_nll": 2.1481003761291504,
            "dev_kl": 0.005254868417060598,
            "dev_objective": 2.200649060299756
          },
          {
            "epoch": 271,
            "train_objective": 2.2424347400665283,
            "dev_nll": 2.148081064224243,
            "dev_kl": 0.005256280261836527,
            "dev_objective": 2.2006438668426083
          },
          {
            "epoch": 272,
            "train_objective": 2.2424306869506836,
            "dev_nll": 2.148061513900757,
            "dev_kl": 0.00525770608143281,
            "dev_objective": 2.200638574715085
          },
          {
            "epoch": 273,
            "train_objective": 2.242426872253418,
            "dev_nll": 2.1480424404144287,
            "dev_kl": 0.0052590863229885175,
            "dev_objective": 2.200633303644314
          },
          {
            "epoch": 274,
            "train_objective": 2.2424230575561523,
            "dev_nll": 2.1480236053466797,
            "dev_kl": 0.005260477196750323,
            "dev_objective": 2.200628377314183
          },
          {
            "epoch": 275,
            "train_objective": 2.2424190044403076,
            "dev_nll": 2.1480047702789307,
            "dev_kl": 0.005261836986441316,
            "dev_objective": 2.200623140143344
          },
          {
            "epoch": 276,
            "train_objective": 2.242415428161621,
            "dev_nll": 2.1479861736297607,
            "dev_kl": 0.005263193220614355,
            "dev_objective": 2.2006181058359044
          },
          {
            "epoch": 277,
            "train_objective": 2.2424116134643555,
            "dev_nll": 2.147967576980591,
            "dev_kl": 0.005264540673034299,
            "dev_objective": 2.2006129837109336
          },
          {
            "epoch": 278,
            "train_objective": 2.242408037185669,
            "dev_nll": 2.14794921875,
            "dev_kl": 0.005265884413535976,
            "dev_objective": 2.20060806288536
          },
          {
            "epoch": 279,
            "train_objective": 2.2424042224884033,
            "dev_nll": 2.1479310989379883,
            "dev_kl": 0.005267210601281526,
            "dev_objective": 2.2006032049508035
          },
          {
            "epoch": 280,
            "train_objective": 2.242400884628296,
            "dev_nll": 2.1479129791259766,
            "dev_kl": 0.005268514263579991,
            "dev_objective": 2.2005981217617765
          },
          {
            "epoch": 281,
            "train_objective": 2.2423970699310303,
            "dev_nll": 2.147895097732544,
            "dev_kl": 0.005269819590958414,
            "dev_objective": 2.200593293642128
          },
          {
            "epoch": 282,
            "train_objective": 2.242393732070923,
            "dev_nll": 2.1478774547576904,
            "dev_kl": 0.0052711096948048364,
            "dev_objective": 2.2005885517057386
          },
          {
            "epoch": 283,
            "train_objective": 2.2423899173736572,
            "dev_nll": 2.147860050201416,
            "dev_kl": 0.005272401801047234,
            "dev_objective": 2.2005840682118882
          },
          {
            "epoch": 284,
            "train_objective": 2.24238657951355,
            "dev_nll": 2.1478426456451416,
            "dev_kl": 0.005273671646267889,
            "dev_objective": 2.2005793621078205
          },
          {
            "epoch": 285,
            "train_objective": 2.2423834800720215,
            "dev_nll": 2.147825241088867,
            "dev_kl": 0.005274917285360799,
            "dev_objective": 2.200574413942475
          },
          {
            "epoch": 286,
            "train_objective": 2.242379903793335,
            "dev_nll": 2.147808313369751,
            "dev_kl": 0.00527616356067393,
            "dev_objective": 2.2005699489764905
          },
          {
            "epoch": 287,
            "train_objective": 2.2423765659332275,
            "dev_nll": 2.1477913856506348,
            "dev_kl": 0.005277404387278046,
            "dev_objective": 2.200565429523415
          },
          {
            "epoch": 288,
            "train_objective": 2.242373466491699,
            "dev_nll": 2.1477746963500977,
            "dev_kl": 0.005278635593099721,
            "dev_objective": 2.200561052281095
          },
          {
            "epoch": 289,
            "train_objective": 2.2423698902130127,
            "dev_nll": 2.1477577686309814,
            "dev_kl": 0.0052798592121296286,
            "dev_objective": 2.2005563607522776
          },
          {
            "epoch": 290,
            "train_objective": 2.2423670291900635,
            "dev_nll": 2.1477410793304443,
            "dev_kl": 0.005281061682638267,
            "dev_objective": 2.200551696156827
          },
          {
            "epoch": 291,
            "train_objective": 2.242363691329956,
            "dev_nll": 2.1477251052856445,
            "dev_kl": 0.005282247226385333,
            "dev_objective": 2.200547577549498
          },
          {
            "epoch": 292,
            "train_objective": 2.2423605918884277,
            "dev_nll": 2.1477086544036865,
            "dev_kl": 0.005283415643445862,
            "dev_objective": 2.200542810838145
          },
          {
            "epoch": 293,
            "train_objective": 2.2423574924468994,
            "dev_nll": 2.1476926803588867,
            "dev_kl": 0.0052846011624153415,
            "dev_objective": 2.20053869198304
          },
          {
            "epoch": 294,
            "train_objective": 2.242354154586792,
            "dev_nll": 2.147676706314087,
            "dev_kl": 0.0052857612147465816,
            "dev_objective": 2.200534318461553
          },
          {
            "epoch": 295,
            "train_objective": 2.242351531982422,
            "dev_nll": 2.147660732269287,
            "dev_kl": 0.005286913717911276,
            "dev_objective": 2.2005298694484
          },
          {
            "epoch": 296,
            "train_objective": 2.2423484325408936,
            "dev_nll": 2.1476452350616455,
            "dev_kl": 0.0052880588520385395,
            "dev_objective": 2.200525823582031
          },
          {
            "epoch": 297,
            "train_objective": 2.2423453330993652,
            "dev_nll": 2.147629499435425,
            "dev_kl": 0.005289190544915671,
            "dev_objective": 2.2005214048845816
          },
          {
            "epoch": 298,
            "train_objective": 2.242342710494995,
            "dev_nll": 2.1476142406463623,
            "dev_kl": 0.005290297843801143,
            "dev_objective": 2.200517219084374
          },
          {
            "epoch": 299,
            "train_objective": 2.242339611053467,
            "dev_nll": 2.1475989818573,
            "dev_kl": 0.005291408885806287,
            "dev_objective": 2.200513070715363
          }
        ]
      }
    ],
    "constrained_stage_calibration_head": {
      "kl_lambda": 3.0,
      "best_dev_nll": 2.0824813842773438,
      "best_dev_kl": 0.020161016267904727,
      "best_dev_objective": 2.1429644330810578,
      "epochs_run": 300,
      "history": [
        {
          "epoch": 0,
          "train_objective": 2.3157315254211426,
          "dev_nll": 2.287132978439331,
          "dev_kl": 0.00010073093616082186,
          "dev_objective": 2.2874351712478136
        },
        {
          "epoch": 1,
          "train_objective": 2.3126633167266846,
          "dev_nll": 2.2841808795928955,
          "dev_kl": 0.00017099855864905072,
          "dev_objective": 2.2846938752688426
        },
        {
          "epoch": 2,
          "train_objective": 2.3098785877227783,
          "dev_nll": 2.281151533126831,
          "dev_kl": 0.00016519192741635289,
          "dev_objective": 2.28164710890908
        },
        {
          "epoch": 3,
          "train_objective": 2.3070223331451416,
          "dev_nll": 2.2780418395996094,
          "dev_kl": 0.00017568877746606968,
          "dev_objective": 2.2785689059320076
        },
        {
          "epoch": 4,
          "train_objective": 2.304295778274536,
          "dev_nll": 2.2748076915740967,
          "dev_kl": 0.00023489380698453902,
          "dev_objective": 2.2755123729950504
        },
        {
          "epoch": 5,
          "train_objective": 2.3017077445983887,
          "dev_nll": 2.2714929580688477,
          "dev_kl": 0.0003268826738283613,
          "dev_objective": 2.2724736060903328
        },
        {
          "epoch": 6,
          "train_objective": 2.299142599105835,
          "dev_nll": 2.268192768096924,
          "dev_kl": 0.00044403644993131446,
          "dev_objective": 2.2695248774467176
        },
        {
          "epoch": 7,
          "train_objective": 2.2966034412384033,
          "dev_nll": 2.264970302581787,
          "dev_kl": 0.000588768400563355,
          "dev_objective": 2.266736607783477
        },
        {
          "epoch": 8,
          "train_objective": 2.294158697128296,
          "dev_nll": 2.2618660926818848,
          "dev_kl": 0.0007512610137456324,
          "dev_objective": 2.2641198757231216
        },
        {
          "epoch": 9,
          "train_objective": 2.2918214797973633,
          "dev_nll": 2.258880615234375,
          "dev_kl": 0.0009107061112215659,
          "dev_objective": 2.2616127335680396
        },
        {
          "epoch": 10,
          "train_objective": 2.2895400524139404,
          "dev_nll": 2.255986452102661,
          "dev_kl": 0.0010591819377664291,
          "dev_objective": 2.2591639979159606
        },
        {
          "epoch": 11,
          "train_objective": 2.287285804748535,
          "dev_nll": 2.253167152404785,
          "dev_kl": 0.0012061420475711693,
          "dev_objective": 2.2567855785474986
        },
        {
          "epoch": 12,
          "train_objective": 2.285083055496216,
          "dev_nll": 2.250418186187744,
          "dev_kl": 0.0013633795020428512,
          "dev_objective": 2.2545083246938726
        },
        {
          "epoch": 13,
          "train_objective": 2.282961130142212,
          "dev_nll": 2.2477269172668457,
          "dev_kl": 0.0015340993657544557,
          "dev_objective": 2.2523292153641092
        },
        {
          "epoch": 14,
          "train_objective": 2.2809131145477295,
          "dev_nll": 2.245072603225708,
          "dev_kl": 0.0017143280173521824,
          "dev_objective": 2.2502155872777645
        },
        {
          "epoch": 15,
          "train_objective": 2.2789089679718018,
          "dev_nll": 2.2424416542053223,
          "dev_kl": 0.0019014817981106054,
          "dev_objective": 2.248146099599654
        },
        {
          "epoch": 16,
          "train_objective": 2.27694034576416,
          "dev_nll": 2.23983097076416,
          "dev_kl": 0.00209633708797261,
          "dev_objective": 2.246119982028078
        },
        {
          "epoch": 17,
          "train_objective": 2.275024652481079,
          "dev_nll": 2.2372395992279053,
          "dev_kl": 0.0022976144286699024,
          "dev_objective": 2.244132442513915
        },
        {
          "epoch": 18,
          "train_objective": 2.273172378540039,
          "dev_nll": 2.2346713542938232,
          "dev_kl": 0.00249970817481176,
          "dev_objective": 2.2421704788182586
        },
        {
          "epoch": 19,
          "train_objective": 2.2713735103607178,
          "dev_nll": 2.232139825820923,
          "dev_kl": 0.0026978912388618517,
          "dev_objective": 2.2402334995375086
        },
        {
          "epoch": 20,
          "train_objective": 2.269615650177002,
          "dev_nll": 2.2296643257141113,
          "dev_kl": 0.002892786405297827,
          "dev_objective": 2.238342684930005
        },
        {
          "epoch": 21,
          "train_objective": 2.2679007053375244,
          "dev_nll": 2.2272627353668213,
          "dev_kl": 0.003087863282416947,
          "dev_objective": 2.236526325214072
        },
        {
          "epoch": 22,
          "train_objective": 2.266238212585449,
          "dev_nll": 2.224942684173584,
          "dev_kl": 0.0032848373831822412,
          "dev_objective": 2.2347971963231306
        },
        {
          "epoch": 23,
          "train_objective": 2.2646262645721436,
          "dev_nll": 2.2226943969726562,
          "dev_kl": 0.0034834628072326064,
          "dev_objective": 2.2331447853943542
        },
        {
          "epoch": 24,
          "train_objective": 2.2630562782287598,
          "dev_nll": 2.2204973697662354,
          "dev_kl": 0.003684419433943936,
          "dev_objective": 2.2315506280680673
        },
        {
          "epoch": 25,
          "train_objective": 2.2615249156951904,
          "dev_nll": 2.2183241844177246,
          "dev_kl": 0.0038897687318076185,
          "dev_objective": 2.2299934906131473
        },
        {
          "epoch": 26,
          "train_objective": 2.260038137435913,
          "dev_nll": 2.2161495685577393,
          "dev_kl": 0.004100352038549645,
          "dev_objective": 2.228450624673388
        },
        {
          "epoch": 27,
          "train_objective": 2.2585976123809814,
          "dev_nll": 2.2139570713043213,
          "dev_kl": 0.004314759007848061,
          "dev_objective": 2.2269013483278655
        },
        {
          "epoch": 28,
          "train_objective": 2.2571964263916016,
          "dev_nll": 2.2117457389831543,
          "dev_kl": 0.004531333177363047,
          "dev_objective": 2.2253397385152436
        },
        {
          "epoch": 29,
          "train_objective": 2.2558271884918213,
          "dev_nll": 2.2095320224761963,
          "dev_kl": 0.004750068852314012,
          "dev_objective": 2.223782229033138
        },
        {
          "epoch": 30,
          "train_objective": 2.2544925212860107,
          "dev_nll": 2.2073404788970947,
          "dev_kl": 0.004971095774299675,
          "dev_objective": 2.222253766219994
        },
        {
          "epoch": 31,
          "train_objective": 2.2531964778900146,
          "dev_nll": 2.205195426940918,
          "dev_kl": 0.005192653698556184,
          "dev_objective": 2.2207733880365863
        },
        {
          "epoch": 32,
          "train_objective": 2.2519354820251465,
          "dev_nll": 2.2031118869781494,
          "dev_kl": 0.005411856798198166,
          "dev_objective": 2.219347457372744
        },
        {
          "epoch": 33,
          "train_objective": 2.250704288482666,
          "dev_nll": 2.201093912124634,
          "dev_kl": 0.005626996209439066,
          "dev_objective": 2.217974900752951
        },
        {
          "epoch": 34,
          "train_objective": 2.249500036239624,
          "dev_nll": 2.19913387298584,
          "dev_kl": 0.005837990618667456,
          "dev_objective": 2.2166478448418423
        },
        {
          "epoch": 35,
          "train_objective": 2.2483246326446533,
          "dev_nll": 2.1972174644470215,
          "dev_kl": 0.006045133162285663,
          "dev_objective": 2.2153528639338784
        },
        {
          "epoch": 36,
          "train_objective": 2.247178554534912,
          "dev_nll": 2.1953284740448,
          "dev_kl": 0.006248547416075494,
          "dev_objective": 2.2140741162930264
        },
        {
          "epoch": 37,
          "train_objective": 2.2460579872131348,
          "dev_nll": 2.1934568881988525,
          "dev_kl": 0.006448931997560116,
          "dev_objective": 2.212803684191533
        },
        {
          "epoch": 38,
          "train_objective": 2.244959592819214,
          "dev_nll": 2.1916017532348633,
          "dev_kl": 0.006647367847124786,
          "dev_objective": 2.2115438567762378
        },
        {
          "epoch": 39,
          "train_objective": 2.2438836097717285,
          "dev_nll": 2.1897687911987305,
          "dev_kl": 0.006843998964360982,
          "dev_objective": 2.2103007880918133
        },
        {
          "epoch": 40,
          "train_objective": 2.242830753326416,
          "dev_nll": 2.187969446182251,
          "dev_kl": 0.007037330359306505,
          "dev_objective": 2.2090814372601706
        },
        {
          "epoch": 41,
          "train_objective": 2.24179744720459,
          "dev_nll": 2.186213970184326,
          "dev_kl": 0.00722532348116327,
          "dev_objective": 2.207889940627816
        },
        {
          "epoch": 42,
          "train_objective": 2.2407824993133545,
          "dev_nll": 2.1845104694366455,
          "dev_kl": 0.0074063179929801555,
          "dev_objective": 2.206729423415586
        },
        {
          "epoch": 43,
          "train_objective": 2.23978590965271,
          "dev_nll": 2.1828598976135254,
          "dev_kl": 0.007579203964728098,
          "dev_objective": 2.20559750950771
        },
        {
          "epoch": 44,
          "train_objective": 2.238807439804077,
          "dev_nll": 2.181258201599121,
          "dev_kl": 0.007743350025643972,
          "dev_objective": 2.204488251676053
        },
        {
          "epoch": 45,
          "train_objective": 2.237844705581665,
          "dev_nll": 2.1796979904174805,
          "dev_kl": 0.007899296990315732,
          "dev_objective": 2.2033958813884276
        },
        {
          "epoch": 46,
          "train_objective": 2.236896514892578,
          "dev_nll": 2.1781716346740723,
          "dev_kl": 0.008048727987271204,
          "dev_objective": 2.202317818635886
        },
        {
          "epoch": 47,
          "train_objective": 2.2359635829925537,
          "dev_nll": 2.176670789718628,
          "dev_kl": 0.008193475053606866,
          "dev_objective": 2.2012512148794485
        },
        {
          "epoch": 48,
          "train_objective": 2.2350451946258545,
          "dev_nll": 2.1751904487609863,
          "dev_kl": 0.008334552288959475,
          "dev_objective": 2.200194105627865
        },
        {
          "epoch": 49,
          "train_objective": 2.234140396118164,
          "dev_nll": 2.1737263202667236,
          "dev_kl": 0.008472352763894853,
          "dev_objective": 2.199143378558408
        },
        {
          "epoch": 50,
          "train_objective": 2.233247995376587,
          "dev_nll": 2.1722779273986816,
          "dev_kl": 0.008606896561891394,
          "dev_objective": 2.198098617084356
        },
        {
          "epoch": 51,
          "train_objective": 2.232367515563965,
          "dev_nll": 2.1708474159240723,
          "dev_kl": 0.008737632356634413,
          "dev_objective": 2.1970603129939756
        },
        {
          "epoch": 52,
          "train_objective": 2.231499433517456,
          "dev_nll": 2.169438600540161,
          "dev_kl": 0.008863534647520413,
          "dev_objective": 2.1960292044827225
        },
        {
          "epoch": 53,
          "train_objective": 2.2306432723999023,
          "dev_nll": 2.168055295944214,
          "dev_kl": 0.008983803150004934,
          "dev_objective": 2.1950067053942286
        },
        {
          "epoch": 54,
          "train_objective": 2.2297980785369873,
          "dev_nll": 2.166701078414917,
          "dev_kl": 0.009098369912936579,
          "dev_objective": 2.1939961881537267
        },
        {
          "epoch": 55,
          "train_objective": 2.2289633750915527,
          "dev_nll": 2.1653764247894287,
          "dev_kl": 0.009207672282197588,
          "dev_objective": 2.1929994416360215
        },
        {
          "epoch": 56,
          "train_objective": 2.228139877319336,
          "dev_nll": 2.1640775203704834,
          "dev_kl": 0.009312516958284955,
          "dev_objective": 2.192015071245338
        },
        {
          "epoch": 57,
          "train_objective": 2.2273263931274414,
          "dev_nll": 2.162799119949341,
          "dev_kl": 0.009414015142488302,
          "dev_objective": 2.191041165376806
        },
        {
          "epoch": 58,
          "train_objective": 2.2265236377716064,
          "dev_nll": 2.161534547805786,
          "dev_kl": 0.009513142289539278,
          "dev_objective": 2.190073974674404
        },
        {
          "epoch": 59,
          "train_objective": 2.225731372833252,
          "dev_nll": 2.160280704498291,
          "dev_kl": 0.009610403246804233,
          "dev_objective": 2.189111914238704
        },
        {
          "epoch": 60,
          "train_objective": 2.224949359893799,
          "dev_nll": 2.1590378284454346,
          "dev_kl": 0.009705600453286877,
          "dev_objective": 2.1881546298052954
        },
        {
          "epoch": 61,
          "train_objective": 2.224177122116089,
          "dev_nll": 2.157810926437378,
          "dev_kl": 0.009798242162015323,
          "dev_objective": 2.187205652923424
        },
        {
          "epoch": 62,
          "train_objective": 2.2234151363372803,
          "dev_nll": 2.156606674194336,
          "dev_kl": 0.009887668511805099,
          "dev_objective": 2.1862696797297514
        },
        {
          "epoch": 63,
          "train_objective": 2.222662925720215,
          "dev_nll": 2.1554296016693115,
          "dev_kl": 0.009973408271918317,
          "dev_objective": 2.1853498264850666
        },
        {
          "epoch": 64,
          "train_objective": 2.22192120552063,
          "dev_nll": 2.1542818546295166,
          "dev_kl": 0.010055406442539229,
          "dev_objective": 2.1844480739571344
        },
        {
          "epoch": 65,
          "train_objective": 2.221189260482788,
          "dev_nll": 2.153160333633423,
          "dev_kl": 0.010134225920721603,
          "dev_objective": 2.1835630113955875
        },
        {
          "epoch": 66,
          "train_objective": 2.2204673290252686,
          "dev_nll": 2.1520588397979736,
          "dev_kl": 0.010210785510460008,
          "dev_objective": 2.182691196329354
        },
        {
          "epoch": 67,
          "train_objective": 2.2197554111480713,
          "dev_nll": 2.1509714126586914,
          "dev_kl": 0.010286015163433764,
          "dev_objective": 2.1818294581489925
        },
        {
          "epoch": 68,
          "train_objective": 2.219053268432617,
          "dev_nll": 2.1498942375183105,
          "dev_kl": 0.010360587074034344,
          "dev_objective": 2.1809759987404136
        },
        {
          "epoch": 69,
          "train_objective": 2.2183613777160645,
          "dev_nll": 2.1488258838653564,
          "dev_kl": 0.010434887039491924,
          "dev_objective": 2.1801305449838324
        },
        {
          "epoch": 70,
          "train_objective": 2.217679738998413,
          "dev_nll": 2.1477692127227783,
          "dev_kl": 0.010508845735662239,
          "dev_objective": 2.179295749929765
        },
        {
          "epoch": 71,
          "train_objective": 2.217007637023926,
          "dev_nll": 2.1467268466949463,
          "dev_kl": 0.010582160675685291,
          "dev_objective": 2.178473328722002
        },
        {
          "epoch": 72,
          "train_objective": 2.216346502304077,
          "dev_nll": 2.145700454711914,
          "dev_kl": 0.010654590433979457,
          "dev_objective": 2.1776642260138526
        },
        {
          "epoch": 73,
          "train_objective": 2.2156949043273926,
          "dev_nll": 2.144690990447998,
          "dev_kl": 0.010726027942534225,
          "dev_objective": 2.1768690742756007
        },
        {
          "epoch": 74,
          "train_objective": 2.2150540351867676,
          "dev_nll": 2.143695831298828,
          "dev_kl": 0.010796701896365161,
          "dev_objective": 2.1760859369879237
        },
        {
          "epoch": 75,
          "train_objective": 2.2144229412078857,
          "dev_nll": 2.142712116241455,
          "dev_kl": 0.010867013993750637,
          "dev_objective": 2.175313158222707
        },
        {
          "epoch": 76,
          "train_objective": 2.2138023376464844,
          "dev_nll": 2.141737699508667,
          "dev_kl": 0.010937569624057925,
          "dev_objective": 2.1745504083808407
        },
        {
          "epoch": 77,
          "train_objective": 2.2131919860839844,
          "dev_nll": 2.140770673751831,
          "dev_kl": 0.01100885662189129,
          "dev_objective": 2.173797243617505
        },
        {
          "epoch": 78,
          "train_objective": 2.2125918865203857,
          "dev_nll": 2.139810562133789,
          "dev_kl": 0.01108104645856394,
          "dev_objective": 2.173053701509481
        },
        {
          "epoch": 79,
          "train_objective": 2.2120020389556885,
          "dev_nll": 2.1388583183288574,
          "dev_kl": 0.011154103970814807,
          "dev_objective": 2.172320630241302
        },
        {
          "epoch": 80,
          "train_objective": 2.2114224433898926,
          "dev_nll": 2.1379153728485107,
          "dev_kl": 0.011227693131716864,
          "dev_objective": 2.1715984522436615
        },
        {
          "epoch": 81,
          "train_objective": 2.2108535766601562,
          "dev_nll": 2.1369831562042236,
          "dev_kl": 0.011301445698238141,
          "dev_objective": 2.170887493298938
        },
        {
          "epoch": 82,
          "train_objective": 2.210294723510742,
          "dev_nll": 2.136063814163208,
          "dev_kl": 0.01137506689616481,
          "dev_objective": 2.1701890148517022
        },
        {
          "epoch": 83,
          "train_objective": 2.2097461223602295,
          "dev_nll": 2.135158061981201,
          "dev_kl": 0.011448631770379195,
          "dev_objective": 2.169503957292339
        },
        {
          "epoch": 84,
          "train_objective": 2.209207773208618,
          "dev_nll": 2.1342644691467285,
          "dev_kl": 0.01152239637513622,
          "dev_objective": 2.168831658272137
        },
        {
          "epoch": 85,
          "train_objective": 2.208679676055908,
          "dev_nll": 2.1333820819854736,
          "dev_kl": 0.011596771852317295,
          "dev_objective": 2.1681723975424254
        },
        {
          "epoch": 86,
          "train_objective": 2.2081620693206787,
          "dev_nll": 2.1325089931488037,
          "dev_kl": 0.01167206146173821,
          "dev_objective": 2.1675251775340185
        },
        {
          "epoch": 87,
          "train_objective": 2.2076544761657715,
          "dev_nll": 2.131643056869507,
          "dev_kl": 0.011748431214007657,
          "dev_objective": 2.1668883505115297
        },
        {
          "epoch": 88,
          "train_objective": 2.2071571350097656,
          "dev_nll": 2.130784511566162,
          "dev_kl": 0.011825815548093544,
          "dev_objective": 2.1662619582104425
        },
        {
          "epoch": 89,
          "train_objective": 2.2066702842712402,
          "dev_nll": 2.129934310913086,
          "dev_kl": 0.01190404447022645,
          "dev_objective": 2.165646444323765
        },
        {
          "epoch": 90,
          "train_objective": 2.206192970275879,
          "dev_nll": 2.129094362258911,
          "dev_kl": 0.011982980506627838,
          "dev_objective": 2.165043303778795
        },
        {
          "epoch": 91,
          "train_objective": 2.205726146697998,
          "dev_nll": 2.128265619277954,
          "dev_kl": 0.012062575448900126,
          "dev_objective": 2.1644533456246546
        },
        {
          "epoch": 92,
          "train_objective": 2.2052693367004395,
          "dev_nll": 2.1274476051330566,
          "dev_kl": 0.012142924043317934,
          "dev_objective": 2.1638763772630103
        },
        {
          "epoch": 93,
          "train_objective": 2.204822540283203,
          "dev_nll": 2.126638650894165,
          "dev_kl": 0.012224195073350848,
          "dev_objective": 2.1633112361142177
        },
        {
          "epoch": 94,
          "train_objective": 2.204385280609131,
          "dev_nll": 2.125837564468384,
          "dev_kl": 0.01230660358759541,
          "dev_objective": 2.16275737523117
        },
        {
          "epoch": 95,
          "train_objective": 2.20395827293396,
          "dev_nll": 2.1250417232513428,
          "dev_kl": 0.012390315910903024,
          "dev_objective": 2.1622126709840517
        },
        {
          "epoch": 96,
          "train_objective": 2.203540802001953,
          "dev_nll": 2.1242518424987793,
          "dev_kl": 0.012475382730937437,
          "dev_objective": 2.1616779906915915
        },
        {
          "epoch": 97,
          "train_objective": 2.2031328678131104,
          "dev_nll": 2.1234683990478516,
          "dev_kl": 0.012561759179358912,
          "dev_objective": 2.1611536765859283
        },
        {
          "epoch": 98,
          "train_objective": 2.20273494720459,
          "dev_nll": 2.122692823410034,
          "dev_kl": 0.012649264808485666,
          "dev_objective": 2.160640617835491
        },
        {
          "epoch": 99,
          "train_objective": 2.2023465633392334,
          "dev_nll": 2.1219260692596436,
          "dev_kl": 0.01273764683372081,
          "dev_objective": 2.160139009760806
        },
        {
          "epoch": 100,
          "train_objective": 2.201967477798462,
          "dev_nll": 2.121169090270996,
          "dev_kl": 0.012826726773071001,
          "dev_objective": 2.1596492705902093
        },
        {
          "epoch": 101,
          "train_objective": 2.2015976905822754,
          "dev_nll": 2.1204211711883545,
          "dev_kl": 0.01291643572059567,
          "dev_objective": 2.1591704783501413
        },
        {
          "epoch": 102,
          "train_objective": 2.201237201690674,
          "dev_nll": 2.1196813583374023,
          "dev_kl": 0.013006794591657692,
          "dev_objective": 2.1587017421123753
        },
        {
          "epoch": 103,
          "train_objective": 2.2008860111236572,
          "dev_nll": 2.1189498901367188,
          "dev_kl": 0.013097942800094324,
          "dev_objective": 2.1582437185370016
        },
        {
          "epoch": 104,
          "train_objective": 2.2005438804626465,
          "dev_nll": 2.1182258129119873,
          "dev_kl": 0.013189969854539487,
          "dev_objective": 2.1577957224756057
        },
        {
          "epoch": 105,
          "train_objective": 2.2002108097076416,
          "dev_nll": 2.117509603500366,
          "dev_kl": 0.013282817486174896,
          "dev_objective": 2.1573580559588907
        },
        {
          "epoch": 106,
          "train_objective": 2.1998865604400635,
          "dev_nll": 2.116802453994751,
          "dev_kl": 0.013376279672655499,
          "dev_objective": 2.1569312930127174
        },
        {
          "epoch": 107,
          "train_objective": 2.199571132659912,
          "dev_nll": 2.1161036491394043,
          "dev_kl": 0.013470145405540484,
          "dev_objective": 2.156514085356026
        },
        {
          "epoch": 108,
          "train_objective": 2.1992640495300293,
          "dev_nll": 2.115414619445801,
          "dev_kl": 0.013564221335465912,
          "dev_objective": 2.1561072834521986
        },
        {
          "epoch": 109,
          "train_objective": 2.1989657878875732,
          "dev_nll": 2.1147348880767822,
          "dev_kl": 0.013658476490450043,
          "dev_objective": 2.1557103175481322
        },
        {
          "epoch": 110,
          "train_objective": 2.1986756324768066,
          "dev_nll": 2.1140646934509277,
          "dev_kl": 0.013753020283426546,
          "dev_objective": 2.1553237543012074
        },
        {
          "epoch": 111,
          "train_objective": 2.1983938217163086,
          "dev_nll": 2.113403081893921,
          "dev_kl": 0.013847936020832643,
          "dev_objective": 2.154946889956419
        },
        {
          "epoch": 112,
          "train_objective": 2.198120594024658,
          "dev_nll": 2.1127495765686035,
          "dev_kl": 0.013943276217842877,
          "dev_objective": 2.1545794052221323
        },
        {
          "epoch": 113,
          "train_objective": 2.197854995727539,
          "dev_nll": 2.1121034622192383,
          "dev_kl": 0.014039017848476719,
          "dev_objective": 2.1542205157646683
        },
        {
          "epoch": 114,
          "train_objective": 2.1975972652435303,
          "dev_nll": 2.1114656925201416,
          "dev_kl": 0.014134984108340676,
          "dev_objective": 2.1538706448451634
        },
        {
          "epoch": 115,
          "train_objective": 2.197347402572632,
          "dev_nll": 2.110835552215576,
          "dev_kl": 0.014231074295657727,
          "dev_objective": 2.1535287751025494
        },
        {
          "epoch": 116,
          "train_objective": 2.1971051692962646,
          "dev_nll": 2.1102144718170166,
          "dev_kl": 0.01432720460624304,
          "dev_objective": 2.153196085635746
        },
        {
          "epoch": 117,
          "train_objective": 2.1968703269958496,
          "dev_nll": 2.109602689743042,
          "dev_kl": 0.014423284269051274,
          "dev_objective": 2.152872542550196
        },
        {
          "epoch": 118,
          "train_objective": 2.1966428756713867,
          "dev_nll": 2.1089999675750732,
          "dev_kl": 0.01451933276781871,
          "dev_objective": 2.1525579658785294
        },
        {
          "epoch": 119,
          "train_objective": 2.196422815322876,
          "dev_nll": 2.108405828475952,
          "dev_kl": 0.014615266033771305,
          "dev_objective": 2.152251626577266
        },
        {
          "epoch": 120,
          "train_objective": 2.1962101459503174,
          "dev_nll": 2.1078200340270996,
          "dev_kl": 0.014711081735128516,
          "dev_objective": 2.1519532792324854
        },
        {
          "epoch": 121,
          "train_objective": 2.1960039138793945,
          "dev_nll": 2.1072423458099365,
          "dev_kl": 0.014806772224531145,
          "dev_objective": 2.1516626624835298
        },
        {
          "epoch": 122,
          "train_objective": 2.1958043575286865,
          "dev_nll": 2.106673002243042,
          "dev_kl": 0.01490225360097824,
          "dev_objective": 2.1513797630459766
        },
        {
          "epoch": 123,
          "train_objective": 2.1956119537353516,
          "dev_nll": 2.1061127185821533,
          "dev_kl": 0.014997451224025845,
          "dev_objective": 2.151105072254231
        },
        {
          "epoch": 124,
          "train_objective": 2.1954257488250732,
          "dev_nll": 2.1055619716644287,
          "dev_kl": 0.015092230991613506,
          "dev_objective": 2.150838664639269
        },
        {
          "epoch": 125,
          "train_objective": 2.1952457427978516,
          "dev_nll": 2.10502028465271,
          "dev_kl": 0.015186474638998793,
          "dev_objective": 2.1505797085697065
        },
        {
          "epoch": 126,
          "train_objective": 2.1950724124908447,
          "dev_nll": 2.1044881343841553,
          "dev_kl": 0.015280114315254986,
          "dev_objective": 2.15032847732992
        },
        {
          "epoch": 127,
          "train_objective": 2.1949050426483154,
          "dev_nll": 2.1039648056030273,
          "dev_kl": 0.015373182912659464,
          "dev_objective": 2.1500843543410055
        },
        {
          "epoch": 128,
          "train_objective": 2.1947438716888428,
          "dev_nll": 2.103450059890747,
          "dev_kl": 0.015465698884581143,
          "dev_objective": 2.1498471565444905
        },
        {
          "epoch": 129,
          "train_objective": 2.1945877075195312,
          "dev_nll": 2.1029436588287354,
          "dev_kl": 0.01555770486321545,
          "dev_objective": 2.1496167734183818
        },
        {
          "epoch": 130,
          "train_objective": 2.1944377422332764,
          "dev_nll": 2.1024460792541504,
          "dev_kl": 0.01564915653507997,
          "dev_objective": 2.1493935488593903
        },
        {
          "epoch": 131,
          "train_objective": 2.194293260574341,
          "dev_nll": 2.101957082748413,
          "dev_kl": 0.015739918753219548,
          "dev_objective": 2.1491768390080717
        },
        {
          "epoch": 132,
          "train_objective": 2.1941542625427246,
          "dev_nll": 2.1014766693115234,
          "dev_kl": 0.0158299181226408,
          "dev_objective": 2.148966423679446
        },
        {
          "epoch": 133,
          "train_objective": 2.1940200328826904,
          "dev_nll": 2.1010048389434814,
          "dev_kl": 0.01591908267770729,
          "dev_objective": 2.1487620869766033
        },
        {
          "epoch": 134,
          "train_objective": 2.1938915252685547,
          "dev_nll": 2.100541591644287,
          "dev_kl": 0.01600740982648203,
          "dev_objective": 2.1485638211237332
        },
        {
          "epoch": 135,
          "train_objective": 2.1937673091888428,
          "dev_nll": 2.1000871658325195,
          "dev_kl": 0.016094916080128478,
          "dev_objective": 2.148371914072905
        },
        {
          "epoch": 136,
          "train_objective": 2.193648099899292,
          "dev_nll": 2.0996410846710205,
          "dev_kl": 0.016181670043909083,
          "dev_objective": 2.148186094802748
        },
        {
          "epoch": 137,
          "train_objective": 2.1935338973999023,
          "dev_nll": 2.099202871322632,
          "dev_kl": 0.016267572610923618,
          "dev_objective": 2.1480055891554026
        },
        {
          "epoch": 138,
          "train_objective": 2.1934237480163574,
          "dev_nll": 2.0987725257873535,
          "dev_kl": 0.016352588294356228,
          "dev_objective": 2.1478302906704223
        },
        {
          "epoch": 139,
          "train_objective": 2.1933186054229736,
          "dev_nll": 2.0983505249023438,
          "dev_kl": 0.01643665504372399,
          "dev_objective": 2.1476604900335157
        },
        {
          "epoch": 140,
          "train_objective": 2.1932172775268555,
          "dev_nll": 2.0979373455047607,
          "dev_kl": 0.016519708469024556,
          "dev_objective": 2.1474964709118343
        },
        {
          "epoch": 141,
          "train_objective": 2.193120241165161,
          "dev_nll": 2.097532272338867,
          "dev_kl": 0.016601761010172304,
          "dev_objective": 2.147337555369384
        },
        {
          "epoch": 142,
          "train_objective": 2.1930270195007324,
          "dev_nll": 2.097135305404663,
          "dev_kl": 0.01668277192260092,
          "dev_objective": 2.147183621172466
        },
        {
          "epoch": 143,
          "train_objective": 2.1929380893707275,
          "dev_nll": 2.0967466831207275,
          "dev_kl": 0.016762745604928405,
          "dev_objective": 2.1470349199355128
        },
        {
          "epoch": 144,
          "train_objective": 2.19285249710083,
          "dev_nll": 2.0963659286499023,
          "dev_kl": 0.016841667496526103,
          "dev_objective": 2.1468909311394806
        },
        {
          "epoch": 145,
          "train_objective": 2.1927707195281982,
          "dev_nll": 2.0959928035736084,
          "dev_kl": 0.016919575384285103,
          "dev_objective": 2.1467515297264637
        },
        {
          "epoch": 146,
          "train_objective": 2.192692518234253,
          "dev_nll": 2.095627546310425,
          "dev_kl": 0.016996418214099272,
          "dev_objective": 2.1466168009527227
        },
        {
          "epoch": 147,
          "train_objective": 2.192617893218994,
          "dev_nll": 2.0952696800231934,
          "dev_kl": 0.017072221552749595,
          "dev_objective": 2.146486344681442
        },
        {
          "epoch": 148,
          "train_objective": 2.1925461292266846,
          "dev_nll": 2.0949196815490723,
          "dev_kl": 0.01714690156952021,
          "dev_objective": 2.146360386257633
        },
        {
          "epoch": 149,
          "train_objective": 2.1924777030944824,
          "dev_nll": 2.0945770740509033,
          "dev_kl": 0.017220457879031183,
          "dev_objective": 2.1462384476879968
        },
        {
          "epoch": 150,
          "train_objective": 2.1924123764038086,
          "dev_nll": 2.0942423343658447,
          "dev_kl": 0.01729286853737125,
          "dev_objective": 2.1461209399779584
        },
        {
          "epoch": 151,
          "train_objective": 2.192350149154663,
          "dev_nll": 2.093914270401001,
          "dev_kl": 0.017364186260696902,
          "dev_objective": 2.146006829183092
        },
        {
          "epoch": 152,
          "train_objective": 2.1922905445098877,
          "dev_nll": 2.0935933589935303,
          "dev_kl": 0.017434407984527188,
          "dev_objective": 2.145896582947112
        },
        {
          "epoch": 153,
          "train_objective": 2.1922335624694824,
          "dev_nll": 2.0932798385620117,
          "dev_kl": 0.01750355217112113,
          "dev_objective": 2.1457904950753752
        },
        {
          "epoch": 154,
          "train_objective": 2.1921794414520264,
          "dev_nll": 2.092972993850708,
          "dev_kl": 0.017571588349538442,
          "dev_objective": 2.1456877588993235
        },
        {
          "epoch": 155,
          "train_objective": 2.1921277046203613,
          "dev_nll": 2.0926730632781982,
          "dev_kl": 0.017638485362440733,
          "dev_objective": 2.1455885193655204
        },
        {
          "epoch": 156,
          "train_objective": 2.1920785903930664,
          "dev_nll": 2.0923798084259033,
          "dev_kl": 0.01770417830527082,
          "dev_objective": 2.145492343341716
        },
        {
          "epoch": 157,
          "train_objective": 2.1920316219329834,
          "dev_nll": 2.0920934677124023,
          "dev_kl": 0.01776871736325808,
          "dev_objective": 2.1453996198021765
        },
        {
          "epoch": 158,
          "train_objective": 2.1919872760772705,
          "dev_nll": 2.091813802719116,
          "dev_kl": 0.01783210863647361,
          "dev_objective": 2.145310128628537
        },
        {
          "epoch": 159,
          "train_objective": 2.1919445991516113,
          "dev_nll": 2.091540813446045,
          "dev_kl": 0.017894368631049973,
          "dev_objective": 2.1452239193391947
        },
        {
          "epoch": 160,
          "train_objective": 2.191904306411743,
          "dev_nll": 2.0912740230560303,
          "dev_kl": 0.017955508937620424,
          "dev_objective": 2.1451405498688914
        },
        {
          "epoch": 161,
          "train_objective": 2.191865921020508,
          "dev_nll": 2.0910134315490723,
          "dev_kl": 0.018015508455875108,
          "dev_objective": 2.1450599569166977
        },
        {
          "epoch": 162,
          "train_objective": 2.1918294429779053,
          "dev_nll": 2.09075927734375,
          "dev_kl": 0.018074338131243765,
          "dev_objective": 2.1449822917374815
        },
        {
          "epoch": 163,
          "train_objective": 2.1917948722839355,
          "dev_nll": 2.0905110836029053,
          "dev_kl": 0.01813204828059489,
          "dev_objective": 2.1449072284446897
        },
        {
          "epoch": 164,
          "train_objective": 2.1917619705200195,
          "dev_nll": 2.090269088745117,
          "dev_kl": 0.018188622355451156,
          "dev_objective": 2.1448349558114708
        },
        {
          "epoch": 165,
          "train_objective": 2.191730499267578,
          "dev_nll": 2.0900330543518066,
          "dev_kl": 0.018244046485723392,
          "dev_objective": 2.144765193808977
        },
        {
          "epoch": 166,
          "train_objective": 2.1917009353637695,
          "dev_nll": 2.0898027420043945,
          "dev_kl": 0.018298372574438847,
          "dev_objective": 2.144697859727711
        },
        {
          "epoch": 167,
          "train_objective": 2.1916730403900146,
          "dev_nll": 2.08957839012146,
          "dev_kl": 0.0183515873118718,
          "dev_objective": 2.144633152057075
        },
        {
          "epoch": 168,
          "train_objective": 2.1916463375091553,
          "dev_nll": 2.0893592834472656,
          "dev_kl": 0.018403722229924972,
          "dev_objective": 2.1445704501370404
        },
        {
          "epoch": 169,
          "train_objective": 2.1916213035583496,
          "dev_nll": 2.0891456604003906,
          "dev_kl": 0.018454772536839498,
          "dev_objective": 2.144509978010909
        },
        {
          "epoch": 170,
          "train_objective": 2.1915972232818604,
          "dev_nll": 2.088937282562256,
          "dev_kl": 0.01850475127571986,
          "dev_objective": 2.1444515363894157
        },
        {
          "epoch": 171,
          "train_objective": 2.1915745735168457,
          "dev_nll": 2.0887343883514404,
          "dev_kl": 0.018553664231017914,
          "dev_objective": 2.144395381044494
        },
        {
          "epoch": 172,
          "train_objective": 2.1915533542633057,
          "dev_nll": 2.088536500930786,
          "dev_kl": 0.018601475138967618,
          "dev_objective": 2.144340926347689
        },
        {
          "epoch": 173,
          "train_objective": 2.191533088684082,
          "dev_nll": 2.0883443355560303,
          "dev_kl": 0.018648218852094205,
          "dev_objective": 2.1442889921123127
        },
        {
          "epoch": 174,
          "train_objective": 2.191514015197754,
          "dev_nll": 2.0881567001342773,
          "dev_kl": 0.018693943609734462,
          "dev_objective": 2.144238530963481
        },
        {
          "epoch": 175,
          "train_objective": 2.191495895385742,
          "dev_nll": 2.0879740715026855,
          "dev_kl": 0.01873863440286604,
          "dev_objective": 2.1441899747112836
        },
        {
          "epoch": 176,
          "train_objective": 2.191478967666626,
          "dev_nll": 2.0877959728240967,
          "dev_kl": 0.018782313829630054,
          "dev_objective": 2.1441429143129866
        },
        {
          "epoch": 177,
          "train_objective": 2.191462755203247,
          "dev_nll": 2.087623119354248,
          "dev_kl": 0.0188249503716269,
          "dev_objective": 2.1440979704691285
        },
        {
          "epoch": 178,
          "train_objective": 2.1914474964141846,
          "dev_nll": 2.0874547958374023,
          "dev_kl": 0.018866590680658078,
          "dev_objective": 2.1440545678793765
        },
        {
          "epoch": 179,
          "train_objective": 2.1914334297180176,
          "dev_nll": 2.0872907638549805,
          "dev_kl": 0.018907223642600002,
          "dev_objective": 2.1440124347827805
        },
        {
          "epoch": 180,
          "train_objective": 2.1914196014404297,
          "dev_nll": 2.0871315002441406,
          "dev_kl": 0.018946865875149925,
          "dev_objective": 2.1439720978695904
        },
        {
          "epoch": 181,
          "train_objective": 2.191406726837158,
          "dev_nll": 2.0869765281677246,
          "dev_kl": 0.018985558134551644,
          "dev_objective": 2.1439332025713798
        },
        {
          "epoch": 182,
          "train_objective": 2.1913950443267822,
          "dev_nll": 2.0868258476257324,
          "dev_kl": 0.019023303119595495,
          "dev_objective": 2.1438957569845187
        },
        {
          "epoch": 183,
          "train_objective": 2.1913836002349854,
          "dev_nll": 2.086679220199585,
          "dev_kl": 0.019060107478474714,
          "dev_objective": 2.143859542635009
        },
        {
          "epoch": 184,
          "train_objective": 2.191373109817505,
          "dev_nll": 2.0865366458892822,
          "dev_kl": 0.019095973829747447,
          "dev_objective": 2.1438245673785246
        },
        {
          "epoch": 185,
          "train_objective": 2.1913630962371826,
          "dev_nll": 2.0863983631134033,
          "dev_kl": 0.019130940795769897,
          "dev_objective": 2.143791185500713
        },
        {
          "epoch": 186,
          "train_objective": 2.1913535594940186,
          "dev_nll": 2.086263656616211,
          "dev_kl": 0.01916500217804889,
          "dev_objective": 2.143758663150358
        },
        {
          "epoch": 187,
          "train_objective": 2.191344738006592,
          "dev_nll": 2.0861330032348633,
          "dev_kl": 0.019198178772713365,
          "dev_objective": 2.1437275395530033
        },
        {
          "epoch": 188,
          "train_objective": 2.1913366317749023,
          "dev_nll": 2.0860064029693604,
          "dev_kl": 0.019230481106205843,
          "dev_objective": 2.143697846287978
        },
        {
          "epoch": 189,
          "train_objective": 2.191328763961792,
          "dev_nll": 2.085883140563965,
          "dev_kl": 0.0192619366192433,
          "dev_objective": 2.1436689504216946
        },
        {
          "epoch": 190,
          "train_objective": 2.191321611404419,
          "dev_nll": 2.0857632160186768,
          "dev_kl": 0.019292537449760234,
          "dev_objective": 2.1436408283679573
        },
        {
          "epoch": 191,
          "train_objective": 2.191314697265625,
          "dev_nll": 2.0856471061706543,
          "dev_kl": 0.01932231649321316,
          "dev_objective": 2.1436140556502936
        },
        {
          "epoch": 192,
          "train_objective": 2.19130802154541,
          "dev_nll": 2.0855343341827393,
          "dev_kl": 0.019351287178758392,
          "dev_objective": 2.1435881957190146
        },
        {
          "epoch": 193,
          "train_objective": 2.1913022994995117,
          "dev_nll": 2.0854249000549316,
          "dev_kl": 0.019379451645265264,
          "dev_objective": 2.1435632549907275
        },
        {
          "epoch": 194,
          "train_objective": 2.1912965774536133,
          "dev_nll": 2.0853188037872314,
          "dev_kl": 0.019406824382573948,
          "dev_objective": 2.1435392769349533
        },
        {
          "epoch": 195,
          "train_objective": 2.191291093826294,
          "dev_nll": 2.0852160453796387,
          "dev_kl": 0.019433410041004594,
          "dev_objective": 2.1435162755026527
        },
        {
          "epoch": 196,
          "train_objective": 2.191286087036133,
          "dev_nll": 2.0851166248321533,
          "dev_kl": 0.01945925711179944,
          "dev_objective": 2.1434943961675517
        },
        {
          "epoch": 197,
          "train_objective": 2.191281318664551,
          "dev_nll": 2.085019588470459,
          "dev_kl": 0.019484369738386926,
          "dev_objective": 2.1434726976856195
        },
        {
          "epoch": 198,
          "train_objective": 2.191277027130127,
          "dev_nll": 2.0849263668060303,
          "dev_kl": 0.01950874168481253,
          "dev_objective": 2.1434525918604677
        },
        {
          "epoch": 199,
          "train_objective": 2.1912732124328613,
          "dev_nll": 2.0848350524902344,
          "dev_kl": 0.019532405694655346,
          "dev_objective": 2.1434322695742005
        },
        {
          "epoch": 200,
          "train_objective": 2.1912693977355957,
          "dev_nll": 2.084747314453125,
          "dev_kl": 0.019555364778654195,
          "dev_objective": 2.1434134087890877
        },
        {
          "epoch": 201,
          "train_objective": 2.191265821456909,
          "dev_nll": 2.0846621990203857,
          "dev_kl": 0.01957764060959259,
          "dev_objective": 2.1433951208491635
        },
        {
          "epoch": 202,
          "train_objective": 2.1912624835968018,
          "dev_nll": 2.0845797061920166,
          "dev_kl": 0.019599252221375645,
          "dev_objective": 2.1433774628561437
        },
        {
          "epoch": 203,
          "train_objective": 2.1912596225738525,
          "dev_nll": 2.0844998359680176,
          "dev_kl": 0.019620213298506453,
          "dev_objective": 2.143360475863537
        },
        {
          "epoch": 204,
          "train_objective": 2.191256284713745,
          "dev_nll": 2.0844225883483887,
          "dev_kl": 0.019640535923466453,
          "dev_objective": 2.1433441961187882
        },
        {
          "epoch": 205,
          "train_objective": 2.191253900527954,
          "dev_nll": 2.084347724914551,
          "dev_kl": 0.01966022275204572,
          "dev_objective": 2.143328393170688
        },
        {
          "epoch": 206,
          "train_objective": 2.191251277923584,
          "dev_nll": 2.084275245666504,
          "dev_kl": 0.019679292221848596,
          "dev_objective": 2.14331312233205
        },
        {
          "epoch": 207,
          "train_objective": 2.191248893737793,
          "dev_nll": 2.084205389022827,
          "dev_kl": 0.01969777448929407,
          "dev_objective": 2.1432987124907092
        },
        {
          "epoch": 208,
          "train_objective": 2.191246747970581,
          "dev_nll": 2.0841376781463623,
          "dev_kl": 0.019715655148346587,
          "dev_objective": 2.143284643591402
        },
        {
          "epoch": 209,
          "train_objective": 2.1912448406219482,
          "dev_nll": 2.0840723514556885,
          "dev_kl": 0.019732959955502803,
          "dev_objective": 2.143271231322197
        },
        {
          "epoch": 210,
          "train_objective": 2.1912429332733154,
          "dev_nll": 2.0840091705322266,
          "dev_kl": 0.019749717049873307,
          "dev_objective": 2.1432583216818464
        },
        {
          "epoch": 211,
          "train_objective": 2.1912412643432617,
          "dev_nll": 2.0839481353759766,
          "dev_kl": 0.019765913040418626,
          "dev_objective": 2.1432458744972323
        },
        {
          "epoch": 212,
          "train_objective": 2.191239595413208,
          "dev_nll": 2.0838890075683594,
          "dev_kl": 0.019781615788684443,
          "dev_objective": 2.1432338549344125
        },
        {
          "epoch": 213,
          "train_objective": 2.1912381649017334,
          "dev_nll": 2.083832025527954,
          "dev_kl": 0.01979676778936918,
          "dev_objective": 2.1432223288960617
        },
        {
          "epoch": 214,
          "train_objective": 2.1912364959716797,
          "dev_nll": 2.0837771892547607,
          "dev_kl": 0.019811428421694022,
          "dev_objective": 2.143211474519843
        },
        {
          "epoch": 215,
          "train_objective": 2.191235303878784,
          "dev_nll": 2.083723783493042,
          "dev_kl": 0.01982557303812313,
          "dev_objective": 2.1432005026074115
        },
        {
          "epoch": 216,
          "train_objective": 2.1912341117858887,
          "dev_nll": 2.0836727619171143,
          "dev_kl": 0.019839260684232425,
          "dev_objective": 2.1431905439698116
        },
        {
          "epoch": 217,
          "train_objective": 2.191232681274414,
          "dev_nll": 2.083623170852661,
          "dev_kl": 0.019852485543450964,
          "dev_objective": 2.143180627483014
        },
        {
          "epoch": 218,
          "train_objective": 2.1912319660186768,
          "dev_nll": 2.0835752487182617,
          "dev_kl": 0.01986525709425395,
          "dev_objective": 2.1431710200010237
        },
        {
          "epoch": 219,
          "train_objective": 2.1912310123443604,
          "dev_nll": 2.083529472351074,
          "dev_kl": 0.019877564052483254,
          "dev_objective": 2.143162164508524
        },
        {
          "epoch": 220,
          "train_objective": 2.191230058670044,
          "dev_nll": 2.0834848880767822,
          "dev_kl": 0.019889450756874122,
          "dev_objective": 2.1431532403474045
        },
        {
          "epoch": 221,
          "train_objective": 2.1912293434143066,
          "dev_nll": 2.083442211151123,
          "dev_kl": 0.019900916147430957,
          "dev_objective": 2.1431449595934158
        },
        {
          "epoch": 222,
          "train_objective": 2.1912286281585693,
          "dev_nll": 2.0834009647369385,
          "dev_kl": 0.019911973094700067,
          "dev_objective": 2.1431368840210387
        },
        {
          "epoch": 223,
          "train_objective": 2.191227674484253,
          "dev_nll": 2.0833613872528076,
          "dev_kl": 0.019922645813133934,
          "dev_objective": 2.1431293246922096
        },
        {
          "epoch": 224,
          "train_objective": 2.1912269592285156,
          "dev_nll": 2.0833230018615723,
          "dev_kl": 0.019932918911853538,
          "dev_objective": 2.143121758597133
        },
        {
          "epoch": 225,
          "train_objective": 2.1912264823913574,
          "dev_nll": 2.0832858085632324,
          "dev_kl": 0.019942837750161882,
          "dev_objective": 2.143114321813718
        },
        {
          "epoch": 226,
          "train_objective": 2.19122576713562,
          "dev_nll": 2.0832507610321045,
          "dev_kl": 0.01995239200976783,
          "dev_objective": 2.143107937061408
        },
        {
          "epoch": 227,
          "train_objective": 2.191225528717041,
          "dev_nll": 2.083216428756714,
          "dev_kl": 0.019961570572745956,
          "dev_objective": 2.143101140474952
        },
        {
          "epoch": 228,
          "train_objective": 2.191225051879883,
          "dev_nll": 2.083183526992798,
          "dev_kl": 0.01997043703575089,
          "dev_objective": 2.1430948381000503
        },
        {
          "epoch": 229,
          "train_objective": 2.1912245750427246,
          "dev_nll": 2.0831520557403564,
          "dev_kl": 0.01997895012404492,
          "dev_objective": 2.1430889061124914
        },
        {
          "epoch": 230,
          "train_objective": 2.1912240982055664,
          "dev_nll": 2.0831220149993896,
          "dev_kl": 0.019987148738174903,
          "dev_objective": 2.1430834612139145
        },
        {
          "epoch": 231,
          "train_objective": 2.191223621368408,
          "dev_nll": 2.08309268951416,
          "dev_kl": 0.01999504625279302,
          "dev_objective": 2.1430778282725393
        },
        {
          "epoch": 232,
          "train_objective": 2.191223382949829,
          "dev_nll": 2.083064079284668,
          "dev_kl": 0.02000262573635261,
          "dev_objective": 2.143071956493726
        },
        {
          "epoch": 233,
          "train_objective": 2.191222906112671,
          "dev_nll": 2.0830376148223877,
          "dev_kl": 0.020009932907628314,
          "dev_objective": 2.1430674135452725
        },
        {
          "epoch": 234,
          "train_objective": 2.191222667694092,
          "dev_nll": 2.0830113887786865,
          "dev_kl": 0.02001693674036368,
          "dev_objective": 2.1430621989997776
        },
        {
          "epoch": 235,
          "train_objective": 2.1912224292755127,
          "dev_nll": 2.08298659324646,
          "dev_kl": 0.02002367451312419,
          "dev_objective": 2.1430576167858324
        },
        {
          "epoch": 236,
          "train_objective": 2.1912221908569336,
          "dev_nll": 2.0829625129699707,
          "dev_kl": 0.020030145105609024,
          "dev_objective": 2.143052948286798
        },
        {
          "epoch": 237,
          "train_objective": 2.1912219524383545,
          "dev_nll": 2.082939863204956,
          "dev_kl": 0.020036366142907814,
          "dev_objective": 2.1430489616336796
        },
        {
          "epoch": 238,
          "train_objective": 2.1912217140197754,
          "dev_nll": 2.0829176902770996,
          "dev_kl": 0.020042347551262118,
          "dev_objective": 2.143044732930886
        },
        {
          "epoch": 239,
          "train_objective": 2.1912214756011963,
          "dev_nll": 2.0828964710235596,
          "dev_kl": 0.0200480667544898,
          "dev_objective": 2.143040671287029
        },
        {
          "epoch": 240,
          "train_objective": 2.1912214756011963,
          "dev_nll": 2.082876205444336,
          "dev_kl": 0.02005357685397161,
          "dev_objective": 2.1430369360062507
        },
        {
          "epoch": 241,
          "train_objective": 2.191221237182617,
          "dev_nll": 2.0828566551208496,
          "dev_kl": 0.0200588377935944,
          "dev_objective": 2.1430331685016326
        },
        {
          "epoch": 242,
          "train_objective": 2.191220998764038,
          "dev_nll": 2.082838296890259,
          "dev_kl": 0.020063908026566275,
          "dev_objective": 2.1430300209699578
        },
        {
          "epoch": 243,
          "train_objective": 2.191220998764038,
          "dev_nll": 2.082820177078247,
          "dev_kl": 0.02006875144329283,
          "dev_objective": 2.1430264314081255
        },
        {
          "epoch": 244,
          "train_objective": 2.191220998764038,
          "dev_nll": 2.0828030109405518,
          "dev_kl": 0.020073411330084636,
          "dev_objective": 2.1430232449308058
        },
        {
          "epoch": 245,
          "train_objective": 2.191220760345459,
          "dev_nll": 2.0827865600585938,
          "dev_kl": 0.020077859957546188,
          "dev_objective": 2.1430201399312323
        },
        {
          "epoch": 246,
          "train_objective": 2.191220760345459,
          "dev_nll": 2.082770586013794,
          "dev_kl": 0.020082129707031878,
          "dev_objective": 2.1430169751348895
        },
        {
          "epoch": 247,
          "train_objective": 2.19122052192688,
          "dev_nll": 2.0827558040618896,
          "dev_kl": 0.02008621843193756,
          "dev_objective": 2.1430144593577025
        },
        {
          "epoch": 248,
          "train_objective": 2.19122052192688,
          "dev_nll": 2.0827414989471436,
          "dev_kl": 0.020090136792786577,
          "dev_objective": 2.1430119093255033
        },
        {
          "epoch": 249,
          "train_objective": 2.19122052192688,
          "dev_nll": 2.0827279090881348,
          "dev_kl": 0.020093873021471302,
          "dev_objective": 2.1430095281525485
        },
        {
          "epoch": 250,
          "train_objective": 2.19122052192688,
          "dev_nll": 2.082714557647705,
          "dev_kl": 0.020097468454673414,
          "dev_objective": 2.143006963011725
        },
        {
          "epoch": 251,
          "train_objective": 2.1912200450897217,
          "dev_nll": 2.0827019214630127,
          "dev_kl": 0.020100896041365737,
          "dev_objective": 2.14300460958711
        },
        {
          "epoch": 252,
          "train_objective": 2.19122052192688,
          "dev_nll": 2.0826897621154785,
          "dev_kl": 0.02010417566300414,
          "dev_objective": 2.143002289104491
        },
        {
          "epoch": 253,
          "train_objective": 2.191220283508301,
          "dev_nll": 2.0826783180236816,
          "dev_kl": 0.020107310191297648,
          "dev_objective": 2.1430002485975748
        },
        {
          "epoch": 254,
          "train_objective": 2.191220283508301,
          "dev_nll": 2.082667350769043,
          "dev_kl": 0.020110306540241377,
          "dev_objective": 2.142998270389767
        },
        {
          "epoch": 255,
          "train_objective": 2.191220283508301,
          "dev_nll": 2.0826568603515625,
          "dev_kl": 0.020113151339640492,
          "dev_objective": 2.142996314370484
        },
        {
          "epoch": 256,
          "train_objective": 2.1912200450897217,
          "dev_nll": 2.0826470851898193,
          "dev_kl": 0.020115903587088927,
          "dev_objective": 2.142994795951086
        },
        {
          "epoch": 257,
          "train_objective": 2.191220283508301,
          "dev_nll": 2.082637310028076,
          "dev_kl": 0.020118505075384614,
          "dev_objective": 2.14299282525423
        },
        {
          "epoch": 258,
          "train_objective": 2.1912200450897217,
          "dev_nll": 2.0826282501220703,
          "dev_kl": 0.020120998340496805,
          "dev_objective": 2.142991245143561
        },
        {
          "epoch": 259,
          "train_objective": 2.1912200450897217,
          "dev_nll": 2.0826194286346436,
          "dev_kl": 0.020123377906906877,
          "dev_objective": 2.142989562355364
        },
        {
          "epoch": 260,
          "train_objective": 2.1912200450897217,
          "dev_nll": 2.082610845565796,
          "dev_kl": 0.02012564351812093,
          "dev_objective": 2.1429877761201586
        },
        {
          "epoch": 261,
          "train_objective": 2.1912198066711426,
          "dev_nll": 2.0826029777526855,
          "dev_kl": 0.020127805193263706,
          "dev_objective": 2.142986393332477
        },
        {
          "epoch": 262,
          "train_objective": 2.1912198066711426,
          "dev_nll": 2.0825955867767334,
          "dev_kl": 0.020129882177374187,
          "dev_objective": 2.142985233308856
        },
        {
          "epoch": 263,
          "train_objective": 2.1912198066711426,
          "dev_nll": 2.0825884342193604,
          "dev_kl": 0.020131825761652452,
          "dev_objective": 2.142983911504318
        },
        {
          "epoch": 264,
          "train_objective": 2.1912198066711426,
          "dev_nll": 2.0825812816619873,
          "dev_kl": 0.020133700433238578,
          "dev_objective": 2.142982382961703
        },
        {
          "epoch": 265,
          "train_objective": 2.1912198066711426,
          "dev_nll": 2.0825748443603516,
          "dev_kl": 0.02013548766269384,
          "dev_objective": 2.142981307348433
        },
        {
          "epoch": 266,
          "train_objective": 2.1912198066711426,
          "dev_nll": 2.082568407058716,
          "dev_kl": 0.020137174763894528,
          "dev_objective": 2.1429799313503994
        },
        {
          "epoch": 267,
          "train_objective": 2.1912198066711426,
          "dev_nll": 2.0825629234313965,
          "dev_kl": 0.02013878666951535,
          "dev_objective": 2.1429792834399426
        },
        {
          "epoch": 268,
          "train_objective": 2.1912198066711426,
          "dev_nll": 2.082557201385498,
          "dev_kl": 0.02014033215875299,
          "dev_objective": 2.142978197861757
        },
        {
          "epoch": 269,
          "train_objective": 2.1912198066711426,
          "dev_nll": 2.0825517177581787,
          "dev_kl": 0.020141782354249363,
          "dev_objective": 2.142977064820927
        },
        {
          "epoch": 270,
          "train_objective": 2.1912198066711426,
          "dev_nll": 2.0825469493865967,
          "dev_kl": 0.020143178067833965,
          "dev_objective": 2.1429764835900986
        },
        {
          "epoch": 271,
          "train_objective": 2.1912198066711426,
          "dev_nll": 2.0825419425964355,
          "dev_kl": 0.020144486399724038,
          "dev_objective": 2.1429754017956077
        },
        {
          "epoch": 272,
          "train_objective": 2.1912198066711426,
          "dev_nll": 2.0825371742248535,
          "dev_kl": 0.02014575581605649,
          "dev_objective": 2.142974441673023
        },
        {
          "epoch": 273,
          "train_objective": 2.1912198066711426,
          "dev_nll": 2.082533121109009,
          "dev_kl": 0.020146928789505216,
          "dev_objective": 2.1429739074775243
        },
        {
          "epoch": 274,
          "train_objective": 2.1912198066711426,
          "dev_nll": 2.082529067993164,
          "dev_kl": 0.020148062335850613,
          "dev_objective": 2.142973255000716
        },
        {
          "epoch": 275,
          "train_objective": 2.1912198066711426,
          "dev_nll": 2.0825247764587402,
          "dev_kl": 0.02014912766183418,
          "dev_objective": 2.1429721594442426
        },
        {
          "epoch": 276,
          "train_objective": 2.1912195682525635,
          "dev_nll": 2.0825209617614746,
          "dev_kl": 0.020150135589033568,
          "dev_objective": 2.1429713685285754
        },
        {
          "epoch": 277,
          "train_objective": 2.1912195682525635,
          "dev_nll": 2.0825178623199463,
          "dev_kl": 0.02015110494375967,
          "dev_objective": 2.1429711771512254
        },
        {
          "epoch": 278,
          "train_objective": 2.1912198066711426,
          "dev_nll": 2.082514524459839,
          "dev_kl": 0.020152027330671746,
          "dev_objective": 2.142970606451854
        },
        {
          "epoch": 279,
          "train_objective": 2.1912195682525635,
          "dev_nll": 2.0825114250183105,
          "dev_kl": 0.02015288595738401,
          "dev_objective": 2.1429700828904625
        },
        {
          "epoch": 280,
          "train_objective": 2.1912195682525635,
          "dev_nll": 2.082508087158203,
          "dev_kl": 0.020153697865565732,
          "dev_objective": 2.1429691807549003
        },
        {
          "epoch": 281,
          "train_objective": 2.1912195682525635,
          "dev_nll": 2.082505464553833,
          "dev_kl": 0.02015447754132077,
          "dev_objective": 2.1429688971777954
        },
        {
          "epoch": 282,
          "train_objective": 2.1912198066711426,
          "dev_nll": 2.082502841949463,
          "dev_kl": 0.02015520779031585,
          "dev_objective": 2.1429684653204104
        },
        {
          "epoch": 283,
          "train_objective": 2.1912198066711426,
          "dev_nll": 2.0825002193450928,
          "dev_kl": 0.02015589741403436,
          "dev_objective": 2.142967911587196
        },
        {
          "epoch": 284,
          "train_objective": 2.1912195682525635,
          "dev_nll": 2.0824975967407227,
          "dev_kl": 0.020156556411805197,
          "dev_objective": 2.142967265976138
        },
        {
          "epoch": 285,
          "train_objective": 2.1912195682525635,
          "dev_nll": 2.08249568939209,
          "dev_kl": 0.02015716270922509,
          "dev_objective": 2.142967177519765
        },
        {
          "epoch": 286,
          "train_objective": 2.1912198066711426,
          "dev_nll": 2.082493305206299,
          "dev_kl": 0.020157759379307628,
          "dev_objective": 2.1429665833442217
        },
        {
          "epoch": 287,
          "train_objective": 2.1912198066711426,
          "dev_nll": 2.082491397857666,
          "dev_kl": 0.02015830481065456,
          "dev_objective": 2.1429663122896296
        },
        {
          "epoch": 288,
          "train_objective": 2.1912195682525635,
          "dev_nll": 2.082489490509033,
          "dev_kl": 0.02015882054042818,
          "dev_objective": 2.142965952130318
        },
        {
          "epoch": 289,
          "train_objective": 2.1912198066711426,
          "dev_nll": 2.0824875831604004,
          "dev_kl": 0.020159321807498985,
          "dev_objective": 2.1429655485828976
        },
        {
          "epoch": 290,
          "train_objective": 2.1912195682525635,
          "dev_nll": 2.0824859142303467,
          "dev_kl": 0.020159788006682763,
          "dev_objective": 2.142965278250395
        },
        {
          "epoch": 291,
          "train_objective": 2.1912195682525635,
          "dev_nll": 2.082484245300293,
          "dev_kl": 0.020160219113333024,
          "dev_objective": 2.142964902640292
        },
        {
          "epoch": 292,
          "train_objective": 2.1912198066711426,
          "dev_nll": 2.0824828147888184,
          "dev_kl": 0.020160631825969142,
          "dev_objective": 2.142964710266726
        },
        {
          "epoch": 293,
          "train_objective": 2.1912198066711426,
          "dev_nll": 2.0824813842773438,
          "dev_kl": 0.020161016267904727,
          "dev_objective": 2.1429644330810578
        },
        {
          "epoch": 294,
          "train_objective": 2.1912198066711426,
          "dev_nll": 2.0824801921844482,
          "dev_kl": 0.020161374536450945,
          "dev_objective": 2.142964315793801
        },
        {
          "epoch": 295,
          "train_objective": 2.1912198066711426,
          "dev_nll": 2.0824790000915527,
          "dev_kl": 0.02016172394091431,
          "dev_objective": 2.142964171914296
        },
        {
          "epoch": 296,
          "train_objective": 2.1912195682525635,
          "dev_nll": 2.0824778079986572,
          "dev_kl": 0.020162045496158295,
          "dev_objective": 2.142963944487132
        },
        {
          "epoch": 297,
          "train_objective": 2.1912198066711426,
          "dev_nll": 2.0824766159057617,
          "dev_kl": 0.02016233245487931,
          "dev_objective": 2.1429636132703997
        },
        {
          "epoch": 298,
          "train_objective": 2.1912195682525635,
          "dev_nll": 2.0824759006500244,
          "dev_kl": 0.020162622262301606,
          "dev_objective": 2.142963767436929
        },
        {
          "epoch": 299,
          "train_objective": 2.1912198066711426,
          "dev_nll": 2.08247447013855,
          "dev_kl": 0.020162890334537584,
          "dev_objective": 2.1429631411421624
        }
      ]
    },
    "constrained_stage_candidates": [
      {
        "kl_lambda": 1.0,
        "best_dev_nll": 1.9841835498809814,
        "best_dev_kl": 0.06940199267095572,
        "best_dev_objective": 2.053585542551937,
        "epochs_run": 300,
        "history": [
          {
            "epoch": 0,
            "train_objective": 2.3157315254211426,
            "dev_nll": 2.287132978439331,
            "dev_kl": 0.00010073093616082186,
            "dev_objective": 2.2872337093754918
          },
          {
            "epoch": 1,
            "train_objective": 2.3124334812164307,
            "dev_nll": 2.2838923931121826,
            "dev_kl": 0.0003217984273948975,
            "dev_objective": 2.2842141915395775
          },
          {
            "epoch": 2,
            "train_objective": 2.309528112411499,
            "dev_nll": 2.280991792678833,
            "dev_kl": 0.00048425642655258326,
            "dev_objective": 2.2814760491053856
          },
          {
            "epoch": 3,
            "train_objective": 2.30672287940979,
            "dev_nll": 2.278074026107788,
            "dev_kl": 0.0005409881562521043,
            "dev_objective": 2.27861501426404
          },
          {
            "epoch": 4,
            "train_objective": 2.3038854598999023,
            "dev_nll": 2.2750651836395264,
            "dev_kl": 0.0005376428498903306,
            "dev_objective": 2.2756028264894166
          },
          {
            "epoch": 5,
            "train_objective": 2.3010408878326416,
            "dev_nll": 2.2719783782958984,
            "dev_kl": 0.000537202303242232,
            "dev_objective": 2.2725155805991406
          },
          {
            "epoch": 6,
            "train_objective": 2.298252820968628,
            "dev_nll": 2.268798351287842,
            "dev_kl": 0.0005782357864616741,
            "dev_objective": 2.2693765870743037
          },
          {
            "epoch": 7,
            "train_objective": 2.2955424785614014,
            "dev_nll": 2.2655131816864014,
            "dev_kl": 0.0006688741191242074,
            "dev_objective": 2.2661820558055257
          },
          {
            "epoch": 8,
            "train_objective": 2.292882204055786,
            "dev_nll": 2.2621634006500244,
            "dev_kl": 0.0008031538825824035,
            "dev_objective": 2.262966554532607
          },
          {
            "epoch": 9,
            "train_objective": 2.29024338722229,
            "dev_nll": 2.258809804916382,
            "dev_kl": 0.0009758900565216905,
            "dev_objective": 2.2597856949729036
          },
          {
            "epoch": 10,
            "train_objective": 2.2876219749450684,
            "dev_nll": 2.2555041313171387,
            "dev_kl": 0.001185044765693706,
            "dev_objective": 2.2566891760828325
          },
          {
            "epoch": 11,
            "train_objective": 2.2850329875946045,
            "dev_nll": 2.252285957336426,
            "dev_kl": 0.0014267589171681353,
            "dev_objective": 2.253712716253594
          },
          {
            "epoch": 12,
            "train_objective": 2.2824947834014893,
            "dev_nll": 2.2491843700408936,
            "dev_kl": 0.0016899928310309192,
            "dev_objective": 2.2508743628719245
          },
          {
            "epoch": 13,
            "train_objective": 2.2800111770629883,
            "dev_nll": 2.2462081909179688,
            "dev_kl": 0.0019581016062114906,
            "dev_objective": 2.2481662925241803
          },
          {
            "epoch": 14,
            "train_objective": 2.2775697708129883,
            "dev_nll": 2.243342876434326,
            "dev_kl": 0.0022175777790048538,
            "dev_objective": 2.245560454213331
          },
          {
            "epoch": 15,
            "train_objective": 2.275155544281006,
            "dev_nll": 2.2405619621276855,
            "dev_kl": 0.002464697777811723,
            "dev_objective": 2.2430266599054973
          },
          {
            "epoch": 16,
            "train_objective": 2.272763967514038,
            "dev_nll": 2.2378416061401367,
            "dev_kl": 0.0027048127030374833,
            "dev_objective": 2.240546418843174
          },
          {
            "epoch": 17,
            "train_objective": 2.2704010009765625,
            "dev_nll": 2.2351627349853516,
            "dev_kl": 0.0029477967580713266,
            "dev_objective": 2.238110531743423
          },
          {
            "epoch": 18,
            "train_objective": 2.268077850341797,
            "dev_nll": 2.232508897781372,
            "dev_kl": 0.0032028062874765915,
            "dev_objective": 2.235711704068849
          },
          {
            "epoch": 19,
            "train_objective": 2.2658004760742188,
            "dev_nll": 2.229860782623291,
            "dev_kl": 0.0034749335016811956,
            "dev_objective": 2.233335716124972
          },
          {
            "epoch": 20,
            "train_objective": 2.2635648250579834,
            "dev_nll": 2.2272026538848877,
            "dev_kl": 0.0037648051933632945,
            "dev_objective": 2.230967459078251
          },
          {
            "epoch": 21,
            "train_objective": 2.2613625526428223,
            "dev_nll": 2.2245283126831055,
            "dev_kl": 0.004070828223563227,
            "dev_objective": 2.2285991409066686
          },
          {
            "epoch": 22,
            "train_objective": 2.2591850757598877,
            "dev_nll": 2.22184419631958,
            "dev_kl": 0.004391431009296227,
            "dev_objective": 2.2262356273288764
          },
          {
            "epoch": 23,
            "train_objective": 2.2570323944091797,
            "dev_nll": 2.2191638946533203,
            "dev_kl": 0.00472514873563505,
            "dev_objective": 2.2238890433889553
          },
          {
            "epoch": 24,
            "train_objective": 2.2549102306365967,
            "dev_nll": 2.2165045738220215,
            "dev_kl": 0.005068999017706259,
            "dev_objective": 2.221573572839728
          },
          {
            "epoch": 25,
            "train_objective": 2.252824306488037,
            "dev_nll": 2.213881492614746,
            "dev_kl": 0.005417561532168121,
            "dev_objective": 2.2192990541469144
          },
          {
            "epoch": 26,
            "train_objective": 2.25077486038208,
            "dev_nll": 2.211308479309082,
            "dev_kl": 0.005764041530169748,
            "dev_objective": 2.2170725208392517
          },
          {
            "epoch": 27,
            "train_objective": 2.248758316040039,
            "dev_nll": 2.208794355392456,
            "dev_kl": 0.006103311723039427,
            "dev_objective": 2.2148976671154954
          },
          {
            "epoch": 28,
            "train_objective": 2.2467687129974365,
            "dev_nll": 2.2063450813293457,
            "dev_kl": 0.006434170147750174,
            "dev_objective": 2.212779251477096
          },
          {
            "epoch": 29,
            "train_objective": 2.244805097579956,
            "dev_nll": 2.2039616107940674,
            "dev_kl": 0.006759187035149316,
            "dev_objective": 2.2107207978292167
          },
          {
            "epoch": 30,
            "train_objective": 2.2428693771362305,
            "dev_nll": 2.201641082763672,
            "dev_kl": 0.007082797096872299,
            "dev_objective": 2.208723879860544
          },
          {
            "epoch": 31,
            "train_objective": 2.2409629821777344,
            "dev_nll": 2.1993751525878906,
            "dev_kl": 0.007409183899473466,
            "dev_objective": 2.206784336487364
          },
          {
            "epoch": 32,
            "train_objective": 2.2390878200531006,
            "dev_nll": 2.197150468826294,
            "dev_kl": 0.007741251012031408,
            "dev_objective": 2.2048917198383253
          },
          {
            "epoch": 33,
            "train_objective": 2.2372422218322754,
            "dev_nll": 2.194951295852661,
            "dev_kl": 0.008080721597097025,
            "dev_objective": 2.203032017449758
          },
          {
            "epoch": 34,
            "train_objective": 2.235424041748047,
            "dev_nll": 2.1927638053894043,
            "dev_kl": 0.008428441691747238,
            "dev_objective": 2.2011922470811514
          },
          {
            "epoch": 35,
            "train_objective": 2.2336323261260986,
            "dev_nll": 2.1905763149261475,
            "dev_kl": 0.008784375210640835,
            "dev_objective": 2.199360690136788
          },
          {
            "epoch": 36,
            "train_objective": 2.231868028640747,
            "dev_nll": 2.188384532928467,
            "dev_kl": 0.009147304278297082,
            "dev_objective": 2.197531837206764
          },
          {
            "epoch": 37,
            "train_objective": 2.2301313877105713,
            "dev_nll": 2.1861865520477295,
            "dev_kl": 0.00951495162931875,
            "dev_objective": 2.195701503677048
          },
          {
            "epoch": 38,
            "train_objective": 2.228421688079834,
            "dev_nll": 2.1839869022369385,
            "dev_kl": 0.009884773920864906,
            "dev_objective": 2.193871676157803
          },
          {
            "epoch": 39,
            "train_objective": 2.2267379760742188,
            "dev_nll": 2.1817939281463623,
            "dev_kl": 0.010254999820661085,
            "dev_objective": 2.1920489279670234
          },
          {
            "epoch": 40,
            "train_objective": 2.22507905960083,
            "dev_nll": 2.1796183586120605,
            "dev_kl": 0.010625179747155204,
            "dev_objective": 2.1902435383592156
          },
          {
            "epoch": 41,
            "train_objective": 2.2234458923339844,
            "dev_nll": 2.177471160888672,
            "dev_kl": 0.01099589099344034,
            "dev_objective": 2.188467051882112
          },
          {
            "epoch": 42,
            "train_objective": 2.2218375205993652,
            "dev_nll": 2.1753602027893066,
            "dev_kl": 0.011367958592280309,
            "dev_objective": 2.1867281613815868
          },
          {
            "epoch": 43,
            "train_objective": 2.220254898071289,
            "dev_nll": 2.1732895374298096,
            "dev_kl": 0.011741976920716666,
            "dev_objective": 2.185031514350526
          },
          {
            "epoch": 44,
            "train_objective": 2.2186965942382812,
            "dev_nll": 2.171257734298706,
            "dev_kl": 0.01211838634172874,
            "dev_objective": 2.183376120640435
          },
          {
            "epoch": 45,
            "train_objective": 2.217161178588867,
            "dev_nll": 2.169260025024414,
            "dev_kl": 0.012497562198503245,
            "dev_objective": 2.181757587222917
          },
          {
            "epoch": 46,
            "train_objective": 2.2156481742858887,
            "dev_nll": 2.1672885417938232,
            "dev_kl": 0.012879861404947299,
            "dev_objective": 2.1801684031987705
          },
          {
            "epoch": 47,
            "train_objective": 2.214158058166504,
            "dev_nll": 2.1653339862823486,
            "dev_kl": 0.013265297317621508,
            "dev_objective": 2.1785992835999703
          },
          {
            "epoch": 48,
            "train_objective": 2.212691068649292,
            "dev_nll": 2.163388729095459,
            "dev_kl": 0.0136534543534917,
            "dev_objective": 2.177042183448951
          },
          {
            "epoch": 49,
            "train_objective": 2.2112464904785156,
            "dev_nll": 2.1614463329315186,
            "dev_kl": 0.014043807285955293,
            "dev_objective": 2.175490140217474
          },
          {
            "epoch": 50,
            "train_objective": 2.2098236083984375,
            "dev_nll": 2.1595051288604736,
            "dev_kl": 0.01443610250475808,
            "dev_objective": 2.1739412313652315
          },
          {
            "epoch": 51,
            "train_objective": 2.2084217071533203,
            "dev_nll": 2.1575675010681152,
            "dev_kl": 0.014830583241099055,
            "dev_objective": 2.172398084309214
          },
          {
            "epoch": 52,
            "train_objective": 2.2070398330688477,
            "dev_nll": 2.1556379795074463,
            "dev_kl": 0.015227557683567022,
            "dev_objective": 2.1708655371910135
          },
          {
            "epoch": 53,
            "train_objective": 2.2056782245635986,
            "dev_nll": 2.153723955154419,
            "dev_kl": 0.015626977477851953,
            "dev_objective": 2.169350932632271
          },
          {
            "epoch": 54,
            "train_objective": 2.2043371200561523,
            "dev_nll": 2.1518325805664062,
            "dev_kl": 0.016028136639490823,
            "dev_objective": 2.167860717205897
          },
          {
            "epoch": 55,
            "train_objective": 2.2030160427093506,
            "dev_nll": 2.1499691009521484,
            "dev_kl": 0.016429765638685576,
            "dev_objective": 2.166398866590834
          },
          {
            "epoch": 56,
            "train_objective": 2.201714038848877,
            "dev_nll": 2.148137092590332,
            "dev_kl": 0.01683039262682107,
            "dev_objective": 2.164967485217153
          },
          {
            "epoch": 57,
            "train_objective": 2.200429916381836,
            "dev_nll": 2.1463370323181152,
            "dev_kl": 0.017228664722302004,
            "dev_objective": 2.163565697040417
          },
          {
            "epoch": 58,
            "train_objective": 2.199164867401123,
            "dev_nll": 2.1445674896240234,
            "dev_kl": 0.017623535300781194,
            "dev_objective": 2.1621910249248044
          },
          {
            "epoch": 59,
            "train_objective": 2.197917938232422,
            "dev_nll": 2.142824172973633,
            "dev_kl": 0.018014516902464518,
            "dev_objective": 2.160838689876097
          },
          {
            "epoch": 60,
            "train_objective": 2.196688175201416,
            "dev_nll": 2.1411023139953613,
            "dev_kl": 0.018401829432486347,
            "dev_objective": 2.1595041434278475
          },
          {
            "epoch": 61,
            "train_objective": 2.1954758167266846,
            "dev_nll": 2.1393978595733643,
            "dev_kl": 0.01878640519377465,
            "dev_objective": 2.1581842647671388
          },
          {
            "epoch": 62,
            "train_objective": 2.1942806243896484,
            "dev_nll": 2.137706995010376,
            "dev_kl": 0.019169502593744715,
            "dev_objective": 2.1568764976041206
          },
          {
            "epoch": 63,
            "train_objective": 2.193101167678833,
            "dev_nll": 2.13602876663208,
            "dev_kl": 0.019552278549511085,
            "dev_objective": 2.155581045181591
          },
          {
            "epoch": 64,
            "train_objective": 2.1919384002685547,
            "dev_nll": 2.1343629360198975,
            "dev_kl": 0.019935290520037483,
            "dev_objective": 2.154298226539935
          },
          {
            "epoch": 65,
            "train_objective": 2.190791368484497,
            "dev_nll": 2.1327109336853027,
            "dev_kl": 0.020318307951071743,
            "dev_objective": 2.1530292416363745
          },
          {
            "epoch": 66,
            "train_objective": 2.189659595489502,
            "dev_nll": 2.131075620651245,
            "dev_kl": 0.020700411146888427,
            "dev_objective": 2.1517760317981334
          },
          {
            "epoch": 67,
            "train_objective": 2.1885428428649902,
            "dev_nll": 2.129460096359253,
            "dev_kl": 0.021080149148605547,
            "dev_objective": 2.1505402455078584
          },
          {
            "epoch": 68,
            "train_objective": 2.187441110610962,
            "dev_nll": 2.127866744995117,
            "dev_kl": 0.021456008973145473,
            "dev_objective": 2.1493227539682627
          },
          {
            "epoch": 69,
            "train_objective": 2.1863536834716797,
            "dev_nll": 2.1262965202331543,
            "dev_kl": 0.021826727495650417,
            "dev_objective": 2.1481232477288046
          },
          {
            "epoch": 70,
            "train_objective": 2.1852800846099854,
            "dev_nll": 2.1247494220733643,
            "dev_kl": 0.022191706482428,
            "dev_objective": 2.146941128555792
          },
          {
            "epoch": 71,
            "train_objective": 2.184220790863037,
            "dev_nll": 2.1232240200042725,
            "dev_kl": 0.02255117940545493,
            "dev_objective": 2.1457751994097274
          },
          {
            "epoch": 72,
            "train_objective": 2.1831746101379395,
            "dev_nll": 2.121717929840088,
            "dev_kl": 0.022906163922638993,
            "dev_objective": 2.144624093762727
          },
          {
            "epoch": 73,
            "train_objective": 2.1821417808532715,
            "dev_nll": 2.1202282905578613,
            "dev_kl": 0.023257912874960148,
            "dev_objective": 2.1434862034328215
          },
          {
            "epoch": 74,
            "train_objective": 2.181121826171875,
            "dev_nll": 2.1187515258789062,
            "dev_kl": 0.02360764597301363,
            "dev_objective": 2.1423591718519197
          },
          {
            "epoch": 75,
            "train_objective": 2.180114507675171,
            "dev_nll": 2.117286205291748,
            "dev_kl": 0.023956123365850717,
            "dev_objective": 2.1412423286575986
          },
          {
            "epoch": 76,
            "train_objective": 2.17911958694458,
            "dev_nll": 2.115830659866333,
            "dev_kl": 0.024303537443424953,
            "dev_objective": 2.140134197309758
          },
          {
            "epoch": 77,
            "train_objective": 2.1781365871429443,
            "dev_nll": 2.1143851280212402,
            "dev_kl": 0.024649504755690763,
            "dev_objective": 2.139034632776931
          },
          {
            "epoch": 78,
            "train_objective": 2.1771652698516846,
            "dev_nll": 2.112950563430786,
            "dev_kl": 0.02499320022662187,
            "dev_objective": 2.137943763657408
          },
          {
            "epoch": 79,
            "train_objective": 2.176206111907959,
            "dev_nll": 2.1115286350250244,
            "dev_kl": 0.025333696105286713,
            "dev_objective": 2.136862331130311
          },
          {
            "epoch": 80,
            "train_objective": 2.175258159637451,
            "dev_nll": 2.110121250152588,
            "dev_kl": 0.025670245318644185,
            "dev_objective": 2.1357914954712323
          },
          {
            "epoch": 81,
            "train_objective": 2.174321174621582,
            "dev_nll": 2.108729362487793,
            "dev_kl": 0.02600245218884477,
            "dev_objective": 2.1347318146766376
          },
          {
            "epoch": 82,
            "train_objective": 2.1733946800231934,
            "dev_nll": 2.107353925704956,
            "dev_kl": 0.026330387506367604,
            "dev_objective": 2.1336843132113237
          },
          {
            "epoch": 83,
            "train_objective": 2.1724796295166016,
            "dev_nll": 2.105994462966919,
            "dev_kl": 0.026654426380257785,
            "dev_objective": 2.132648889347177
          },
          {
            "epoch": 84,
            "train_objective": 2.171574354171753,
            "dev_nll": 2.104649782180786,
            "dev_kl": 0.026975091655061137,
            "dev_objective": 2.131624873835847
          },
          {
            "epoch": 85,
            "train_objective": 2.170679807662964,
            "dev_nll": 2.103318691253662,
            "dev_kl": 0.027292928971226437,
            "dev_objective": 2.1306116202248884
          },
          {
            "epoch": 86,
            "train_objective": 2.169795274734497,
            "dev_nll": 2.101999044418335,
            "dev_kl": 0.027608225339192997,
            "dev_objective": 2.129607269757528
          },
          {
            "epoch": 87,
            "train_objective": 2.1689207553863525,
            "dev_nll": 2.1006898880004883,
            "dev_kl": 0.027921139084322897,
            "dev_objective": 2.128611027084811
          },
          {
            "epoch": 88,
            "train_objective": 2.168056011199951,
            "dev_nll": 2.099390983581543,
            "dev_kl": 0.02823156390526869,
            "dev_objective": 2.1276225474868116
          },
          {
            "epoch": 89,
            "train_objective": 2.167200803756714,
            "dev_nll": 2.098101854324341,
            "dev_kl": 0.028539323101925605,
            "dev_objective": 2.1266411774262663
          },
          {
            "epoch": 90,
            "train_objective": 2.1663551330566406,
            "dev_nll": 2.0968236923217773,
            "dev_kl": 0.028844163790848608,
            "dev_objective": 2.125667856112626
          },
          {
            "epoch": 91,
            "train_objective": 2.165518283843994,
            "dev_nll": 2.095557451248169,
            "dev_kl": 0.029145917032692197,
            "dev_objective": 2.124703368280861
          },
          {
            "epoch": 92,
            "train_objective": 2.164691209793091,
            "dev_nll": 2.094304084777832,
            "dev_kl": 0.029444407489987695,
            "dev_objective": 2.12374849226782
          },
          {
            "epoch": 93,
            "train_objective": 2.163872718811035,
            "dev_nll": 2.093064546585083,
            "dev_kl": 0.029739518495966673,
            "dev_objective": 2.12280406508105
          },
          {
            "epoch": 94,
            "train_objective": 2.1630632877349854,
            "dev_nll": 2.09183931350708,
            "dev_kl": 0.030031191953877406,
            "dev_objective": 2.1218705054609575
          },
          {
            "epoch": 95,
            "train_objective": 2.162262201309204,
            "dev_nll": 2.090628147125244,
            "dev_kl": 0.030319402703851764,
            "dev_objective": 2.1209475498290957
          },
          {
            "epoch": 96,
            "train_objective": 2.161470413208008,
            "dev_nll": 2.089430093765259,
            "dev_kl": 0.030604215224770626,
            "dev_objective": 2.1200343089900295
          },
          {
            "epoch": 97,
            "train_objective": 2.160686731338501,
            "dev_nll": 2.088244676589966,
            "dev_kl": 0.03088575795786833,
            "dev_objective": 2.1191304345478343
          },
          {
            "epoch": 98,
            "train_objective": 2.159911632537842,
            "dev_nll": 2.0870704650878906,
            "dev_kl": 0.031164318721412117,
            "dev_objective": 2.1182347838093025
          },
          {
            "epoch": 99,
            "train_objective": 2.159144639968872,
            "dev_nll": 2.085906505584717,
            "dev_kl": 0.03144021482004465,
            "dev_objective": 2.1173467204047616
          },
          {
            "epoch": 100,
            "train_objective": 2.158385992050171,
            "dev_nll": 2.0847525596618652,
            "dev_kl": 0.031713747760272575,
            "dev_objective": 2.116466307422138
          },
          {
            "epoch": 101,
            "train_objective": 2.157635450363159,
            "dev_nll": 2.083609104156494,
            "dev_kl": 0.03198509606892486,
            "dev_objective": 2.115594200225419
          },
          {
            "epoch": 102,
            "train_objective": 2.156893014907837,
            "dev_nll": 2.082475423812866,
            "dev_kl": 0.03225430949178927,
            "dev_objective": 2.1147297333046553
          },
          {
            "epoch": 103,
            "train_objective": 2.156158447265625,
            "dev_nll": 2.081352949142456,
            "dev_kl": 0.03252129754348373,
            "dev_objective": 2.1138742466859397
          },
          {
            "epoch": 104,
            "train_objective": 2.1554317474365234,
            "dev_nll": 2.0802414417266846,
            "dev_kl": 0.03278580793496305,
            "dev_objective": 2.1130272496616476
          },
          {
            "epoch": 105,
            "train_objective": 2.1547129154205322,
            "dev_nll": 2.079141616821289,
            "dev_kl": 0.03304762800899544,
            "dev_objective": 2.1121892448302844
          },
          {
            "epoch": 106,
            "train_objective": 2.1540017127990723,
            "dev_nll": 2.0780534744262695,
            "dev_kl": 0.0333066396385081,
            "dev_objective": 2.1113601140647775
          },
          {
            "epoch": 107,
            "train_objective": 2.1532979011535645,
            "dev_nll": 2.0769762992858887,
            "dev_kl": 0.03356291130350311,
            "dev_objective": 2.110539210589392
          },
          {
            "epoch": 108,
            "train_objective": 2.152602195739746,
            "dev_nll": 2.0759096145629883,
            "dev_kl": 0.03381674316463161,
            "dev_objective": 2.1097263577276197
          },
          {
            "epoch": 109,
            "train_objective": 2.15191388130188,
            "dev_nll": 2.07485294342041,
            "dev_kl": 0.03406850430985434,
            "dev_objective": 2.1089214477302645
          },
          {
            "epoch": 110,
            "train_objective": 2.1512327194213867,
            "dev_nll": 2.073805809020996,
            "dev_kl": 0.03431857746988032,
            "dev_objective": 2.1081243864908763
          },
          {
            "epoch": 111,
            "train_objective": 2.1505589485168457,
            "dev_nll": 2.0727670192718506,
            "dev_kl": 0.034567258553710546,
            "dev_objective": 2.107334277825561
          },
          {
            "epoch": 112,
            "train_objective": 2.149893045425415,
            "dev_nll": 2.0717368125915527,
            "dev_kl": 0.034814643966603546,
            "dev_objective": 2.1065514565581562
          },
          {
            "epoch": 113,
            "train_objective": 2.1492340564727783,
            "dev_nll": 2.0707154273986816,
            "dev_kl": 0.03506065203822931,
            "dev_objective": 2.105776079436911
          },
          {
            "epoch": 114,
            "train_objective": 2.1485824584960938,
            "dev_nll": 2.0697031021118164,
            "dev_kl": 0.03530509457627189,
            "dev_objective": 2.1050081966880883
          },
          {
            "epoch": 115,
            "train_objective": 2.1479382514953613,
            "dev_nll": 2.068700075149536,
            "dev_kl": 0.035547797607340816,
            "dev_objective": 2.104247872756877
          },
          {
            "epoch": 116,
            "train_objective": 2.1473007202148438,
            "dev_nll": 2.06770658493042,
            "dev_kl": 0.035788605324997405,
            "dev_objective": 2.1034951902554173
          },
          {
            "epoch": 117,
            "train_objective": 2.1466705799102783,
            "dev_nll": 2.0667226314544678,
            "dev_kl": 0.036027594607534213,
            "dev_objective": 2.102750226062002
          },
          {
            "epoch": 118,
            "train_objective": 2.146047592163086,
            "dev_nll": 2.065748691558838,
            "dev_kl": 0.036264893235581054,
            "dev_objective": 2.102013584794419
          },
          {
            "epoch": 119,
            "train_objective": 2.1454315185546875,
            "dev_nll": 2.0647835731506348,
            "dev_kl": 0.036500708512838105,
            "dev_objective": 2.1012842816634727
          },
          {
            "epoch": 120,
            "train_objective": 2.144822835922241,
            "dev_nll": 2.0638277530670166,
            "dev_kl": 0.036735277790612926,
            "dev_objective": 2.1005630308576295
          },
          {
            "epoch": 121,
            "train_objective": 2.1442208290100098,
            "dev_nll": 2.062880516052246,
            "dev_kl": 0.036968762884760774,
            "dev_objective": 2.0998492789370067
          },
          {
            "epoch": 122,
            "train_objective": 2.1436257362365723,
            "dev_nll": 2.061941385269165,
            "dev_kl": 0.03720119092241139,
            "dev_objective": 2.0991425761915763
          },
          {
            "epoch": 123,
            "train_objective": 2.1430375576019287,
            "dev_nll": 2.0610103607177734,
            "dev_kl": 0.0374325912005031,
            "dev_objective": 2.0984429519182766
          },
          {
            "epoch": 124,
            "train_objective": 2.1424560546875,
            "dev_nll": 2.0600876808166504,
            "dev_kl": 0.03766289439108978,
            "dev_objective": 2.09775057520774
          },
          {
            "epoch": 125,
            "train_objective": 2.1418814659118652,
            "dev_nll": 2.059173583984375,
            "dev_kl": 0.037892116018574104,
            "dev_objective": 2.097065700002949
          },
          {
            "epoch": 126,
            "train_objective": 2.1413137912750244,
            "dev_nll": 2.0582680702209473,
            "dev_kl": 0.03812022691436305,
            "dev_objective": 2.0963882971353103
          },
          {
            "epoch": 127,
            "train_objective": 2.1407527923583984,
            "dev_nll": 2.057371139526367,
            "dev_kl": 0.03834727121231792,
            "dev_objective": 2.095718410738685
          },
          {
            "epoch": 128,
            "train_objective": 2.1401987075805664,
            "dev_nll": 2.0564827919006348,
            "dev_kl": 0.03857329760708003,
            "dev_objective": 2.0950560895077146
          },
          {
            "epoch": 129,
            "train_objective": 2.139651298522949,
            "dev_nll": 2.055603504180908,
            "dev_kl": 0.038798377455342224,
            "dev_objective": 2.0944018816362506
          },
          {
            "epoch": 130,
            "train_objective": 2.1391103267669678,
            "dev_nll": 2.05473256111145,
            "dev_kl": 0.039022561626929395,
            "dev_objective": 2.0937551227383797
          },
          {
            "epoch": 131,
            "train_objective": 2.138576030731201,
            "dev_nll": 2.0538697242736816,
            "dev_kl": 0.03924593042953544,
            "dev_objective": 2.093115654703217
          },
          {
            "epoch": 132,
            "train_objective": 2.1380484104156494,
            "dev_nll": 2.0530149936676025,
            "dev_kl": 0.03946858826017339,
            "dev_objective": 2.092483581927776
          },
          {
            "epoch": 133,
            "train_objective": 2.1375274658203125,
            "dev_nll": 2.0521676540374756,
            "dev_kl": 0.03969061426133513,
            "dev_objective": 2.091858268298811
          },
          {
            "epoch": 134,
            "train_objective": 2.1370129585266113,
            "dev_nll": 2.051328182220459,
            "dev_kl": 0.039912135356660675,
            "dev_objective": 2.0912403175771197
          },
          {
            "epoch": 135,
            "train_objective": 2.136504888534546,
            "dev_nll": 2.0504963397979736,
            "dev_kl": 0.040133206473992766,
            "dev_objective": 2.090629546271966
          },
          {
            "epoch": 136,
            "train_objective": 2.136003017425537,
            "dev_nll": 2.0496718883514404,
            "dev_kl": 0.04035388671560737,
            "dev_objective": 2.0900257750670477
          },
          {
            "epoch": 137,
            "train_objective": 2.1355082988739014,
            "dev_nll": 2.0488555431365967,
            "dev_kl": 0.0405741465075554,
            "dev_objective": 2.089429689644152
          },
          {
            "epoch": 138,
            "train_objective": 2.135019540786743,
            "dev_nll": 2.048046588897705,
            "dev_kl": 0.04079396966102781,
            "dev_objective": 2.088840558558733
          },
          {
            "epoch": 139,
            "train_objective": 2.1345372200012207,
            "dev_nll": 2.0472452640533447,
            "dev_kl": 0.04101332742353767,
            "dev_objective": 2.0882585914768823
          },
          {
            "epoch": 140,
            "train_objective": 2.134061336517334,
            "dev_nll": 2.0464515686035156,
            "dev_kl": 0.04123221051109418,
            "dev_objective": 2.08768377911461
          },
          {
            "epoch": 141,
            "train_objective": 2.133591651916504,
            "dev_nll": 2.0456655025482178,
            "dev_kl": 0.0414507214503304,
            "dev_objective": 2.087116223998548
          },
          {
            "epoch": 142,
            "train_objective": 2.1331281661987305,
            "dev_nll": 2.044886589050293,
            "dev_kl": 0.041668923657968523,
            "dev_objective": 2.0865555127082613
          },
          {
            "epoch": 143,
            "train_objective": 2.1326711177825928,
            "dev_nll": 2.044114828109741,
            "dev_kl": 0.04188694609544106,
            "dev_objective": 2.086001774205182
          },
          {
            "epoch": 144,
            "train_objective": 2.1322200298309326,
            "dev_nll": 2.0433499813079834,
            "dev_kl": 0.042104879872551446,
            "dev_objective": 2.085454861180535
          },
          {
            "epoch": 145,
            "train_objective": 2.131775379180908,
            "dev_nll": 2.0425920486450195,
            "dev_kl": 0.04232274088746373,
            "dev_objective": 2.0849147895324833
          },
          {
            "epoch": 146,
            "train_objective": 2.1313366889953613,
            "dev_nll": 2.0418410301208496,
            "dev_kl": 0.042540536294148515,
            "dev_objective": 2.084381566414998
          },
          {
            "epoch": 147,
            "train_objective": 2.130903959274292,
            "dev_nll": 2.0410971641540527,
            "dev_kl": 0.04275821495829003,
            "dev_objective": 2.0838553791123426
          },
          {
            "epoch": 148,
            "train_objective": 2.1304774284362793,
            "dev_nll": 2.04036021232605,
            "dev_kl": 0.04297568181373372,
            "dev_objective": 2.0833358941397835
          },
          {
            "epoch": 149,
            "train_objective": 2.130056858062744,
            "dev_nll": 2.0396299362182617,
            "dev_kl": 0.043192956689496104,
            "dev_objective": 2.0828228929077577
          },
          {
            "epoch": 150,
            "train_objective": 2.1296422481536865,
            "dev_nll": 2.038907051086426,
            "dev_kl": 0.04341002165971519,
            "dev_objective": 2.082317072746141
          },
          {
            "epoch": 151,
            "train_objective": 2.1292335987091064,
            "dev_nll": 2.038191080093384,
            "dev_kl": 0.04362693234023781,
            "dev_objective": 2.0818180124336214
          },
          {
            "epoch": 152,
            "train_objective": 2.128830909729004,
            "dev_nll": 2.0374817848205566,
            "dev_kl": 0.043843751124039224,
            "dev_objective": 2.081325535944596
          },
          {
            "epoch": 153,
            "train_objective": 2.1284337043762207,
            "dev_nll": 2.0367791652679443,
            "dev_kl": 0.04406052138329943,
            "dev_objective": 2.080839686651244
          },
          {
            "epoch": 154,
            "train_objective": 2.128042697906494,
            "dev_nll": 2.0360827445983887,
            "dev_kl": 0.04427727822425171,
            "dev_objective": 2.0803600228226404
          },
          {
            "epoch": 155,
            "train_objective": 2.127657651901245,
            "dev_nll": 2.035393476486206,
            "dev_kl": 0.04449398173014046,
            "dev_objective": 2.0798874582163465
          },
          {
            "epoch": 156,
            "train_objective": 2.1272780895233154,
            "dev_nll": 2.03471040725708,
            "dev_kl": 0.04471063142285005,
            "dev_objective": 2.0794210386799303
          },
          {
            "epoch": 157,
            "train_objective": 2.126904010772705,
            "dev_nll": 2.03403377532959,
            "dev_kl": 0.04492717391291113,
            "dev_objective": 2.078960949242501
          },
          {
            "epoch": 158,
            "train_objective": 2.1265358924865723,
            "dev_nll": 2.0333633422851562,
            "dev_kl": 0.04514365830281194,
            "dev_objective": 2.078507000587968
          },
          {
            "epoch": 159,
            "train_objective": 2.1261727809906006,
            "dev_nll": 2.0326998233795166,
            "dev_kl": 0.04536003426796555,
            "dev_objective": 2.078059857647482
          },
          {
            "epoch": 160,
            "train_objective": 2.1258161067962646,
            "dev_nll": 2.0320427417755127,
            "dev_kl": 0.045576334514325856,
            "dev_objective": 2.0776190762898388
          },
          {
            "epoch": 161,
            "train_objective": 2.1254642009735107,
            "dev_nll": 2.0313916206359863,
            "dev_kl": 0.04579251906869939,
            "dev_objective": 2.0771841397046855
          },
          {
            "epoch": 162,
            "train_objective": 2.125117778778076,
            "dev_nll": 2.030747175216675,
            "dev_kl": 0.04600864571549611,
            "dev_objective": 2.076755820932171
          },
          {
            "epoch": 163,
            "train_objective": 2.124776840209961,
            "dev_nll": 2.030108690261841,
            "dev_kl": 0.04622469116024608,
            "dev_objective": 2.076333381422087
          },
          {
            "epoch": 164,
            "train_objective": 2.124441623687744,
            "dev_nll": 2.0294766426086426,
            "dev_kl": 0.04644065039787706,
            "dev_objective": 2.0759172930065195
          },
          {
            "epoch": 165,
            "train_objective": 2.1241114139556885,
            "dev_nll": 2.0288500785827637,
            "dev_kl": 0.04665652425037561,
            "dev_objective": 2.0755066028331393
          },
          {
            "epoch": 166,
            "train_objective": 2.123786211013794,
            "dev_nll": 2.0282301902770996,
            "dev_kl": 0.046872331030671545,
            "dev_objective": 2.075102521307771
          },
          {
            "epoch": 167,
            "train_objective": 2.123466730117798,
            "dev_nll": 2.027615547180176,
            "dev_kl": 0.04708809721879326,
            "dev_objective": 2.0747036443989693
          },
          {
            "epoch": 168,
            "train_objective": 2.123152256011963,
            "dev_nll": 2.0270073413848877,
            "dev_kl": 0.047303805305902544,
            "dev_objective": 2.0743111466907904
          },
          {
            "epoch": 169,
            "train_objective": 2.122842788696289,
            "dev_nll": 2.026404619216919,
            "dev_kl": 0.04751938183996186,
            "dev_objective": 2.0739240010568807
          },
          {
            "epoch": 170,
            "train_objective": 2.1225380897521973,
            "dev_nll": 2.025808334350586,
            "dev_kl": 0.047734843595789826,
            "dev_objective": 2.0735431779463758
          },
          {
            "epoch": 171,
            "train_objective": 2.1222386360168457,
            "dev_nll": 2.0252177715301514,
            "dev_kl": 0.0479501590804199,
            "dev_objective": 2.0731679306105715
          },
          {
            "epoch": 172,
            "train_objective": 2.1219444274902344,
            "dev_nll": 2.024632692337036,
            "dev_kl": 0.04816528552806745,
            "dev_objective": 2.0727979778651036
          },
          {
            "epoch": 173,
            "train_objective": 2.121654748916626,
            "dev_nll": 2.0240533351898193,
            "dev_kl": 0.04838026719874317,
            "dev_objective": 2.0724336023885623
          },
          {
            "epoch": 174,
            "train_objective": 2.1213700771331787,
            "dev_nll": 2.023479700088501,
            "dev_kl": 0.04859508763082238,
            "dev_objective": 2.0720747877193233
          },
          {
            "epoch": 175,
            "train_objective": 2.1210901737213135,
            "dev_nll": 2.02291202545166,
            "dev_kl": 0.04880976845379337,
            "dev_objective": 2.0717217939054535
          },
          {
            "epoch": 176,
            "train_objective": 2.120814800262451,
            "dev_nll": 2.0223495960235596,
            "dev_kl": 0.04902426992522853,
            "dev_objective": 2.071373865948788
          },
          {
            "epoch": 177,
            "train_objective": 2.120544672012329,
            "dev_nll": 2.021792411804199,
            "dev_kl": 0.049238622338806805,
            "dev_objective": 2.071031034143006
          },
          {
            "epoch": 178,
            "train_objective": 2.1202785968780518,
            "dev_nll": 2.0212409496307373,
            "dev_kl": 0.049452722779909614,
            "dev_objective": 2.070693672410647
          },
          {
            "epoch": 179,
            "train_objective": 2.1200175285339355,
            "dev_nll": 2.0206949710845947,
            "dev_kl": 0.04966657524697062,
            "dev_objective": 2.0703615463315654
          },
          {
            "epoch": 180,
            "train_objective": 2.119760751724243,
            "dev_nll": 2.0201547145843506,
            "dev_kl": 0.049880167217116314,
            "dev_objective": 2.070034881801467
          },
          {
            "epoch": 181,
            "train_objective": 2.1195082664489746,
            "dev_nll": 2.0196197032928467,
            "dev_kl": 0.050093441202448415,
            "dev_objective": 2.069713144495295
          },
          {
            "epoch": 182,
            "train_objective": 2.119260787963867,
            "dev_nll": 2.019089937210083,
            "dev_kl": 0.050306426976316584,
            "dev_objective": 2.0693963641863995
          },
          {
            "epoch": 183,
            "train_objective": 2.1190171241760254,
            "dev_nll": 2.0185654163360596,
            "dev_kl": 0.05051909004987874,
            "dev_objective": 2.069084506385938
          },
          {
            "epoch": 184,
            "train_objective": 2.1187782287597656,
            "dev_nll": 2.0180463790893555,
            "dev_kl": 0.0507314615994334,
            "dev_objective": 2.0687778406887887
          },
          {
            "epoch": 185,
            "train_objective": 2.1185433864593506,
            "dev_nll": 2.0175325870513916,
            "dev_kl": 0.0509434834070284,
            "dev_objective": 2.06847607045842
          },
          {
            "epoch": 186,
            "train_objective": 2.118312358856201,
            "dev_nll": 2.017023801803589,
            "dev_kl": 0.05115514724870131,
            "dev_objective": 2.06817894905229
          },
          {
            "epoch": 187,
            "train_objective": 2.1180858612060547,
            "dev_nll": 2.0165200233459473,
            "dev_kl": 0.05136642545457525,
            "dev_objective": 2.0678864488005226
          },
          {
            "epoch": 188,
            "train_objective": 2.117863416671753,
            "dev_nll": 2.016021728515625,
            "dev_kl": 0.05157731866398404,
            "dev_objective": 2.067599047179609
          },
          {
            "epoch": 189,
            "train_objective": 2.117645263671875,
            "dev_nll": 2.0155282020568848,
            "dev_kl": 0.05178777825428394,
            "dev_objective": 2.067315980311169
          },
          {
            "epoch": 190,
            "train_objective": 2.117431163787842,
            "dev_nll": 2.0150396823883057,
            "dev_kl": 0.051997784102224595,
            "dev_objective": 2.06703746649053
          },
          {
            "epoch": 191,
            "train_objective": 2.117220640182495,
            "dev_nll": 2.0145561695098877,
            "dev_kl": 0.052207373915218735,
            "dev_objective": 2.0667635434251066
          },
          {
            "epoch": 192,
            "train_objective": 2.117013931274414,
            "dev_nll": 2.014077663421631,
            "dev_kl": 0.05241646863418987,
            "dev_objective": 2.0664941320558206
          },
          {
            "epoch": 193,
            "train_objective": 2.116811513900757,
            "dev_nll": 2.013604164123535,
            "dev_kl": 0.0526250577606522,
            "dev_objective": 2.0662292218841873
          },
          {
            "epoch": 194,
            "train_objective": 2.116612434387207,
            "dev_nll": 2.0131354331970215,
            "dev_kl": 0.05283313812869359,
            "dev_objective": 2.065968571325715
          },
          {
            "epoch": 195,
            "train_objective": 2.116417169570923,
            "dev_nll": 2.01267147064209,
            "dev_kl": 0.05304071495090779,
            "dev_objective": 2.065712185592998
          },
          {
            "epoch": 196,
            "train_objective": 2.1162259578704834,
            "dev_nll": 2.0122125148773193,
            "dev_kl": 0.05324771050469518,
            "dev_objective": 2.0654602253820147
          },
          {
            "epoch": 197,
            "train_objective": 2.1160380840301514,
            "dev_nll": 2.0117580890655518,
            "dev_kl": 0.05345416838728344,
            "dev_objective": 2.0652122574528353
          },
          {
            "epoch": 198,
            "train_objective": 2.115853786468506,
            "dev_nll": 2.011308193206787,
            "dev_kl": 0.0536600469384023,
            "dev_objective": 2.0649682401451894
          },
          {
            "epoch": 199,
            "train_objective": 2.115673065185547,
            "dev_nll": 2.0108633041381836,
            "dev_kl": 0.0538653176633431,
            "dev_objective": 2.064728621801527
          },
          {
            "epoch": 200,
            "train_objective": 2.1154959201812744,
            "dev_nll": 2.010422945022583,
            "dev_kl": 0.05407000125472444,
            "dev_objective": 2.0644929462773076
          },
          {
            "epoch": 201,
            "train_objective": 2.1153221130371094,
            "dev_nll": 2.0099868774414062,
            "dev_kl": 0.054274002694853093,
            "dev_objective": 2.0642608801362594
          },
          {
            "epoch": 202,
            "train_objective": 2.1151516437530518,
            "dev_nll": 2.0095555782318115,
            "dev_kl": 0.05447733733588491,
            "dev_objective": 2.0640329155676964
          },
          {
            "epoch": 203,
            "train_objective": 2.1149842739105225,
            "dev_nll": 2.0091288089752197,
            "dev_kl": 0.05468001635043792,
            "dev_objective": 2.0638088253256575
          },
          {
            "epoch": 204,
            "train_objective": 2.1148202419281006,
            "dev_nll": 2.008706569671631,
            "dev_kl": 0.0548819884448463,
            "dev_objective": 2.0635885581164772
          },
          {
            "epoch": 205,
            "train_objective": 2.114659309387207,
            "dev_nll": 2.008288621902466,
            "dev_kl": 0.055083258591178304,
            "dev_objective": 2.0633718804936443
          },
          {
            "epoch": 206,
            "train_objective": 2.114502191543579,
            "dev_nll": 2.0078752040863037,
            "dev_kl": 0.05528380834250522,
            "dev_objective": 2.063159012428809
          },
          {
            "epoch": 207,
            "train_objective": 2.1143476963043213,
            "dev_nll": 2.0074663162231445,
            "dev_kl": 0.05548362340143924,
            "dev_objective": 2.0629499396245836
          },
          {
            "epoch": 208,
            "train_objective": 2.114196538925171,
            "dev_nll": 2.00706148147583,
            "dev_kl": 0.055682671118546266,
            "dev_objective": 2.062744152594376
          },
          {
            "epoch": 209,
            "train_objective": 2.1140482425689697,
            "dev_nll": 2.0066611766815186,
            "dev_kl": 0.05588093171744576,
            "dev_objective": 2.062542108398964
          },
          {
            "epoch": 210,
            "train_objective": 2.1139028072357178,
            "dev_nll": 2.0062649250030518,
            "dev_kl": 0.05607840334227689,
            "dev_objective": 2.0623433283453285
          },
          {
            "epoch": 211,
            "train_objective": 2.113760471343994,
            "dev_nll": 2.005873203277588,
            "dev_kl": 0.056275046255577436,
            "dev_objective": 2.0621482495331653
          },
          {
            "epoch": 212,
            "train_objective": 2.113621234893799,
            "dev_nll": 2.0054852962493896,
            "dev_kl": 0.05647086867031396,
            "dev_objective": 2.0619561649197036
          },
          {
            "epoch": 213,
            "train_objective": 2.1134846210479736,
            "dev_nll": 2.005101442337036,
            "dev_kl": 0.0566658437198491,
            "dev_objective": 2.0617672860568854
          },
          {
            "epoch": 214,
            "train_objective": 2.1133503913879395,
            "dev_nll": 2.0047221183776855,
            "dev_kl": 0.056859977621488644,
            "dev_objective": 2.0615820959991744
          },
          {
            "epoch": 215,
            "train_objective": 2.1132192611694336,
            "dev_nll": 2.0043466091156006,
            "dev_kl": 0.05705323424017233,
            "dev_objective": 2.061399843355773
          },
          {
            "epoch": 216,
            "train_objective": 2.113090753555298,
            "dev_nll": 2.0039756298065186,
            "dev_kl": 0.057245600152479405,
            "dev_objective": 2.061221229958998
          },
          {
            "epoch": 217,
            "train_objective": 2.1129651069641113,
            "dev_nll": 2.003607988357544,
            "dev_kl": 0.057437074858990765,
            "dev_objective": 2.0610450632165347
          },
          {
            "epoch": 218,
            "train_objective": 2.112841844558716,
            "dev_nll": 2.003244638442993,
            "dev_kl": 0.057627632636836464,
            "dev_objective": 2.0608722710798295
          },
          {
            "epoch": 219,
            "train_objective": 2.1127209663391113,
            "dev_nll": 2.002885341644287,
            "dev_kl": 0.05781728765342032,
            "dev_objective": 2.0607026292977073
          },
          {
            "epoch": 220,
            "train_objective": 2.112603187561035,
            "dev_nll": 2.0025298595428467,
            "dev_kl": 0.05800598592136626,
            "dev_objective": 2.060535845464213
          },
          {
            "epoch": 221,
            "train_objective": 2.112487554550171,
            "dev_nll": 2.002178192138672,
            "dev_kl": 0.058193735126740254,
            "dev_objective": 2.060371927265412
          },
          {
            "epoch": 222,
            "train_objective": 2.1123740673065186,
            "dev_nll": 2.0018303394317627,
            "dev_kl": 0.058380510001321405,
            "dev_objective": 2.060210849433084
          },
          {
            "epoch": 223,
            "train_objective": 2.1122636795043945,
            "dev_nll": 2.0014865398406982,
            "dev_kl": 0.05856631263586596,
            "dev_objective": 2.0600528524765642
          },
          {
            "epoch": 224,
            "train_objective": 2.112154722213745,
            "dev_nll": 2.001146078109741,
            "dev_kl": 0.05875113320566802,
            "dev_objective": 2.059897211315409
          },
          {
            "epoch": 225,
            "train_objective": 2.112048864364624,
            "dev_nll": 2.000809669494629,
            "dev_kl": 0.058934948997646,
            "dev_objective": 2.059744618492275
          },
          {
            "epoch": 226,
            "train_objective": 2.1119446754455566,
            "dev_nll": 2.0004770755767822,
            "dev_kl": 0.059117772859174585,
            "dev_objective": 2.0595948484359567
          },
          {
            "epoch": 227,
            "train_objective": 2.1118428707122803,
            "dev_nll": 2.000147819519043,
            "dev_kl": 0.05929957497672247,
            "dev_objective": 2.0594473944957654
          },
          {
            "epoch": 228,
            "train_objective": 2.111743450164795,
            "dev_nll": 1.9998223781585693,
            "dev_kl": 0.05948034261021897,
            "dev_objective": 2.0593027207687884
          },
          {
            "epoch": 229,
            "train_objective": 2.1116461753845215,
            "dev_nll": 1.9995003938674927,
            "dev_kl": 0.05966007089434267,
            "dev_objective": 2.0591604647618356
          },
          {
            "epoch": 230,
            "train_objective": 2.11155104637146,
            "dev_nll": 1.9991823434829712,
            "dev_kl": 0.05983873128177554,
            "dev_objective": 2.059021074764747
          },
          {
            "epoch": 231,
            "train_objective": 2.111457347869873,
            "dev_nll": 1.9988675117492676,
            "dev_kl": 0.060016346511523856,
            "dev_objective": 2.0588838582607916
          },
          {
            "epoch": 232,
            "train_objective": 2.1113665103912354,
            "dev_nll": 1.99855637550354,
            "dev_kl": 0.060192859261627055,
            "dev_objective": 2.058749234765167
          },
          {
            "epoch": 233,
            "train_objective": 2.1112771034240723,
            "dev_nll": 1.9982486963272095,
            "dev_kl": 0.06036833003540901,
            "dev_objective": 2.0586170263626187
          },
          {
            "epoch": 234,
            "train_objective": 2.111189842224121,
            "dev_nll": 1.9979444742202759,
            "dev_kl": 0.060542703509437724,
            "dev_objective": 2.0584871777297136
          },
          {
            "epoch": 235,
            "train_objective": 2.1111044883728027,
            "dev_nll": 1.9976437091827393,
            "dev_kl": 0.06071598571017259,
            "dev_objective": 2.058359694892912
          },
          {
            "epoch": 236,
            "train_objective": 2.111021041870117,
            "dev_nll": 1.997346043586731,
            "dev_kl": 0.06088816318023837,
            "dev_objective": 2.0582342067669694
          },
          {
            "epoch": 237,
            "train_objective": 2.1109392642974854,
            "dev_nll": 1.9970518350601196,
            "dev_kl": 0.061059240383926676,
            "dev_objective": 2.0581110754440464
          },
          {
            "epoch": 238,
            "train_objective": 2.1108593940734863,
            "dev_nll": 1.9967613220214844,
            "dev_kl": 0.061229188897938526,
            "dev_objective": 2.057990510919423
          },
          {
            "epoch": 239,
            "train_objective": 2.11078143119812,
            "dev_nll": 1.9964736700057983,
            "dev_kl": 0.06139802464311796,
            "dev_objective": 2.057871694648916
          },
          {
            "epoch": 240,
            "train_objective": 2.1107048988342285,
            "dev_nll": 1.9961892366409302,
            "dev_kl": 0.061565738656533975,
            "dev_objective": 2.057754975297464
          },
          {
            "epoch": 241,
            "train_objective": 2.110630512237549,
            "dev_nll": 1.995908498764038,
            "dev_kl": 0.06173230625368101,
            "dev_objective": 2.0576408050177193
          },
          {
            "epoch": 242,
            "train_objective": 2.1105575561523438,
            "dev_nll": 1.9956306219100952,
            "dev_kl": 0.061897735524244046,
            "dev_objective": 2.0575283574343395
          },
          {
            "epoch": 243,
            "train_objective": 2.1104862689971924,
            "dev_nll": 1.9953558444976807,
            "dev_kl": 0.06206202633404393,
            "dev_objective": 2.0574178708317246
          },
          {
            "epoch": 244,
            "train_objective": 2.1104164123535156,
            "dev_nll": 1.995084285736084,
            "dev_kl": 0.06222516195978371,
            "dev_objective": 2.0573094476958675
          },
          {
            "epoch": 245,
            "train_objective": 2.1103482246398926,
            "dev_nll": 1.9948159456253052,
            "dev_kl": 0.06238713334866449,
            "dev_objective": 2.0572030789739695
          },
          {
            "epoch": 246,
            "train_objective": 2.1102819442749023,
            "dev_nll": 1.9945507049560547,
            "dev_kl": 0.06254797042283253,
            "dev_objective": 2.0570986753788874
          },
          {
            "epoch": 247,
            "train_objective": 2.1102166175842285,
            "dev_nll": 1.994288444519043,
            "dev_kl": 0.06270764148572558,
            "dev_objective": 2.0569960860047685
          },
          {
            "epoch": 248,
            "train_objective": 2.1101531982421875,
            "dev_nll": 1.99402916431427,
            "dev_kl": 0.0628661285699235,
            "dev_objective": 2.0568952928841937
          },
          {
            "epoch": 249,
            "train_objective": 2.110090970993042,
            "dev_nll": 1.9937728643417358,
            "dev_kl": 0.063023467217496,
            "dev_objective": 2.056796331559232
          },
          {
            "epoch": 250,
            "train_objective": 2.110030174255371,
            "dev_nll": 1.9935195446014404,
            "dev_kl": 0.06317963553357897,
            "dev_objective": 2.0566991801350194
          },
          {
            "epoch": 251,
            "train_objective": 2.109970808029175,
            "dev_nll": 1.9932692050933838,
            "dev_kl": 0.06333461279794941,
            "dev_objective": 2.0566038178913333
          },
          {
            "epoch": 252,
            "train_objective": 2.1099131107330322,
            "dev_nll": 1.9930217266082764,
            "dev_kl": 0.06348841702758265,
            "dev_objective": 2.056510143635859
          },
          {
            "epoch": 253,
            "train_objective": 2.109856367111206,
            "dev_nll": 1.9927771091461182,
            "dev_kl": 0.06364105631963629,
            "dev_objective": 2.0564181654657543
          },
          {
            "epoch": 254,
            "train_objective": 2.1098010540008545,
            "dev_nll": 1.9925354719161987,
            "dev_kl": 0.0637924996059024,
            "dev_objective": 2.056327971522101
          },
          {
            "epoch": 255,
            "train_objective": 2.1097469329833984,
            "dev_nll": 1.9922963380813599,
            "dev_kl": 0.06394278169416892,
            "dev_objective": 2.0562391197755288
          },
          {
            "epoch": 256,
            "train_objective": 2.109694242477417,
            "dev_nll": 1.9920601844787598,
            "dev_kl": 0.06409186816050384,
            "dev_objective": 2.0561520526392636
          },
          {
            "epoch": 257,
            "train_objective": 2.109642744064331,
            "dev_nll": 1.9918267726898193,
            "dev_kl": 0.0642397705361201,
            "dev_objective": 2.0560665432259393
          },
          {
            "epoch": 258,
            "train_objective": 2.1095924377441406,
            "dev_nll": 1.9915961027145386,
            "dev_kl": 0.06438649233681285,
            "dev_objective": 2.0559825950513515
          },
          {
            "epoch": 259,
            "train_objective": 2.1095428466796875,
            "dev_nll": 1.991368293762207,
            "dev_kl": 0.06453201283206786,
            "dev_objective": 2.0559003065942747
          },
          {
            "epoch": 260,
            "train_objective": 2.1094954013824463,
            "dev_nll": 1.991142988204956,
            "dev_kl": 0.06467636409561729,
            "dev_objective": 2.055819352300573
          },
          {
            "epoch": 261,
            "train_objective": 2.109448194503784,
            "dev_nll": 1.9909204244613647,
            "dev_kl": 0.0648195118001486,
            "dev_objective": 2.055739936261513
          },
          {
            "epoch": 262,
            "train_objective": 2.109402656555176,
            "dev_nll": 1.9907002449035645,
            "dev_kl": 0.06496149413067394,
            "dev_objective": 2.0556617390342384
          },
          {
            "epoch": 263,
            "train_objective": 2.109358072280884,
            "dev_nll": 1.990483045578003,
            "dev_kl": 0.06510226262158081,
            "dev_objective": 2.055585308199584
          },
          {
            "epoch": 264,
            "train_objective": 2.109314203262329,
            "dev_nll": 1.990268349647522,
            "dev_kl": 0.06524187691264832,
            "dev_objective": 2.05551022656017
          },
          {
            "epoch": 265,
            "train_objective": 2.109271764755249,
            "dev_nll": 1.9900559186935425,
            "dev_kl": 0.0653802938907468,
            "dev_objective": 2.055436212584289
          },
          {
            "epoch": 266,
            "train_objective": 2.109229803085327,
            "dev_nll": 1.989846110343933,
            "dev_kl": 0.06551753621281498,
            "dev_objective": 2.055363646556748
          },
          {
            "epoch": 267,
            "train_objective": 2.109189510345459,
            "dev_nll": 1.989639163017273,
            "dev_kl": 0.06565359463340494,
            "dev_objective": 2.055292757650678
          },
          {
            "epoch": 268,
            "train_objective": 2.109149694442749,
            "dev_nll": 1.9894343614578247,
            "dev_kl": 0.06578846243962641,
            "dev_objective": 2.0552228238974513
          },
          {
            "epoch": 269,
            "train_objective": 2.1091110706329346,
            "dev_nll": 1.989232063293457,
            "dev_kl": 0.06592217036905731,
            "dev_objective": 2.055154233662514
          },
          {
            "epoch": 270,
            "train_objective": 2.1090731620788574,
            "dev_nll": 1.9890321493148804,
            "dev_kl": 0.06605470232360866,
            "dev_objective": 2.055086851638489
          },
          {
            "epoch": 271,
            "train_objective": 2.109036684036255,
            "dev_nll": 1.9888345003128052,
            "dev_kl": 0.06618604448774457,
            "dev_objective": 2.05502054480055
          },
          {
            "epoch": 272,
            "train_objective": 2.1090004444122314,
            "dev_nll": 1.9886394739151,
            "dev_kl": 0.0663162125509205,
            "dev_objective": 2.0549556864660206
          },
          {
            "epoch": 273,
            "train_objective": 2.1089653968811035,
            "dev_nll": 1.9884467124938965,
            "dev_kl": 0.06644523360185442,
            "dev_objective": 2.054891946095751
          },
          {
            "epoch": 274,
            "train_objective": 2.108931303024292,
            "dev_nll": 1.9882563352584839,
            "dev_kl": 0.0665730969958859,
            "dev_objective": 2.05482943225437
          },
          {
            "epoch": 275,
            "train_objective": 2.1088979244232178,
            "dev_nll": 1.9880679845809937,
            "dev_kl": 0.06669976447563648,
            "dev_objective": 2.05476774905663
          },
          {
            "epoch": 276,
            "train_objective": 2.10886549949646,
            "dev_nll": 1.987882375717163,
            "dev_kl": 0.06682529807841166,
            "dev_objective": 2.054707673795575
          },
          {
            "epoch": 277,
            "train_objective": 2.1088335514068604,
            "dev_nll": 1.9876987934112549,
            "dev_kl": 0.06694965874752647,
            "dev_objective": 2.0546484521587813
          },
          {
            "epoch": 278,
            "train_objective": 2.108802556991577,
            "dev_nll": 1.9875173568725586,
            "dev_kl": 0.06707288043548328,
            "dev_objective": 2.054590237308042
          },
          {
            "epoch": 279,
            "train_objective": 2.1087722778320312,
            "dev_nll": 1.9873381853103638,
            "dev_kl": 0.06719494861697983,
            "dev_objective": 2.0545331339273436
          },
          {
            "epoch": 280,
            "train_objective": 2.1087424755096436,
            "dev_nll": 1.9871611595153809,
            "dev_kl": 0.06731587260799494,
            "dev_objective": 2.054477032123376
          },
          {
            "epoch": 281,
            "train_objective": 2.1087141036987305,
            "dev_nll": 1.9869866371154785,
            "dev_kl": 0.06743566015250729,
            "dev_objective": 2.054422297267986
          },
          {
            "epoch": 282,
            "train_objective": 2.1086859703063965,
            "dev_nll": 1.9868136644363403,
            "dev_kl": 0.0675542979526883,
            "dev_objective": 2.0543679623890285
          },
          {
            "epoch": 283,
            "train_objective": 2.1086585521698,
            "dev_nll": 1.9866429567337036,
            "dev_kl": 0.06767181749245874,
            "dev_objective": 2.0543147742261625
          },
          {
            "epoch": 284,
            "train_objective": 2.1086318492889404,
            "dev_nll": 1.986474633216858,
            "dev_kl": 0.06778819241318726,
            "dev_objective": 2.0542628256300453
          },
          {
            "epoch": 285,
            "train_objective": 2.1086056232452393,
            "dev_nll": 1.9863080978393555,
            "dev_kl": 0.06790345905598794,
            "dev_objective": 2.0542115568953436
          },
          {
            "epoch": 286,
            "train_objective": 2.1085803508758545,
            "dev_nll": 1.9861438274383545,
            "dev_kl": 0.06801759941266904,
            "dev_objective": 2.0541614268510235
          },
          {
            "epoch": 287,
            "train_objective": 2.108555793762207,
            "dev_nll": 1.9859815835952759,
            "dev_kl": 0.06813063438410707,
            "dev_objective": 2.054112217979383
          },
          {
            "epoch": 288,
            "train_objective": 2.1085314750671387,
            "dev_nll": 1.98582124710083,
            "dev_kl": 0.06824255625490279,
            "dev_objective": 2.054063803355733
          },
          {
            "epoch": 289,
            "train_objective": 2.1085081100463867,
            "dev_nll": 1.985662817955017,
            "dev_kl": 0.06835334647490396,
            "dev_objective": 2.054016164429921
          },
          {
            "epoch": 290,
            "train_objective": 2.108485460281372,
            "dev_nll": 1.985506296157837,
            "dev_kl": 0.06846308425975531,
            "dev_objective": 2.053969380417592
          },
          {
            "epoch": 291,
            "train_objective": 2.1084625720977783,
            "dev_nll": 1.9853519201278687,
            "dev_kl": 0.06857171711283275,
            "dev_objective": 2.0539236372407013
          },
          {
            "epoch": 292,
            "train_objective": 2.108441114425659,
            "dev_nll": 1.9851993322372437,
            "dev_kl": 0.06867925376187682,
            "dev_objective": 2.0538785859991204
          },
          {
            "epoch": 293,
            "train_objective": 2.108419418334961,
            "dev_nll": 1.985048770904541,
            "dev_kl": 0.06878570893552334,
            "dev_objective": 2.0538344798400643
          },
          {
            "epoch": 294,
            "train_objective": 2.108398914337158,
            "dev_nll": 1.984899878501892,
            "dev_kl": 0.06889106830433095,
            "dev_objective": 2.053790946806223
          },
          {
            "epoch": 295,
            "train_objective": 2.1083788871765137,
            "dev_nll": 1.984752893447876,
            "dev_kl": 0.06899537642927933,
            "dev_objective": 2.0537482698771554
          },
          {
            "epoch": 296,
            "train_objective": 2.1083593368530273,
            "dev_nll": 1.9846078157424927,
            "dev_kl": 0.0690986117128354,
            "dev_objective": 2.053706427455328
          },
          {
            "epoch": 297,
            "train_objective": 2.10834002494812,
            "dev_nll": 1.9844646453857422,
            "dev_kl": 0.06920079896260611,
            "dev_objective": 2.0536654443483484
          },
          {
            "epoch": 298,
            "train_objective": 2.108321189880371,
            "dev_nll": 1.984323263168335,
            "dev_kl": 0.06930192063448778,
            "dev_objective": 2.0536251838028226
          },
          {
            "epoch": 299,
            "train_objective": 2.1083030700683594,
            "dev_nll": 1.9841835498809814,
            "dev_kl": 0.06940199267095572,
            "dev_objective": 2.053585542551937
          }
        ]
      },
      {
        "kl_lambda": 3.0,
        "best_dev_nll": 2.0824813842773438,
        "best_dev_kl": 0.020161016267904727,
        "best_dev_objective": 2.1429644330810578,
        "epochs_run": 300,
        "history": [
          {
            "epoch": 0,
            "train_objective": 2.3157315254211426,
            "dev_nll": 2.287132978439331,
            "dev_kl": 0.00010073093616082186,
            "dev_objective": 2.2874351712478136
          },
          {
            "epoch": 1,
            "train_objective": 2.3126633167266846,
            "dev_nll": 2.2841808795928955,
            "dev_kl": 0.00017099855864905072,
            "dev_objective": 2.2846938752688426
          },
          {
            "epoch": 2,
            "train_objective": 2.3098785877227783,
            "dev_nll": 2.281151533126831,
            "dev_kl": 0.00016519192741635289,
            "dev_objective": 2.28164710890908
          },
          {
            "epoch": 3,
            "train_objective": 2.3070223331451416,
            "dev_nll": 2.2780418395996094,
            "dev_kl": 0.00017568877746606968,
            "dev_objective": 2.2785689059320076
          },
          {
            "epoch": 4,
            "train_objective": 2.304295778274536,
            "dev_nll": 2.2748076915740967,
            "dev_kl": 0.00023489380698453902,
            "dev_objective": 2.2755123729950504
          },
          {
            "epoch": 5,
            "train_objective": 2.3017077445983887,
            "dev_nll": 2.2714929580688477,
            "dev_kl": 0.0003268826738283613,
            "dev_objective": 2.2724736060903328
          },
          {
            "epoch": 6,
            "train_objective": 2.299142599105835,
            "dev_nll": 2.268192768096924,
            "dev_kl": 0.00044403644993131446,
            "dev_objective": 2.2695248774467176
          },
          {
            "epoch": 7,
            "train_objective": 2.2966034412384033,
            "dev_nll": 2.264970302581787,
            "dev_kl": 0.000588768400563355,
            "dev_objective": 2.266736607783477
          },
          {
            "epoch": 8,
            "train_objective": 2.294158697128296,
            "dev_nll": 2.2618660926818848,
            "dev_kl": 0.0007512610137456324,
            "dev_objective": 2.2641198757231216
          },
          {
            "epoch": 9,
            "train_objective": 2.2918214797973633,
            "dev_nll": 2.258880615234375,
            "dev_kl": 0.0009107061112215659,
            "dev_objective": 2.2616127335680396
          },
          {
            "epoch": 10,
            "train_objective": 2.2895400524139404,
            "dev_nll": 2.255986452102661,
            "dev_kl": 0.0010591819377664291,
            "dev_objective": 2.2591639979159606
          },
          {
            "epoch": 11,
            "train_objective": 2.287285804748535,
            "dev_nll": 2.253167152404785,
            "dev_kl": 0.0012061420475711693,
            "dev_objective": 2.2567855785474986
          },
          {
            "epoch": 12,
            "train_objective": 2.285083055496216,
            "dev_nll": 2.250418186187744,
            "dev_kl": 0.0013633795020428512,
            "dev_objective": 2.2545083246938726
          },
          {
            "epoch": 13,
            "train_objective": 2.282961130142212,
            "dev_nll": 2.2477269172668457,
            "dev_kl": 0.0015340993657544557,
            "dev_objective": 2.2523292153641092
          },
          {
            "epoch": 14,
            "train_objective": 2.2809131145477295,
            "dev_nll": 2.245072603225708,
            "dev_kl": 0.0017143280173521824,
            "dev_objective": 2.2502155872777645
          },
          {
            "epoch": 15,
            "train_objective": 2.2789089679718018,
            "dev_nll": 2.2424416542053223,
            "dev_kl": 0.0019014817981106054,
            "dev_objective": 2.248146099599654
          },
          {
            "epoch": 16,
            "train_objective": 2.27694034576416,
            "dev_nll": 2.23983097076416,
            "dev_kl": 0.00209633708797261,
            "dev_objective": 2.246119982028078
          },
          {
            "epoch": 17,
            "train_objective": 2.275024652481079,
            "dev_nll": 2.2372395992279053,
            "dev_kl": 0.0022976144286699024,
            "dev_objective": 2.244132442513915
          },
          {
            "epoch": 18,
            "train_objective": 2.273172378540039,
            "dev_nll": 2.2346713542938232,
            "dev_kl": 0.00249970817481176,
            "dev_objective": 2.2421704788182586
          },
          {
            "epoch": 19,
            "train_objective": 2.2713735103607178,
            "dev_nll": 2.232139825820923,
            "dev_kl": 0.0026978912388618517,
            "dev_objective": 2.2402334995375086
          },
          {
            "epoch": 20,
            "train_objective": 2.269615650177002,
            "dev_nll": 2.2296643257141113,
            "dev_kl": 0.002892786405297827,
            "dev_objective": 2.238342684930005
          },
          {
            "epoch": 21,
            "train_objective": 2.2679007053375244,
            "dev_nll": 2.2272627353668213,
            "dev_kl": 0.003087863282416947,
            "dev_objective": 2.236526325214072
          },
          {
            "epoch": 22,
            "train_objective": 2.266238212585449,
            "dev_nll": 2.224942684173584,
            "dev_kl": 0.0032848373831822412,
            "dev_objective": 2.2347971963231306
          },
          {
            "epoch": 23,
            "train_objective": 2.2646262645721436,
            "dev_nll": 2.2226943969726562,
            "dev_kl": 0.0034834628072326064,
            "dev_objective": 2.2331447853943542
          },
          {
            "epoch": 24,
            "train_objective": 2.2630562782287598,
            "dev_nll": 2.2204973697662354,
            "dev_kl": 0.003684419433943936,
            "dev_objective": 2.2315506280680673
          },
          {
            "epoch": 25,
            "train_objective": 2.2615249156951904,
            "dev_nll": 2.2183241844177246,
            "dev_kl": 0.0038897687318076185,
            "dev_objective": 2.2299934906131473
          },
          {
            "epoch": 26,
            "train_objective": 2.260038137435913,
            "dev_nll": 2.2161495685577393,
            "dev_kl": 0.004100352038549645,
            "dev_objective": 2.228450624673388
          },
          {
            "epoch": 27,
            "train_objective": 2.2585976123809814,
            "dev_nll": 2.2139570713043213,
            "dev_kl": 0.004314759007848061,
            "dev_objective": 2.2269013483278655
          },
          {
            "epoch": 28,
            "train_objective": 2.2571964263916016,
            "dev_nll": 2.2117457389831543,
            "dev_kl": 0.004531333177363047,
            "dev_objective": 2.2253397385152436
          },
          {
            "epoch": 29,
            "train_objective": 2.2558271884918213,
            "dev_nll": 2.2095320224761963,
            "dev_kl": 0.004750068852314012,
            "dev_objective": 2.223782229033138
          },
          {
            "epoch": 30,
            "train_objective": 2.2544925212860107,
            "dev_nll": 2.2073404788970947,
            "dev_kl": 0.004971095774299675,
            "dev_objective": 2.222253766219994
          },
          {
            "epoch": 31,
            "train_objective": 2.2531964778900146,
            "dev_nll": 2.205195426940918,
            "dev_kl": 0.005192653698556184,
            "dev_objective": 2.2207733880365863
          },
          {
            "epoch": 32,
            "train_objective": 2.2519354820251465,
            "dev_nll": 2.2031118869781494,
            "dev_kl": 0.005411856798198166,
            "dev_objective": 2.219347457372744
          },
          {
            "epoch": 33,
            "train_objective": 2.250704288482666,
            "dev_nll": 2.201093912124634,
            "dev_kl": 0.005626996209439066,
            "dev_objective": 2.217974900752951
          },
          {
            "epoch": 34,
            "train_objective": 2.249500036239624,
            "dev_nll": 2.19913387298584,
            "dev_kl": 0.005837990618667456,
            "dev_objective": 2.2166478448418423
          },
          {
            "epoch": 35,
            "train_objective": 2.2483246326446533,
            "dev_nll": 2.1972174644470215,
            "dev_kl": 0.006045133162285663,
            "dev_objective": 2.2153528639338784
          },
          {
            "epoch": 36,
            "train_objective": 2.247178554534912,
            "dev_nll": 2.1953284740448,
            "dev_kl": 0.006248547416075494,
            "dev_objective": 2.2140741162930264
          },
          {
            "epoch": 37,
            "train_objective": 2.2460579872131348,
            "dev_nll": 2.1934568881988525,
            "dev_kl": 0.006448931997560116,
            "dev_objective": 2.212803684191533
          },
          {
            "epoch": 38,
            "train_objective": 2.244959592819214,
            "dev_nll": 2.1916017532348633,
            "dev_kl": 0.006647367847124786,
            "dev_objective": 2.2115438567762378
          },
          {
            "epoch": 39,
            "train_objective": 2.2438836097717285,
            "dev_nll": 2.1897687911987305,
            "dev_kl": 0.006843998964360982,
            "dev_objective": 2.2103007880918133
          },
          {
            "epoch": 40,
            "train_objective": 2.242830753326416,
            "dev_nll": 2.187969446182251,
            "dev_kl": 0.007037330359306505,
            "dev_objective": 2.2090814372601706
          },
          {
            "epoch": 41,
            "train_objective": 2.24179744720459,
            "dev_nll": 2.186213970184326,
            "dev_kl": 0.00722532348116327,
            "dev_objective": 2.207889940627816
          },
          {
            "epoch": 42,
            "train_objective": 2.2407824993133545,
            "dev_nll": 2.1845104694366455,
            "dev_kl": 0.0074063179929801555,
            "dev_objective": 2.206729423415586
          },
          {
            "epoch": 43,
            "train_objective": 2.23978590965271,
            "dev_nll": 2.1828598976135254,
            "dev_kl": 0.007579203964728098,
            "dev_objective": 2.20559750950771
          },
          {
            "epoch": 44,
            "train_objective": 2.238807439804077,
            "dev_nll": 2.181258201599121,
            "dev_kl": 0.007743350025643972,
            "dev_objective": 2.204488251676053
          },
          {
            "epoch": 45,
            "train_objective": 2.237844705581665,
            "dev_nll": 2.1796979904174805,
            "dev_kl": 0.007899296990315732,
            "dev_objective": 2.2033958813884276
          },
          {
            "epoch": 46,
            "train_objective": 2.236896514892578,
            "dev_nll": 2.1781716346740723,
            "dev_kl": 0.008048727987271204,
            "dev_objective": 2.202317818635886
          },
          {
            "epoch": 47,
            "train_objective": 2.2359635829925537,
            "dev_nll": 2.176670789718628,
            "dev_kl": 0.008193475053606866,
            "dev_objective": 2.2012512148794485
          },
          {
            "epoch": 48,
            "train_objective": 2.2350451946258545,
            "dev_nll": 2.1751904487609863,
            "dev_kl": 0.008334552288959475,
            "dev_objective": 2.200194105627865
          },
          {
            "epoch": 49,
            "train_objective": 2.234140396118164,
            "dev_nll": 2.1737263202667236,
            "dev_kl": 0.008472352763894853,
            "dev_objective": 2.199143378558408
          },
          {
            "epoch": 50,
            "train_objective": 2.233247995376587,
            "dev_nll": 2.1722779273986816,
            "dev_kl": 0.008606896561891394,
            "dev_objective": 2.198098617084356
          },
          {
            "epoch": 51,
            "train_objective": 2.232367515563965,
            "dev_nll": 2.1708474159240723,
            "dev_kl": 0.008737632356634413,
            "dev_objective": 2.1970603129939756
          },
          {
            "epoch": 52,
            "train_objective": 2.231499433517456,
            "dev_nll": 2.169438600540161,
            "dev_kl": 0.008863534647520413,
            "dev_objective": 2.1960292044827225
          },
          {
            "epoch": 53,
            "train_objective": 2.2306432723999023,
            "dev_nll": 2.168055295944214,
            "dev_kl": 0.008983803150004934,
            "dev_objective": 2.1950067053942286
          },
          {
            "epoch": 54,
            "train_objective": 2.2297980785369873,
            "dev_nll": 2.166701078414917,
            "dev_kl": 0.009098369912936579,
            "dev_objective": 2.1939961881537267
          },
          {
            "epoch": 55,
            "train_objective": 2.2289633750915527,
            "dev_nll": 2.1653764247894287,
            "dev_kl": 0.009207672282197588,
            "dev_objective": 2.1929994416360215
          },
          {
            "epoch": 56,
            "train_objective": 2.228139877319336,
            "dev_nll": 2.1640775203704834,
            "dev_kl": 0.009312516958284955,
            "dev_objective": 2.192015071245338
          },
          {
            "epoch": 57,
            "train_objective": 2.2273263931274414,
            "dev_nll": 2.162799119949341,
            "dev_kl": 0.009414015142488302,
            "dev_objective": 2.191041165376806
          },
          {
            "epoch": 58,
            "train_objective": 2.2265236377716064,
            "dev_nll": 2.161534547805786,
            "dev_kl": 0.009513142289539278,
            "dev_objective": 2.190073974674404
          },
          {
            "epoch": 59,
            "train_objective": 2.225731372833252,
            "dev_nll": 2.160280704498291,
            "dev_kl": 0.009610403246804233,
            "dev_objective": 2.189111914238704
          },
          {
            "epoch": 60,
            "train_objective": 2.224949359893799,
            "dev_nll": 2.1590378284454346,
            "dev_kl": 0.009705600453286877,
            "dev_objective": 2.1881546298052954
          },
          {
            "epoch": 61,
            "train_objective": 2.224177122116089,
            "dev_nll": 2.157810926437378,
            "dev_kl": 0.009798242162015323,
            "dev_objective": 2.187205652923424
          },
          {
            "epoch": 62,
            "train_objective": 2.2234151363372803,
            "dev_nll": 2.156606674194336,
            "dev_kl": 0.009887668511805099,
            "dev_objective": 2.1862696797297514
          },
          {
            "epoch": 63,
            "train_objective": 2.222662925720215,
            "dev_nll": 2.1554296016693115,
            "dev_kl": 0.009973408271918317,
            "dev_objective": 2.1853498264850666
          },
          {
            "epoch": 64,
            "train_objective": 2.22192120552063,
            "dev_nll": 2.1542818546295166,
            "dev_kl": 0.010055406442539229,
            "dev_objective": 2.1844480739571344
          },
          {
            "epoch": 65,
            "train_objective": 2.221189260482788,
            "dev_nll": 2.153160333633423,
            "dev_kl": 0.010134225920721603,
            "dev_objective": 2.1835630113955875
          },
          {
            "epoch": 66,
            "train_objective": 2.2204673290252686,
            "dev_nll": 2.1520588397979736,
            "dev_kl": 0.010210785510460008,
            "dev_objective": 2.182691196329354
          },
          {
            "epoch": 67,
            "train_objective": 2.2197554111480713,
            "dev_nll": 2.1509714126586914,
            "dev_kl": 0.010286015163433764,
            "dev_objective": 2.1818294581489925
          },
          {
            "epoch": 68,
            "train_objective": 2.219053268432617,
            "dev_nll": 2.1498942375183105,
            "dev_kl": 0.010360587074034344,
            "dev_objective": 2.1809759987404136
          },
          {
            "epoch": 69,
            "train_objective": 2.2183613777160645,
            "dev_nll": 2.1488258838653564,
            "dev_kl": 0.010434887039491924,
            "dev_objective": 2.1801305449838324
          },
          {
            "epoch": 70,
            "train_objective": 2.217679738998413,
            "dev_nll": 2.1477692127227783,
            "dev_kl": 0.010508845735662239,
            "dev_objective": 2.179295749929765
          },
          {
            "epoch": 71,
            "train_objective": 2.217007637023926,
            "dev_nll": 2.1467268466949463,
            "dev_kl": 0.010582160675685291,
            "dev_objective": 2.178473328722002
          },
          {
            "epoch": 72,
            "train_objective": 2.216346502304077,
            "dev_nll": 2.145700454711914,
            "dev_kl": 0.010654590433979457,
            "dev_objective": 2.1776642260138526
          },
          {
            "epoch": 73,
            "train_objective": 2.2156949043273926,
            "dev_nll": 2.144690990447998,
            "dev_kl": 0.010726027942534225,
            "dev_objective": 2.1768690742756007
          },
          {
            "epoch": 74,
            "train_objective": 2.2150540351867676,
            "dev_nll": 2.143695831298828,
            "dev_kl": 0.010796701896365161,
            "dev_objective": 2.1760859369879237
          },
          {
            "epoch": 75,
            "train_objective": 2.2144229412078857,
            "dev_nll": 2.142712116241455,
            "dev_kl": 0.010867013993750637,
            "dev_objective": 2.175313158222707
          },
          {
            "epoch": 76,
            "train_objective": 2.2138023376464844,
            "dev_nll": 2.141737699508667,
            "dev_kl": 0.010937569624057925,
            "dev_objective": 2.1745504083808407
          },
          {
            "epoch": 77,
            "train_objective": 2.2131919860839844,
            "dev_nll": 2.140770673751831,
            "dev_kl": 0.01100885662189129,
            "dev_objective": 2.173797243617505
          },
          {
            "epoch": 78,
            "train_objective": 2.2125918865203857,
            "dev_nll": 2.139810562133789,
            "dev_kl": 0.01108104645856394,
            "dev_objective": 2.173053701509481
          },
          {
            "epoch": 79,
            "train_objective": 2.2120020389556885,
            "dev_nll": 2.1388583183288574,
            "dev_kl": 0.011154103970814807,
            "dev_objective": 2.172320630241302
          },
          {
            "epoch": 80,
            "train_objective": 2.2114224433898926,
            "dev_nll": 2.1379153728485107,
            "dev_kl": 0.011227693131716864,
            "dev_objective": 2.1715984522436615
          },
          {
            "epoch": 81,
            "train_objective": 2.2108535766601562,
            "dev_nll": 2.1369831562042236,
            "dev_kl": 0.011301445698238141,
            "dev_objective": 2.170887493298938
          },
          {
            "epoch": 82,
            "train_objective": 2.210294723510742,
            "dev_nll": 2.136063814163208,
            "dev_kl": 0.01137506689616481,
            "dev_objective": 2.1701890148517022
          },
          {
            "epoch": 83,
            "train_objective": 2.2097461223602295,
            "dev_nll": 2.135158061981201,
            "dev_kl": 0.011448631770379195,
            "dev_objective": 2.169503957292339
          },
          {
            "epoch": 84,
            "train_objective": 2.209207773208618,
            "dev_nll": 2.1342644691467285,
            "dev_kl": 0.01152239637513622,
            "dev_objective": 2.168831658272137
          },
          {
            "epoch": 85,
            "train_objective": 2.208679676055908,
            "dev_nll": 2.1333820819854736,
            "dev_kl": 0.011596771852317295,
            "dev_objective": 2.1681723975424254
          },
          {
            "epoch": 86,
            "train_objective": 2.2081620693206787,
            "dev_nll": 2.1325089931488037,
            "dev_kl": 0.01167206146173821,
            "dev_objective": 2.1675251775340185
          },
          {
            "epoch": 87,
            "train_objective": 2.2076544761657715,
            "dev_nll": 2.131643056869507,
            "dev_kl": 0.011748431214007657,
            "dev_objective": 2.1668883505115297
          },
          {
            "epoch": 88,
            "train_objective": 2.2071571350097656,
            "dev_nll": 2.130784511566162,
            "dev_kl": 0.011825815548093544,
            "dev_objective": 2.1662619582104425
          },
          {
            "epoch": 89,
            "train_objective": 2.2066702842712402,
            "dev_nll": 2.129934310913086,
            "dev_kl": 0.01190404447022645,
            "dev_objective": 2.165646444323765
          },
          {
            "epoch": 90,
            "train_objective": 2.206192970275879,
            "dev_nll": 2.129094362258911,
            "dev_kl": 0.011982980506627838,
            "dev_objective": 2.165043303778795
          },
          {
            "epoch": 91,
            "train_objective": 2.205726146697998,
            "dev_nll": 2.128265619277954,
            "dev_kl": 0.012062575448900126,
            "dev_objective": 2.1644533456246546
          },
          {
            "epoch": 92,
            "train_objective": 2.2052693367004395,
            "dev_nll": 2.1274476051330566,
            "dev_kl": 0.012142924043317934,
            "dev_objective": 2.1638763772630103
          },
          {
            "epoch": 93,
            "train_objective": 2.204822540283203,
            "dev_nll": 2.126638650894165,
            "dev_kl": 0.012224195073350848,
            "dev_objective": 2.1633112361142177
          },
          {
            "epoch": 94,
            "train_objective": 2.204385280609131,
            "dev_nll": 2.125837564468384,
            "dev_kl": 0.01230660358759541,
            "dev_objective": 2.16275737523117
          },
          {
            "epoch": 95,
            "train_objective": 2.20395827293396,
            "dev_nll": 2.1250417232513428,
            "dev_kl": 0.012390315910903024,
            "dev_objective": 2.1622126709840517
          },
          {
            "epoch": 96,
            "train_objective": 2.203540802001953,
            "dev_nll": 2.1242518424987793,
            "dev_kl": 0.012475382730937437,
            "dev_objective": 2.1616779906915915
          },
          {
            "epoch": 97,
            "train_objective": 2.2031328678131104,
            "dev_nll": 2.1234683990478516,
            "dev_kl": 0.012561759179358912,
            "dev_objective": 2.1611536765859283
          },
          {
            "epoch": 98,
            "train_objective": 2.20273494720459,
            "dev_nll": 2.122692823410034,
            "dev_kl": 0.012649264808485666,
            "dev_objective": 2.160640617835491
          },
          {
            "epoch": 99,
            "train_objective": 2.2023465633392334,
            "dev_nll": 2.1219260692596436,
            "dev_kl": 0.01273764683372081,
            "dev_objective": 2.160139009760806
          },
          {
            "epoch": 100,
            "train_objective": 2.201967477798462,
            "dev_nll": 2.121169090270996,
            "dev_kl": 0.012826726773071001,
            "dev_objective": 2.1596492705902093
          },
          {
            "epoch": 101,
            "train_objective": 2.2015976905822754,
            "dev_nll": 2.1204211711883545,
            "dev_kl": 0.01291643572059567,
            "dev_objective": 2.1591704783501413
          },
          {
            "epoch": 102,
            "train_objective": 2.201237201690674,
            "dev_nll": 2.1196813583374023,
            "dev_kl": 0.013006794591657692,
            "dev_objective": 2.1587017421123753
          },
          {
            "epoch": 103,
            "train_objective": 2.2008860111236572,
            "dev_nll": 2.1189498901367188,
            "dev_kl": 0.013097942800094324,
            "dev_objective": 2.1582437185370016
          },
          {
            "epoch": 104,
            "train_objective": 2.2005438804626465,
            "dev_nll": 2.1182258129119873,
            "dev_kl": 0.013189969854539487,
            "dev_objective": 2.1577957224756057
          },
          {
            "epoch": 105,
            "train_objective": 2.2002108097076416,
            "dev_nll": 2.117509603500366,
            "dev_kl": 0.013282817486174896,
            "dev_objective": 2.1573580559588907
          },
          {
            "epoch": 106,
            "train_objective": 2.1998865604400635,
            "dev_nll": 2.116802453994751,
            "dev_kl": 0.013376279672655499,
            "dev_objective": 2.1569312930127174
          },
          {
            "epoch": 107,
            "train_objective": 2.199571132659912,
            "dev_nll": 2.1161036491394043,
            "dev_kl": 0.013470145405540484,
            "dev_objective": 2.156514085356026
          },
          {
            "epoch": 108,
            "train_objective": 2.1992640495300293,
            "dev_nll": 2.115414619445801,
            "dev_kl": 0.013564221335465912,
            "dev_objective": 2.1561072834521986
          },
          {
            "epoch": 109,
            "train_objective": 2.1989657878875732,
            "dev_nll": 2.1147348880767822,
            "dev_kl": 0.013658476490450043,
            "dev_objective": 2.1557103175481322
          },
          {
            "epoch": 110,
            "train_objective": 2.1986756324768066,
            "dev_nll": 2.1140646934509277,
            "dev_kl": 0.013753020283426546,
            "dev_objective": 2.1553237543012074
          },
          {
            "epoch": 111,
            "train_objective": 2.1983938217163086,
            "dev_nll": 2.113403081893921,
            "dev_kl": 0.013847936020832643,
            "dev_objective": 2.154946889956419
          },
          {
            "epoch": 112,
            "train_objective": 2.198120594024658,
            "dev_nll": 2.1127495765686035,
            "dev_kl": 0.013943276217842877,
            "dev_objective": 2.1545794052221323
          },
          {
            "epoch": 113,
            "train_objective": 2.197854995727539,
            "dev_nll": 2.1121034622192383,
            "dev_kl": 0.014039017848476719,
            "dev_objective": 2.1542205157646683
          },
          {
            "epoch": 114,
            "train_objective": 2.1975972652435303,
            "dev_nll": 2.1114656925201416,
            "dev_kl": 0.014134984108340676,
            "dev_objective": 2.1538706448451634
          },
          {
            "epoch": 115,
            "train_objective": 2.197347402572632,
            "dev_nll": 2.110835552215576,
            "dev_kl": 0.014231074295657727,
            "dev_objective": 2.1535287751025494
          },
          {
            "epoch": 116,
            "train_objective": 2.1971051692962646,
            "dev_nll": 2.1102144718170166,
            "dev_kl": 0.01432720460624304,
            "dev_objective": 2.153196085635746
          },
          {
            "epoch": 117,
            "train_objective": 2.1968703269958496,
            "dev_nll": 2.109602689743042,
            "dev_kl": 0.014423284269051274,
            "dev_objective": 2.152872542550196
          },
          {
            "epoch": 118,
            "train_objective": 2.1966428756713867,
            "dev_nll": 2.1089999675750732,
            "dev_kl": 0.01451933276781871,
            "dev_objective": 2.1525579658785294
          },
          {
            "epoch": 119,
            "train_objective": 2.196422815322876,
            "dev_nll": 2.108405828475952,
            "dev_kl": 0.014615266033771305,
            "dev_objective": 2.152251626577266
          },
          {
            "epoch": 120,
            "train_objective": 2.1962101459503174,
            "dev_nll": 2.1078200340270996,
            "dev_kl": 0.014711081735128516,
            "dev_objective": 2.1519532792324854
          },
          {
            "epoch": 121,
            "train_objective": 2.1960039138793945,
            "dev_nll": 2.1072423458099365,
            "dev_kl": 0.014806772224531145,
            "dev_objective": 2.1516626624835298
          },
          {
            "epoch": 122,
            "train_objective": 2.1958043575286865,
            "dev_nll": 2.106673002243042,
            "dev_kl": 0.01490225360097824,
            "dev_objective": 2.1513797630459766
          },
          {
            "epoch": 123,
            "train_objective": 2.1956119537353516,
            "dev_nll": 2.1061127185821533,
            "dev_kl": 0.014997451224025845,
            "dev_objective": 2.151105072254231
          },
          {
            "epoch": 124,
            "train_objective": 2.1954257488250732,
            "dev_nll": 2.1055619716644287,
            "dev_kl": 0.015092230991613506,
            "dev_objective": 2.150838664639269
          },
          {
            "epoch": 125,
            "train_objective": 2.1952457427978516,
            "dev_nll": 2.10502028465271,
            "dev_kl": 0.015186474638998793,
            "dev_objective": 2.1505797085697065
          },
          {
            "epoch": 126,
            "train_objective": 2.1950724124908447,
            "dev_nll": 2.1044881343841553,
            "dev_kl": 0.015280114315254986,
            "dev_objective": 2.15032847732992
          },
          {
            "epoch": 127,
            "train_objective": 2.1949050426483154,
            "dev_nll": 2.1039648056030273,
            "dev_kl": 0.015373182912659464,
            "dev_objective": 2.1500843543410055
          },
          {
            "epoch": 128,
            "train_objective": 2.1947438716888428,
            "dev_nll": 2.103450059890747,
            "dev_kl": 0.015465698884581143,
            "dev_objective": 2.1498471565444905
          },
          {
            "epoch": 129,
            "train_objective": 2.1945877075195312,
            "dev_nll": 2.1029436588287354,
            "dev_kl": 0.01555770486321545,
            "dev_objective": 2.1496167734183818
          },
          {
            "epoch": 130,
            "train_objective": 2.1944377422332764,
            "dev_nll": 2.1024460792541504,
            "dev_kl": 0.01564915653507997,
            "dev_objective": 2.1493935488593903
          },
          {
            "epoch": 131,
            "train_objective": 2.194293260574341,
            "dev_nll": 2.101957082748413,
            "dev_kl": 0.015739918753219548,
            "dev_objective": 2.1491768390080717
          },
          {
            "epoch": 132,
            "train_objective": 2.1941542625427246,
            "dev_nll": 2.1014766693115234,
            "dev_kl": 0.0158299181226408,
            "dev_objective": 2.148966423679446
          },
          {
            "epoch": 133,
            "train_objective": 2.1940200328826904,
            "dev_nll": 2.1010048389434814,
            "dev_kl": 0.01591908267770729,
            "dev_objective": 2.1487620869766033
          },
          {
            "epoch": 134,
            "train_objective": 2.1938915252685547,
            "dev_nll": 2.100541591644287,
            "dev_kl": 0.01600740982648203,
            "dev_objective": 2.1485638211237332
          },
          {
            "epoch": 135,
            "train_objective": 2.1937673091888428,
            "dev_nll": 2.1000871658325195,
            "dev_kl": 0.016094916080128478,
            "dev_objective": 2.148371914072905
          },
          {
            "epoch": 136,
            "train_objective": 2.193648099899292,
            "dev_nll": 2.0996410846710205,
            "dev_kl": 0.016181670043909083,
            "dev_objective": 2.148186094802748
          },
          {
            "epoch": 137,
            "train_objective": 2.1935338973999023,
            "dev_nll": 2.099202871322632,
            "dev_kl": 0.016267572610923618,
            "dev_objective": 2.1480055891554026
          },
          {
            "epoch": 138,
            "train_objective": 2.1934237480163574,
            "dev_nll": 2.0987725257873535,
            "dev_kl": 0.016352588294356228,
            "dev_objective": 2.1478302906704223
          },
          {
            "epoch": 139,
            "train_objective": 2.1933186054229736,
            "dev_nll": 2.0983505249023438,
            "dev_kl": 0.01643665504372399,
            "dev_objective": 2.1476604900335157
          },
          {
            "epoch": 140,
            "train_objective": 2.1932172775268555,
            "dev_nll": 2.0979373455047607,
            "dev_kl": 0.016519708469024556,
            "dev_objective": 2.1474964709118343
          },
          {
            "epoch": 141,
            "train_objective": 2.193120241165161,
            "dev_nll": 2.097532272338867,
            "dev_kl": 0.016601761010172304,
            "dev_objective": 2.147337555369384
          },
          {
            "epoch": 142,
            "train_objective": 2.1930270195007324,
            "dev_nll": 2.097135305404663,
            "dev_kl": 0.01668277192260092,
            "dev_objective": 2.147183621172466
          },
          {
            "epoch": 143,
            "train_objective": 2.1929380893707275,
            "dev_nll": 2.0967466831207275,
            "dev_kl": 0.016762745604928405,
            "dev_objective": 2.1470349199355128
          },
          {
            "epoch": 144,
            "train_objective": 2.19285249710083,
            "dev_nll": 2.0963659286499023,
            "dev_kl": 0.016841667496526103,
            "dev_objective": 2.1468909311394806
          },
          {
            "epoch": 145,
            "train_objective": 2.1927707195281982,
            "dev_nll": 2.0959928035736084,
            "dev_kl": 0.016919575384285103,
            "dev_objective": 2.1467515297264637
          },
          {
            "epoch": 146,
            "train_objective": 2.192692518234253,
            "dev_nll": 2.095627546310425,
            "dev_kl": 0.016996418214099272,
            "dev_objective": 2.1466168009527227
          },
          {
            "epoch": 147,
            "train_objective": 2.192617893218994,
            "dev_nll": 2.0952696800231934,
            "dev_kl": 0.017072221552749595,
            "dev_objective": 2.146486344681442
          },
          {
            "epoch": 148,
            "train_objective": 2.1925461292266846,
            "dev_nll": 2.0949196815490723,
            "dev_kl": 0.01714690156952021,
            "dev_objective": 2.146360386257633
          },
          {
            "epoch": 149,
            "train_objective": 2.1924777030944824,
            "dev_nll": 2.0945770740509033,
            "dev_kl": 0.017220457879031183,
            "dev_objective": 2.1462384476879968
          },
          {
            "epoch": 150,
            "train_objective": 2.1924123764038086,
            "dev_nll": 2.0942423343658447,
            "dev_kl": 0.01729286853737125,
            "dev_objective": 2.1461209399779584
          },
          {
            "epoch": 151,
            "train_objective": 2.192350149154663,
            "dev_nll": 2.093914270401001,
            "dev_kl": 0.017364186260696902,
            "dev_objective": 2.146006829183092
          },
          {
            "epoch": 152,
            "train_objective": 2.1922905445098877,
            "dev_nll": 2.0935933589935303,
            "dev_kl": 0.017434407984527188,
            "dev_objective": 2.145896582947112
          },
          {
            "epoch": 153,
            "train_objective": 2.1922335624694824,
            "dev_nll": 2.0932798385620117,
            "dev_kl": 0.01750355217112113,
            "dev_objective": 2.1457904950753752
          },
          {
            "epoch": 154,
            "train_objective": 2.1921794414520264,
            "dev_nll": 2.092972993850708,
            "dev_kl": 0.017571588349538442,
            "dev_objective": 2.1456877588993235
          },
          {
            "epoch": 155,
            "train_objective": 2.1921277046203613,
            "dev_nll": 2.0926730632781982,
            "dev_kl": 0.017638485362440733,
            "dev_objective": 2.1455885193655204
          },
          {
            "epoch": 156,
            "train_objective": 2.1920785903930664,
            "dev_nll": 2.0923798084259033,
            "dev_kl": 0.01770417830527082,
            "dev_objective": 2.145492343341716
          },
          {
            "epoch": 157,
            "train_objective": 2.1920316219329834,
            "dev_nll": 2.0920934677124023,
            "dev_kl": 0.01776871736325808,
            "dev_objective": 2.1453996198021765
          },
          {
            "epoch": 158,
            "train_objective": 2.1919872760772705,
            "dev_nll": 2.091813802719116,
            "dev_kl": 0.01783210863647361,
            "dev_objective": 2.145310128628537
          },
          {
            "epoch": 159,
            "train_objective": 2.1919445991516113,
            "dev_nll": 2.091540813446045,
            "dev_kl": 0.017894368631049973,
            "dev_objective": 2.1452239193391947
          },
          {
            "epoch": 160,
            "train_objective": 2.191904306411743,
            "dev_nll": 2.0912740230560303,
            "dev_kl": 0.017955508937620424,
            "dev_objective": 2.1451405498688914
          },
          {
            "epoch": 161,
            "train_objective": 2.191865921020508,
            "dev_nll": 2.0910134315490723,
            "dev_kl": 0.018015508455875108,
            "dev_objective": 2.1450599569166977
          },
          {
            "epoch": 162,
            "train_objective": 2.1918294429779053,
            "dev_nll": 2.09075927734375,
            "dev_kl": 0.018074338131243765,
            "dev_objective": 2.1449822917374815
          },
          {
            "epoch": 163,
            "train_objective": 2.1917948722839355,
            "dev_nll": 2.0905110836029053,
            "dev_kl": 0.01813204828059489,
            "dev_objective": 2.1449072284446897
          },
          {
            "epoch": 164,
            "train_objective": 2.1917619705200195,
            "dev_nll": 2.090269088745117,
            "dev_kl": 0.018188622355451156,
            "dev_objective": 2.1448349558114708
          },
          {
            "epoch": 165,
            "train_objective": 2.191730499267578,
            "dev_nll": 2.0900330543518066,
            "dev_kl": 0.018244046485723392,
            "dev_objective": 2.144765193808977
          },
          {
            "epoch": 166,
            "train_objective": 2.1917009353637695,
            "dev_nll": 2.0898027420043945,
            "dev_kl": 0.018298372574438847,
            "dev_objective": 2.144697859727711
          },
          {
            "epoch": 167,
            "train_objective": 2.1916730403900146,
            "dev_nll": 2.08957839012146,
            "dev_kl": 0.0183515873118718,
            "dev_objective": 2.144633152057075
          },
          {
            "epoch": 168,
            "train_objective": 2.1916463375091553,
            "dev_nll": 2.0893592834472656,
            "dev_kl": 0.018403722229924972,
            "dev_objective": 2.1445704501370404
          },
          {
            "epoch": 169,
            "train_objective": 2.1916213035583496,
            "dev_nll": 2.0891456604003906,
            "dev_kl": 0.018454772536839498,
            "dev_objective": 2.144509978010909
          },
          {
            "epoch": 170,
            "train_objective": 2.1915972232818604,
            "dev_nll": 2.088937282562256,
            "dev_kl": 0.01850475127571986,
            "dev_objective": 2.1444515363894157
          },
          {
            "epoch": 171,
            "train_objective": 2.1915745735168457,
            "dev_nll": 2.0887343883514404,
            "dev_kl": 0.018553664231017914,
            "dev_objective": 2.144395381044494
          },
          {
            "epoch": 172,
            "train_objective": 2.1915533542633057,
            "dev_nll": 2.088536500930786,
            "dev_kl": 0.018601475138967618,
            "dev_objective": 2.144340926347689
          },
          {
            "epoch": 173,
            "train_objective": 2.191533088684082,
            "dev_nll": 2.0883443355560303,
            "dev_kl": 0.018648218852094205,
            "dev_objective": 2.1442889921123127
          },
          {
            "epoch": 174,
            "train_objective": 2.191514015197754,
            "dev_nll": 2.0881567001342773,
            "dev_kl": 0.018693943609734462,
            "dev_objective": 2.144238530963481
          },
          {
            "epoch": 175,
            "train_objective": 2.191495895385742,
            "dev_nll": 2.0879740715026855,
            "dev_kl": 0.01873863440286604,
            "dev_objective": 2.1441899747112836
          },
          {
            "epoch": 176,
            "train_objective": 2.191478967666626,
            "dev_nll": 2.0877959728240967,
            "dev_kl": 0.018782313829630054,
            "dev_objective": 2.1441429143129866
          },
          {
            "epoch": 177,
            "train_objective": 2.191462755203247,
            "dev_nll": 2.087623119354248,
            "dev_kl": 0.0188249503716269,
            "dev_objective": 2.1440979704691285
          },
          {
            "epoch": 178,
            "train_objective": 2.1914474964141846,
            "dev_nll": 2.0874547958374023,
            "dev_kl": 0.018866590680658078,
            "dev_objective": 2.1440545678793765
          },
          {
            "epoch": 179,
            "train_objective": 2.1914334297180176,
            "dev_nll": 2.0872907638549805,
            "dev_kl": 0.018907223642600002,
            "dev_objective": 2.1440124347827805
          },
          {
            "epoch": 180,
            "train_objective": 2.1914196014404297,
            "dev_nll": 2.0871315002441406,
            "dev_kl": 0.018946865875149925,
            "dev_objective": 2.1439720978695904
          },
          {
            "epoch": 181,
            "train_objective": 2.191406726837158,
            "dev_nll": 2.0869765281677246,
            "dev_kl": 0.018985558134551644,
            "dev_objective": 2.1439332025713798
          },
          {
            "epoch": 182,
            "train_objective": 2.1913950443267822,
            "dev_nll": 2.0868258476257324,
            "dev_kl": 0.019023303119595495,
            "dev_objective": 2.1438957569845187
          },
          {
            "epoch": 183,
            "train_objective": 2.1913836002349854,
            "dev_nll": 2.086679220199585,
            "dev_kl": 0.019060107478474714,
            "dev_objective": 2.143859542635009
          },
          {
            "epoch": 184,
            "train_objective": 2.191373109817505,
            "dev_nll": 2.0865366458892822,
            "dev_kl": 0.019095973829747447,
            "dev_objective": 2.1438245673785246
          },
          {
            "epoch": 185,
            "train_objective": 2.1913630962371826,
            "dev_nll": 2.0863983631134033,
            "dev_kl": 0.019130940795769897,
            "dev_objective": 2.143791185500713
          },
          {
            "epoch": 186,
            "train_objective": 2.1913535594940186,
            "dev_nll": 2.086263656616211,
            "dev_kl": 0.01916500217804889,
            "dev_objective": 2.143758663150358
          },
          {
            "epoch": 187,
            "train_objective": 2.191344738006592,
            "dev_nll": 2.0861330032348633,
            "dev_kl": 0.019198178772713365,
            "dev_objective": 2.1437275395530033
          },
          {
            "epoch": 188,
            "train_objective": 2.1913366317749023,
            "dev_nll": 2.0860064029693604,
            "dev_kl": 0.019230481106205843,
            "dev_objective": 2.143697846287978
          },
          {
            "epoch": 189,
            "train_objective": 2.191328763961792,
            "dev_nll": 2.085883140563965,
            "dev_kl": 0.0192619366192433,
            "dev_objective": 2.1436689504216946
          },
          {
            "epoch": 190,
            "train_objective": 2.191321611404419,
            "dev_nll": 2.0857632160186768,
            "dev_kl": 0.019292537449760234,
            "dev_objective": 2.1436408283679573
          },
          {
            "epoch": 191,
            "train_objective": 2.191314697265625,
            "dev_nll": 2.0856471061706543,
            "dev_kl": 0.01932231649321316,
            "dev_objective": 2.1436140556502936
          },
          {
            "epoch": 192,
            "train_objective": 2.19130802154541,
            "dev_nll": 2.0855343341827393,
            "dev_kl": 0.019351287178758392,
            "dev_objective": 2.1435881957190146
          },
          {
            "epoch": 193,
            "train_objective": 2.1913022994995117,
            "dev_nll": 2.0854249000549316,
            "dev_kl": 0.019379451645265264,
            "dev_objective": 2.1435632549907275
          },
          {
            "epoch": 194,
            "train_objective": 2.1912965774536133,
            "dev_nll": 2.0853188037872314,
            "dev_kl": 0.019406824382573948,
            "dev_objective": 2.1435392769349533
          },
          {
            "epoch": 195,
            "train_objective": 2.191291093826294,
            "dev_nll": 2.0852160453796387,
            "dev_kl": 0.019433410041004594,
            "dev_objective": 2.1435162755026527
          },
          {
            "epoch": 196,
            "train_objective": 2.191286087036133,
            "dev_nll": 2.0851166248321533,
            "dev_kl": 0.01945925711179944,
            "dev_objective": 2.1434943961675517
          },
          {
            "epoch": 197,
            "train_objective": 2.191281318664551,
            "dev_nll": 2.085019588470459,
            "dev_kl": 0.019484369738386926,
            "dev_objective": 2.1434726976856195
          },
          {
            "epoch": 198,
            "train_objective": 2.191277027130127,
            "dev_nll": 2.0849263668060303,
            "dev_kl": 0.01950874168481253,
            "dev_objective": 2.1434525918604677
          },
          {
            "epoch": 199,
            "train_objective": 2.1912732124328613,
            "dev_nll": 2.0848350524902344,
            "dev_kl": 0.019532405694655346,
            "dev_objective": 2.1434322695742005
          },
          {
            "epoch": 200,
            "train_objective": 2.1912693977355957,
            "dev_nll": 2.084747314453125,
            "dev_kl": 0.019555364778654195,
            "dev_objective": 2.1434134087890877
          },
          {
            "epoch": 201,
            "train_objective": 2.191265821456909,
            "dev_nll": 2.0846621990203857,
            "dev_kl": 0.01957764060959259,
            "dev_objective": 2.1433951208491635
          },
          {
            "epoch": 202,
            "train_objective": 2.1912624835968018,
            "dev_nll": 2.0845797061920166,
            "dev_kl": 0.019599252221375645,
            "dev_objective": 2.1433774628561437
          },
          {
            "epoch": 203,
            "train_objective": 2.1912596225738525,
            "dev_nll": 2.0844998359680176,
            "dev_kl": 0.019620213298506453,
            "dev_objective": 2.143360475863537
          },
          {
            "epoch": 204,
            "train_objective": 2.191256284713745,
            "dev_nll": 2.0844225883483887,
            "dev_kl": 0.019640535923466453,
            "dev_objective": 2.1433441961187882
          },
          {
            "epoch": 205,
            "train_objective": 2.191253900527954,
            "dev_nll": 2.084347724914551,
            "dev_kl": 0.01966022275204572,
            "dev_objective": 2.143328393170688
          },
          {
            "epoch": 206,
            "train_objective": 2.191251277923584,
            "dev_nll": 2.084275245666504,
            "dev_kl": 0.019679292221848596,
            "dev_objective": 2.14331312233205
          },
          {
            "epoch": 207,
            "train_objective": 2.191248893737793,
            "dev_nll": 2.084205389022827,
            "dev_kl": 0.01969777448929407,
            "dev_objective": 2.1432987124907092
          },
          {
            "epoch": 208,
            "train_objective": 2.191246747970581,
            "dev_nll": 2.0841376781463623,
            "dev_kl": 0.019715655148346587,
            "dev_objective": 2.143284643591402
          },
          {
            "epoch": 209,
            "train_objective": 2.1912448406219482,
            "dev_nll": 2.0840723514556885,
            "dev_kl": 0.019732959955502803,
            "dev_objective": 2.143271231322197
          },
          {
            "epoch": 210,
            "train_objective": 2.1912429332733154,
            "dev_nll": 2.0840091705322266,
            "dev_kl": 0.019749717049873307,
            "dev_objective": 2.1432583216818464
          },
          {
            "epoch": 211,
            "train_objective": 2.1912412643432617,
            "dev_nll": 2.0839481353759766,
            "dev_kl": 0.019765913040418626,
            "dev_objective": 2.1432458744972323
          },
          {
            "epoch": 212,
            "train_objective": 2.191239595413208,
            "dev_nll": 2.0838890075683594,
            "dev_kl": 0.019781615788684443,
            "dev_objective": 2.1432338549344125
          },
          {
            "epoch": 213,
            "train_objective": 2.1912381649017334,
            "dev_nll": 2.083832025527954,
            "dev_kl": 0.01979676778936918,
            "dev_objective": 2.1432223288960617
          },
          {
            "epoch": 214,
            "train_objective": 2.1912364959716797,
            "dev_nll": 2.0837771892547607,
            "dev_kl": 0.019811428421694022,
            "dev_objective": 2.143211474519843
          },
          {
            "epoch": 215,
            "train_objective": 2.191235303878784,
            "dev_nll": 2.083723783493042,
            "dev_kl": 0.01982557303812313,
            "dev_objective": 2.1432005026074115
          },
          {
            "epoch": 216,
            "train_objective": 2.1912341117858887,
            "dev_nll": 2.0836727619171143,
            "dev_kl": 0.019839260684232425,
            "dev_objective": 2.1431905439698116
          },
          {
            "epoch": 217,
            "train_objective": 2.191232681274414,
            "dev_nll": 2.083623170852661,
            "dev_kl": 0.019852485543450964,
            "dev_objective": 2.143180627483014
          },
          {
            "epoch": 218,
            "train_objective": 2.1912319660186768,
            "dev_nll": 2.0835752487182617,
            "dev_kl": 0.01986525709425395,
            "dev_objective": 2.1431710200010237
          },
          {
            "epoch": 219,
            "train_objective": 2.1912310123443604,
            "dev_nll": 2.083529472351074,
            "dev_kl": 0.019877564052483254,
            "dev_objective": 2.143162164508524
          },
          {
            "epoch": 220,
            "train_objective": 2.191230058670044,
            "dev_nll": 2.0834848880767822,
            "dev_kl": 0.019889450756874122,
            "dev_objective": 2.1431532403474045
          },
          {
            "epoch": 221,
            "train_objective": 2.1912293434143066,
            "dev_nll": 2.083442211151123,
            "dev_kl": 0.019900916147430957,
            "dev_objective": 2.1431449595934158
          },
          {
            "epoch": 222,
            "train_objective": 2.1912286281585693,
            "dev_nll": 2.0834009647369385,
            "dev_kl": 0.019911973094700067,
            "dev_objective": 2.1431368840210387
          },
          {
            "epoch": 223,
            "train_objective": 2.191227674484253,
            "dev_nll": 2.0833613872528076,
            "dev_kl": 0.019922645813133934,
            "dev_objective": 2.1431293246922096
          },
          {
            "epoch": 224,
            "train_objective": 2.1912269592285156,
            "dev_nll": 2.0833230018615723,
            "dev_kl": 0.019932918911853538,
            "dev_objective": 2.143121758597133
          },
          {
            "epoch": 225,
            "train_objective": 2.1912264823913574,
            "dev_nll": 2.0832858085632324,
            "dev_kl": 0.019942837750161882,
            "dev_objective": 2.143114321813718
          },
          {
            "epoch": 226,
            "train_objective": 2.19122576713562,
            "dev_nll": 2.0832507610321045,
            "dev_kl": 0.01995239200976783,
            "dev_objective": 2.143107937061408
          },
          {
            "epoch": 227,
            "train_objective": 2.191225528717041,
            "dev_nll": 2.083216428756714,
            "dev_kl": 0.019961570572745956,
            "dev_objective": 2.143101140474952
          },
          {
            "epoch": 228,
            "train_objective": 2.191225051879883,
            "dev_nll": 2.083183526992798,
            "dev_kl": 0.01997043703575089,
            "dev_objective": 2.1430948381000503
          },
          {
            "epoch": 229,
            "train_objective": 2.1912245750427246,
            "dev_nll": 2.0831520557403564,
            "dev_kl": 0.01997895012404492,
            "dev_objective": 2.1430889061124914
          },
          {
            "epoch": 230,
            "train_objective": 2.1912240982055664,
            "dev_nll": 2.0831220149993896,
            "dev_kl": 0.019987148738174903,
            "dev_objective": 2.1430834612139145
          },
          {
            "epoch": 231,
            "train_objective": 2.191223621368408,
            "dev_nll": 2.08309268951416,
            "dev_kl": 0.01999504625279302,
            "dev_objective": 2.1430778282725393
          },
          {
            "epoch": 232,
            "train_objective": 2.191223382949829,
            "dev_nll": 2.083064079284668,
            "dev_kl": 0.02000262573635261,
            "dev_objective": 2.143071956493726
          },
          {
            "epoch": 233,
            "train_objective": 2.191222906112671,
            "dev_nll": 2.0830376148223877,
            "dev_kl": 0.020009932907628314,
            "dev_objective": 2.1430674135452725
          },
          {
            "epoch": 234,
            "train_objective": 2.191222667694092,
            "dev_nll": 2.0830113887786865,
            "dev_kl": 0.02001693674036368,
            "dev_objective": 2.1430621989997776
          },
          {
            "epoch": 235,
            "train_objective": 2.1912224292755127,
            "dev_nll": 2.08298659324646,
            "dev_kl": 0.02002367451312419,
            "dev_objective": 2.1430576167858324
          },
          {
            "epoch": 236,
            "train_objective": 2.1912221908569336,
            "dev_nll": 2.0829625129699707,
            "dev_kl": 0.020030145105609024,
            "dev_objective": 2.143052948286798
          },
          {
            "epoch": 237,
            "train_objective": 2.1912219524383545,
            "dev_nll": 2.082939863204956,
            "dev_kl": 0.020036366142907814,
            "dev_objective": 2.1430489616336796
          },
          {
            "epoch": 238,
            "train_objective": 2.1912217140197754,
            "dev_nll": 2.0829176902770996,
            "dev_kl": 0.020042347551262118,
            "dev_objective": 2.143044732930886
          },
          {
            "epoch": 239,
            "train_objective": 2.1912214756011963,
            "dev_nll": 2.0828964710235596,
            "dev_kl": 0.0200480667544898,
            "dev_objective": 2.143040671287029
          },
          {
            "epoch": 240,
            "train_objective": 2.1912214756011963,
            "dev_nll": 2.082876205444336,
            "dev_kl": 0.02005357685397161,
            "dev_objective": 2.1430369360062507
          },
          {
            "epoch": 241,
            "train_objective": 2.191221237182617,
            "dev_nll": 2.0828566551208496,
            "dev_kl": 0.0200588377935944,
            "dev_objective": 2.1430331685016326
          },
          {
            "epoch": 242,
            "train_objective": 2.191220998764038,
            "dev_nll": 2.082838296890259,
            "dev_kl": 0.020063908026566275,
            "dev_objective": 2.1430300209699578
          },
          {
            "epoch": 243,
            "train_objective": 2.191220998764038,
            "dev_nll": 2.082820177078247,
            "dev_kl": 0.02006875144329283,
            "dev_objective": 2.1430264314081255
          },
          {
            "epoch": 244,
            "train_objective": 2.191220998764038,
            "dev_nll": 2.0828030109405518,
            "dev_kl": 0.020073411330084636,
            "dev_objective": 2.1430232449308058
          },
          {
            "epoch": 245,
            "train_objective": 2.191220760345459,
            "dev_nll": 2.0827865600585938,
            "dev_kl": 0.020077859957546188,
            "dev_objective": 2.1430201399312323
          },
          {
            "epoch": 246,
            "train_objective": 2.191220760345459,
            "dev_nll": 2.082770586013794,
            "dev_kl": 0.020082129707031878,
            "dev_objective": 2.1430169751348895
          },
          {
            "epoch": 247,
            "train_objective": 2.19122052192688,
            "dev_nll": 2.0827558040618896,
            "dev_kl": 0.02008621843193756,
            "dev_objective": 2.1430144593577025
          },
          {
            "epoch": 248,
            "train_objective": 2.19122052192688,
            "dev_nll": 2.0827414989471436,
            "dev_kl": 0.020090136792786577,
            "dev_objective": 2.1430119093255033
          },
          {
            "epoch": 249,
            "train_objective": 2.19122052192688,
            "dev_nll": 2.0827279090881348,
            "dev_kl": 0.020093873021471302,
            "dev_objective": 2.1430095281525485
          },
          {
            "epoch": 250,
            "train_objective": 2.19122052192688,
            "dev_nll": 2.082714557647705,
            "dev_kl": 0.020097468454673414,
            "dev_objective": 2.143006963011725
          },
          {
            "epoch": 251,
            "train_objective": 2.1912200450897217,
            "dev_nll": 2.0827019214630127,
            "dev_kl": 0.020100896041365737,
            "dev_objective": 2.14300460958711
          },
          {
            "epoch": 252,
            "train_objective": 2.19122052192688,
            "dev_nll": 2.0826897621154785,
            "dev_kl": 0.02010417566300414,
            "dev_objective": 2.143002289104491
          },
          {
            "epoch": 253,
            "train_objective": 2.191220283508301,
            "dev_nll": 2.0826783180236816,
            "dev_kl": 0.020107310191297648,
            "dev_objective": 2.1430002485975748
          },
          {
            "epoch": 254,
            "train_objective": 2.191220283508301,
            "dev_nll": 2.082667350769043,
            "dev_kl": 0.020110306540241377,
            "dev_objective": 2.142998270389767
          },
          {
            "epoch": 255,
            "train_objective": 2.191220283508301,
            "dev_nll": 2.0826568603515625,
            "dev_kl": 0.020113151339640492,
            "dev_objective": 2.142996314370484
          },
          {
            "epoch": 256,
            "train_objective": 2.1912200450897217,
            "dev_nll": 2.0826470851898193,
            "dev_kl": 0.020115903587088927,
            "dev_objective": 2.142994795951086
          },
          {
            "epoch": 257,
            "train_objective": 2.191220283508301,
            "dev_nll": 2.082637310028076,
            "dev_kl": 0.020118505075384614,
            "dev_objective": 2.14299282525423
          },
          {
            "epoch": 258,
            "train_objective": 2.1912200450897217,
            "dev_nll": 2.0826282501220703,
            "dev_kl": 0.020120998340496805,
            "dev_objective": 2.142991245143561
          },
          {
            "epoch": 259,
            "train_objective": 2.1912200450897217,
            "dev_nll": 2.0826194286346436,
            "dev_kl": 0.020123377906906877,
            "dev_objective": 2.142989562355364
          },
          {
            "epoch": 260,
            "train_objective": 2.1912200450897217,
            "dev_nll": 2.082610845565796,
            "dev_kl": 0.02012564351812093,
            "dev_objective": 2.1429877761201586
          },
          {
            "epoch": 261,
            "train_objective": 2.1912198066711426,
            "dev_nll": 2.0826029777526855,
            "dev_kl": 0.020127805193263706,
            "dev_objective": 2.142986393332477
          },
          {
            "epoch": 262,
            "train_objective": 2.1912198066711426,
            "dev_nll": 2.0825955867767334,
            "dev_kl": 0.020129882177374187,
            "dev_objective": 2.142985233308856
          },
          {
            "epoch": 263,
            "train_objective": 2.1912198066711426,
            "dev_nll": 2.0825884342193604,
            "dev_kl": 0.020131825761652452,
            "dev_objective": 2.142983911504318
          },
          {
            "epoch": 264,
            "train_objective": 2.1912198066711426,
            "dev_nll": 2.0825812816619873,
            "dev_kl": 0.020133700433238578,
            "dev_objective": 2.142982382961703
          },
          {
            "epoch": 265,
            "train_objective": 2.1912198066711426,
            "dev_nll": 2.0825748443603516,
            "dev_kl": 0.02013548766269384,
            "dev_objective": 2.142981307348433
          },
          {
            "epoch": 266,
            "train_objective": 2.1912198066711426,
            "dev_nll": 2.082568407058716,
            "dev_kl": 0.020137174763894528,
            "dev_objective": 2.1429799313503994
          },
          {
            "epoch": 267,
            "train_objective": 2.1912198066711426,
            "dev_nll": 2.0825629234313965,
            "dev_kl": 0.02013878666951535,
            "dev_objective": 2.1429792834399426
          },
          {
            "epoch": 268,
            "train_objective": 2.1912198066711426,
            "dev_nll": 2.082557201385498,
            "dev_kl": 0.02014033215875299,
            "dev_objective": 2.142978197861757
          },
          {
            "epoch": 269,
            "train_objective": 2.1912198066711426,
            "dev_nll": 2.0825517177581787,
            "dev_kl": 0.020141782354249363,
            "dev_objective": 2.142977064820927
          },
          {
            "epoch": 270,
            "train_objective": 2.1912198066711426,
            "dev_nll": 2.0825469493865967,
            "dev_kl": 0.020143178067833965,
            "dev_objective": 2.1429764835900986
          },
          {
            "epoch": 271,
            "train_objective": 2.1912198066711426,
            "dev_nll": 2.0825419425964355,
            "dev_kl": 0.020144486399724038,
            "dev_objective": 2.1429754017956077
          },
          {
            "epoch": 272,
            "train_objective": 2.1912198066711426,
            "dev_nll": 2.0825371742248535,
            "dev_kl": 0.02014575581605649,
            "dev_objective": 2.142974441673023
          },
          {
            "epoch": 273,
            "train_objective": 2.1912198066711426,
            "dev_nll": 2.082533121109009,
            "dev_kl": 0.020146928789505216,
            "dev_objective": 2.1429739074775243
          },
          {
            "epoch": 274,
            "train_objective": 2.1912198066711426,
            "dev_nll": 2.082529067993164,
            "dev_kl": 0.020148062335850613,
            "dev_objective": 2.142973255000716
          },
          {
            "epoch": 275,
            "train_objective": 2.1912198066711426,
            "dev_nll": 2.0825247764587402,
            "dev_kl": 0.02014912766183418,
            "dev_objective": 2.1429721594442426
          },
          {
            "epoch": 276,
            "train_objective": 2.1912195682525635,
            "dev_nll": 2.0825209617614746,
            "dev_kl": 0.020150135589033568,
            "dev_objective": 2.1429713685285754
          },
          {
            "epoch": 277,
            "train_objective": 2.1912195682525635,
            "dev_nll": 2.0825178623199463,
            "dev_kl": 0.02015110494375967,
            "dev_objective": 2.1429711771512254
          },
          {
            "epoch": 278,
            "train_objective": 2.1912198066711426,
            "dev_nll": 2.082514524459839,
            "dev_kl": 0.020152027330671746,
            "dev_objective": 2.142970606451854
          },
          {
            "epoch": 279,
            "train_objective": 2.1912195682525635,
            "dev_nll": 2.0825114250183105,
            "dev_kl": 0.02015288595738401,
            "dev_objective": 2.1429700828904625
          },
          {
            "epoch": 280,
            "train_objective": 2.1912195682525635,
            "dev_nll": 2.082508087158203,
            "dev_kl": 0.020153697865565732,
            "dev_objective": 2.1429691807549003
          },
          {
            "epoch": 281,
            "train_objective": 2.1912195682525635,
            "dev_nll": 2.082505464553833,
            "dev_kl": 0.02015447754132077,
            "dev_objective": 2.1429688971777954
          },
          {
            "epoch": 282,
            "train_objective": 2.1912198066711426,
            "dev_nll": 2.082502841949463,
            "dev_kl": 0.02015520779031585,
            "dev_objective": 2.1429684653204104
          },
          {
            "epoch": 283,
            "train_objective": 2.1912198066711426,
            "dev_nll": 2.0825002193450928,
            "dev_kl": 0.02015589741403436,
            "dev_objective": 2.142967911587196
          },
          {
            "epoch": 284,
            "train_objective": 2.1912195682525635,
            "dev_nll": 2.0824975967407227,
            "dev_kl": 0.020156556411805197,
            "dev_objective": 2.142967265976138
          },
          {
            "epoch": 285,
            "train_objective": 2.1912195682525635,
            "dev_nll": 2.08249568939209,
            "dev_kl": 0.02015716270922509,
            "dev_objective": 2.142967177519765
          },
          {
            "epoch": 286,
            "train_objective": 2.1912198066711426,
            "dev_nll": 2.082493305206299,
            "dev_kl": 0.020157759379307628,
            "dev_objective": 2.1429665833442217
          },
          {
            "epoch": 287,
            "train_objective": 2.1912198066711426,
            "dev_nll": 2.082491397857666,
            "dev_kl": 0.02015830481065456,
            "dev_objective": 2.1429663122896296
          },
          {
            "epoch": 288,
            "train_objective": 2.1912195682525635,
            "dev_nll": 2.082489490509033,
            "dev_kl": 0.02015882054042818,
            "dev_objective": 2.142965952130318
          },
          {
            "epoch": 289,
            "train_objective": 2.1912198066711426,
            "dev_nll": 2.0824875831604004,
            "dev_kl": 0.020159321807498985,
            "dev_objective": 2.1429655485828976
          },
          {
            "epoch": 290,
            "train_objective": 2.1912195682525635,
            "dev_nll": 2.0824859142303467,
            "dev_kl": 0.020159788006682763,
            "dev_objective": 2.142965278250395
          },
          {
            "epoch": 291,
            "train_objective": 2.1912195682525635,
            "dev_nll": 2.082484245300293,
            "dev_kl": 0.020160219113333024,
            "dev_objective": 2.142964902640292
          },
          {
            "epoch": 292,
            "train_objective": 2.1912198066711426,
            "dev_nll": 2.0824828147888184,
            "dev_kl": 0.020160631825969142,
            "dev_objective": 2.142964710266726
          },
          {
            "epoch": 293,
            "train_objective": 2.1912198066711426,
            "dev_nll": 2.0824813842773438,
            "dev_kl": 0.020161016267904727,
            "dev_objective": 2.1429644330810578
          },
          {
            "epoch": 294,
            "train_objective": 2.1912198066711426,
            "dev_nll": 2.0824801921844482,
            "dev_kl": 0.020161374536450945,
            "dev_objective": 2.142964315793801
          },
          {
            "epoch": 295,
            "train_objective": 2.1912198066711426,
            "dev_nll": 2.0824790000915527,
            "dev_kl": 0.02016172394091431,
            "dev_objective": 2.142964171914296
          },
          {
            "epoch": 296,
            "train_objective": 2.1912195682525635,
            "dev_nll": 2.0824778079986572,
            "dev_kl": 0.020162045496158295,
            "dev_objective": 2.142963944487132
          },
          {
            "epoch": 297,
            "train_objective": 2.1912198066711426,
            "dev_nll": 2.0824766159057617,
            "dev_kl": 0.02016233245487931,
            "dev_objective": 2.1429636132703997
          },
          {
            "epoch": 298,
            "train_objective": 2.1912195682525635,
            "dev_nll": 2.0824759006500244,
            "dev_kl": 0.020162622262301606,
            "dev_objective": 2.142963767436929
          },
          {
            "epoch": 299,
            "train_objective": 2.1912198066711426,
            "dev_nll": 2.08247447013855,
            "dev_kl": 0.020162890334537584,
            "dev_objective": 2.1429631411421624
          }
        ]
      },
      {
        "kl_lambda": 10.0,
        "best_dev_nll": 2.176267623901367,
        "best_dev_kl": 0.0037680911456337927,
        "best_dev_objective": 2.213948535357705,
        "epochs_run": 164,
        "history": [
          {
            "epoch": 0,
            "train_objective": 2.3157315254211426,
            "dev_nll": 2.287132978439331,
            "dev_kl": 0.00010073091098994146,
            "dev_objective": 2.2881402875492305
          },
          {
            "epoch": 1,
            "train_objective": 2.313467264175415,
            "dev_nll": 2.284031867980957,
            "dev_kl": 4.607995727276723e-05,
            "dev_objective": 2.2844926675536845
          },
          {
            "epoch": 2,
            "train_objective": 2.31022572517395,
            "dev_nll": 2.2810609340667725,
            "dev_kl": 8.147624029342305e-05,
            "dev_objective": 2.2818756964697067
          },
          {
            "epoch": 3,
            "train_objective": 2.3080050945281982,
            "dev_nll": 2.2782483100891113,
            "dev_kl": 0.00013295042705427837,
            "dev_objective": 2.279577814359654
          },
          {
            "epoch": 4,
            "train_objective": 2.305788993835449,
            "dev_nll": 2.275515079498291,
            "dev_kl": 0.00017466866946969285,
            "dev_objective": 2.277261766192988
          },
          {
            "epoch": 5,
            "train_objective": 2.303389310836792,
            "dev_nll": 2.2728030681610107,
            "dev_kl": 0.0002436676278267515,
            "dev_objective": 2.2752397444392782
          },
          {
            "epoch": 6,
            "train_objective": 2.3013336658477783,
            "dev_nll": 2.2700295448303223,
            "dev_kl": 0.00033481111401940597,
            "dev_objective": 2.273377655970516
          },
          {
            "epoch": 7,
            "train_objective": 2.2995991706848145,
            "dev_nll": 2.267195224761963,
            "dev_kl": 0.0004178014552290971,
            "dev_objective": 2.271373239314254
          },
          {
            "epoch": 8,
            "train_objective": 2.2978415489196777,
            "dev_nll": 2.264368772506714,
            "dev_kl": 0.0004942316962704943,
            "dev_objective": 2.2693110894694186
          },
          {
            "epoch": 9,
            "train_objective": 2.2960760593414307,
            "dev_nll": 2.261619806289673,
            "dev_kl": 0.000582092224060755,
            "dev_objective": 2.2674407285302802
          },
          {
            "epoch": 10,
            "train_objective": 2.294508218765259,
            "dev_nll": 2.258999824523926,
            "dev_kl": 0.0006830544919688003,
            "dev_objective": 2.2658303694436137
          },
          {
            "epoch": 11,
            "train_objective": 2.293156862258911,
            "dev_nll": 2.2565300464630127,
            "dev_kl": 0.0007820422929439742,
            "dev_objective": 2.2643504693924523
          },
          {
            "epoch": 12,
            "train_objective": 2.291851758956909,
            "dev_nll": 2.254196882247925,
            "dev_kl": 0.0008724821942975337,
            "dev_objective": 2.2629217041909
          },
          {
            "epoch": 13,
            "train_objective": 2.290532350540161,
            "dev_nll": 2.251973867416382,
            "dev_kl": 0.0009617586536249062,
            "dev_objective": 2.2615914539526307
          },
          {
            "epoch": 14,
            "train_objective": 2.2892966270446777,
            "dev_nll": 2.2498245239257812,
            "dev_kl": 0.0010552791607731887,
            "dev_objective": 2.260377315533513
          },
          {
            "epoch": 15,
            "train_objective": 2.2882072925567627,
            "dev_nll": 2.2477123737335205,
            "dev_kl": 0.0011476011400641706,
            "dev_objective": 2.2591883851341623
          },
          {
            "epoch": 16,
            "train_objective": 2.2871880531311035,
            "dev_nll": 2.245623826980591,
            "dev_kl": 0.0012320191276926748,
            "dev_objective": 2.2579440182575174
          },
          {
            "epoch": 17,
            "train_objective": 2.2861502170562744,
            "dev_nll": 2.2435739040374756,
            "dev_kl": 0.0013104446958210362,
            "dev_objective": 2.256678350995686
          },
          {
            "epoch": 18,
            "train_objective": 2.28511381149292,
            "dev_nll": 2.2415874004364014,
            "dev_kl": 0.0013878382579843001,
            "dev_objective": 2.2554657830162443
          },
          {
            "epoch": 19,
            "train_objective": 2.284142255783081,
            "dev_nll": 2.2396881580352783,
            "dev_kl": 0.0014628589797703662,
            "dev_objective": 2.254316747832982
          },
          {
            "epoch": 20,
            "train_objective": 2.2832303047180176,
            "dev_nll": 2.237895965576172,
            "dev_kl": 0.001529142979265302,
            "dev_objective": 2.253187395368825
          },
          {
            "epoch": 21,
            "train_objective": 2.282315254211426,
            "dev_nll": 2.236218214035034,
            "dev_kl": 0.0015842730202633459,
            "dev_objective": 2.252060944237668
          },
          {
            "epoch": 22,
            "train_objective": 2.2813799381256104,
            "dev_nll": 2.234651565551758,
            "dev_kl": 0.0016315880971347182,
            "dev_objective": 2.250967446523105
          },
          {
            "epoch": 23,
            "train_objective": 2.280463457107544,
            "dev_nll": 2.23317813873291,
            "dev_kl": 0.0016737555051149029,
            "dev_objective": 2.249915693784059
          },
          {
            "epoch": 24,
            "train_objective": 2.2795870304107666,
            "dev_nll": 2.2317745685577393,
            "dev_kl": 0.001709624699844983,
            "dev_objective": 2.248870815556189
          },
          {
            "epoch": 25,
            "train_objective": 2.278721570968628,
            "dev_nll": 2.2304208278656006,
            "dev_kl": 0.0017386297222073735,
            "dev_objective": 2.2478071250876743
          },
          {
            "epoch": 26,
            "train_objective": 2.2778422832489014,
            "dev_nll": 2.229102849960327,
            "dev_kl": 0.0017637405455372555,
            "dev_objective": 2.2467402554156997
          },
          {
            "epoch": 27,
            "train_objective": 2.2769691944122314,
            "dev_nll": 2.227816343307495,
            "dev_kl": 0.0017877950399001297,
            "dev_objective": 2.2456942937064963
          },
          {
            "epoch": 28,
            "train_objective": 2.276127338409424,
            "dev_nll": 2.2265608310699463,
            "dev_kl": 0.0018099442163434065,
            "dev_objective": 2.2446602732333805
          },
          {
            "epoch": 29,
            "train_objective": 2.2753045558929443,
            "dev_nll": 2.225341320037842,
            "dev_kl": 0.001828122184953237,
            "dev_objective": 2.2436225418873743
          },
          {
            "epoch": 30,
            "train_objective": 2.274477958679199,
            "dev_nll": 2.224163055419922,
            "dev_kl": 0.0018428079928780134,
            "dev_objective": 2.242591135348702
          },
          {
            "epoch": 31,
            "train_objective": 2.2736568450927734,
            "dev_nll": 2.2230300903320312,
            "dev_kl": 0.0018558127372048435,
            "dev_objective": 2.24158821770408
          },
          {
            "epoch": 32,
            "train_objective": 2.272862434387207,
            "dev_nll": 2.2219419479370117,
            "dev_kl": 0.0018671146294559344,
            "dev_objective": 2.240613094231571
          },
          {
            "epoch": 33,
            "train_objective": 2.272092819213867,
            "dev_nll": 2.220895767211914,
            "dev_kl": 0.0018755105688018506,
            "dev_objective": 2.2396508728999325
          },
          {
            "epoch": 34,
            "train_objective": 2.271329402923584,
            "dev_nll": 2.2198874950408936,
            "dev_kl": 0.0018814560994091611,
            "dev_objective": 2.238702056034985
          },
          {
            "epoch": 35,
            "train_objective": 2.270573377609253,
            "dev_nll": 2.2189137935638428,
            "dev_kl": 0.00188687357087048,
            "dev_objective": 2.2377825292725477
          },
          {
            "epoch": 36,
            "train_objective": 2.2698419094085693,
            "dev_nll": 2.2179672718048096,
            "dev_kl": 0.001892617395676532,
            "dev_objective": 2.236893445761575
          },
          {
            "epoch": 37,
            "train_objective": 2.2691359519958496,
            "dev_nll": 2.217038869857788,
            "dev_kl": 0.0018983315174999596,
            "dev_objective": 2.2360221850327875
          },
          {
            "epoch": 38,
            "train_objective": 2.2684433460235596,
            "dev_nll": 2.2161192893981934,
            "dev_kl": 0.0019046467105736894,
            "dev_objective": 2.2351657565039305
          },
          {
            "epoch": 39,
            "train_objective": 2.267763137817383,
            "dev_nll": 2.2151999473571777,
            "dev_kl": 0.001912966623995663,
            "dev_objective": 2.2343296135971342
          },
          {
            "epoch": 40,
            "train_objective": 2.2671055793762207,
            "dev_nll": 2.2142770290374756,
            "dev_kl": 0.001923615305058119,
            "dev_objective": 2.233513182088057
          },
          {
            "epoch": 41,
            "train_objective": 2.266472339630127,
            "dev_nll": 2.213351011276245,
            "dev_kl": 0.001935711694845399,
            "dev_objective": 2.232708128224699
          },
          {
            "epoch": 42,
            "train_objective": 2.265855073928833,
            "dev_nll": 2.212428569793701,
            "dev_kl": 0.0019488685685647798,
            "dev_objective": 2.231917255479349
          },
          {
            "epoch": 43,
            "train_objective": 2.2652530670166016,
            "dev_nll": 2.2115187644958496,
            "dev_kl": 0.00196343918811705,
            "dev_objective": 2.23115315637702
          },
          {
            "epoch": 44,
            "train_objective": 2.2646732330322266,
            "dev_nll": 2.2106263637542725,
            "dev_kl": 0.0019794036838452034,
            "dev_objective": 2.2304204005927244
          },
          {
            "epoch": 45,
            "train_objective": 2.264115571975708,
            "dev_nll": 2.2097513675689697,
            "dev_kl": 0.0019964433947632083,
            "dev_objective": 2.2297158015166016
          },
          {
            "epoch": 46,
            "train_objective": 2.26357364654541,
            "dev_nll": 2.208885431289673,
            "dev_kl": 0.0020150833856655277,
            "dev_objective": 2.2290362651463282
          },
          {
            "epoch": 47,
            "train_objective": 2.263047695159912,
            "dev_nll": 2.2080185413360596,
            "dev_kl": 0.002036106881696305,
            "dev_objective": 2.2283796101530227
          },
          {
            "epoch": 48,
            "train_objective": 2.2625434398651123,
            "dev_nll": 2.207141160964966,
            "dev_kl": 0.002059603480079163,
            "dev_objective": 2.2277371957657572
          },
          {
            "epoch": 49,
            "train_objective": 2.262058734893799,
            "dev_nll": 2.2062485218048096,
            "dev_kl": 0.0020851609363629134,
            "dev_objective": 2.227100131168439
          },
          {
            "epoch": 50,
            "train_objective": 2.2615883350372314,
            "dev_nll": 2.205345630645752,
            "dev_kl": 0.002112659383930952,
            "dev_objective": 2.2264722244850614
          },
          {
            "epoch": 51,
            "train_objective": 2.261134624481201,
            "dev_nll": 2.2044413089752197,
            "dev_kl": 0.0021421496033629714,
            "dev_objective": 2.2258628050088496
          },
          {
            "epoch": 52,
            "train_objective": 2.260700225830078,
            "dev_nll": 2.2035462856292725,
            "dev_kl": 0.0021731605898035137,
            "dev_objective": 2.2252778915273077
          },
          {
            "epoch": 53,
            "train_objective": 2.2602834701538086,
            "dev_nll": 2.202666759490967,
            "dev_kl": 0.0022052639366053088,
            "dev_objective": 2.2247193988570197
          },
          {
            "epoch": 54,
            "train_objective": 2.259881019592285,
            "dev_nll": 2.201803684234619,
            "dev_kl": 0.002238419078665928,
            "dev_objective": 2.2241878750212782
          },
          {
            "epoch": 55,
            "train_objective": 2.259495258331299,
            "dev_nll": 2.2009518146514893,
            "dev_kl": 0.002272656098366579,
            "dev_objective": 2.223678375635155
          },
          {
            "epoch": 56,
            "train_objective": 2.259127140045166,
            "dev_nll": 2.2001054286956787,
            "dev_kl": 0.0023077701940188112,
            "dev_objective": 2.2231831306358667
          },
          {
            "epoch": 57,
            "train_objective": 2.258774757385254,
            "dev_nll": 2.1992595195770264,
            "dev_kl": 0.0023438505095737536,
            "dev_objective": 2.222698024672764
          },
          {
            "epoch": 58,
            "train_objective": 2.258436918258667,
            "dev_nll": 2.198413848876953,
            "dev_kl": 0.00238119610037609,
            "dev_objective": 2.222225809880714
          },
          {
            "epoch": 59,
            "train_objective": 2.258115768432617,
            "dev_nll": 2.197571039199829,
            "dev_kl": 0.002419913067160041,
            "dev_objective": 2.2217701698714296
          },
          {
            "epoch": 60,
            "train_objective": 2.257810592651367,
            "dev_nll": 2.1967365741729736,
            "dev_kl": 0.0024597768311028006,
            "dev_objective": 2.2213343424840017
          },
          {
            "epoch": 61,
            "train_objective": 2.2575201988220215,
            "dev_nll": 2.1959145069122314,
            "dev_kl": 0.0025004863773656406,
            "dev_objective": 2.2209193706858876
          },
          {
            "epoch": 62,
            "train_objective": 2.2572438716888428,
            "dev_nll": 2.1951074600219727,
            "dev_kl": 0.002541651405998572,
            "dev_objective": 2.2205239740819582
          },
          {
            "epoch": 63,
            "train_objective": 2.2569830417633057,
            "dev_nll": 2.19431734085083,
            "dev_kl": 0.0025827338670481098,
            "dev_objective": 2.220144679521311
          },
          {
            "epoch": 64,
            "train_objective": 2.2567367553710938,
            "dev_nll": 2.1935441493988037,
            "dev_kl": 0.0026234336909764606,
            "dev_objective": 2.2197784863085683
          },
          {
            "epoch": 65,
            "train_objective": 2.2565033435821533,
            "dev_nll": 2.192789077758789,
            "dev_kl": 0.002663921210802761,
            "dev_objective": 2.2194282898668165
          },
          {
            "epoch": 66,
            "train_objective": 2.25628399848938,
            "dev_nll": 2.192051410675049,
            "dev_kl": 0.0027044445287829804,
            "dev_objective": 2.2190958559628786
          },
          {
            "epoch": 67,
            "train_objective": 2.2560782432556152,
            "dev_nll": 2.191330909729004,
            "dev_kl": 0.0027450893691845545,
            "dev_objective": 2.2187818034208493
          },
          {
            "epoch": 68,
            "train_objective": 2.2558844089508057,
            "dev_nll": 2.190627098083496,
            "dev_kl": 0.0027858291181932604,
            "dev_objective": 2.2184853892654286
          },
          {
            "epoch": 69,
            "train_objective": 2.2557029724121094,
            "dev_nll": 2.189939260482788,
            "dev_kl": 0.002826429135369311,
            "dev_objective": 2.2182035518364813
          },
          {
            "epoch": 70,
            "train_objective": 2.255533456802368,
            "dev_nll": 2.1892690658569336,
            "dev_kl": 0.0028663980392593658,
            "dev_objective": 2.2179330462495273
          },
          {
            "epoch": 71,
            "train_objective": 2.255375623703003,
            "dev_nll": 2.1886191368103027,
            "dev_kl": 0.0029054099437531592,
            "dev_objective": 2.217673236247834
          },
          {
            "epoch": 72,
            "train_objective": 2.25522780418396,
            "dev_nll": 2.187993049621582,
            "dev_kl": 0.002943379830334756,
            "dev_objective": 2.2174268479249295
          },
          {
            "epoch": 73,
            "train_objective": 2.2550909519195557,
            "dev_nll": 2.1873927116394043,
            "dev_kl": 0.0029803631866613884,
            "dev_objective": 2.2171963435060182
          },
          {
            "epoch": 74,
            "train_objective": 2.2549638748168945,
            "dev_nll": 2.1868181228637695,
            "dev_kl": 0.003016477277858874,
            "dev_objective": 2.2169828956423583
          },
          {
            "epoch": 75,
            "train_objective": 2.2548458576202393,
            "dev_nll": 2.1862661838531494,
            "dev_kl": 0.003051797660789505,
            "dev_objective": 2.2167841604610445
          },
          {
            "epoch": 76,
            "train_objective": 2.2547366619110107,
            "dev_nll": 2.1857335567474365,
            "dev_kl": 0.003086266439740857,
            "dev_objective": 2.216596221144845
          },
          {
            "epoch": 77,
            "train_objective": 2.254636764526367,
            "dev_nll": 2.1852173805236816,
            "dev_kl": 0.003119820287535018,
            "dev_objective": 2.2164155833990318
          },
          {
            "epoch": 78,
            "train_objective": 2.254544258117676,
            "dev_nll": 2.1847174167633057,
            "dev_kl": 0.003152350926041903,
            "dev_objective": 2.216240926023725
          },
          {
            "epoch": 79,
            "train_objective": 2.2544591426849365,
            "dev_nll": 2.184237003326416,
            "dev_kl": 0.0031838464754294256,
            "dev_objective": 2.21607546808071
          },
          {
            "epoch": 80,
            "train_objective": 2.2543814182281494,
            "dev_nll": 2.183778762817383,
            "dev_kl": 0.003214318957736543,
            "dev_objective": 2.215921952394748
          },
          {
            "epoch": 81,
            "train_objective": 2.2543106079101562,
            "dev_nll": 2.1833443641662598,
            "dev_kl": 0.0032436943120446077,
            "dev_objective": 2.2157813072867056
          },
          {
            "epoch": 82,
            "train_objective": 2.2542459964752197,
            "dev_nll": 2.1829326152801514,
            "dev_kl": 0.0032719269693823843,
            "dev_objective": 2.2156518849739752
          },
          {
            "epoch": 83,
            "train_objective": 2.2541866302490234,
            "dev_nll": 2.1825411319732666,
            "dev_kl": 0.003298930914387801,
            "dev_objective": 2.215530441117145
          },
          {
            "epoch": 84,
            "train_objective": 2.254133701324463,
            "dev_nll": 2.182166576385498,
            "dev_kl": 0.0033247556240278936,
            "dev_objective": 2.215414132625777
          },
          {
            "epoch": 85,
            "train_objective": 2.2540853023529053,
            "dev_nll": 2.181807518005371,
            "dev_kl": 0.0033495604074665927,
            "dev_objective": 2.215303122080037
          },
          {
            "epoch": 86,
            "train_objective": 2.254041910171509,
            "dev_nll": 2.1814634799957275,
            "dev_kl": 0.0033735049081040597,
            "dev_objective": 2.215198529076768
          },
          {
            "epoch": 87,
            "train_objective": 2.254002809524536,
            "dev_nll": 2.181135416030884,
            "dev_kl": 0.0033967048156113263,
            "dev_objective": 2.215102464186997
          },
          {
            "epoch": 88,
            "train_objective": 2.253967761993408,
            "dev_nll": 2.18082332611084,
            "dev_kl": 0.0034191113710889324,
            "dev_objective": 2.2150144398217293
          },
          {
            "epoch": 89,
            "train_objective": 2.253936290740967,
            "dev_nll": 2.1805269718170166,
            "dev_kl": 0.0034405641159119607,
            "dev_objective": 2.214932612976136
          },
          {
            "epoch": 90,
            "train_objective": 2.253908157348633,
            "dev_nll": 2.1802456378936768,
            "dev_kl": 0.003460964961140325,
            "dev_objective": 2.21485528750508
          },
          {
            "epoch": 91,
            "train_objective": 2.2538836002349854,
            "dev_nll": 2.179978370666504,
            "dev_kl": 0.0034803189554958743,
            "dev_objective": 2.2147815602214624
          },
          {
            "epoch": 92,
            "train_objective": 2.253862142562866,
            "dev_nll": 2.1797239780426025,
            "dev_kl": 0.0034988070350016904,
            "dev_objective": 2.2147120483926193
          },
          {
            "epoch": 93,
            "train_objective": 2.253842830657959,
            "dev_nll": 2.1794815063476562,
            "dev_kl": 0.0035166562261315652,
            "dev_objective": 2.214648068608972
          },
          {
            "epoch": 94,
            "train_objective": 2.2538259029388428,
            "dev_nll": 2.1792500019073486,
            "dev_kl": 0.0035339634467917522,
            "dev_objective": 2.214589636375266
          },
          {
            "epoch": 95,
            "train_objective": 2.2538108825683594,
            "dev_nll": 2.1790287494659424,
            "dev_kl": 0.0035506984304816257,
            "dev_objective": 2.2145357337707585
          },
          {
            "epoch": 96,
            "train_objective": 2.253798246383667,
            "dev_nll": 2.1788172721862793,
            "dev_kl": 0.0035667317660808876,
            "dev_objective": 2.214484589847088
          },
          {
            "epoch": 97,
            "train_objective": 2.2537872791290283,
            "dev_nll": 2.1786155700683594,
            "dev_kl": 0.0035819619145161245,
            "dev_objective": 2.214435189213521
          },
          {
            "epoch": 98,
            "train_objective": 2.2537779808044434,
            "dev_nll": 2.1784253120422363,
            "dev_kl": 0.0035963859746590133,
            "dev_objective": 2.2143891717888264
          },
          {
            "epoch": 99,
            "train_objective": 2.2537693977355957,
            "dev_nll": 2.178246259689331,
            "dev_kl": 0.0036100846109957683,
            "dev_objective": 2.214347105799289
          },
          {
            "epoch": 100,
            "train_objective": 2.25376296043396,
            "dev_nll": 2.1780784130096436,
            "dev_kl": 0.003623154462402126,
            "dev_objective": 2.214309957633665
          },
          {
            "epoch": 101,
            "train_objective": 2.2537569999694824,
            "dev_nll": 2.177919864654541,
            "dev_kl": 0.003635642828387292,
            "dev_objective": 2.214276292938414
          },
          {
            "epoch": 102,
            "train_objective": 2.2537519931793213,
            "dev_nll": 2.177769184112549,
            "dev_kl": 0.003647519777472438,
            "dev_objective": 2.2142443818872732
          },
          {
            "epoch": 103,
            "train_objective": 2.2537481784820557,
            "dev_nll": 2.177626132965088,
            "dev_kl": 0.003658778136710467,
            "dev_objective": 2.2142139143321926
          },
          {
            "epoch": 104,
            "train_objective": 2.253744602203369,
            "dev_nll": 2.177490472793579,
            "dev_kl": 0.003669383587400368,
            "dev_objective": 2.214184308667583
          },
          {
            "epoch": 105,
            "train_objective": 2.25374174118042,
            "dev_nll": 2.177363395690918,
            "dev_kl": 0.003679390956889833,
            "dev_objective": 2.2141573052598162
          },
          {
            "epoch": 106,
            "train_objective": 2.253739833831787,
            "dev_nll": 2.1772453784942627,
            "dev_kl": 0.003688800623413946,
            "dev_objective": 2.2141333847284024
          },
          {
            "epoch": 107,
            "train_objective": 2.2537384033203125,
            "dev_nll": 2.177136182785034,
            "dev_kl": 0.0036976157989065048,
            "dev_objective": 2.2141123407740992
          },
          {
            "epoch": 108,
            "train_objective": 2.253736734390259,
            "dev_nll": 2.177035331726074,
            "dev_kl": 0.003705784481074236,
            "dev_objective": 2.2140931765368164
          },
          {
            "epoch": 109,
            "train_objective": 2.2537357807159424,
            "dev_nll": 2.176941394805908,
            "dev_kl": 0.003713331557076156,
            "dev_objective": 2.2140747103766696
          },
          {
            "epoch": 110,
            "train_objective": 2.253735065460205,
            "dev_nll": 2.176854133605957,
            "dev_kl": 0.0037203020294966976,
            "dev_objective": 2.214057153900924
          },
          {
            "epoch": 111,
            "train_objective": 2.253734827041626,
            "dev_nll": 2.1767733097076416,
            "dev_kl": 0.003726749857255404,
            "dev_objective": 2.2140408082801954
          },
          {
            "epoch": 112,
            "train_objective": 2.2537343502044678,
            "dev_nll": 2.176699161529541,
            "dev_kl": 0.003732740121802078,
            "dev_objective": 2.214026562747562
          },
          {
            "epoch": 113,
            "train_objective": 2.2537341117858887,
            "dev_nll": 2.1766319274902344,
            "dev_kl": 0.0037382414164410975,
            "dev_objective": 2.214014341654645
          },
          {
            "epoch": 114,
            "train_objective": 2.2537341117858887,
            "dev_nll": 2.1765716075897217,
            "dev_kl": 0.0037432107938576,
            "dev_objective": 2.214003715528298
          },
          {
            "epoch": 115,
            "train_objective": 2.2537341117858887,
            "dev_nll": 2.1765177249908447,
            "dev_kl": 0.0037476058494018967,
            "dev_objective": 2.2139937834848635
          },
          {
            "epoch": 116,
            "train_objective": 2.2537341117858887,
            "dev_nll": 2.176469564437866,
            "dev_kl": 0.0037514710659436517,
            "dev_objective": 2.2139842750973027
          },
          {
            "epoch": 117,
            "train_objective": 2.2537343502044678,
            "dev_nll": 2.1764273643493652,
            "dev_kl": 0.003754910741467488,
            "dev_objective": 2.21397647176404
          },
          {
            "epoch": 118,
            "train_objective": 2.2537343502044678,
            "dev_nll": 2.1763901710510254,
            "dev_kl": 0.003757972209986054,
            "dev_objective": 2.2139698931508858
          },
          {
            "epoch": 119,
            "train_objective": 2.2537343502044678,
            "dev_nll": 2.1763572692871094,
            "dev_kl": 0.003760721909407244,
            "dev_objective": 2.213964488381182
          },
          {
            "epoch": 120,
            "train_objective": 2.253734827041626,
            "dev_nll": 2.1763288974761963,
            "dev_kl": 0.003763097037155423,
            "dev_objective": 2.2139598678477506
          },
          {
            "epoch": 121,
            "train_objective": 2.253734827041626,
            "dev_nll": 2.176304340362549,
            "dev_kl": 0.00376512707265778,
            "dev_objective": 2.2139556110891268
          },
          {
            "epoch": 122,
            "train_objective": 2.253735065460205,
            "dev_nll": 2.176284074783325,
            "dev_kl": 0.003766773215895293,
            "dev_objective": 2.213951806942278
          },
          {
            "epoch": 123,
            "train_objective": 2.253735065460205,
            "dev_nll": 2.176267623901367,
            "dev_kl": 0.0037680911456337927,
            "dev_objective": 2.213948535357705
          },
          {
            "epoch": 124,
            "train_objective": 2.253735303878784,
            "dev_nll": 2.176255464553833,
            "dev_kl": 0.0037691389674331696,
            "dev_objective": 2.2139468542281646
          },
          {
            "epoch": 125,
            "train_objective": 2.2537355422973633,
            "dev_nll": 2.176246404647827,
            "dev_kl": 0.00376994619438011,
            "dev_objective": 2.213945866591628
          },
          {
            "epoch": 126,
            "train_objective": 2.253735303878784,
            "dev_nll": 2.1762402057647705,
            "dev_kl": 0.0037705266913034647,
            "dev_objective": 2.213945472677805
          },
          {
            "epoch": 127,
            "train_objective": 2.253735303878784,
            "dev_nll": 2.1762356758117676,
            "dev_kl": 0.0037708850671045076,
            "dev_objective": 2.2139445264828126
          },
          {
            "epoch": 128,
            "train_objective": 2.2537355422973633,
            "dev_nll": 2.1762335300445557,
            "dev_kl": 0.0037710404487190136,
            "dev_objective": 2.2139439345317458
          },
          {
            "epoch": 129,
            "train_objective": 2.2537355422973633,
            "dev_nll": 2.1762337684631348,
            "dev_kl": 0.003771018228608145,
            "dev_objective": 2.2139439507492162
          },
          {
            "epoch": 130,
            "train_objective": 2.2537355422973633,
            "dev_nll": 2.176236152648926,
            "dev_kl": 0.0037708421198715827,
            "dev_objective": 2.2139445738476415
          },
          {
            "epoch": 131,
            "train_objective": 2.2537355422973633,
            "dev_nll": 2.1762406826019287,
            "dev_kl": 0.003770517202455111,
            "dev_objective": 2.2139458546264796
          },
          {
            "epoch": 132,
            "train_objective": 2.2537355422973633,
            "dev_nll": 2.1762468814849854,
            "dev_kl": 0.003770039412031749,
            "dev_objective": 2.2139472756053027
          },
          {
            "epoch": 133,
            "train_objective": 2.2537355422973633,
            "dev_nll": 2.1762545108795166,
            "dev_kl": 0.003769444511842291,
            "dev_objective": 2.2139489559979397
          },
          {
            "epoch": 134,
            "train_objective": 2.253735303878784,
            "dev_nll": 2.176262140274048,
            "dev_kl": 0.003768770009349913,
            "dev_objective": 2.213949840367547
          },
          {
            "epoch": 135,
            "train_objective": 2.253735303878784,
            "dev_nll": 2.1762712001800537,
            "dev_kl": 0.003768017569487088,
            "dev_objective": 2.2139513758749247
          },
          {
            "epoch": 136,
            "train_objective": 2.253735065460205,
            "dev_nll": 2.176280975341797,
            "dev_kl": 0.0037672257503226655,
            "dev_objective": 2.2139532328450233
          },
          {
            "epoch": 137,
            "train_objective": 2.253735065460205,
            "dev_nll": 2.1762919425964355,
            "dev_kl": 0.003766362964294482,
            "dev_objective": 2.21395557223938
          },
          {
            "epoch": 138,
            "train_objective": 2.253735065460205,
            "dev_nll": 2.1763033866882324,
            "dev_kl": 0.0037654329293349423,
            "dev_objective": 2.2139577159815818
          },
          {
            "epoch": 139,
            "train_objective": 2.253734827041626,
            "dev_nll": 2.1763150691986084,
            "dev_kl": 0.0037644324319042934,
            "dev_objective": 2.2139593935176514
          },
          {
            "epoch": 140,
            "train_objective": 2.253735065460205,
            "dev_nll": 2.1763274669647217,
            "dev_kl": 0.0037634072078035715,
            "dev_objective": 2.2139615390427574
          },
          {
            "epoch": 141,
            "train_objective": 2.253734827041626,
            "dev_nll": 2.176339864730835,
            "dev_kl": 0.003762360540013679,
            "dev_objective": 2.2139634701309716
          },
          {
            "epoch": 142,
            "train_objective": 2.253734827041626,
            "dev_nll": 2.1763527393341064,
            "dev_kl": 0.0037613181504295083,
            "dev_objective": 2.2139659208384015
          },
          {
            "epoch": 143,
            "train_objective": 2.253734827041626,
            "dev_nll": 2.176365375518799,
            "dev_kl": 0.0037602844477405925,
            "dev_objective": 2.2139682199962047
          },
          {
            "epoch": 144,
            "train_objective": 2.253734588623047,
            "dev_nll": 2.176378011703491,
            "dev_kl": 0.0037592340974148463,
            "dev_objective": 2.2139703526776398
          },
          {
            "epoch": 145,
            "train_objective": 2.253734588623047,
            "dev_nll": 2.1763908863067627,
            "dev_kl": 0.003758171153602742,
            "dev_objective": 2.21397259784279
          },
          {
            "epoch": 146,
            "train_objective": 2.253734588623047,
            "dev_nll": 2.176403522491455,
            "dev_kl": 0.003757112200964748,
            "dev_objective": 2.2139746445011026
          },
          {
            "epoch": 147,
            "train_objective": 2.2537343502044678,
            "dev_nll": 2.1764161586761475,
            "dev_kl": 0.0037560669916929983,
            "dev_objective": 2.2139768285930774
          },
          {
            "epoch": 148,
            "train_objective": 2.2537343502044678,
            "dev_nll": 2.1764285564422607,
            "dev_kl": 0.0037550541927975334,
            "dev_objective": 2.213979098370236
          },
          {
            "epoch": 149,
            "train_objective": 2.2537343502044678,
            "dev_nll": 2.176440477371216,
            "dev_kl": 0.0037540651415625477,
            "dev_objective": 2.213981128786841
          },
          {
            "epoch": 150,
            "train_objective": 2.2537343502044678,
            "dev_nll": 2.176452159881592,
            "dev_kl": 0.0037531033575686633,
            "dev_objective": 2.2139831934572785
          },
          {
            "epoch": 151,
            "train_objective": 2.2537341117858887,
            "dev_nll": 2.1764638423919678,
            "dev_kl": 0.003752147803384064,
            "dev_objective": 2.213985320425808
          },
          {
            "epoch": 152,
            "train_objective": 2.2537341117858887,
            "dev_nll": 2.1764745712280273,
            "dev_kl": 0.003751246459885167,
            "dev_objective": 2.213987035826879
          },
          {
            "epoch": 153,
            "train_objective": 2.2537343502044678,
            "dev_nll": 2.176485538482666,
            "dev_kl": 0.003750353375974694,
            "dev_objective": 2.213989072242413
          },
          {
            "epoch": 154,
            "train_objective": 2.2537341117858887,
            "dev_nll": 2.1764960289001465,
            "dev_kl": 0.003749493600070809,
            "dev_objective": 2.2139909649008547
          },
          {
            "epoch": 155,
            "train_objective": 2.2537343502044678,
            "dev_nll": 2.176506519317627,
            "dev_kl": 0.0037486670856991507,
            "dev_objective": 2.2139931901746186
          },
          {
            "epoch": 156,
            "train_objective": 2.2537341117858887,
            "dev_nll": 2.176516532897949,
            "dev_kl": 0.003747857322564783,
            "dev_objective": 2.213995106123597
          },
          {
            "epoch": 157,
            "train_objective": 2.2537341117858887,
            "dev_nll": 2.176525831222534,
            "dev_kl": 0.0037470971230242605,
            "dev_objective": 2.213996802452777
          },
          {
            "epoch": 158,
            "train_objective": 2.2537341117858887,
            "dev_nll": 2.176534652709961,
            "dev_kl": 0.0037463668797155718,
            "dev_objective": 2.2139983215071166
          },
          {
            "epoch": 159,
            "train_objective": 2.2537341117858887,
            "dev_nll": 2.1765434741973877,
            "dev_kl": 0.003745671031865968,
            "dev_objective": 2.2140001845160473
          },
          {
            "epoch": 160,
            "train_objective": 2.2537341117858887,
            "dev_nll": 2.176551580429077,
            "dev_kl": 0.0037450091012778846,
            "dev_objective": 2.214001671441856
          },
          {
            "epoch": 161,
            "train_objective": 2.2537341117858887,
            "dev_nll": 2.1765592098236084,
            "dev_kl": 0.003744380034469679,
            "dev_objective": 2.2140030101683053
          },
          {
            "epoch": 162,
            "train_objective": 2.2537341117858887,
            "dev_nll": 2.1765670776367188,
            "dev_kl": 0.003743758553191419,
            "dev_objective": 2.214004663168633
          },
          {
            "epoch": 163,
            "train_objective": 2.2537341117858887,
            "dev_nll": 2.176574230194092,
            "dev_kl": 0.0037431750707820595,
            "dev_objective": 2.2140059809019124
          }
        ]
      }
    ]
  },
  "evaluation": {
    "conditions": {
      "plain": {
        "count": 444,
        "top1_accuracy": 0.41216216216216217,
        "mean_expert_probability": 0.2290831718497872,
        "mean_nll": 2.349925525583745,
        "mean_reciprocal_rank": 0.520948696329047,
        "mean_entropy": 2.1880674877011024,
        "mean_kl_from_plain": 0.0,
        "ece": 0.09610184126004978,
        "mean_confidence": 0.3707238307373749,
        "skill_selected_rate": 0.0,
        "mean_rho": 0.0
      },
      "evolved_skill": {
        "count": 444,
        "top1_accuracy": 0.3918918918918919,
        "mean_expert_probability": 0.18401847164113042,
        "mean_nll": 2.254237740833115,
        "mean_reciprocal_rank": 0.515010150460076,
        "mean_entropy": 2.4518860495305277,
        "mean_kl_from_plain": 0.22429254525529876,
        "ece": 0.11653219772553122,
        "mean_confidence": 0.2753596941663607,
        "skill_selected_rate": 1.0,
        "mean_rho": 1.0
      },
      "mismatched_skill": {
        "count": 444,
        "top1_accuracy": 0.3310810810810811,
        "mean_expert_probability": 0.16205528420280782,
        "mean_nll": 2.4214618883728942,
        "mean_reciprocal_rank": 0.47079747274816125,
        "mean_entropy": 2.484923688678054,
        "mean_kl_from_plain": 0.21671312209638255,
        "ece": 0.0705824945424054,
        "mean_confidence": 0.27007031726004843,
        "skill_selected_rate": 1.0,
        "mean_rho": 1.0
      },
      "convex_skill_gate": {
        "count": 444,
        "top1_accuracy": 0.43243243243243246,
        "mean_expert_probability": 0.2309589598229289,
        "mean_nll": 2.2255334178442565,
        "mean_reciprocal_rank": 0.5387153076230505,
        "mean_entropy": 2.217439980657251,
        "mean_kl_from_plain": 0.06292123059366687,
        "ece": 0.1169436834249142,
        "mean_confidence": 0.34710003527904953,
        "skill_selected_rate": 0.46621621621621623,
        "mean_rho": 0.5083006974141877
      },
      "stage_calibration_head": {
        "count": 444,
        "top1_accuracy": 0.5022522522522522,
        "mean_expert_probability": 0.318303893179725,
        "mean_nll": 1.8432060868665316,
        "mean_reciprocal_rank": 0.6178707447061194,
        "mean_entropy": 1.9897040558626522,
        "mean_kl_from_plain": 0.2761573790253556,
        "ece": 0.08723872475460305,
        "mean_confidence": 0.4257412435872866,
        "skill_selected_rate": 0.0,
        "mean_rho": 0.0
      },
      "signed_logic_repair_head": {
        "count": 444,
        "top1_accuracy": 0.5022522522522522,
        "mean_expert_probability": 0.3351911971700034,
        "mean_nll": 1.7463522582947935,
        "mean_reciprocal_rank": 0.6281907316393784,
        "mean_entropy": 1.9023057946616464,
        "mean_kl_from_plain": 0.4630502542745121,
        "ece": 0.07641522059435242,
        "mean_confidence": 0.4461113833025232,
        "skill_selected_rate": 0.43243243243243246,
        "mean_rho": 0.4669564311098421
      },
      "signed_logic_repair_trust_region": {
        "count": 444,
        "top1_accuracy": 0.4166666666666667,
        "mean_expert_probability": 0.25520152395049966,
        "mean_nll": 2.0832814474826384,
        "mean_reciprocal_rank": 0.5521550562287033,
        "mean_entropy": 2.1377811401008486,
        "mean_kl_from_plain": 0.0454639036288099,
        "ece": 0.09569186279298485,
        "mean_confidence": 0.37398058113952476,
        "skill_selected_rate": 0.5247747747747747,
        "mean_rho": 0.5829045028920781
      },
      "constrained_logic_repair_head": {
        "count": 444,
        "top1_accuracy": 0.4572072072072072,
        "mean_expert_probability": 0.2585282693375825,
        "mean_nll": 2.0194063741346104,
        "mean_reciprocal_rank": 0.583437661424352,
        "mean_entropy": 2.15925612146253,
        "mean_kl_from_plain": 0.03633476181707223,
        "ece": 0.08828056474459602,
        "mean_confidence": 0.3722782496295802,
        "skill_selected_rate": 0.0022522522522522522,
        "mean_rho": 0.13060251206853363
      },
      "constrained_stage_calibration_head": {
        "count": 444,
        "top1_accuracy": 0.44819819819819817,
        "mean_expert_probability": 0.2559036114853534,
        "mean_nll": 2.068287438642489,
        "mean_reciprocal_rank": 0.5749050287784473,
        "mean_entropy": 2.1686826008665667,
        "mean_kl_from_plain": 0.029106350060746907,
        "ece": 0.08231915045227554,
        "mean_confidence": 0.3706755487265082,
        "skill_selected_rate": 0.0,
        "mean_rho": 0.0
      }
    },
    "alpha_statistics": {
      "convex_skill_gate": {
        "mean": 0.5083006974141877,
        "min": 0.2702968716621399,
        "max": 0.9010452628135681,
        "negative_rate": 0.0
      },
      "stage_calibration_head": {
        "mean": 0.0,
        "min": 0.0,
        "max": 0.0,
        "negative_rate": 0.0
      },
      "signed_logic_repair_head": {
        "mean": 0.4669564311098421,
        "min": -0.5319878458976746,
        "max": 1.6240403652191162,
        "negative_rate": 0.1891891891891892
      },
      "signed_logic_repair_trust_region": {
        "mean": 0.5829045028920781,
        "min": 0.07083968352526426,
        "max": 1.0,
        "negative_rate": 0.0
      },
      "constrained_logic_repair_head": {
        "mean": 0.13060251206853363,
        "min": -0.017811870202422142,
        "max": 0.5158610939979553,
        "negative_rate": 0.02702702702702703
      },
      "constrained_stage_calibration_head": {
        "mean": 0.0,
        "min": 0.0,
        "max": 0.0,
        "negative_rate": 0.0
      }
    },
    "by_action_verb": {
      "clean": {
        "plain": {
          "count": 6,
          "accuracy": 1.0
        },
        "evolved_skill": {
          "count": 6,
          "accuracy": 1.0
        },
        "mismatched_skill": {
          "count": 6,
          "accuracy": 1.0
        },
        "convex_skill_gate": {
          "count": 6,
          "accuracy": 1.0
        },
        "stage_calibration_head": {
          "count": 6,
          "accuracy": 1.0
        },
        "signed_logic_repair_head": {
          "count": 6,
          "accuracy": 1.0
        },
        "signed_logic_repair_trust_region": {
          "count": 6,
          "accuracy": 1.0
        },
        "constrained_logic_repair_head": {
          "count": 6,
          "accuracy": 1.0
        },
        "constrained_stage_calibration_head": {
          "count": 6,
          "accuracy": 1.0
        }
      },
      "close": {
        "plain": {
          "count": 56,
          "accuracy": 0.0
        },
        "evolved_skill": {
          "count": 56,
          "accuracy": 0.017857142857142856
        },
        "mismatched_skill": {
          "count": 56,
          "accuracy": 0.0
        },
        "convex_skill_gate": {
          "count": 56,
          "accuracy": 0.0
        },
        "stage_calibration_head": {
          "count": 56,
          "accuracy": 0.8035714285714286
        },
        "signed_logic_repair_head": {
          "count": 56,
          "accuracy": 0.8928571428571429
        },
        "signed_logic_repair_trust_region": {
          "count": 56,
          "accuracy": 0.017857142857142856
        },
        "constrained_logic_repair_head": {
          "count": 56,
          "accuracy": 0.35714285714285715
        },
        "constrained_stage_calibration_head": {
          "count": 56,
          "accuracy": 0.30357142857142855
        }
      },
      "cool": {
        "plain": {
          "count": 7,
          "accuracy": 1.0
        },
        "evolved_skill": {
          "count": 7,
          "accuracy": 0.8571428571428571
        },
        "mismatched_skill": {
          "count": 7,
          "accuracy": 1.0
        },
        "convex_skill_gate": {
          "count": 7,
          "accuracy": 1.0
        },
        "stage_calibration_head": {
          "count": 7,
          "accuracy": 0.7142857142857143
        },
        "signed_logic_repair_head": {
          "count": 7,
          "accuracy": 0.7142857142857143
        },
        "signed_logic_repair_trust_region": {
          "count": 7,
          "accuracy": 1.0
        },
        "constrained_logic_repair_head": {
          "count": 7,
          "accuracy": 1.0
        },
        "constrained_stage_calibration_head": {
          "count": 7,
          "accuracy": 1.0
        }
      },
      "examine": {
        "plain": {
          "count": 1,
          "accuracy": 0.0
        },
        "evolved_skill": {
          "count": 1,
          "accuracy": 1.0
        },
        "mismatched_skill": {
          "count": 1,
          "accuracy": 0.0
        },
        "convex_skill_gate": {
          "count": 1,
          "accuracy": 0.0
        },
        "stage_calibration_head": {
          "count": 1,
          "accuracy": 0.0
        },
        "signed_logic_repair_head": {
          "count": 1,
          "accuracy": 0.0
        },
        "signed_logic_repair_trust_region": {
          "count": 1,
          "accuracy": 0.0
        },
        "constrained_logic_repair_head": {
          "count": 1,
          "accuracy": 0.0
        },
        "constrained_stage_calibration_head": {
          "count": 1,
          "accuracy": 0.0
        }
      },
      "go": {
        "plain": {
          "count": 238,
          "accuracy": 0.22268907563025211
        },
        "evolved_skill": {
          "count": 238,
          "accuracy": 0.18487394957983194
        },
        "mismatched_skill": {
          "count": 238,
          "accuracy": 0.11764705882352941
        },
        "convex_skill_gate": {
          "count": 238,
          "accuracy": 0.23529411764705882
        },
        "stage_calibration_head": {
          "count": 238,
          "accuracy": 0.18907563025210083
        },
        "signed_logic_repair_head": {
          "count": 238,
          "accuracy": 0.18067226890756302
        },
        "signed_logic_repair_trust_region": {
          "count": 238,
          "accuracy": 0.23109243697478993
        },
        "constrained_logic_repair_head": {
          "count": 238,
          "accuracy": 0.2184873949579832
        },
        "constrained_stage_calibration_head": {
          "count": 238,
          "accuracy": 0.21428571428571427
        }
      },
      "heat": {
        "plain": {
          "count": 6,
          "accuracy": 0.3333333333333333
        },
        "evolved_skill": {
          "count": 6,
          "accuracy": 0.3333333333333333
        },
        "mismatched_skill": {
          "count": 6,
          "accuracy": 0.16666666666666666
        },
        "convex_skill_gate": {
          "count": 6,
          "accuracy": 0.3333333333333333
        },
        "stage_calibration_head": {
          "count": 6,
          "accuracy": 1.0
        },
        "signed_logic_repair_head": {
          "count": 6,
          "accuracy": 0.8333333333333334
        },
        "signed_logic_repair_trust_region": {
          "count": 6,
          "accuracy": 0.5
        },
        "constrained_logic_repair_head": {
          "count": 6,
          "accuracy": 0.5
        },
        "constrained_stage_calibration_head": {
          "count": 6,
          "accuracy": 0.6666666666666666
        }
      },
      "move": {
        "plain": {
          "count": 31,
          "accuracy": 0.967741935483871
        },
        "evolved_skill": {
          "count": 31,
          "accuracy": 1.0
        },
        "mismatched_skill": {
          "count": 31,
          "accuracy": 0.967741935483871
        },
        "convex_skill_gate": {
          "count": 31,
          "accuracy": 1.0
        },
        "stage_calibration_head": {
          "count": 31,
          "accuracy": 0.8064516129032258
        },
        "signed_logic_repair_head": {
          "count": 31,
          "accuracy": 0.8064516129032258
        },
        "signed_logic_repair_trust_region": {
          "count": 31,
          "accuracy": 0.9354838709677419
        },
        "constrained_logic_repair_head": {
          "count": 31,
          "accuracy": 0.9354838709677419
        },
        "constrained_stage_calibration_head": {
          "count": 31,
          "accuracy": 0.9032258064516129
        }
      },
      "open": {
        "plain": {
          "count": 62,
          "accuracy": 0.8870967741935484
        },
        "evolved_skill": {
          "count": 62,
          "accuracy": 0.8225806451612904
        },
        "mismatched_skill": {
          "count": 62,
          "accuracy": 0.7258064516129032
        },
        "convex_skill_gate": {
          "count": 62,
          "accuracy": 0.9354838709677419
        },
        "stage_calibration_head": {
          "count": 62,
          "accuracy": 0.9838709677419355
        },
        "signed_logic_repair_head": {
          "count": 62,
          "accuracy": 0.967741935483871
        },
        "signed_logic_repair_trust_region": {
          "count": 62,
          "accuracy": 0.9032258064516129
        },
        "constrained_logic_repair_head": {
          "count": 62,
          "accuracy": 0.9032258064516129
        },
        "constrained_stage_calibration_head": {
          "count": 62,
          "accuracy": 0.9193548387096774
        }
      },
      "take": {
        "plain": {
          "count": 34,
          "accuracy": 0.8823529411764706
        },
        "evolved_skill": {
          "count": 34,
          "accuracy": 0.8823529411764706
        },
        "mismatched_skill": {
          "count": 34,
          "accuracy": 0.8823529411764706
        },
        "convex_skill_gate": {
          "count": 34,
          "accuracy": 0.8823529411764706
        },
        "stage_calibration_head": {
          "count": 34,
          "accuracy": 0.7941176470588235
        },
        "signed_logic_repair_head": {
          "count": 34,
          "accuracy": 0.7647058823529411
        },
        "signed_logic_repair_trust_region": {
          "count": 34,
          "accuracy": 0.8235294117647058
        },
        "constrained_logic_repair_head": {
          "count": 34,
          "accuracy": 0.8823529411764706
        },
        "constrained_stage_calibration_head": {
          "count": 34,
          "accuracy": 0.8529411764705882
        }
      },
      "use": {
        "plain": {
          "count": 3,
          "accuracy": 0.0
        },
        "evolved_skill": {
          "count": 3,
          "accuracy": 0.6666666666666666
        },
        "mismatched_skill": {
          "count": 3,
          "accuracy": 0.0
        },
        "convex_skill_gate": {
          "count": 3,
          "accuracy": 0.6666666666666666
        },
        "stage_calibration_head": {
          "count": 3,
          "accuracy": 1.0
        },
        "signed_logic_repair_head": {
          "count": 3,
          "accuracy": 1.0
        },
        "signed_logic_repair_trust_region": {
          "count": 3,
          "accuracy": 0.0
        },
        "constrained_logic_repair_head": {
          "count": 3,
          "accuracy": 0.0
        },
        "constrained_stage_calibration_head": {
          "count": 3,
          "accuracy": 0.0
        }
      }
    },
    "by_task_type": {
      "look_at_obj_in_light": {
        "plain": {
          "count": 52,
          "accuracy": 0.07692307692307693
        },
        "evolved_skill": {
          "count": 52,
          "accuracy": 0.23076923076923078
        },
        "mismatched_skill": {
          "count": 52,
          "accuracy": 0.038461538461538464
        },
        "convex_skill_gate": {
          "count": 52,
          "accuracy": 0.19230769230769232
        },
        "stage_calibration_head": {
          "count": 52,
          "accuracy": 0.36538461538461536
        },
        "signed_logic_repair_head": {
          "count": 52,
          "accuracy": 0.4807692307692308
        },
        "signed_logic_repair_trust_region": {
          "count": 52,
          "accuracy": 0.09615384615384616
        },
        "constrained_logic_repair_head": {
          "count": 52,
          "accuracy": 0.09615384615384616
        },
        "constrained_stage_calibration_head": {
          "count": 52,
          "accuracy": 0.09615384615384616
        }
      },
      "pick_and_place_simple": {
        "plain": {
          "count": 85,
          "accuracy": 0.5294117647058824
        },
        "evolved_skill": {
          "count": 85,
          "accuracy": 0.5529411764705883
        },
        "mismatched_skill": {
          "count": 85,
          "accuracy": 0.49411764705882355
        },
        "convex_skill_gate": {
          "count": 85,
          "accuracy": 0.5411764705882353
        },
        "stage_calibration_head": {
          "count": 85,
          "accuracy": 0.611764705882353
        },
        "signed_logic_repair_head": {
          "count": 85,
          "accuracy": 0.6235294117647059
        },
        "signed_logic_repair_trust_region": {
          "count": 85,
          "accuracy": 0.5411764705882353
        },
        "constrained_logic_repair_head": {
          "count": 85,
          "accuracy": 0.5764705882352941
        },
        "constrained_stage_calibration_head": {
          "count": 85,
          "accuracy": 0.5411764705882353
        }
      },
      "pick_clean_then_place_in_recep": {
        "plain": {
          "count": 80,
          "accuracy": 0.5
        },
        "evolved_skill": {
          "count": 80,
          "accuracy": 0.4
        },
        "mismatched_skill": {
          "count": 80,
          "accuracy": 0.4125
        },
        "convex_skill_gate": {
          "count": 80,
          "accuracy": 0.5125
        },
        "stage_calibration_head": {
          "count": 80,
          "accuracy": 0.6
        },
        "signed_logic_repair_head": {
          "count": 80,
          "accuracy": 0.5375
        },
        "signed_logic_repair_trust_region": {
          "count": 80,
          "accuracy": 0.45
        },
        "constrained_logic_repair_head": {
          "count": 80,
          "accuracy": 0.5625
        },
        "constrained_stage_calibration_head": {
          "count": 80,
          "accuracy": 0.575
        }
      },
      "pick_cool_then_place_in_recep": {
        "plain": {
          "count": 92,
          "accuracy": 0.4673913043478261
        },
        "evolved_skill": {
          "count": 92,
          "accuracy": 0.43478260869565216
        },
        "mismatched_skill": {
          "count": 92,
          "accuracy": 0.33695652173913043
        },
        "convex_skill_gate": {
          "count": 92,
          "accuracy": 0.44565217391304346
        },
        "stage_calibration_head": {
          "count": 92,
          "accuracy": 0.4673913043478261
        },
        "signed_logic_repair_head": {
          "count": 92,
          "accuracy": 0.4782608695652174
        },
        "signed_logic_repair_trust_region": {
          "count": 92,
          "accuracy": 0.4782608695652174
        },
        "constrained_logic_repair_head": {
          "count": 92,
          "accuracy": 0.5108695652173914
        },
        "constrained_stage_calibration_head": {
          "count": 92,
          "accuracy": 0.4891304347826087
        }
      },
      "pick_heat_then_place_in_recep": {
        "plain": {
          "count": 111,
          "accuracy": 0.35135135135135137
        },
        "evolved_skill": {
          "count": 111,
          "accuracy": 0.3153153153153153
        },
        "mismatched_skill": {
          "count": 111,
          "accuracy": 0.27927927927927926
        },
        "convex_skill_gate": {
          "count": 111,
          "accuracy": 0.36936936936936937
        },
        "stage_calibration_head": {
          "count": 111,
          "accuracy": 0.44144144144144143
        },
        "signed_logic_repair_head": {
          "count": 111,
          "accuracy": 0.4594594594594595
        },
        "signed_logic_repair_trust_region": {
          "count": 111,
          "accuracy": 0.3783783783783784
        },
        "constrained_logic_repair_head": {
          "count": 111,
          "accuracy": 0.40540540540540543
        },
        "constrained_stage_calibration_head": {
          "count": 111,
          "accuracy": 0.40540540540540543
        }
      },
      "pick_two_obj_and_place": {
        "plain": {
          "count": 24,
          "accuracy": 0.5
        },
        "evolved_skill": {
          "count": 24,
          "accuracy": 0.3333333333333333
        },
        "mismatched_skill": {
          "count": 24,
          "accuracy": 0.3333333333333333
        },
        "convex_skill_gate": {
          "count": 24,
          "accuracy": 0.5416666666666666
        },
        "stage_calibration_head": {
          "count": 24,
          "accuracy": 0.5
        },
        "signed_logic_repair_head": {
          "count": 24,
          "accuracy": 0.2916666666666667
        },
        "signed_logic_repair_trust_region": {
          "count": 24,
          "accuracy": 0.5
        },
        "constrained_logic_repair_head": {
          "count": 24,
          "accuracy": 0.5
        },
        "constrained_stage_calibration_head": {
          "count": 24,
          "accuracy": 0.5
        }
      }
    }
  },
  "additional_evaluations": {
    "valid_unseen": {
      "conditions": {
        "plain": {
          "count": 527,
          "top1_accuracy": 0.31688804554079697,
          "mean_expert_probability": 0.17699650128502786,
          "mean_nll": 2.5786684621881166,
          "mean_reciprocal_rank": 0.45558479737918295,
          "mean_entropy": 2.271644636621059,
          "mean_kl_from_plain": 0.0,
          "ece": 0.0719584231697857,
          "mean_confidence": 0.34546721665863744,
          "skill_selected_rate": 0.0,
          "mean_rho": 0.0
        },
        "evolved_skill": {
          "count": 527,
          "top1_accuracy": 0.3036053130929791,
          "mean_expert_probability": 0.15494058478757938,
          "mean_nll": 2.4313875036784753,
          "mean_reciprocal_rank": 0.4547576928587782,
          "mean_entropy": 2.517219552392073,
          "mean_kl_from_plain": 0.20540533799844204,
          "ece": 0.07156362572589454,
          "mean_confidence": 0.26232595374167983,
          "skill_selected_rate": 1.0,
          "mean_rho": 1.0
        },
        "mismatched_skill": {
          "count": 527,
          "top1_accuracy": 0.2637571157495256,
          "mean_expert_probability": 0.14001516802492683,
          "mean_nll": 2.575151098384055,
          "mean_reciprocal_rank": 0.4142610508692241,
          "mean_entropy": 2.4905667822998887,
          "mean_kl_from_plain": 0.1773070187035743,
          "ece": 0.10417048033659101,
          "mean_confidence": 0.27316134673255216,
          "skill_selected_rate": 1.0,
          "mean_rho": 1.0
        },
        "convex_skill_gate": {
          "count": 527,
          "top1_accuracy": 0.32637571157495254,
          "mean_expert_probability": 0.18697124632164674,
          "mean_nll": 2.447139307957999,
          "mean_reciprocal_rank": 0.46801629946018514,
          "mean_entropy": 2.2820206700737606,
          "mean_kl_from_plain": 0.04994613554618503,
          "ece": 0.058496701366761154,
          "mean_confidence": 0.33176242677491347,
          "skill_selected_rate": 0.3795066413662239,
          "mean_rho": 0.4902051092325171
        },
        "stage_calibration_head": {
          "count": 527,
          "top1_accuracy": 0.4174573055028463,
          "mean_expert_probability": 0.25091855884224806,
          "mean_nll": 2.1606341501670467,
          "mean_reciprocal_rank": 0.5506706881953461,
          "mean_entropy": 2.1194049439461904,
          "mean_kl_from_plain": 0.22928365738037995,
          "ece": 0.05110233855315357,
          "mean_confidence": 0.39942700080785626,
          "skill_selected_rate": 0.0,
          "mean_rho": 0.0
        },
        "signed_logic_repair_head": {
          "count": 527,
          "top1_accuracy": 0.41366223908918404,
          "mean_expert_probability": 0.2685802748536804,
          "mean_nll": 2.0814094649778005,
          "mean_reciprocal_rank": 0.5572898069301555,
          "mean_entropy": 2.003113694616242,
          "mean_kl_from_plain": 0.4615855951523108,
          "ece": 0.06598654527931103,
          "mean_confidence": 0.42562394426601885,
          "skill_selected_rate": 0.3415559772296015,
          "mean_rho": 0.3653435225436593
        },
        "signed_logic_repair_trust_region": {
          "count": 527,
          "top1_accuracy": 0.32447817836812143,
          "mean_expert_probability": 0.20154617595653346,
          "mean_nll": 2.3347706235757015,
          "mean_reciprocal_rank": 0.4879432291741426,
          "mean_entropy": 2.2054966067792794,
          "mean_kl_from_plain": 0.04543433954985194,
          "ece": 0.05564685959008431,
          "mean_confidence": 0.35702881051591495,
          "skill_selected_rate": 0.5939278937381404,
          "mean_rho": 0.6288703255164498
        },
        "constrained_logic_repair_head": {
          "count": 527,
          "top1_accuracy": 0.3548387096774194,
          "mean_expert_probability": 0.20187245508495974,
          "mean_nll": 2.308372123871778,
          "mean_reciprocal_rank": 0.512898512192869,
          "mean_entropy": 2.247542954486507,
          "mean_kl_from_plain": 0.030164249617989886,
          "ece": 0.053902727772660225,
          "mean_confidence": 0.3472605826619454,
          "skill_selected_rate": 0.003795066413662239,
          "mean_rho": 0.12162632744806152
        },
        "constrained_stage_calibration_head": {
          "count": 527,
          "top1_accuracy": 0.3586337760910816,
          "mean_expert_probability": 0.19784413249959967,
          "mean_nll": 2.358777254479791,
          "mean_reciprocal_rank": 0.5075085265263606,
          "mean_entropy": 2.2587565991751837,
          "mean_kl_from_plain": 0.02371221332271487,
          "ece": 0.05212122504466851,
          "mean_confidence": 0.3465380874768154,
          "skill_selected_rate": 0.0,
          "mean_rho": 0.0
        }
      },
      "alpha_statistics": {
        "convex_skill_gate": {
          "mean": 0.4902051092325171,
          "min": 0.29772162437438965,
          "max": 0.8833186030387878,
          "negative_rate": 0.0
        },
        "stage_calibration_head": {
          "mean": 0.0,
          "min": 0.0,
          "max": 0.0,
          "negative_rate": 0.0
        },
        "signed_logic_repair_head": {
          "mean": 0.3653435225436593,
          "min": -0.43923282623291016,
          "max": 1.6962004899978638,
          "negative_rate": 0.2827324478178368
        },
        "signed_logic_repair_trust_region": {
          "mean": 0.6288703255164498,
          "min": 0.06056085415184498,
          "max": 1.0,
          "negative_rate": 0.0
        },
        "constrained_logic_repair_head": {
          "mean": 0.12162632744806152,
          "min": -0.0037989867851138115,
          "max": 0.5205106735229492,
          "negative_rate": 0.003795066413662239
        },
        "constrained_stage_calibration_head": {
          "mean": 0.0,
          "min": 0.0,
          "max": 0.0,
          "negative_rate": 0.0
        }
      },
      "by_action_verb": {
        "clean": {
          "plain": {
            "count": 11,
            "accuracy": 1.0
          },
          "evolved_skill": {
            "count": 11,
            "accuracy": 1.0
          },
          "mismatched_skill": {
            "count": 11,
            "accuracy": 1.0
          },
          "convex_skill_gate": {
            "count": 11,
            "accuracy": 1.0
          },
          "stage_calibration_head": {
            "count": 11,
            "accuracy": 1.0
          },
          "signed_logic_repair_head": {
            "count": 11,
            "accuracy": 1.0
          },
          "signed_logic_repair_trust_region": {
            "count": 11,
            "accuracy": 1.0
          },
          "constrained_logic_repair_head": {
            "count": 11,
            "accuracy": 1.0
          },
          "constrained_stage_calibration_head": {
            "count": 11,
            "accuracy": 1.0
          }
        },
        "close": {
          "plain": {
            "count": 48,
            "accuracy": 0.0
          },
          "evolved_skill": {
            "count": 48,
            "accuracy": 0.0
          },
          "mismatched_skill": {
            "count": 48,
            "accuracy": 0.0
          },
          "convex_skill_gate": {
            "count": 48,
            "accuracy": 0.0
          },
          "stage_calibration_head": {
            "count": 48,
            "accuracy": 0.875
          },
          "signed_logic_repair_head": {
            "count": 48,
            "accuracy": 0.9583333333333334
          },
          "signed_logic_repair_trust_region": {
            "count": 48,
            "accuracy": 0.0
          },
          "constrained_logic_repair_head": {
            "count": 48,
            "accuracy": 0.3125
          },
          "constrained_stage_calibration_head": {
            "count": 48,
            "accuracy": 0.2916666666666667
          }
        },
        "cool": {
          "plain": {
            "count": 7,
            "accuracy": 1.0
          },
          "evolved_skill": {
            "count": 7,
            "accuracy": 1.0
          },
          "mismatched_skill": {
            "count": 7,
            "accuracy": 1.0
          },
          "convex_skill_gate": {
            "count": 7,
            "accuracy": 1.0
          },
          "stage_calibration_head": {
            "count": 7,
            "accuracy": 0.8571428571428571
          },
          "signed_logic_repair_head": {
            "count": 7,
            "accuracy": 0.7142857142857143
          },
          "signed_logic_repair_trust_region": {
            "count": 7,
            "accuracy": 1.0
          },
          "constrained_logic_repair_head": {
            "count": 7,
            "accuracy": 1.0
          },
          "constrained_stage_calibration_head": {
            "count": 7,
            "accuracy": 1.0
          }
        },
        "examine": {
          "plain": {
            "count": 2,
            "accuracy": 0.0
          },
          "evolved_skill": {
            "count": 2,
            "accuracy": 0.0
          },
          "mismatched_skill": {
            "count": 2,
            "accuracy": 0.0
          },
          "convex_skill_gate": {
            "count": 2,
            "accuracy": 0.0
          },
          "stage_calibration_head": {
            "count": 2,
            "accuracy": 0.0
          },
          "signed_logic_repair_head": {
            "count": 2,
            "accuracy": 0.0
          },
          "signed_logic_repair_trust_region": {
            "count": 2,
            "accuracy": 0.0
          },
          "constrained_logic_repair_head": {
            "count": 2,
            "accuracy": 0.0
          },
          "constrained_stage_calibration_head": {
            "count": 2,
            "accuracy": 0.0
          }
        },
        "go": {
          "plain": {
            "count": 330,
            "accuracy": 0.14242424242424243
          },
          "evolved_skill": {
            "count": 330,
            "accuracy": 0.14545454545454545
          },
          "mismatched_skill": {
            "count": 330,
            "accuracy": 0.09393939393939393
          },
          "convex_skill_gate": {
            "count": 330,
            "accuracy": 0.14242424242424243
          },
          "stage_calibration_head": {
            "count": 330,
            "accuracy": 0.1303030303030303
          },
          "signed_logic_repair_head": {
            "count": 330,
            "accuracy": 0.13333333333333333
          },
          "signed_logic_repair_trust_region": {
            "count": 330,
            "accuracy": 0.1484848484848485
          },
          "constrained_logic_repair_head": {
            "count": 330,
            "accuracy": 0.14242424242424243
          },
          "constrained_stage_calibration_head": {
            "count": 330,
            "accuracy": 0.14545454545454545
          }
        },
        "heat": {
          "plain": {
            "count": 4,
            "accuracy": 0.0
          },
          "evolved_skill": {
            "count": 4,
            "accuracy": 0.0
          },
          "mismatched_skill": {
            "count": 4,
            "accuracy": 0.5
          },
          "convex_skill_gate": {
            "count": 4,
            "accuracy": 0.0
          },
          "stage_calibration_head": {
            "count": 4,
            "accuracy": 1.0
          },
          "signed_logic_repair_head": {
            "count": 4,
            "accuracy": 0.75
          },
          "signed_logic_repair_trust_region": {
            "count": 4,
            "accuracy": 0.25
          },
          "constrained_logic_repair_head": {
            "count": 4,
            "accuracy": 0.25
          },
          "constrained_stage_calibration_head": {
            "count": 4,
            "accuracy": 0.5
          }
        },
        "move": {
          "plain": {
            "count": 29,
            "accuracy": 0.9655172413793104
          },
          "evolved_skill": {
            "count": 29,
            "accuracy": 0.9655172413793104
          },
          "mismatched_skill": {
            "count": 29,
            "accuracy": 0.9655172413793104
          },
          "convex_skill_gate": {
            "count": 29,
            "accuracy": 0.9655172413793104
          },
          "stage_calibration_head": {
            "count": 29,
            "accuracy": 0.896551724137931
          },
          "signed_logic_repair_head": {
            "count": 29,
            "accuracy": 0.896551724137931
          },
          "signed_logic_repair_trust_region": {
            "count": 29,
            "accuracy": 0.9655172413793104
          },
          "constrained_logic_repair_head": {
            "count": 29,
            "accuracy": 0.9655172413793104
          },
          "constrained_stage_calibration_head": {
            "count": 29,
            "accuracy": 0.9655172413793104
          }
        },
        "open": {
          "plain": {
            "count": 55,
            "accuracy": 0.8
          },
          "evolved_skill": {
            "count": 55,
            "accuracy": 0.6
          },
          "mismatched_skill": {
            "count": 55,
            "accuracy": 0.5818181818181818
          },
          "convex_skill_gate": {
            "count": 55,
            "accuracy": 0.8363636363636363
          },
          "stage_calibration_head": {
            "count": 55,
            "accuracy": 1.0
          },
          "signed_logic_repair_head": {
            "count": 55,
            "accuracy": 0.9818181818181818
          },
          "signed_logic_repair_trust_region": {
            "count": 55,
            "accuracy": 0.9454545454545454
          },
          "constrained_logic_repair_head": {
            "count": 55,
            "accuracy": 0.9272727272727272
          },
          "constrained_stage_calibration_head": {
            "count": 55,
            "accuracy": 0.9454545454545454
          }
        },
        "take": {
          "plain": {
            "count": 35,
            "accuracy": 0.8571428571428571
          },
          "evolved_skill": {
            "count": 35,
            "accuracy": 0.8571428571428571
          },
          "mismatched_skill": {
            "count": 35,
            "accuracy": 0.8
          },
          "convex_skill_gate": {
            "count": 35,
            "accuracy": 0.8857142857142857
          },
          "stage_calibration_head": {
            "count": 35,
            "accuracy": 0.7714285714285715
          },
          "signed_logic_repair_head": {
            "count": 35,
            "accuracy": 0.6571428571428571
          },
          "signed_logic_repair_trust_region": {
            "count": 35,
            "accuracy": 0.6571428571428571
          },
          "constrained_logic_repair_head": {
            "count": 35,
            "accuracy": 0.7714285714285715
          },
          "constrained_stage_calibration_head": {
            "count": 35,
            "accuracy": 0.7714285714285715
          }
        },
        "use": {
          "plain": {
            "count": 6,
            "accuracy": 0.0
          },
          "evolved_skill": {
            "count": 6,
            "accuracy": 0.5
          },
          "mismatched_skill": {
            "count": 6,
            "accuracy": 0.0
          },
          "convex_skill_gate": {
            "count": 6,
            "accuracy": 0.3333333333333333
          },
          "stage_calibration_head": {
            "count": 6,
            "accuracy": 1.0
          },
          "signed_logic_repair_head": {
            "count": 6,
            "accuracy": 1.0
          },
          "signed_logic_repair_trust_region": {
            "count": 6,
            "accuracy": 0.0
          },
          "constrained_logic_repair_head": {
            "count": 6,
            "accuracy": 0.0
          },
          "constrained_stage_calibration_head": {
            "count": 6,
            "accuracy": 0.0
          }
        }
      },
      "by_task_type": {
        "look_at_obj_in_light": {
          "plain": {
            "count": 93,
            "accuracy": 0.07526881720430108
          },
          "evolved_skill": {
            "count": 93,
            "accuracy": 0.17204301075268819
          },
          "mismatched_skill": {
            "count": 93,
            "accuracy": 0.053763440860215055
          },
          "convex_skill_gate": {
            "count": 93,
            "accuracy": 0.16129032258064516
          },
          "stage_calibration_head": {
            "count": 93,
            "accuracy": 0.27956989247311825
          },
          "signed_logic_repair_head": {
            "count": 93,
            "accuracy": 0.3225806451612903
          },
          "signed_logic_repair_trust_region": {
            "count": 93,
            "accuracy": 0.12903225806451613
          },
          "constrained_logic_repair_head": {
            "count": 93,
            "accuracy": 0.12903225806451613
          },
          "constrained_stage_calibration_head": {
            "count": 93,
            "accuracy": 0.12903225806451613
          }
        },
        "pick_and_place_simple": {
          "plain": {
            "count": 42,
            "accuracy": 0.40476190476190477
          },
          "evolved_skill": {
            "count": 42,
            "accuracy": 0.4523809523809524
          },
          "mismatched_skill": {
            "count": 42,
            "accuracy": 0.42857142857142855
          },
          "convex_skill_gate": {
            "count": 42,
            "accuracy": 0.42857142857142855
          },
          "stage_calibration_head": {
            "count": 42,
            "accuracy": 0.4523809523809524
          },
          "signed_logic_repair_head": {
            "count": 42,
            "accuracy": 0.5238095238095238
          },
          "signed_logic_repair_trust_region": {
            "count": 42,
            "accuracy": 0.42857142857142855
          },
          "constrained_logic_repair_head": {
            "count": 42,
            "accuracy": 0.40476190476190477
          },
          "constrained_stage_calibration_head": {
            "count": 42,
            "accuracy": 0.40476190476190477
          }
        },
        "pick_clean_then_place_in_recep": {
          "plain": {
            "count": 184,
            "accuracy": 0.3532608695652174
          },
          "evolved_skill": {
            "count": 184,
            "accuracy": 0.33152173913043476
          },
          "mismatched_skill": {
            "count": 184,
            "accuracy": 0.32065217391304346
          },
          "convex_skill_gate": {
            "count": 184,
            "accuracy": 0.3641304347826087
          },
          "stage_calibration_head": {
            "count": 184,
            "accuracy": 0.43478260869565216
          },
          "signed_logic_repair_head": {
            "count": 184,
            "accuracy": 0.46195652173913043
          },
          "signed_logic_repair_trust_region": {
            "count": 184,
            "accuracy": 0.3804347826086957
          },
          "constrained_logic_repair_head": {
            "count": 184,
            "accuracy": 0.3858695652173913
          },
          "constrained_stage_calibration_head": {
            "count": 184,
            "accuracy": 0.3967391304347826
          }
        },
        "pick_cool_then_place_in_recep": {
          "plain": {
            "count": 119,
            "accuracy": 0.4369747899159664
          },
          "evolved_skill": {
            "count": 119,
            "accuracy": 0.35294117647058826
          },
          "mismatched_skill": {
            "count": 119,
            "accuracy": 0.2689075630252101
          },
          "convex_skill_gate": {
            "count": 119,
            "accuracy": 0.3865546218487395
          },
          "stage_calibration_head": {
            "count": 119,
            "accuracy": 0.5378151260504201
          },
          "signed_logic_repair_head": {
            "count": 119,
            "accuracy": 0.44537815126050423
          },
          "signed_logic_repair_trust_region": {
            "count": 119,
            "accuracy": 0.3865546218487395
          },
          "constrained_logic_repair_head": {
            "count": 119,
            "accuracy": 0.4789915966386555
          },
          "constrained_stage_calibration_head": {
            "count": 119,
            "accuracy": 0.47058823529411764
          }
        },
        "pick_heat_then_place_in_recep": {
          "plain": {
            "count": 68,
            "accuracy": 0.3088235294117647
          },
          "evolved_skill": {
            "count": 68,
            "accuracy": 0.23529411764705882
          },
          "mismatched_skill": {
            "count": 68,
            "accuracy": 0.2647058823529412
          },
          "convex_skill_gate": {
            "count": 68,
            "accuracy": 0.3088235294117647
          },
          "stage_calibration_head": {
            "count": 68,
            "accuracy": 0.35294117647058826
          },
          "signed_logic_repair_head": {
            "count": 68,
            "accuracy": 0.3382352941176471
          },
          "signed_logic_repair_trust_region": {
            "count": 68,
            "accuracy": 0.27941176470588236
          },
          "constrained_logic_repair_head": {
            "count": 68,
            "accuracy": 0.3382352941176471
          },
          "constrained_stage_calibration_head": {
            "count": 68,
            "accuracy": 0.3382352941176471
          }
        },
        "pick_two_obj_and_place": {
          "plain": {
            "count": 21,
            "accuracy": 0.23809523809523808
          },
          "evolved_skill": {
            "count": 21,
            "accuracy": 0.2857142857142857
          },
          "mismatched_skill": {
            "count": 21,
            "accuracy": 0.3333333333333333
          },
          "convex_skill_gate": {
            "count": 21,
            "accuracy": 0.23809523809523808
          },
          "stage_calibration_head": {
            "count": 21,
            "accuracy": 0.3333333333333333
          },
          "signed_logic_repair_head": {
            "count": 21,
            "accuracy": 0.23809523809523808
          },
          "signed_logic_repair_trust_region": {
            "count": 21,
            "accuracy": 0.2857142857142857
          },
          "constrained_logic_repair_head": {
            "count": 21,
            "accuracy": 0.3333333333333333
          },
          "constrained_stage_calibration_head": {
            "count": 21,
            "accuracy": 0.38095238095238093
          }
        }
      }
    }
  }
}
