{
  "seed": 912,
  "parameter_counts": {
    "convex_skill_gate": 110,
    "stage_calibration_head": 16,
    "signed_logic_repair_head": 175,
    "constrained_logic_repair_head": 175,
    "constrained_stage_calibration_head": 16
  },
  "data": {
    "train_decisions": 474,
    "dev_decisions": 124,
    "eval_decisions": 444,
    "train_episodes": 38,
    "dev_episodes": 9,
    "eval_episodes": 33,
    "train_gold_verbs": {
      "go": 287,
      "take": 42,
      "cool": 4,
      "open": 47,
      "close": 36,
      "move": 36,
      "heat": 8,
      "use": 5,
      "clean": 9
    }
  },
  "training": {
    "convex_skill_gate": {
      "kl_lambda": 0.0,
      "best_dev_nll": 2.3665382862091064,
      "best_dev_kl": 0.03122315995184885,
      "best_dev_objective": 2.3665382862091064,
      "epochs_run": 147,
      "history": [
        {
          "epoch": 0,
          "train_objective": 2.233752965927124,
          "dev_nll": 2.3837780952453613,
          "dev_kl": 0.03145237829941776,
          "dev_objective": 2.3837780952453613
        },
        {
          "epoch": 1,
          "train_objective": 2.23001766204834,
          "dev_nll": 2.3840765953063965,
          "dev_kl": 0.026752644195972432,
          "dev_objective": 2.3840765953063965
        },
        {
          "epoch": 2,
          "train_objective": 2.2269253730773926,
          "dev_nll": 2.3844876289367676,
          "dev_kl": 0.023220608760077026,
          "dev_objective": 2.3844876289367676
        },
        {
          "epoch": 3,
          "train_objective": 2.224355459213257,
          "dev_nll": 2.3847272396087646,
          "dev_kl": 0.02085597882415318,
          "dev_objective": 2.3847272396087646
        },
        {
          "epoch": 4,
          "train_objective": 2.2221133708953857,
          "dev_nll": 2.38461971282959,
          "dev_kl": 0.019507091943993263,
          "dev_objective": 2.38461971282959
        },
        {
          "epoch": 5,
          "train_objective": 2.220017671585083,
          "dev_nll": 2.384133815765381,
          "dev_kl": 0.0189537706863766,
          "dev_objective": 2.384133815765381
        },
        {
          "epoch": 6,
          "train_objective": 2.2179675102233887,
          "dev_nll": 2.3833115100860596,
          "dev_kl": 0.01900732382613745,
          "dev_objective": 2.3833115100860596
        },
        {
          "epoch": 7,
          "train_objective": 2.2159388065338135,
          "dev_nll": 2.382220983505249,
          "dev_kl": 0.019527725674467342,
          "dev_objective": 2.382220983505249
        },
        {
          "epoch": 8,
          "train_objective": 2.213949680328369,
          "dev_nll": 2.38093900680542,
          "dev_kl": 0.020407407706032596,
          "dev_objective": 2.38093900680542
        },
        {
          "epoch": 9,
          "train_objective": 2.2120392322540283,
          "dev_nll": 2.379556179046631,
          "dev_kl": 0.021548159719039235,
          "dev_objective": 2.379556179046631
        },
        {
          "epoch": 10,
          "train_objective": 2.210252285003662,
          "dev_nll": 2.378174304962158,
          "dev_kl": 0.02284071480408461,
          "dev_objective": 2.378174304962158
        },
        {
          "epoch": 11,
          "train_objective": 2.20862078666687,
          "dev_nll": 2.3769023418426514,
          "dev_kl": 0.02415941184059897,
          "dev_objective": 2.3769023418426514
        },
        {
          "epoch": 12,
          "train_objective": 2.207155227661133,
          "dev_nll": 2.3758397102355957,
          "dev_kl": 0.025376597802425103,
          "dev_objective": 2.3758397102355957
        },
        {
          "epoch": 13,
          "train_objective": 2.2058420181274414,
          "dev_nll": 2.375060796737671,
          "dev_kl": 0.026386602109508408,
          "dev_objective": 2.375060796737671
        },
        {
          "epoch": 14,
          "train_objective": 2.20465087890625,
          "dev_nll": 2.3746047019958496,
          "dev_kl": 0.02713146603350798,
          "dev_objective": 2.3746047019958496
        },
        {
          "epoch": 15,
          "train_objective": 2.203550338745117,
          "dev_nll": 2.3744771480560303,
          "dev_kl": 0.02761115777050896,
          "dev_objective": 2.3744771480560303
        },
        {
          "epoch": 16,
          "train_objective": 2.2025234699249268,
          "dev_nll": 2.3746554851531982,
          "dev_kl": 0.027872275589259282,
          "dev_objective": 2.3746554851531982
        },
        {
          "epoch": 17,
          "train_objective": 2.2015697956085205,
          "dev_nll": 2.375093460083008,
          "dev_kl": 0.027987475107957217,
          "dev_objective": 2.375093460083008
        },
        {
          "epoch": 18,
          "train_objective": 2.20070219039917,
          "dev_nll": 2.3757238388061523,
          "dev_kl": 0.028036361218490187,
          "dev_objective": 2.3757238388061523
        },
        {
          "epoch": 19,
          "train_objective": 2.199934720993042,
          "dev_nll": 2.376455068588257,
          "dev_kl": 0.028090673724129316,
          "dev_objective": 2.376455068588257
        },
        {
          "epoch": 20,
          "train_objective": 2.1992745399475098,
          "dev_nll": 2.3771774768829346,
          "dev_kl": 0.02820408314226135,
          "dev_objective": 2.3771774768829346
        },
        {
          "epoch": 21,
          "train_objective": 2.1987144947052,
          "dev_nll": 2.377775192260742,
          "dev_kl": 0.02840654229399778,
          "dev_objective": 2.377775192260742
        },
        {
          "epoch": 22,
          "train_objective": 2.1982336044311523,
          "dev_nll": 2.378147840499878,
          "dev_kl": 0.028703663785446195,
          "dev_objective": 2.378147840499878
        },
        {
          "epoch": 23,
          "train_objective": 2.1978046894073486,
          "dev_nll": 2.378232717514038,
          "dev_kl": 0.029081114984658218,
          "dev_objective": 2.378232717514038
        },
        {
          "epoch": 24,
          "train_objective": 2.197402000427246,
          "dev_nll": 2.378020763397217,
          "dev_kl": 0.029512744058945006,
          "dev_objective": 2.378020763397217
        },
        {
          "epoch": 25,
          "train_objective": 2.1970138549804688,
          "dev_nll": 2.377551317214966,
          "dev_kl": 0.029966586676891893,
          "dev_objective": 2.377551317214966
        },
        {
          "epoch": 26,
          "train_objective": 2.196638584136963,
          "dev_nll": 2.3769028186798096,
          "dev_kl": 0.03040735684372785,
          "dev_objective": 2.3769028186798096
        },
        {
          "epoch": 27,
          "train_objective": 2.1962838172912598,
          "dev_nll": 2.3761699199676514,
          "dev_kl": 0.030797197029084688,
          "dev_objective": 2.3761699199676514
        },
        {
          "epoch": 28,
          "train_objective": 2.1959543228149414,
          "dev_nll": 2.3754465579986572,
          "dev_kl": 0.031098206657090136,
          "dev_objective": 2.3754465579986572
        },
        {
          "epoch": 29,
          "train_objective": 2.195646286010742,
          "dev_nll": 2.374804735183716,
          "dev_kl": 0.03127888579958028,
          "dev_objective": 2.374804735183716
        },
        {
          "epoch": 30,
          "train_objective": 2.195349931716919,
          "dev_nll": 2.3742892742156982,
          "dev_kl": 0.031322266628605225,
          "dev_objective": 2.3742892742156982
        },
        {
          "epoch": 31,
          "train_objective": 2.195054769515991,
          "dev_nll": 2.373915433883667,
          "dev_kl": 0.031230737455189228,
          "dev_objective": 2.373915433883667
        },
        {
          "epoch": 32,
          "train_objective": 2.194756031036377,
          "dev_nll": 2.3736732006073,
          "dev_kl": 0.03102482230995872,
          "dev_objective": 2.3736732006073
        },
        {
          "epoch": 33,
          "train_objective": 2.1944568157196045,
          "dev_nll": 2.3735320568084717,
          "dev_kl": 0.030737751296856592,
          "dev_objective": 2.3735320568084717
        },
        {
          "epoch": 34,
          "train_objective": 2.1941652297973633,
          "dev_nll": 2.373444080352783,
          "dev_kl": 0.030408991226595978,
          "dev_objective": 2.373444080352783
        },
        {
          "epoch": 35,
          "train_objective": 2.1938889026641846,
          "dev_nll": 2.373349189758301,
          "dev_kl": 0.03007805777991551,
          "dev_objective": 2.373349189758301
        },
        {
          "epoch": 36,
          "train_objective": 2.193632125854492,
          "dev_nll": 2.373185634613037,
          "dev_kl": 0.02977913966770434,
          "dev_objective": 2.373185634613037
        },
        {
          "epoch": 37,
          "train_objective": 2.193391799926758,
          "dev_nll": 2.3729093074798584,
          "dev_kl": 0.029536519631473048,
          "dev_objective": 2.3729093074798584
        },
        {
          "epoch": 38,
          "train_objective": 2.1931633949279785,
          "dev_nll": 2.372504234313965,
          "dev_kl": 0.029362281033348654,
          "dev_objective": 2.372504234313965
        },
        {
          "epoch": 39,
          "train_objective": 2.1929445266723633,
          "dev_nll": 2.3719868659973145,
          "dev_kl": 0.02925605209161257,
          "dev_objective": 2.3719868659973145
        },
        {
          "epoch": 40,
          "train_objective": 2.1927359104156494,
          "dev_nll": 2.371401309967041,
          "dev_kl": 0.029206066373585454,
          "dev_objective": 2.371401309967041
        },
        {
          "epoch": 41,
          "train_objective": 2.1925413608551025,
          "dev_nll": 2.3708062171936035,
          "dev_kl": 0.029191392725483784,
          "dev_objective": 2.3708062171936035
        },
        {
          "epoch": 42,
          "train_objective": 2.1923627853393555,
          "dev_nll": 2.37026309967041,
          "dev_kl": 0.02918563402002497,
          "dev_objective": 2.37026309967041
        },
        {
          "epoch": 43,
          "train_objective": 2.192199945449829,
          "dev_nll": 2.369821310043335,
          "dev_kl": 0.02916287968213099,
          "dev_objective": 2.369821310043335
        },
        {
          "epoch": 44,
          "train_objective": 2.192049503326416,
          "dev_nll": 2.3695132732391357,
          "dev_kl": 0.029104133583455077,
          "dev_objective": 2.3695132732391357
        },
        {
          "epoch": 45,
          "train_objective": 2.191905975341797,
          "dev_nll": 2.3693461418151855,
          "dev_kl": 0.02900253646376152,
          "dev_objective": 2.3693461418151855
        },
        {
          "epoch": 46,
          "train_objective": 2.191765546798706,
          "dev_nll": 2.3693039417266846,
          "dev_kl": 0.028865184832078915,
          "dev_objective": 2.3693039417266846
        },
        {
          "epoch": 47,
          "train_objective": 2.1916275024414062,
          "dev_nll": 2.369349479675293,
          "dev_kl": 0.028710802902482572,
          "dev_objective": 2.369349479675293
        },
        {
          "epoch": 48,
          "train_objective": 2.1914923191070557,
          "dev_nll": 2.369431495666504,
          "dev_kl": 0.0285644828146624,
          "dev_objective": 2.369431495666504
        },
        {
          "epoch": 49,
          "train_objective": 2.1913604736328125,
          "dev_nll": 2.3694963455200195,
          "dev_kl": 0.028451008594504768,
          "dev_objective": 2.3694963455200195
        },
        {
          "epoch": 50,
          "train_objective": 2.191229820251465,
          "dev_nll": 2.369499444961548,
          "dev_kl": 0.02838897528389709,
          "dev_objective": 2.369499444961548
        },
        {
          "epoch": 51,
          "train_objective": 2.1910979747772217,
          "dev_nll": 2.369418144226074,
          "dev_kl": 0.028386690976819205,
          "dev_objective": 2.369418144226074
        },
        {
          "epoch": 52,
          "train_objective": 2.1909632682800293,
          "dev_nll": 2.369255304336548,
          "dev_kl": 0.028440985503801777,
          "dev_objective": 2.369255304336548
        },
        {
          "epoch": 53,
          "train_objective": 2.1908247470855713,
          "dev_nll": 2.3690388202667236,
          "dev_kl": 0.028537914222632084,
          "dev_objective": 2.3690388202667236
        },
        {
          "epoch": 54,
          "train_objective": 2.1906840801239014,
          "dev_nll": 2.368809938430786,
          "dev_kl": 0.028656096899912,
          "dev_objective": 2.368809938430786
        },
        {
          "epoch": 55,
          "train_objective": 2.1905429363250732,
          "dev_nll": 2.3686153888702393,
          "dev_kl": 0.02877157730906601,
          "dev_objective": 2.3686153888702393
        },
        {
          "epoch": 56,
          "train_objective": 2.190401077270508,
          "dev_nll": 2.368492364883423,
          "dev_kl": 0.028864186206426952,
          "dev_objective": 2.368492364883423
        },
        {
          "epoch": 57,
          "train_objective": 2.190258741378784,
          "dev_nll": 2.3684589862823486,
          "dev_kl": 0.028923395444684093,
          "dev_objective": 2.3684589862823486
        },
        {
          "epoch": 58,
          "train_objective": 2.1901144981384277,
          "dev_nll": 2.368508815765381,
          "dev_kl": 0.0289511791817213,
          "dev_objective": 2.368508815765381
        },
        {
          "epoch": 59,
          "train_objective": 2.189969301223755,
          "dev_nll": 2.368614435195923,
          "dev_kl": 0.028960878910091255,
          "dev_objective": 2.368614435195923
        },
        {
          "epoch": 60,
          "train_objective": 2.1898245811462402,
          "dev_nll": 2.3687326908111572,
          "dev_kl": 0.02897224779759023,
          "dev_objective": 2.3687326908111572
        },
        {
          "epoch": 61,
          "train_objective": 2.1896812915802,
          "dev_nll": 2.3688173294067383,
          "dev_kl": 0.029004697699189907,
          "dev_objective": 2.3688173294067383
        },
        {
          "epoch": 62,
          "train_objective": 2.189540147781372,
          "dev_nll": 2.3688347339630127,
          "dev_kl": 0.029071014169828907,
          "dev_objective": 2.3688347339630127
        },
        {
          "epoch": 63,
          "train_objective": 2.189399480819702,
          "dev_nll": 2.3687736988067627,
          "dev_kl": 0.029173406678432177,
          "dev_objective": 2.3687736988067627
        },
        {
          "epoch": 64,
          "train_objective": 2.189260244369507,
          "dev_nll": 2.368649959564209,
          "dev_kl": 0.029302782033600153,
          "dev_objective": 2.368649959564209
        },
        {
          "epoch": 65,
          "train_objective": 2.189121723175049,
          "dev_nll": 2.368499755859375,
          "dev_kl": 0.02944113567636739,
          "dev_objective": 2.368499755859375
        },
        {
          "epoch": 66,
          "train_objective": 2.1889853477478027,
          "dev_nll": 2.3683671951293945,
          "dev_kl": 0.02956714840312939,
          "dev_objective": 2.3683671951293945
        },
        {
          "epoch": 67,
          "train_objective": 2.1888513565063477,
          "dev_nll": 2.3682870864868164,
          "dev_kl": 0.029663365415012043,
          "dev_objective": 2.3682870864868164
        },
        {
          "epoch": 68,
          "train_objective": 2.18871808052063,
          "dev_nll": 2.3682730197906494,
          "dev_kl": 0.029722769155106958,
          "dev_objective": 2.3682730197906494
        },
        {
          "epoch": 69,
          "train_objective": 2.1885859966278076,
          "dev_nll": 2.3683109283447266,
          "dev_kl": 0.029751410897475697,
          "dev_objective": 2.3683109283447266
        },
        {
          "epoch": 70,
          "train_objective": 2.1884546279907227,
          "dev_nll": 2.3683648109436035,
          "dev_kl": 0.029765560590256486,
          "dev_objective": 2.3683648109436035
        },
        {
          "epoch": 71,
          "train_objective": 2.1883246898651123,
          "dev_nll": 2.3683900833129883,
          "dev_kl": 0.02978464393808897,
          "dev_objective": 2.3683900833129883
        },
        {
          "epoch": 72,
          "train_objective": 2.1881961822509766,
          "dev_nll": 2.368354320526123,
          "dev_kl": 0.029822985042682697,
          "dev_objective": 2.368354320526123
        },
        {
          "epoch": 73,
          "train_objective": 2.188068151473999,
          "dev_nll": 2.3682496547698975,
          "dev_kl": 0.029883982226883453,
          "dev_objective": 2.3682496547698975
        },
        {
          "epoch": 74,
          "train_objective": 2.1879403591156006,
          "dev_nll": 2.368098020553589,
          "dev_kl": 0.029958766885101795,
          "dev_objective": 2.368098020553589
        },
        {
          "epoch": 75,
          "train_objective": 2.1878139972686768,
          "dev_nll": 2.367940664291382,
          "dev_kl": 0.030030065584146688,
          "dev_objective": 2.367940664291382
        },
        {
          "epoch": 76,
          "train_objective": 2.1876885890960693,
          "dev_nll": 2.367818832397461,
          "dev_kl": 0.030080269263576594,
          "dev_objective": 2.367818832397461
        },
        {
          "epoch": 77,
          "train_objective": 2.1875643730163574,
          "dev_nll": 2.3677544593811035,
          "dev_kl": 0.030100291253127638,
          "dev_objective": 2.3677544593811035
        },
        {
          "epoch": 78,
          "train_objective": 2.187440872192383,
          "dev_nll": 2.367739677429199,
          "dev_kl": 0.030094801403221585,
          "dev_objective": 2.367739677429199
        },
        {
          "epoch": 79,
          "train_objective": 2.187318801879883,
          "dev_nll": 2.367741346359253,
          "dev_kl": 0.030080091446683173,
          "dev_objective": 2.367741346359253
        },
        {
          "epoch": 80,
          "train_objective": 2.1871981620788574,
          "dev_nll": 2.3677170276641846,
          "dev_kl": 0.030075795311976464,
          "dev_objective": 2.3677170276641846
        },
        {
          "epoch": 81,
          "train_objective": 2.187079668045044,
          "dev_nll": 2.367640733718872,
          "dev_kl": 0.030094834260507335,
          "dev_objective": 2.367640733718872
        },
        {
          "epoch": 82,
          "train_objective": 2.186962842941284,
          "dev_nll": 2.367514133453369,
          "dev_kl": 0.030137203968009882,
          "dev_objective": 2.367514133453369
        },
        {
          "epoch": 83,
          "train_objective": 2.186847448348999,
          "dev_nll": 2.367368698120117,
          "dev_kl": 0.030190286237836605,
          "dev_objective": 2.367368698120117
        },
        {
          "epoch": 84,
          "train_objective": 2.186734437942505,
          "dev_nll": 2.3672454357147217,
          "dev_kl": 0.030236248219866427,
          "dev_objective": 2.3672454357147217
        },
        {
          "epoch": 85,
          "train_objective": 2.1866235733032227,
          "dev_nll": 2.3671724796295166,
          "dev_kl": 0.030262749987624345,
          "dev_objective": 2.3671724796295166
        },
        {
          "epoch": 86,
          "train_objective": 2.186514377593994,
          "dev_nll": 2.3671491146087646,
          "dev_kl": 0.03027059528188059,
          "dev_objective": 2.3671491146087646
        },
        {
          "epoch": 87,
          "train_objective": 2.1864070892333984,
          "dev_nll": 2.3671467304229736,
          "dev_kl": 0.030273336648655634,
          "dev_objective": 2.3671467304229736
        },
        {
          "epoch": 88,
          "train_objective": 2.1863019466400146,
          "dev_nll": 2.367126226425171,
          "dev_kl": 0.030288610639305966,
          "dev_objective": 2.367126226425171
        },
        {
          "epoch": 89,
          "train_objective": 2.1861984729766846,
          "dev_nll": 2.3670642375946045,
          "dev_kl": 0.03032731613512301,
          "dev_objective": 2.3670642375946045
        },
        {
          "epoch": 90,
          "train_objective": 2.186096668243408,
          "dev_nll": 2.3669662475585938,
          "dev_kl": 0.030387005751817336,
          "dev_objective": 2.3669662475585938
        },
        {
          "epoch": 91,
          "train_objective": 2.1859967708587646,
          "dev_nll": 2.3668627738952637,
          "dev_kl": 0.030453941957544414,
          "dev_objective": 2.3668627738952637
        },
        {
          "epoch": 92,
          "train_objective": 2.185898780822754,
          "dev_nll": 2.3667891025543213,
          "dev_kl": 0.030511990709665922,
          "dev_objective": 2.3667891025543213
        },
        {
          "epoch": 93,
          "train_objective": 2.185802459716797,
          "dev_nll": 2.366760492324829,
          "dev_kl": 0.03055329117811315,
          "dev_objective": 2.366760492324829
        },
        {
          "epoch": 94,
          "train_objective": 2.1857070922851562,
          "dev_nll": 2.3667654991149902,
          "dev_kl": 0.03058320427719023,
          "dev_objective": 2.3667654991149902
        },
        {
          "epoch": 95,
          "train_objective": 2.1856141090393066,
          "dev_nll": 2.366772174835205,
          "dev_kl": 0.03061583654714688,
          "dev_objective": 2.366772174835205
        },
        {
          "epoch": 96,
          "train_objective": 2.1855223178863525,
          "dev_nll": 2.3667519092559814,
          "dev_kl": 0.03066372122022233,
          "dev_objective": 2.3667519092559814
        },
        {
          "epoch": 97,
          "train_objective": 2.1854324340820312,
          "dev_nll": 2.366698741912842,
          "dev_kl": 0.030729212415134235,
          "dev_objective": 2.366698741912842
        },
        {
          "epoch": 98,
          "train_objective": 2.1853439807891846,
          "dev_nll": 2.3666322231292725,
          "dev_kl": 0.030802917649834265,
          "dev_objective": 2.3666322231292725
        },
        {
          "epoch": 99,
          "train_objective": 2.1852574348449707,
          "dev_nll": 2.3665833473205566,
          "dev_kl": 0.03087063002655463,
          "dev_objective": 2.3665833473205566
        },
        {
          "epoch": 100,
          "train_objective": 2.1851720809936523,
          "dev_nll": 2.3665692806243896,
          "dev_kl": 0.030923251650341217,
          "dev_objective": 2.3665692806243896
        },
        {
          "epoch": 101,
          "train_objective": 2.185088634490967,
          "dev_nll": 2.3665859699249268,
          "dev_kl": 0.030962954902450643,
          "dev_objective": 2.3665859699249268
        },
        {
          "epoch": 102,
          "train_objective": 2.185006856918335,
          "dev_nll": 2.3666083812713623,
          "dev_kl": 0.031000660007609235,
          "dev_objective": 2.3666083812713623
        },
        {
          "epoch": 103,
          "train_objective": 2.184926748275757,
          "dev_nll": 2.3666112422943115,
          "dev_kl": 0.031047321388482926,
          "dev_objective": 2.3666112422943115
        },
        {
          "epoch": 104,
          "train_objective": 2.1848483085632324,
          "dev_nll": 2.366589069366455,
          "dev_kl": 0.031105556200453712,
          "dev_objective": 2.366589069366455
        },
        {
          "epoch": 105,
          "train_objective": 2.1847708225250244,
          "dev_nll": 2.366556406021118,
          "dev_kl": 0.031167978747567583,
          "dev_objective": 2.366556406021118
        },
        {
          "epoch": 106,
          "train_objective": 2.1846957206726074,
          "dev_nll": 2.3665382862091064,
          "dev_kl": 0.03122315995184885,
          "dev_objective": 2.3665382862091064
        },
        {
          "epoch": 107,
          "train_objective": 2.184621810913086,
          "dev_nll": 2.366548776626587,
          "dev_kl": 0.031264323731809256,
          "dev_objective": 2.366548776626587
        },
        {
          "epoch": 108,
          "train_objective": 2.1845498085021973,
          "dev_nll": 2.366582155227661,
          "dev_kl": 0.031294267269737656,
          "dev_objective": 2.366582155227661
        },
        {
          "epoch": 109,
          "train_objective": 2.184478521347046,
          "dev_nll": 2.36661696434021,
          "dev_kl": 0.031322390960168936,
          "dev_objective": 2.36661696434021
        },
        {
          "epoch": 110,
          "train_objective": 2.1844091415405273,
          "dev_nll": 2.366635322570801,
          "dev_kl": 0.031356980637346786,
          "dev_objective": 2.366635322570801
        },
        {
          "epoch": 111,
          "train_objective": 2.1843411922454834,
          "dev_nll": 2.366635322570801,
          "dev_kl": 0.03139863713952382,
          "dev_objective": 2.366635322570801
        },
        {
          "epoch": 112,
          "train_objective": 2.184274435043335,
          "dev_nll": 2.3666326999664307,
          "dev_kl": 0.03144037335239831,
          "dev_objective": 2.3666326999664307
        },
        {
          "epoch": 113,
          "train_objective": 2.1842093467712402,
          "dev_nll": 2.3666458129882812,
          "dev_kl": 0.031473644825089124,
          "dev_objective": 2.3666458129882812
        },
        {
          "epoch": 114,
          "train_objective": 2.18414568901062,
          "dev_nll": 2.366682291030884,
          "dev_kl": 0.03149534100779302,
          "dev_objective": 2.366682291030884
        },
        {
          "epoch": 115,
          "train_objective": 2.1840829849243164,
          "dev_nll": 2.3667314052581787,
          "dev_kl": 0.031509967794972324,
          "dev_objective": 2.3667314052581787
        },
        {
          "epoch": 116,
          "train_objective": 2.1840217113494873,
          "dev_nll": 2.366776943206787,
          "dev_kl": 0.031525518548028965,
          "dev_objective": 2.366776943206787
        },
        {
          "epoch": 117,
          "train_objective": 2.1839613914489746,
          "dev_nll": 2.3668079376220703,
          "dev_kl": 0.031546705115150904,
          "dev_objective": 2.3668079376220703
        },
        {
          "epoch": 118,
          "train_objective": 2.1839025020599365,
          "dev_nll": 2.3668293952941895,
          "dev_kl": 0.03157149715491781,
          "dev_objective": 2.3668293952941895
        },
        {
          "epoch": 119,
          "train_objective": 2.183844566345215,
          "dev_nll": 2.366856575012207,
          "dev_kl": 0.031593338772279,
          "dev_objective": 2.366856575012207
        },
        {
          "epoch": 120,
          "train_objective": 2.1837878227233887,
          "dev_nll": 2.3668999671936035,
          "dev_kl": 0.03160701068719068,
          "dev_objective": 2.3668999671936035
        },
        {
          "epoch": 121,
          "train_objective": 2.183732032775879,
          "dev_nll": 2.366959810256958,
          "dev_kl": 0.031613063358236104,
          "dev_objective": 2.366959810256958
        },
        {
          "epoch": 122,
          "train_objective": 2.1836771965026855,
          "dev_nll": 2.3670237064361572,
          "dev_kl": 0.03161696141826049,
          "dev_objective": 2.3670237064361572
        },
        {
          "epoch": 123,
          "train_objective": 2.1836230754852295,
          "dev_nll": 2.3670802116394043,
          "dev_kl": 0.03162422378156935,
          "dev_objective": 2.3670802116394043
        },
        {
          "epoch": 124,
          "train_objective": 2.18356990814209,
          "dev_nll": 2.367126941680908,
          "dev_kl": 0.03163583581561163,
          "dev_objective": 2.367126941680908
        },
        {
          "epoch": 125,
          "train_objective": 2.1835176944732666,
          "dev_nll": 2.367173194885254,
          "dev_kl": 0.03164787429869325,
          "dev_objective": 2.367173194885254
        },
        {
          "epoch": 126,
          "train_objective": 2.1834659576416016,
          "dev_nll": 2.367229700088501,
          "dev_kl": 0.031655353392594524,
          "dev_objective": 2.367229700088501
        },
        {
          "epoch": 127,
          "train_objective": 2.183415174484253,
          "dev_nll": 2.367300271987915,
          "dev_kl": 0.031656647510375946,
          "dev_objective": 2.367300271987915
        },
        {
          "epoch": 128,
          "train_objective": 2.1833648681640625,
          "dev_nll": 2.367377996444702,
          "dev_kl": 0.03165477945754725,
          "dev_objective": 2.367377996444702
        },
        {
          "epoch": 129,
          "train_objective": 2.1833152770996094,
          "dev_nll": 2.367453098297119,
          "dev_kl": 0.03165445815313667,
          "dev_objective": 2.367453098297119
        },
        {
          "epoch": 130,
          "train_objective": 2.1832664012908936,
          "dev_nll": 2.367520332336426,
          "dev_kl": 0.031657842734280316,
          "dev_objective": 2.367520332336426
        },
        {
          "epoch": 131,
          "train_objective": 2.183217763900757,
          "dev_nll": 2.367584228515625,
          "dev_kl": 0.03166292289613686,
          "dev_objective": 2.367584228515625
        },
        {
          "epoch": 132,
          "train_objective": 2.1831696033477783,
          "dev_nll": 2.3676536083221436,
          "dev_kl": 0.03166562149436363,
          "dev_objective": 2.3676536083221436
        },
        {
          "epoch": 133,
          "train_objective": 2.183121919631958,
          "dev_nll": 2.367733955383301,
          "dev_kl": 0.03166360377273973,
          "dev_objective": 2.367733955383301
        },
        {
          "epoch": 134,
          "train_objective": 2.183074474334717,
          "dev_nll": 2.367821455001831,
          "dev_kl": 0.03165823051653382,
          "dev_objective": 2.367821455001831
        },
        {
          "epoch": 135,
          "train_objective": 2.183027744293213,
          "dev_nll": 2.3679087162017822,
          "dev_kl": 0.03165303360043664,
          "dev_objective": 2.3679087162017822
        },
        {
          "epoch": 136,
          "train_objective": 2.182981252670288,
          "dev_nll": 2.367990016937256,
          "dev_kl": 0.0316502733415203,
          "dev_objective": 2.367990016937256
        },
        {
          "epoch": 137,
          "train_objective": 2.1829349994659424,
          "dev_nll": 2.368067741394043,
          "dev_kl": 0.03164898157082198,
          "dev_objective": 2.368067741394043
        },
        {
          "epoch": 138,
          "train_objective": 2.182888984680176,
          "dev_nll": 2.3681488037109375,
          "dev_kl": 0.03164608267533983,
          "dev_objective": 2.3681488037109375
        },
        {
          "epoch": 139,
          "train_objective": 2.1828432083129883,
          "dev_nll": 2.3682379722595215,
          "dev_kl": 0.031639288925948826,
          "dev_objective": 2.3682379722595215
        },
        {
          "epoch": 140,
          "train_objective": 2.18279767036438,
          "dev_nll": 2.368333101272583,
          "dev_kl": 0.03162915576174254,
          "dev_objective": 2.368333101272583
        },
        {
          "epoch": 141,
          "train_objective": 2.1827523708343506,
          "dev_nll": 2.368429183959961,
          "dev_kl": 0.03161831932976061,
          "dev_objective": 2.368429183959961
        },
        {
          "epoch": 142,
          "train_objective": 2.1827073097229004,
          "dev_nll": 2.3685214519500732,
          "dev_kl": 0.0316087874262819,
          "dev_objective": 2.3685214519500732
        },
        {
          "epoch": 143,
          "train_objective": 2.18266224861145,
          "dev_nll": 2.3686106204986572,
          "dev_kl": 0.03160009510541004,
          "dev_objective": 2.3686106204986572
        },
        {
          "epoch": 144,
          "train_objective": 2.1826171875,
          "dev_nll": 2.3687021732330322,
          "dev_kl": 0.03158994052453988,
          "dev_objective": 2.3687021732330322
        },
        {
          "epoch": 145,
          "train_objective": 2.182572364807129,
          "dev_nll": 2.3687992095947266,
          "dev_kl": 0.03157648827125799,
          "dev_objective": 2.3687992095947266
        },
        {
          "epoch": 146,
          "train_objective": 2.182527780532837,
          "dev_nll": 2.3689024448394775,
          "dev_kl": 0.03156015261136476,
          "dev_objective": 2.3689024448394775
        }
      ]
    },
    "stage_calibration_head": {
      "kl_lambda": 0.0,
      "best_dev_nll": 2.0773160457611084,
      "best_dev_kl": 0.1763453390855331,
      "best_dev_objective": 2.0773160457611084,
      "epochs_run": 300,
      "history": [
        {
          "epoch": 0,
          "train_objective": 2.275939702987671,
          "dev_nll": 2.4434633255004883,
          "dev_kl": 5.084744724069512e-05,
          "dev_objective": 2.4434633255004883
        },
        {
          "epoch": 1,
          "train_objective": 2.272826910018921,
          "dev_nll": 2.441826343536377,
          "dev_kl": 0.00014498749014672932,
          "dev_objective": 2.441826343536377
        },
        {
          "epoch": 2,
          "train_objective": 2.2698373794555664,
          "dev_nll": 2.4405031204223633,
          "dev_kl": 0.00023110080057390844,
          "dev_objective": 2.4405031204223633
        },
        {
          "epoch": 3,
          "train_objective": 2.2669012546539307,
          "dev_nll": 2.438944101333618,
          "dev_kl": 0.0003320160448487103,
          "dev_objective": 2.438944101333618
        },
        {
          "epoch": 4,
          "train_objective": 2.2640185356140137,
          "dev_nll": 2.436701536178589,
          "dev_kl": 0.0004242796066899891,
          "dev_objective": 2.436701536178589
        },
        {
          "epoch": 5,
          "train_objective": 2.261159658432007,
          "dev_nll": 2.4336740970611572,
          "dev_kl": 0.00048247386567093215,
          "dev_objective": 2.4336740970611572
        },
        {
          "epoch": 6,
          "train_objective": 2.258293390274048,
          "dev_nll": 2.430072069168091,
          "dev_kl": 0.0005199723178638153,
          "dev_objective": 2.430072069168091
        },
        {
          "epoch": 7,
          "train_objective": 2.255423069000244,
          "dev_nll": 2.4261770248413086,
          "dev_kl": 0.0005654474487293496,
          "dev_objective": 2.4261770248413086
        },
        {
          "epoch": 8,
          "train_objective": 2.2525699138641357,
          "dev_nll": 2.4222424030303955,
          "dev_kl": 0.0006341657840934086,
          "dev_objective": 2.4222424030303955
        },
        {
          "epoch": 9,
          "train_objective": 2.2497451305389404,
          "dev_nll": 2.4184558391571045,
          "dev_kl": 0.0007249200832795337,
          "dev_objective": 2.4184558391571045
        },
        {
          "epoch": 10,
          "train_objective": 2.2469472885131836,
          "dev_nll": 2.4149115085601807,
          "dev_kl": 0.0008352891716405734,
          "dev_objective": 2.4149115085601807
        },
        {
          "epoch": 11,
          "train_objective": 2.244173049926758,
          "dev_nll": 2.411628484725952,
          "dev_kl": 0.0009677225777610851,
          "dev_objective": 2.411628484725952
        },
        {
          "epoch": 12,
          "train_objective": 2.2414236068725586,
          "dev_nll": 2.4085659980773926,
          "dev_kl": 0.0011241577906349126,
          "dev_objective": 2.4085659980773926
        },
        {
          "epoch": 13,
          "train_objective": 2.2386956214904785,
          "dev_nll": 2.4056529998779297,
          "dev_kl": 0.001301990494128756,
          "dev_objective": 2.4056529998779297
        },
        {
          "epoch": 14,
          "train_objective": 2.235982656478882,
          "dev_nll": 2.4028403759002686,
          "dev_kl": 0.0014972052825126616,
          "dev_objective": 2.4028403759002686
        },
        {
          "epoch": 15,
          "train_objective": 2.2332820892333984,
          "dev_nll": 2.4001147747039795,
          "dev_kl": 0.0017085509548891305,
          "dev_objective": 2.4001147747039795
        },
        {
          "epoch": 16,
          "train_objective": 2.230595827102661,
          "dev_nll": 2.397482395172119,
          "dev_kl": 0.0019360244584658499,
          "dev_objective": 2.397482395172119
        },
        {
          "epoch": 17,
          "train_objective": 2.2279305458068848,
          "dev_nll": 2.394951105117798,
          "dev_kl": 0.0021777583981841624,
          "dev_objective": 2.394951105117798
        },
        {
          "epoch": 18,
          "train_objective": 2.225290060043335,
          "dev_nll": 2.3925111293792725,
          "dev_kl": 0.0024302309314906223,
          "dev_objective": 2.3925111293792725
        },
        {
          "epoch": 19,
          "train_objective": 2.222672939300537,
          "dev_nll": 2.3901195526123047,
          "dev_kl": 0.002691828845267845,
          "dev_objective": 2.3901195526123047
        },
        {
          "epoch": 20,
          "train_objective": 2.2200772762298584,
          "dev_nll": 2.3877065181732178,
          "dev_kl": 0.002963828046866242,
          "dev_objective": 2.3877065181732178
        },
        {
          "epoch": 21,
          "train_objective": 2.217503070831299,
          "dev_nll": 2.385195732116699,
          "dev_kl": 0.0032476768517353187,
          "dev_objective": 2.385195732116699
        },
        {
          "epoch": 22,
          "train_objective": 2.214949369430542,
          "dev_nll": 2.382530689239502,
          "dev_kl": 0.0035435121048536648,
          "dev_objective": 2.382530689239502
        },
        {
          "epoch": 23,
          "train_objective": 2.212414264678955,
          "dev_nll": 2.3796956539154053,
          "dev_kl": 0.003851569031711176,
          "dev_objective": 2.3796956539154053
        },
        {
          "epoch": 24,
          "train_objective": 2.2098960876464844,
          "dev_nll": 2.3767271041870117,
          "dev_kl": 0.004173708772155336,
          "dev_objective": 2.3767271041870117
        },
        {
          "epoch": 25,
          "train_objective": 2.2073967456817627,
          "dev_nll": 2.3736977577209473,
          "dev_kl": 0.00451215090006665,
          "dev_objective": 2.3736977577209473
        },
        {
          "epoch": 26,
          "train_objective": 2.204918384552002,
          "dev_nll": 2.370694160461426,
          "dev_kl": 0.004866627311252336,
          "dev_objective": 2.370694160461426
        },
        {
          "epoch": 27,
          "train_objective": 2.2024624347686768,
          "dev_nll": 2.3677890300750732,
          "dev_kl": 0.005234134880729178,
          "dev_objective": 2.3677890300750732
        },
        {
          "epoch": 28,
          "train_objective": 2.2000272274017334,
          "dev_nll": 2.365023612976074,
          "dev_kl": 0.005611453377975023,
          "dev_objective": 2.365023612976074
        },
        {
          "epoch": 29,
          "train_objective": 2.1976120471954346,
          "dev_nll": 2.3624019622802734,
          "dev_kl": 0.005997208876168213,
          "dev_objective": 2.3624019622802734
        },
        {
          "epoch": 30,
          "train_objective": 2.195216178894043,
          "dev_nll": 2.3598973751068115,
          "dev_kl": 0.0063913135101404716,
          "dev_objective": 2.3598973751068115
        },
        {
          "epoch": 31,
          "train_objective": 2.1928393840789795,
          "dev_nll": 2.357470989227295,
          "dev_kl": 0.006793732581671418,
          "dev_objective": 2.357470989227295
        },
        {
          "epoch": 32,
          "train_objective": 2.1904807090759277,
          "dev_nll": 2.3550896644592285,
          "dev_kl": 0.0072042858544943645,
          "dev_objective": 2.3550896644592285
        },
        {
          "epoch": 33,
          "train_objective": 2.1881396770477295,
          "dev_nll": 2.3527369499206543,
          "dev_kl": 0.007623186974547758,
          "dev_objective": 2.3527369499206543
        },
        {
          "epoch": 34,
          "train_objective": 2.185817241668701,
          "dev_nll": 2.3504111766815186,
          "dev_kl": 0.008050669812702483,
          "dev_objective": 2.3504111766815186
        },
        {
          "epoch": 35,
          "train_objective": 2.1835148334503174,
          "dev_nll": 2.348114013671875,
          "dev_kl": 0.008486548461904374,
          "dev_objective": 2.348114013671875
        },
        {
          "epoch": 36,
          "train_objective": 2.1812314987182617,
          "dev_nll": 2.345839738845825,
          "dev_kl": 0.008930654774538256,
          "dev_objective": 2.345839738845825
        },
        {
          "epoch": 37,
          "train_objective": 2.178966999053955,
          "dev_nll": 2.343568801879883,
          "dev_kl": 0.009383754605697769,
          "dev_objective": 2.343568801879883
        },
        {
          "epoch": 38,
          "train_objective": 2.1767194271087646,
          "dev_nll": 2.3412740230560303,
          "dev_kl": 0.009847302833100736,
          "dev_objective": 2.3412740230560303
        },
        {
          "epoch": 39,
          "train_objective": 2.174489736557007,
          "dev_nll": 2.3389298915863037,
          "dev_kl": 0.010322430489102244,
          "dev_objective": 2.3389298915863037
        },
        {
          "epoch": 40,
          "train_objective": 2.1722772121429443,
          "dev_nll": 2.3365283012390137,
          "dev_kl": 0.010809395774436605,
          "dev_objective": 2.3365283012390137
        },
        {
          "epoch": 41,
          "train_objective": 2.1700820922851562,
          "dev_nll": 2.334085464477539,
          "dev_kl": 0.011307627917220441,
          "dev_objective": 2.334085464477539
        },
        {
          "epoch": 42,
          "train_objective": 2.1679039001464844,
          "dev_nll": 2.331638813018799,
          "dev_kl": 0.011815626109666718,
          "dev_objective": 2.331638813018799
        },
        {
          "epoch": 43,
          "train_objective": 2.165742874145508,
          "dev_nll": 2.329233407974243,
          "dev_kl": 0.012330821011170385,
          "dev_objective": 2.329233407974243
        },
        {
          "epoch": 44,
          "train_objective": 2.1635994911193848,
          "dev_nll": 2.326907157897949,
          "dev_kl": 0.01285011947390646,
          "dev_objective": 2.326907157897949
        },
        {
          "epoch": 45,
          "train_objective": 2.161473274230957,
          "dev_nll": 2.3246748447418213,
          "dev_kl": 0.013371333386350026,
          "dev_objective": 2.3246748447418213
        },
        {
          "epoch": 46,
          "train_objective": 2.159363031387329,
          "dev_nll": 2.3225276470184326,
          "dev_kl": 0.013893941004132484,
          "dev_objective": 2.3225276470184326
        },
        {
          "epoch": 47,
          "train_objective": 2.157268762588501,
          "dev_nll": 2.3204405307769775,
          "dev_kl": 0.0144187946156777,
          "dev_objective": 2.3204405307769775
        },
        {
          "epoch": 48,
          "train_objective": 2.155190944671631,
          "dev_nll": 2.3183839321136475,
          "dev_kl": 0.014947217226548556,
          "dev_objective": 2.3183839321136475
        },
        {
          "epoch": 49,
          "train_objective": 2.1531291007995605,
          "dev_nll": 2.3163371086120605,
          "dev_kl": 0.015480537591018572,
          "dev_objective": 2.3163371086120605
        },
        {
          "epoch": 50,
          "train_objective": 2.151083469390869,
          "dev_nll": 2.3142926692962646,
          "dev_kl": 0.01601996221236937,
          "dev_objective": 2.3142926692962646
        },
        {
          "epoch": 51,
          "train_objective": 2.1490538120269775,
          "dev_nll": 2.312252998352051,
          "dev_kl": 0.016566269236782026,
          "dev_objective": 2.312252998352051
        },
        {
          "epoch": 52,
          "train_objective": 2.1470398902893066,
          "dev_nll": 2.3102214336395264,
          "dev_kl": 0.017119932117390317,
          "dev_objective": 2.3102214336395264
        },
        {
          "epoch": 53,
          "train_objective": 2.1450419425964355,
          "dev_nll": 2.308196544647217,
          "dev_kl": 0.017681435152612283,
          "dev_objective": 2.308196544647217
        },
        {
          "epoch": 54,
          "train_objective": 2.143059015274048,
          "dev_nll": 2.306170701980591,
          "dev_kl": 0.01825136921557245,
          "dev_objective": 2.306170701980591
        },
        {
          "epoch": 55,
          "train_objective": 2.1410915851593018,
          "dev_nll": 2.304135799407959,
          "dev_kl": 0.01882993109827493,
          "dev_objective": 2.304135799407959
        },
        {
          "epoch": 56,
          "train_objective": 2.1391398906707764,
          "dev_nll": 2.3020901679992676,
          "dev_kl": 0.01941659252993451,
          "dev_objective": 2.3020901679992676
        },
        {
          "epoch": 57,
          "train_objective": 2.1372029781341553,
          "dev_nll": 2.3000433444976807,
          "dev_kl": 0.02000998266157694,
          "dev_objective": 2.3000433444976807
        },
        {
          "epoch": 58,
          "train_objective": 2.1352810859680176,
          "dev_nll": 2.2980172634124756,
          "dev_kl": 0.020608104199298746,
          "dev_objective": 2.2980172634124756
        },
        {
          "epoch": 59,
          "train_objective": 2.1333749294281006,
          "dev_nll": 2.296032667160034,
          "dev_kl": 0.021208753282177983,
          "dev_objective": 2.296032667160034
        },
        {
          "epoch": 60,
          "train_objective": 2.1314830780029297,
          "dev_nll": 2.2941038608551025,
          "dev_kl": 0.02181035262178592,
          "dev_objective": 2.2941038608551025
        },
        {
          "epoch": 61,
          "train_objective": 2.129606246948242,
          "dev_nll": 2.292228937149048,
          "dev_kl": 0.022412514150933167,
          "dev_objective": 2.292228937149048
        },
        {
          "epoch": 62,
          "train_objective": 2.12774395942688,
          "dev_nll": 2.2903952598571777,
          "dev_kl": 0.023016246815865497,
          "dev_objective": 2.2903952598571777
        },
        {
          "epoch": 63,
          "train_objective": 2.125896453857422,
          "dev_nll": 2.2885818481445312,
          "dev_kl": 0.02362326002185,
          "dev_objective": 2.2885818481445312
        },
        {
          "epoch": 64,
          "train_objective": 2.12406325340271,
          "dev_nll": 2.286773204803467,
          "dev_kl": 0.024235351657543723,
          "dev_objective": 2.286773204803467
        },
        {
          "epoch": 65,
          "train_objective": 2.1222448348999023,
          "dev_nll": 2.2849619388580322,
          "dev_kl": 0.024853841313620985,
          "dev_objective": 2.2849619388580322
        },
        {
          "epoch": 66,
          "train_objective": 2.12044095993042,
          "dev_nll": 2.2831499576568604,
          "dev_kl": 0.02547936925158513,
          "dev_objective": 2.2831499576568604
        },
        {
          "epoch": 67,
          "train_objective": 2.1186509132385254,
          "dev_nll": 2.281343936920166,
          "dev_kl": 0.02611203942210376,
          "dev_objective": 2.281343936920166
        },
        {
          "epoch": 68,
          "train_objective": 2.116874933242798,
          "dev_nll": 2.2795474529266357,
          "dev_kl": 0.02675167261223842,
          "dev_objective": 2.2795474529266357
        },
        {
          "epoch": 69,
          "train_objective": 2.1151132583618164,
          "dev_nll": 2.2777600288391113,
          "dev_kl": 0.02739794554180398,
          "dev_objective": 2.2777600288391113
        },
        {
          "epoch": 70,
          "train_objective": 2.113365411758423,
          "dev_nll": 2.275979518890381,
          "dev_kl": 0.028050469218860306,
          "dev_objective": 2.275979518890381
        },
        {
          "epoch": 71,
          "train_objective": 2.111631155014038,
          "dev_nll": 2.274204969406128,
          "dev_kl": 0.02870838680434146,
          "dev_objective": 2.274204969406128
        },
        {
          "epoch": 72,
          "train_objective": 2.1099109649658203,
          "dev_nll": 2.272442102432251,
          "dev_kl": 0.029370505173339494,
          "dev_objective": 2.272442102432251
        },
        {
          "epoch": 73,
          "train_objective": 2.1082046031951904,
          "dev_nll": 2.2706997394561768,
          "dev_kl": 0.03003539967152568,
          "dev_objective": 2.2706997394561768
        },
        {
          "epoch": 74,
          "train_objective": 2.106511354446411,
          "dev_nll": 2.2689883708953857,
          "dev_kl": 0.030701896324781926,
          "dev_objective": 2.2689883708953857
        },
        {
          "epoch": 75,
          "train_objective": 2.1048316955566406,
          "dev_nll": 2.2673099040985107,
          "dev_kl": 0.031369600809534125,
          "dev_objective": 2.2673099040985107
        },
        {
          "epoch": 76,
          "train_objective": 2.1031651496887207,
          "dev_nll": 2.265660285949707,
          "dev_kl": 0.0320390840741663,
          "dev_objective": 2.265660285949707
        },
        {
          "epoch": 77,
          "train_objective": 2.1015119552612305,
          "dev_nll": 2.2640280723571777,
          "dev_kl": 0.03271169009742387,
          "dev_objective": 2.2640280723571777
        },
        {
          "epoch": 78,
          "train_objective": 2.0998716354370117,
          "dev_nll": 2.262401819229126,
          "dev_kl": 0.0333889606666954,
          "dev_objective": 2.262401819229126
        },
        {
          "epoch": 79,
          "train_objective": 2.0982446670532227,
          "dev_nll": 2.260775566101074,
          "dev_kl": 0.03407197339988817,
          "dev_objective": 2.260775566101074
        },
        {
          "epoch": 80,
          "train_objective": 2.096630573272705,
          "dev_nll": 2.2591500282287598,
          "dev_kl": 0.034761116988280966,
          "dev_objective": 2.2591500282287598
        },
        {
          "epoch": 81,
          "train_objective": 2.095028877258301,
          "dev_nll": 2.2575299739837646,
          "dev_kl": 0.035456112285535184,
          "dev_objective": 2.2575299739837646
        },
        {
          "epoch": 82,
          "train_objective": 2.093440055847168,
          "dev_nll": 2.255919933319092,
          "dev_kl": 0.03615625649000585,
          "dev_objective": 2.255919933319092
        },
        {
          "epoch": 83,
          "train_objective": 2.0918636322021484,
          "dev_nll": 2.2543230056762695,
          "dev_kl": 0.036860854699625634,
          "dev_objective": 2.2543230056762695
        },
        {
          "epoch": 84,
          "train_objective": 2.0903000831604004,
          "dev_nll": 2.252737283706665,
          "dev_kl": 0.03756930226729544,
          "dev_objective": 2.252737283706665
        },
        {
          "epoch": 85,
          "train_objective": 2.0887484550476074,
          "dev_nll": 2.251162528991699,
          "dev_kl": 0.038280956190118884,
          "dev_objective": 2.251162528991699
        },
        {
          "epoch": 86,
          "train_objective": 2.0872092247009277,
          "dev_nll": 2.2495999336242676,
          "dev_kl": 0.03899507053410484,
          "dev_objective": 2.2495999336242676
        },
        {
          "epoch": 87,
          "train_objective": 2.0856821537017822,
          "dev_nll": 2.2480530738830566,
          "dev_kl": 0.03971086276813425,
          "dev_objective": 2.2480530738830566
        },
        {
          "epoch": 88,
          "train_objective": 2.084167003631592,
          "dev_nll": 2.246525764465332,
          "dev_kl": 0.0404277571200979,
          "dev_objective": 2.246525764465332
        },
        {
          "epoch": 89,
          "train_objective": 2.0826637744903564,
          "dev_nll": 2.24501895904541,
          "dev_kl": 0.041145726114571575,
          "dev_objective": 2.24501895904541
        },
        {
          "epoch": 90,
          "train_objective": 2.081172466278076,
          "dev_nll": 2.2435295581817627,
          "dev_kl": 0.04186533240135759,
          "dev_objective": 2.2435295581817627
        },
        {
          "epoch": 91,
          "train_objective": 2.079692840576172,
          "dev_nll": 2.2420506477355957,
          "dev_kl": 0.042587602510109485,
          "dev_objective": 2.2420506477355957
        },
        {
          "epoch": 92,
          "train_objective": 2.0782244205474854,
          "dev_nll": 2.24057674407959,
          "dev_kl": 0.043313500752593694,
          "dev_objective": 2.24057674407959
        },
        {
          "epoch": 93,
          "train_objective": 2.076767921447754,
          "dev_nll": 2.239105701446533,
          "dev_kl": 0.04404343522365971,
          "dev_objective": 2.239105701446533
        },
        {
          "epoch": 94,
          "train_objective": 2.0753228664398193,
          "dev_nll": 2.2376394271850586,
          "dev_kl": 0.044777207248356016,
          "dev_objective": 2.2376394271850586
        },
        {
          "epoch": 95,
          "train_objective": 2.0738887786865234,
          "dev_nll": 2.2361814975738525,
          "dev_kl": 0.04551410267689085,
          "dev_objective": 2.2361814975738525
        },
        {
          "epoch": 96,
          "train_objective": 2.0724658966064453,
          "dev_nll": 2.2347357273101807,
          "dev_kl": 0.046253308070346624,
          "dev_objective": 2.2347357273101807
        },
        {
          "epoch": 97,
          "train_objective": 2.071054220199585,
          "dev_nll": 2.233302354812622,
          "dev_kl": 0.04699418160899152,
          "dev_objective": 2.233302354812622
        },
        {
          "epoch": 98,
          "train_objective": 2.0696535110473633,
          "dev_nll": 2.2318809032440186,
          "dev_kl": 0.0477362636184778,
          "dev_objective": 2.2318809032440186
        },
        {
          "epoch": 99,
          "train_objective": 2.068263530731201,
          "dev_nll": 2.2304701805114746,
          "dev_kl": 0.04847921215884027,
          "dev_objective": 2.2304701805114746
        },
        {
          "epoch": 100,
          "train_objective": 2.0668845176696777,
          "dev_nll": 2.229071617126465,
          "dev_kl": 0.04922265122267192,
          "dev_objective": 2.229071617126465
        },
        {
          "epoch": 101,
          "train_objective": 2.0655157566070557,
          "dev_nll": 2.2276856899261475,
          "dev_kl": 0.04996627530753387,
          "dev_objective": 2.2276856899261475
        },
        {
          "epoch": 102,
          "train_objective": 2.0641579627990723,
          "dev_nll": 2.226314067840576,
          "dev_kl": 0.05070997707756056,
          "dev_objective": 2.226314067840576
        },
        {
          "epoch": 103,
          "train_objective": 2.0628104209899902,
          "dev_nll": 2.2249560356140137,
          "dev_kl": 0.05145406409029683,
          "dev_objective": 2.2249560356140137
        },
        {
          "epoch": 104,
          "train_objective": 2.0614728927612305,
          "dev_nll": 2.2236080169677734,
          "dev_kl": 0.052199156459649995,
          "dev_objective": 2.2236080169677734
        },
        {
          "epoch": 105,
          "train_objective": 2.0601460933685303,
          "dev_nll": 2.222266674041748,
          "dev_kl": 0.05294578946561688,
          "dev_objective": 2.222266674041748
        },
        {
          "epoch": 106,
          "train_objective": 2.0588295459747314,
          "dev_nll": 2.220930337905884,
          "dev_kl": 0.053694258492361126,
          "dev_objective": 2.220930337905884
        },
        {
          "epoch": 107,
          "train_objective": 2.057522773742676,
          "dev_nll": 2.219600200653076,
          "dev_kl": 0.05444432843679322,
          "dev_objective": 2.219600200653076
        },
        {
          "epoch": 108,
          "train_objective": 2.0562257766723633,
          "dev_nll": 2.218278646469116,
          "dev_kl": 0.05519539108049245,
          "dev_objective": 2.218278646469116
        },
        {
          "epoch": 109,
          "train_objective": 2.054939031600952,
          "dev_nll": 2.216967821121216,
          "dev_kl": 0.05594675290593577,
          "dev_objective": 2.216967821121216
        },
        {
          "epoch": 110,
          "train_objective": 2.053662061691284,
          "dev_nll": 2.2156686782836914,
          "dev_kl": 0.05669794023091409,
          "dev_objective": 2.2156686782836914
        },
        {
          "epoch": 111,
          "train_objective": 2.052394390106201,
          "dev_nll": 2.2143800258636475,
          "dev_kl": 0.05744867306061825,
          "dev_objective": 2.2143800258636475
        },
        {
          "epoch": 112,
          "train_objective": 2.0511364936828613,
          "dev_nll": 2.213101863861084,
          "dev_kl": 0.05819886619733992,
          "dev_objective": 2.213101863861084
        },
        {
          "epoch": 113,
          "train_objective": 2.0498878955841064,
          "dev_nll": 2.2118325233459473,
          "dev_kl": 0.058948399383582234,
          "dev_objective": 2.2118325233459473
        },
        {
          "epoch": 114,
          "train_objective": 2.0486490726470947,
          "dev_nll": 2.210574150085449,
          "dev_kl": 0.05969720096430636,
          "dev_objective": 2.210574150085449
        },
        {
          "epoch": 115,
          "train_objective": 2.0474190711975098,
          "dev_nll": 2.20932674407959,
          "dev_kl": 0.06044526450099393,
          "dev_objective": 2.20932674407959
        },
        {
          "epoch": 116,
          "train_objective": 2.0461983680725098,
          "dev_nll": 2.2080891132354736,
          "dev_kl": 0.0611928566316736,
          "dev_objective": 2.2080891132354736
        },
        {
          "epoch": 117,
          "train_objective": 2.044987201690674,
          "dev_nll": 2.206859827041626,
          "dev_kl": 0.06194029109657652,
          "dev_objective": 2.206859827041626
        },
        {
          "epoch": 118,
          "train_objective": 2.0437848567962646,
          "dev_nll": 2.205637216567993,
          "dev_kl": 0.0626879299257604,
          "dev_objective": 2.205637216567993
        },
        {
          "epoch": 119,
          "train_objective": 2.042591094970703,
          "dev_nll": 2.204421043395996,
          "dev_kl": 0.06343577860670555,
          "dev_objective": 2.204421043395996
        },
        {
          "epoch": 120,
          "train_objective": 2.0414066314697266,
          "dev_nll": 2.203211545944214,
          "dev_kl": 0.06418355584103283,
          "dev_objective": 2.203211545944214
        },
        {
          "epoch": 121,
          "train_objective": 2.0402305126190186,
          "dev_nll": 2.2020111083984375,
          "dev_kl": 0.06493077520140252,
          "dev_objective": 2.2020111083984375
        },
        {
          "epoch": 122,
          "train_objective": 2.0390632152557373,
          "dev_nll": 2.200820207595825,
          "dev_kl": 0.06567701163153435,
          "dev_objective": 2.200820207595825
        },
        {
          "epoch": 123,
          "train_objective": 2.037904739379883,
          "dev_nll": 2.199638843536377,
          "dev_kl": 0.06642199129114047,
          "dev_objective": 2.199638843536377
        },
        {
          "epoch": 124,
          "train_objective": 2.0367543697357178,
          "dev_nll": 2.1984665393829346,
          "dev_kl": 0.06716570281141979,
          "dev_objective": 2.1984665393829346
        },
        {
          "epoch": 125,
          "train_objective": 2.0356128215789795,
          "dev_nll": 2.197303056716919,
          "dev_kl": 0.06790819900221147,
          "dev_objective": 2.197303056716919
        },
        {
          "epoch": 126,
          "train_objective": 2.0344791412353516,
          "dev_nll": 2.1961474418640137,
          "dev_kl": 0.06864947723149653,
          "dev_objective": 2.1961474418640137
        },
        {
          "epoch": 127,
          "train_objective": 2.0333540439605713,
          "dev_nll": 2.195000648498535,
          "dev_kl": 0.06938954440627113,
          "dev_objective": 2.195000648498535
        },
        {
          "epoch": 128,
          "train_objective": 2.0322370529174805,
          "dev_nll": 2.1938624382019043,
          "dev_kl": 0.0701284852360503,
          "dev_objective": 2.1938624382019043
        },
        {
          "epoch": 129,
          "train_objective": 2.031128406524658,
          "dev_nll": 2.192732334136963,
          "dev_kl": 0.07086649415225932,
          "dev_objective": 2.192732334136963
        },
        {
          "epoch": 130,
          "train_objective": 2.030027389526367,
          "dev_nll": 2.1916089057922363,
          "dev_kl": 0.07160375021199035,
          "dev_objective": 2.1916089057922363
        },
        {
          "epoch": 131,
          "train_objective": 2.0289344787597656,
          "dev_nll": 2.1904916763305664,
          "dev_kl": 0.07234037839601026,
          "dev_objective": 2.1904916763305664
        },
        {
          "epoch": 132,
          "train_objective": 2.0278494358062744,
          "dev_nll": 2.1893815994262695,
          "dev_kl": 0.07307623217498223,
          "dev_objective": 2.1893815994262695
        },
        {
          "epoch": 133,
          "train_objective": 2.0267724990844727,
          "dev_nll": 2.1882786750793457,
          "dev_kl": 0.07381096744258332,
          "dev_objective": 2.1882786750793457
        },
        {
          "epoch": 134,
          "train_objective": 2.025702714920044,
          "dev_nll": 2.1871838569641113,
          "dev_kl": 0.07454431659003134,
          "dev_objective": 2.1871838569641113
        },
        {
          "epoch": 135,
          "train_objective": 2.0246407985687256,
          "dev_nll": 2.1860971450805664,
          "dev_kl": 0.07527608395415178,
          "dev_objective": 2.1860971450805664
        },
        {
          "epoch": 136,
          "train_objective": 2.0235865116119385,
          "dev_nll": 2.18501877784729,
          "dev_kl": 0.07600625861302815,
          "dev_objective": 2.18501877784729
        },
        {
          "epoch": 137,
          "train_objective": 2.0225398540496826,
          "dev_nll": 2.1839475631713867,
          "dev_kl": 0.07673492294035837,
          "dev_objective": 2.1839475631713867
        },
        {
          "epoch": 138,
          "train_objective": 2.0215003490448,
          "dev_nll": 2.1828835010528564,
          "dev_kl": 0.07746213469034692,
          "dev_objective": 2.1828835010528564
        },
        {
          "epoch": 139,
          "train_objective": 2.020468235015869,
          "dev_nll": 2.1818268299102783,
          "dev_kl": 0.07818790713058514,
          "dev_objective": 2.1818268299102783
        },
        {
          "epoch": 140,
          "train_objective": 2.0194435119628906,
          "dev_nll": 2.1807775497436523,
          "dev_kl": 0.07891228488710288,
          "dev_objective": 2.1807775497436523
        },
        {
          "epoch": 141,
          "train_objective": 2.0184261798858643,
          "dev_nll": 2.1797351837158203,
          "dev_kl": 0.07963535568588638,
          "dev_objective": 2.1797351837158203
        },
        {
          "epoch": 142,
          "train_objective": 2.0174155235290527,
          "dev_nll": 2.1786997318267822,
          "dev_kl": 0.08035722131758267,
          "dev_objective": 2.1786997318267822
        },
        {
          "epoch": 143,
          "train_objective": 2.0164124965667725,
          "dev_nll": 2.1776700019836426,
          "dev_kl": 0.08107794535857055,
          "dev_objective": 2.1776700019836426
        },
        {
          "epoch": 144,
          "train_objective": 2.015416383743286,
          "dev_nll": 2.1766467094421387,
          "dev_kl": 0.08179743371288022,
          "dev_objective": 2.1766467094421387
        },
        {
          "epoch": 145,
          "train_objective": 2.0144269466400146,
          "dev_nll": 2.1756300926208496,
          "dev_kl": 0.08251548448770923,
          "dev_objective": 2.1756300926208496
        },
        {
          "epoch": 146,
          "train_objective": 2.013444662094116,
          "dev_nll": 2.1746208667755127,
          "dev_kl": 0.08323190749938329,
          "dev_objective": 2.1746208667755127
        },
        {
          "epoch": 147,
          "train_objective": 2.0124690532684326,
          "dev_nll": 2.1736185550689697,
          "dev_kl": 0.08394659935419763,
          "dev_objective": 2.1736185550689697
        },
        {
          "epoch": 148,
          "train_objective": 2.011500120162964,
          "dev_nll": 2.1726229190826416,
          "dev_kl": 0.0846595691057906,
          "dev_objective": 2.1726229190826416
        },
        {
          "epoch": 149,
          "train_objective": 2.010538339614868,
          "dev_nll": 2.1716339588165283,
          "dev_kl": 0.08537089528474626,
          "dev_objective": 2.1716339588165283
        },
        {
          "epoch": 150,
          "train_objective": 2.009582757949829,
          "dev_nll": 2.170652151107788,
          "dev_kl": 0.08608065195045539,
          "dev_objective": 2.170652151107788
        },
        {
          "epoch": 151,
          "train_objective": 2.008634090423584,
          "dev_nll": 2.1696763038635254,
          "dev_kl": 0.08678879196316214,
          "dev_objective": 2.1696763038635254
        },
        {
          "epoch": 152,
          "train_objective": 2.0076918601989746,
          "dev_nll": 2.1687068939208984,
          "dev_kl": 0.08749540039899593,
          "dev_objective": 2.1687068939208984
        },
        {
          "epoch": 153,
          "train_objective": 2.006756067276001,
          "dev_nll": 2.1677439212799072,
          "dev_kl": 0.08820047638343362,
          "dev_objective": 2.1677439212799072
        },
        {
          "epoch": 154,
          "train_objective": 2.005826711654663,
          "dev_nll": 2.1667864322662354,
          "dev_kl": 0.08890410969709797,
          "dev_objective": 2.1667864322662354
        },
        {
          "epoch": 155,
          "train_objective": 2.004903554916382,
          "dev_nll": 2.16583514213562,
          "dev_kl": 0.08960630919835004,
          "dev_objective": 2.16583514213562
        },
        {
          "epoch": 156,
          "train_objective": 2.0039870738983154,
          "dev_nll": 2.1648898124694824,
          "dev_kl": 0.09030700534828112,
          "dev_objective": 2.1648898124694824
        },
        {
          "epoch": 157,
          "train_objective": 2.0030765533447266,
          "dev_nll": 2.1639506816864014,
          "dev_kl": 0.09100603743882535,
          "dev_objective": 2.1639506816864014
        },
        {
          "epoch": 158,
          "train_objective": 2.0021722316741943,
          "dev_nll": 2.163017988204956,
          "dev_kl": 0.09170328779756316,
          "dev_objective": 2.163017988204956
        },
        {
          "epoch": 159,
          "train_objective": 2.001274347305298,
          "dev_nll": 2.1620914936065674,
          "dev_kl": 0.09239879568556189,
          "dev_objective": 2.1620914936065674
        },
        {
          "epoch": 160,
          "train_objective": 2.000382423400879,
          "dev_nll": 2.1611711978912354,
          "dev_kl": 0.09309251862014795,
          "dev_objective": 2.1611711978912354
        },
        {
          "epoch": 161,
          "train_objective": 1.9994962215423584,
          "dev_nll": 2.160256862640381,
          "dev_kl": 0.09378455685791484,
          "dev_objective": 2.160256862640381
        },
        {
          "epoch": 162,
          "train_objective": 1.9986165761947632,
          "dev_nll": 2.1593480110168457,
          "dev_kl": 0.09447495434517716,
          "dev_objective": 2.1593480110168457
        },
        {
          "epoch": 163,
          "train_objective": 1.9977424144744873,
          "dev_nll": 2.1584455966949463,
          "dev_kl": 0.09516368779605405,
          "dev_objective": 2.1584455966949463
        },
        {
          "epoch": 164,
          "train_objective": 1.996874451637268,
          "dev_nll": 2.157548666000366,
          "dev_kl": 0.09585082533557134,
          "dev_objective": 2.157548666000366
        },
        {
          "epoch": 165,
          "train_objective": 1.9960122108459473,
          "dev_nll": 2.1566572189331055,
          "dev_kl": 0.0965363402421879,
          "dev_objective": 2.1566572189331055
        },
        {
          "epoch": 166,
          "train_objective": 1.9951558113098145,
          "dev_nll": 2.1557717323303223,
          "dev_kl": 0.09722028446530233,
          "dev_objective": 2.1557717323303223
        },
        {
          "epoch": 167,
          "train_objective": 1.9943053722381592,
          "dev_nll": 2.1548914909362793,
          "dev_kl": 0.09790263382010087,
          "dev_objective": 2.1548914909362793
        },
        {
          "epoch": 168,
          "train_objective": 1.9934602975845337,
          "dev_nll": 2.1540169715881348,
          "dev_kl": 0.09858336724057389,
          "dev_objective": 2.1540169715881348
        },
        {
          "epoch": 169,
          "train_objective": 1.9926210641860962,
          "dev_nll": 2.1531481742858887,
          "dev_kl": 0.09926233625259145,
          "dev_objective": 2.1531481742858887
        },
        {
          "epoch": 170,
          "train_objective": 1.991787314414978,
          "dev_nll": 2.152285099029541,
          "dev_kl": 0.09993957152126372,
          "dev_objective": 2.152285099029541
        },
        {
          "epoch": 171,
          "train_objective": 1.9909592866897583,
          "dev_nll": 2.1514275074005127,
          "dev_kl": 0.10061507082578065,
          "dev_objective": 2.1514275074005127
        },
        {
          "epoch": 172,
          "train_objective": 1.990136742591858,
          "dev_nll": 2.150575637817383,
          "dev_kl": 0.10128888299016492,
          "dev_objective": 2.150575637817383
        },
        {
          "epoch": 173,
          "train_objective": 1.9893195629119873,
          "dev_nll": 2.149729013442993,
          "dev_kl": 0.1019610163822372,
          "dev_objective": 2.149729013442993
        },
        {
          "epoch": 174,
          "train_objective": 1.9885079860687256,
          "dev_nll": 2.148887872695923,
          "dev_kl": 0.10263152968893278,
          "dev_objective": 2.148887872695923
        },
        {
          "epoch": 175,
          "train_objective": 1.9877017736434937,
          "dev_nll": 2.1480519771575928,
          "dev_kl": 0.10330040873809447,
          "dev_objective": 2.1480519771575928
        },
        {
          "epoch": 176,
          "train_objective": 1.9869009256362915,
          "dev_nll": 2.147221803665161,
          "dev_kl": 0.10396768459993895,
          "dev_objective": 2.147221803665161
        },
        {
          "epoch": 177,
          "train_objective": 1.9861053228378296,
          "dev_nll": 2.1463961601257324,
          "dev_kl": 0.1046333894008703,
          "dev_objective": 2.1463961601257324
        },
        {
          "epoch": 178,
          "train_objective": 1.985315203666687,
          "dev_nll": 2.145576000213623,
          "dev_kl": 0.10529751700467445,
          "dev_objective": 2.145576000213623
        },
        {
          "epoch": 179,
          "train_objective": 1.9845303297042847,
          "dev_nll": 2.144761085510254,
          "dev_kl": 0.10596004341336553,
          "dev_objective": 2.144761085510254
        },
        {
          "epoch": 180,
          "train_objective": 1.9837504625320435,
          "dev_nll": 2.143951416015625,
          "dev_kl": 0.10662095811717483,
          "dev_objective": 2.143951416015625
        },
        {
          "epoch": 181,
          "train_objective": 1.9829758405685425,
          "dev_nll": 2.1431472301483154,
          "dev_kl": 0.10728017462609005,
          "dev_objective": 2.1431472301483154
        },
        {
          "epoch": 182,
          "train_objective": 1.9822065830230713,
          "dev_nll": 2.142347812652588,
          "dev_kl": 0.10793773977615449,
          "dev_objective": 2.142347812652588
        },
        {
          "epoch": 183,
          "train_objective": 1.9814420938491821,
          "dev_nll": 2.1415538787841797,
          "dev_kl": 0.10859370588572816,
          "dev_objective": 2.1415538787841797
        },
        {
          "epoch": 184,
          "train_objective": 1.980682611465454,
          "dev_nll": 2.1407642364501953,
          "dev_kl": 0.10924810274586742,
          "dev_objective": 2.1407642364501953
        },
        {
          "epoch": 185,
          "train_objective": 1.9799284934997559,
          "dev_nll": 2.1399805545806885,
          "dev_kl": 0.10990094475498828,
          "dev_objective": 2.1399805545806885
        },
        {
          "epoch": 186,
          "train_objective": 1.97917902469635,
          "dev_nll": 2.1392009258270264,
          "dev_kl": 0.11055222247734726,
          "dev_objective": 2.1392009258270264
        },
        {
          "epoch": 187,
          "train_objective": 1.978434443473816,
          "dev_nll": 2.1384270191192627,
          "dev_kl": 0.11120196240212422,
          "dev_objective": 2.1384270191192627
        },
        {
          "epoch": 188,
          "train_objective": 1.9776952266693115,
          "dev_nll": 2.137657880783081,
          "dev_kl": 0.11185020493717128,
          "dev_objective": 2.137657880783081
        },
        {
          "epoch": 189,
          "train_objective": 1.9769606590270996,
          "dev_nll": 2.1368932723999023,
          "dev_kl": 0.1124969546743218,
          "dev_objective": 2.1368932723999023
        },
        {
          "epoch": 190,
          "train_objective": 1.9762309789657593,
          "dev_nll": 2.1361334323883057,
          "dev_kl": 0.11314222129529357,
          "dev_objective": 2.1361334323883057
        },
        {
          "epoch": 191,
          "train_objective": 1.9755058288574219,
          "dev_nll": 2.13537859916687,
          "dev_kl": 0.11378595321073062,
          "dev_objective": 2.13537859916687
        },
        {
          "epoch": 192,
          "train_objective": 1.9747858047485352,
          "dev_nll": 2.134629011154175,
          "dev_kl": 0.1144281453471781,
          "dev_objective": 2.134629011154175
        },
        {
          "epoch": 193,
          "train_objective": 1.9740703105926514,
          "dev_nll": 2.1338837146759033,
          "dev_kl": 0.11506882416893684,
          "dev_objective": 2.1338837146759033
        },
        {
          "epoch": 194,
          "train_objective": 1.9733597040176392,
          "dev_nll": 2.133143424987793,
          "dev_kl": 0.11570801867797385,
          "dev_objective": 2.133143424987793
        },
        {
          "epoch": 195,
          "train_objective": 1.9726536273956299,
          "dev_nll": 2.1324079036712646,
          "dev_kl": 0.11634576395989561,
          "dev_objective": 2.1324079036712646
        },
        {
          "epoch": 196,
          "train_objective": 1.9719525575637817,
          "dev_nll": 2.1316769123077393,
          "dev_kl": 0.11698204732402379,
          "dev_objective": 2.1316769123077393
        },
        {
          "epoch": 197,
          "train_objective": 1.9712555408477783,
          "dev_nll": 2.130950689315796,
          "dev_kl": 0.11761691004803945,
          "dev_objective": 2.130950689315796
        },
        {
          "epoch": 198,
          "train_objective": 1.9705634117126465,
          "dev_nll": 2.1302292346954346,
          "dev_kl": 0.11825033648393958,
          "dev_objective": 2.1302292346954346
        },
        {
          "epoch": 199,
          "train_objective": 1.9698759317398071,
          "dev_nll": 2.129512071609497,
          "dev_kl": 0.1188823747880017,
          "dev_objective": 2.129512071609497
        },
        {
          "epoch": 200,
          "train_objective": 1.9691929817199707,
          "dev_nll": 2.1287996768951416,
          "dev_kl": 0.11951305570208558,
          "dev_objective": 2.1287996768951416
        },
        {
          "epoch": 201,
          "train_objective": 1.968514323234558,
          "dev_nll": 2.12809157371521,
          "dev_kl": 0.12014233568920792,
          "dev_objective": 2.12809157371521
        },
        {
          "epoch": 202,
          "train_objective": 1.9678404331207275,
          "dev_nll": 2.1273882389068604,
          "dev_kl": 0.12077021486695758,
          "dev_objective": 2.1273882389068604
        },
        {
          "epoch": 203,
          "train_objective": 1.9671707153320312,
          "dev_nll": 2.1266891956329346,
          "dev_kl": 0.12139669163744041,
          "dev_objective": 2.1266891956329346
        },
        {
          "epoch": 204,
          "train_objective": 1.9665052890777588,
          "dev_nll": 2.125994920730591,
          "dev_kl": 0.12202178935929682,
          "dev_objective": 2.125994920730591
        },
        {
          "epoch": 205,
          "train_objective": 1.9658445119857788,
          "dev_nll": 2.12530517578125,
          "dev_kl": 0.12264554506550814,
          "dev_objective": 2.12530517578125
        },
        {
          "epoch": 206,
          "train_objective": 1.9651880264282227,
          "dev_nll": 2.124619722366333,
          "dev_kl": 0.12326793751403343,
          "dev_objective": 2.124619722366333
        },
        {
          "epoch": 207,
          "train_objective": 1.9645358324050903,
          "dev_nll": 2.123938798904419,
          "dev_kl": 0.12388902022869461,
          "dev_objective": 2.123938798904419
        },
        {
          "epoch": 208,
          "train_objective": 1.963888168334961,
          "dev_nll": 2.1232619285583496,
          "dev_kl": 0.12450879612621182,
          "dev_objective": 2.1232619285583496
        },
        {
          "epoch": 209,
          "train_objective": 1.9632445573806763,
          "dev_nll": 2.1225898265838623,
          "dev_kl": 0.12512727139396557,
          "dev_objective": 2.1225898265838623
        },
        {
          "epoch": 210,
          "train_objective": 1.9626052379608154,
          "dev_nll": 2.1219217777252197,
          "dev_kl": 0.12574446501281683,
          "dev_objective": 2.1219217777252197
        },
        {
          "epoch": 211,
          "train_objective": 1.9619700908660889,
          "dev_nll": 2.121258497238159,
          "dev_kl": 0.12636039954950026,
          "dev_objective": 2.121258497238159
        },
        {
          "epoch": 212,
          "train_objective": 1.9613393545150757,
          "dev_nll": 2.120598793029785,
          "dev_kl": 0.12697503690851003,
          "dev_objective": 2.120598793029785
        },
        {
          "epoch": 213,
          "train_objective": 1.9607125520706177,
          "dev_nll": 2.119943618774414,
          "dev_kl": 0.1275884352083179,
          "dev_objective": 2.119943618774414
        },
        {
          "epoch": 214,
          "train_objective": 1.9600898027420044,
          "dev_nll": 2.119292736053467,
          "dev_kl": 0.12820054062491004,
          "dev_objective": 2.119292736053467
        },
        {
          "epoch": 215,
          "train_objective": 1.959471583366394,
          "dev_nll": 2.1186459064483643,
          "dev_kl": 0.12881139111578382,
          "dev_objective": 2.1186459064483643
        },
        {
          "epoch": 216,
          "train_objective": 1.9588569402694702,
          "dev_nll": 2.1180036067962646,
          "dev_kl": 0.12942103324988444,
          "dev_objective": 2.1180036067962646
        },
        {
          "epoch": 217,
          "train_objective": 1.9582468271255493,
          "dev_nll": 2.1173653602600098,
          "dev_kl": 0.13002942859748146,
          "dev_objective": 2.1173653602600098
        },
        {
          "epoch": 218,
          "train_objective": 1.957640528678894,
          "dev_nll": 2.1167311668395996,
          "dev_kl": 0.13063660719537087,
          "dev_objective": 2.1167311668395996
        },
        {
          "epoch": 219,
          "train_objective": 1.9570380449295044,
          "dev_nll": 2.1161015033721924,
          "dev_kl": 0.13124261217801117,
          "dev_objective": 2.1161015033721924
        },
        {
          "epoch": 220,
          "train_objective": 1.9564399719238281,
          "dev_nll": 2.1154754161834717,
          "dev_kl": 0.13184740460424255,
          "dev_objective": 2.1154754161834717
        },
        {
          "epoch": 221,
          "train_objective": 1.955845594406128,
          "dev_nll": 2.1148533821105957,
          "dev_kl": 0.13245104839311792,
          "dev_objective": 2.1148533821105957
        },
        {
          "epoch": 222,
          "train_objective": 1.9552552700042725,
          "dev_nll": 2.1142358779907227,
          "dev_kl": 0.13305352216059785,
          "dev_objective": 2.1142358779907227
        },
        {
          "epoch": 223,
          "train_objective": 1.9546688795089722,
          "dev_nll": 2.113621950149536,
          "dev_kl": 0.13365480158949317,
          "dev_objective": 2.113621950149536
        },
        {
          "epoch": 224,
          "train_objective": 1.954086422920227,
          "dev_nll": 2.1130123138427734,
          "dev_kl": 0.13425492843981052,
          "dev_objective": 2.1130123138427734
        },
        {
          "epoch": 225,
          "train_objective": 1.9535077810287476,
          "dev_nll": 2.1124064922332764,
          "dev_kl": 0.13485388113833557,
          "dev_objective": 2.1124064922332764
        },
        {
          "epoch": 226,
          "train_objective": 1.9529329538345337,
          "dev_nll": 2.1118052005767822,
          "dev_kl": 0.13545169822487702,
          "dev_objective": 2.1118052005767822
        },
        {
          "epoch": 227,
          "train_objective": 1.9523619413375854,
          "dev_nll": 2.1112072467803955,
          "dev_kl": 0.13604836844071191,
          "dev_objective": 2.1112072467803955
        },
        {
          "epoch": 228,
          "train_objective": 1.9517951011657715,
          "dev_nll": 2.1106133460998535,
          "dev_kl": 0.1366439304927612,
          "dev_objective": 2.1106133460998535
        },
        {
          "epoch": 229,
          "train_objective": 1.951231598854065,
          "dev_nll": 2.1100234985351562,
          "dev_kl": 0.1372383759683749,
          "dev_objective": 2.1100234985351562
        },
        {
          "epoch": 230,
          "train_objective": 1.950671911239624,
          "dev_nll": 2.1094374656677246,
          "dev_kl": 0.1378317051785416,
          "dev_objective": 2.1094374656677246
        },
        {
          "epoch": 231,
          "train_objective": 1.9501163959503174,
          "dev_nll": 2.1088552474975586,
          "dev_kl": 0.13842395937418558,
          "dev_objective": 2.1088552474975586
        },
        {
          "epoch": 232,
          "train_objective": 1.9495642185211182,
          "dev_nll": 2.1082770824432373,
          "dev_kl": 0.13901510539254824,
          "dev_objective": 2.1082770824432373
        },
        {
          "epoch": 233,
          "train_objective": 1.949015736579895,
          "dev_nll": 2.1077024936676025,
          "dev_kl": 0.1396051583177459,
          "dev_objective": 2.1077024936676025
        },
        {
          "epoch": 234,
          "train_objective": 1.9484708309173584,
          "dev_nll": 2.1071319580078125,
          "dev_kl": 0.14019411505784862,
          "dev_objective": 2.1071319580078125
        },
        {
          "epoch": 235,
          "train_objective": 1.9479299783706665,
          "dev_nll": 2.106565237045288,
          "dev_kl": 0.14078203167716105,
          "dev_objective": 2.106565237045288
        },
        {
          "epoch": 236,
          "train_objective": 1.947392463684082,
          "dev_nll": 2.10600209236145,
          "dev_kl": 0.14136886107277655,
          "dev_objective": 2.10600209236145
        },
        {
          "epoch": 237,
          "train_objective": 1.946858525276184,
          "dev_nll": 2.105443000793457,
          "dev_kl": 0.14195461196950712,
          "dev_objective": 2.105443000793457
        },
        {
          "epoch": 238,
          "train_objective": 1.9463282823562622,
          "dev_nll": 2.1048874855041504,
          "dev_kl": 0.14253933534024738,
          "dev_objective": 2.1048874855041504
        },
        {
          "epoch": 239,
          "train_objective": 1.9458017349243164,
          "dev_nll": 2.104335308074951,
          "dev_kl": 0.1431229885294611,
          "dev_objective": 2.104335308074951
        },
        {
          "epoch": 240,
          "train_objective": 1.945278525352478,
          "dev_nll": 2.103787422180176,
          "dev_kl": 0.14370557629057834,
          "dev_objective": 2.103787422180176
        },
        {
          "epoch": 241,
          "train_objective": 1.9447587728500366,
          "dev_nll": 2.1032426357269287,
          "dev_kl": 0.1442871636769973,
          "dev_objective": 2.1032426357269287
        },
        {
          "epoch": 242,
          "train_objective": 1.9442427158355713,
          "dev_nll": 2.1027019023895264,
          "dev_kl": 0.14486773149392027,
          "dev_objective": 2.1027019023895264
        },
        {
          "epoch": 243,
          "train_objective": 1.943730115890503,
          "dev_nll": 2.1021649837493896,
          "dev_kl": 0.14544724686798402,
          "dev_objective": 2.1021649837493896
        },
        {
          "epoch": 244,
          "train_objective": 1.9432209730148315,
          "dev_nll": 2.1016311645507812,
          "dev_kl": 0.14602574669005397,
          "dev_objective": 2.1016311645507812
        },
        {
          "epoch": 245,
          "train_objective": 1.9427152872085571,
          "dev_nll": 2.1011011600494385,
          "dev_kl": 0.1466032717727367,
          "dev_objective": 2.1011011600494385
        },
        {
          "epoch": 246,
          "train_objective": 1.9422129392623901,
          "dev_nll": 2.1005749702453613,
          "dev_kl": 0.1471797184527649,
          "dev_objective": 2.1005749702453613
        },
        {
          "epoch": 247,
          "train_objective": 1.9417140483856201,
          "dev_nll": 2.1000518798828125,
          "dev_kl": 0.14775519830395606,
          "dev_objective": 2.1000518798828125
        },
        {
          "epoch": 248,
          "train_objective": 1.941218614578247,
          "dev_nll": 2.0995328426361084,
          "dev_kl": 0.14832963944495386,
          "dev_objective": 2.0995328426361084
        },
        {
          "epoch": 249,
          "train_objective": 1.9407265186309814,
          "dev_nll": 2.0990166664123535,
          "dev_kl": 0.14890305369420187,
          "dev_objective": 2.0990166664123535
        },
        {
          "epoch": 250,
          "train_objective": 1.9402378797531128,
          "dev_nll": 2.0985045433044434,
          "dev_kl": 0.14947553427420293,
          "dev_objective": 2.0985045433044434
        },
        {
          "epoch": 251,
          "train_objective": 1.9397523403167725,
          "dev_nll": 2.0979959964752197,
          "dev_kl": 0.15004703813270504,
          "dev_objective": 2.0979959964752197
        },
        {
          "epoch": 252,
          "train_objective": 1.939270257949829,
          "dev_nll": 2.0974905490875244,
          "dev_kl": 0.15061749869510682,
          "dev_objective": 2.0974905490875244
        },
        {
          "epoch": 253,
          "train_objective": 1.9387913942337036,
          "dev_nll": 2.0969884395599365,
          "dev_kl": 0.15118699566741153,
          "dev_objective": 2.0969884395599365
        },
        {
          "epoch": 254,
          "train_objective": 1.9383158683776855,
          "dev_nll": 2.0964901447296143,
          "dev_kl": 0.15175553199755556,
          "dev_objective": 2.0964901447296143
        },
        {
          "epoch": 255,
          "train_objective": 1.9378435611724854,
          "dev_nll": 2.0959949493408203,
          "dev_kl": 0.1523230614817998,
          "dev_objective": 2.0959949493408203
        },
        {
          "epoch": 256,
          "train_objective": 1.9373743534088135,
          "dev_nll": 2.095503568649292,
          "dev_kl": 0.15288963104434986,
          "dev_objective": 2.095503568649292
        },
        {
          "epoch": 257,
          "train_objective": 1.9369087219238281,
          "dev_nll": 2.095015048980713,
          "dev_kl": 0.1534552267948452,
          "dev_objective": 2.095015048980713
        },
        {
          "epoch": 258,
          "train_objective": 1.9364458322525024,
          "dev_nll": 2.0945301055908203,
          "dev_kl": 0.15401981221563596,
          "dev_objective": 2.0945301055908203
        },
        {
          "epoch": 259,
          "train_objective": 1.9359862804412842,
          "dev_nll": 2.0940487384796143,
          "dev_kl": 0.15458344990378053,
          "dev_objective": 2.0940487384796143
        },
        {
          "epoch": 260,
          "train_objective": 1.9355298280715942,
          "dev_nll": 2.0935704708099365,
          "dev_kl": 0.15514615679621196,
          "dev_objective": 2.0935704708099365
        },
        {
          "epoch": 261,
          "train_objective": 1.9350765943527222,
          "dev_nll": 2.093095541000366,
          "dev_kl": 0.1557078632766265,
          "dev_objective": 2.093095541000366
        },
        {
          "epoch": 262,
          "train_objective": 1.9346266984939575,
          "dev_nll": 2.0926239490509033,
          "dev_kl": 0.15626863960635032,
          "dev_objective": 2.0926239490509033
        },
        {
          "epoch": 263,
          "train_objective": 1.934179663658142,
          "dev_nll": 2.0921554565429688,
          "dev_kl": 0.15682842924518575,
          "dev_objective": 2.0921554565429688
        },
        {
          "epoch": 264,
          "train_objective": 1.9337356090545654,
          "dev_nll": 2.0916903018951416,
          "dev_kl": 0.15738727488739215,
          "dev_objective": 2.0916903018951416
        },
        {
          "epoch": 265,
          "train_objective": 1.933294653892517,
          "dev_nll": 2.0912282466888428,
          "dev_kl": 0.15794518534703678,
          "dev_objective": 2.0912282466888428
        },
        {
          "epoch": 266,
          "train_objective": 1.9328569173812866,
          "dev_nll": 2.0907695293426514,
          "dev_kl": 0.15850208328107887,
          "dev_objective": 2.0907695293426514
        },
        {
          "epoch": 267,
          "train_objective": 1.9324222803115845,
          "dev_nll": 2.0903143882751465,
          "dev_kl": 0.1590580820816212,
          "dev_objective": 2.0903143882751465
        },
        {
          "epoch": 268,
          "train_objective": 1.9319902658462524,
          "dev_nll": 2.0898616313934326,
          "dev_kl": 0.15961309628815915,
          "dev_objective": 2.0898616313934326
        },
        {
          "epoch": 269,
          "train_objective": 1.9315614700317383,
          "dev_nll": 2.0894124507904053,
          "dev_kl": 0.16016719137052216,
          "dev_objective": 2.0894124507904053
        },
        {
          "epoch": 270,
          "train_objective": 1.9311354160308838,
          "dev_nll": 2.0889663696289062,
          "dev_kl": 0.16072029209217656,
          "dev_objective": 2.0889663696289062
        },
        {
          "epoch": 271,
          "train_objective": 1.9307125806808472,
          "dev_nll": 2.0885233879089355,
          "dev_kl": 0.16127246121469663,
          "dev_objective": 2.0885233879089355
        },
        {
          "epoch": 272,
          "train_objective": 1.9302927255630493,
          "dev_nll": 2.088083267211914,
          "dev_kl": 0.16182368575802333,
          "dev_objective": 2.088083267211914
        },
        {
          "epoch": 273,
          "train_objective": 1.9298757314682007,
          "dev_nll": 2.087646722793579,
          "dev_kl": 0.1623739601854463,
          "dev_objective": 2.087646722793579
        },
        {
          "epoch": 274,
          "train_objective": 1.9294615983963013,
          "dev_nll": 2.0872128009796143,
          "dev_kl": 0.16292328823463673,
          "dev_objective": 2.0872128009796143
        },
        {
          "epoch": 275,
          "train_objective": 1.9290504455566406,
          "dev_nll": 2.086782455444336,
          "dev_kl": 0.16347167304311663,
          "dev_objective": 2.086782455444336
        },
        {
          "epoch": 276,
          "train_objective": 1.9286420345306396,
          "dev_nll": 2.086354970932007,
          "dev_kl": 0.1640190792202761,
          "dev_objective": 2.086354970932007
        },
        {
          "epoch": 277,
          "train_objective": 1.9282362461090088,
          "dev_nll": 2.085930347442627,
          "dev_kl": 0.16456555012853408,
          "dev_objective": 2.085930347442627
        },
        {
          "epoch": 278,
          "train_objective": 1.9278337955474854,
          "dev_nll": 2.0855085849761963,
          "dev_kl": 0.1651110469857456,
          "dev_objective": 2.0855085849761963
        },
        {
          "epoch": 279,
          "train_objective": 1.9274338483810425,
          "dev_nll": 2.085089683532715,
          "dev_kl": 0.16565561046328156,
          "dev_objective": 2.085089683532715
        },
        {
          "epoch": 280,
          "train_objective": 1.9270367622375488,
          "dev_nll": 2.084674119949341,
          "dev_kl": 0.16619922345642174,
          "dev_objective": 2.084674119949341
        },
        {
          "epoch": 281,
          "train_objective": 1.9266422986984253,
          "dev_nll": 2.084261417388916,
          "dev_kl": 0.1667418693759241,
          "dev_objective": 2.084261417388916
        },
        {
          "epoch": 282,
          "train_objective": 1.926250696182251,
          "dev_nll": 2.0838515758514404,
          "dev_kl": 0.167283556078356,
          "dev_objective": 2.0838515758514404
        },
        {
          "epoch": 283,
          "train_objective": 1.9258618354797363,
          "dev_nll": 2.083444595336914,
          "dev_kl": 0.16782430183405767,
          "dev_objective": 2.083444595336914
        },
        {
          "epoch": 284,
          "train_objective": 1.925475835800171,
          "dev_nll": 2.083040475845337,
          "dev_kl": 0.16836409021080698,
          "dev_objective": 2.083040475845337
        },
        {
          "epoch": 285,
          "train_objective": 1.9250925779342651,
          "dev_nll": 2.082639694213867,
          "dev_kl": 0.16890293246674007,
          "dev_objective": 2.082639694213867
        },
        {
          "epoch": 286,
          "train_objective": 1.92471182346344,
          "dev_nll": 2.0822412967681885,
          "dev_kl": 0.16944079967558331,
          "dev_objective": 2.0822412967681885
        },
        {
          "epoch": 287,
          "train_objective": 1.9243336915969849,
          "dev_nll": 2.081845760345459,
          "dev_kl": 0.16997773342495015,
          "dev_objective": 2.081845760345459
        },
        {
          "epoch": 288,
          "train_objective": 1.9239583015441895,
          "dev_nll": 2.081453323364258,
          "dev_kl": 0.17051367134767897,
          "dev_objective": 2.081453323364258
        },
        {
          "epoch": 289,
          "train_objective": 1.9235855340957642,
          "dev_nll": 2.0810635089874268,
          "dev_kl": 0.17104866578982533,
          "dev_objective": 2.0810635089874268
        },
        {
          "epoch": 290,
          "train_objective": 1.923215627670288,
          "dev_nll": 2.080676555633545,
          "dev_kl": 0.171582687346076,
          "dev_objective": 2.080676555633545
        },
        {
          "epoch": 291,
          "train_objective": 1.9228479862213135,
          "dev_nll": 2.080291986465454,
          "dev_kl": 0.17211576007837487,
          "dev_objective": 2.080291986465454
        },
        {
          "epoch": 292,
          "train_objective": 1.9224830865859985,
          "dev_nll": 2.0799107551574707,
          "dev_kl": 0.1726478517784046,
          "dev_objective": 2.0799107551574707
        },
        {
          "epoch": 293,
          "train_objective": 1.9221208095550537,
          "dev_nll": 2.0795321464538574,
          "dev_kl": 0.17317898236632895,
          "dev_objective": 2.0795321464538574
        },
        {
          "epoch": 294,
          "train_objective": 1.9217610359191895,
          "dev_nll": 2.0791561603546143,
          "dev_kl": 0.17370915502819587,
          "dev_objective": 2.0791561603546143
        },
        {
          "epoch": 295,
          "train_objective": 1.9214037656784058,
          "dev_nll": 2.078782558441162,
          "dev_kl": 0.1742383326089757,
          "dev_objective": 2.078782558441162
        },
        {
          "epoch": 296,
          "train_objective": 1.9210491180419922,
          "dev_nll": 2.0784120559692383,
          "dev_kl": 0.17476654075407197,
          "dev_objective": 2.0784120559692383
        },
        {
          "epoch": 297,
          "train_objective": 1.9206969738006592,
          "dev_nll": 2.0780441761016846,
          "dev_kl": 0.17529378199481382,
          "dev_objective": 2.0780441761016846
        },
        {
          "epoch": 298,
          "train_objective": 1.9203473329544067,
          "dev_nll": 2.077678918838501,
          "dev_kl": 0.17582006017830515,
          "dev_objective": 2.077678918838501
        },
        {
          "epoch": 299,
          "train_objective": 1.9200001955032349,
          "dev_nll": 2.0773160457611084,
          "dev_kl": 0.1763453390855331,
          "dev_objective": 2.0773160457611084
        }
      ]
    },
    "signed_logic_repair_head": {
      "kl_lambda": 0.0,
      "best_dev_nll": 1.9695912599563599,
      "best_dev_kl": 0.23364859416465006,
      "best_dev_objective": 1.9695912599563599,
      "epochs_run": 300,
      "history": [
        {
          "epoch": 0,
          "train_objective": 2.3140065670013428,
          "dev_nll": 2.3975112438201904,
          "dev_kl": 0.0528621795050229,
          "dev_objective": 2.3975112438201904
        },
        {
          "epoch": 1,
          "train_objective": 2.2641987800598145,
          "dev_nll": 2.382007122039795,
          "dev_kl": 0.0823488888075395,
          "dev_objective": 2.382007122039795
        },
        {
          "epoch": 2,
          "train_objective": 2.2567527294158936,
          "dev_nll": 2.3678159713745117,
          "dev_kl": 0.07567725280645274,
          "dev_objective": 2.3678159713745117
        },
        {
          "epoch": 3,
          "train_objective": 2.239572525024414,
          "dev_nll": 2.356153964996338,
          "dev_kl": 0.05244358596692403,
          "dev_objective": 2.356153964996338
        },
        {
          "epoch": 4,
          "train_objective": 2.216925859451294,
          "dev_nll": 2.353297710418701,
          "dev_kl": 0.03060653379877969,
          "dev_objective": 2.353297710418701
        },
        {
          "epoch": 5,
          "train_objective": 2.198798656463623,
          "dev_nll": 2.3598532676696777,
          "dev_kl": 0.01962719218722815,
          "dev_objective": 2.3598532676696777
        },
        {
          "epoch": 6,
          "train_objective": 2.190152406692505,
          "dev_nll": 2.3676931858062744,
          "dev_kl": 0.019129868328285914,
          "dev_objective": 2.3676931858062744
        },
        {
          "epoch": 7,
          "train_objective": 2.187075614929199,
          "dev_nll": 2.3673126697540283,
          "dev_kl": 0.023277535710686578,
          "dev_objective": 2.3673126697540283
        },
        {
          "epoch": 8,
          "train_objective": 2.181946277618408,
          "dev_nll": 2.357065439224243,
          "dev_kl": 0.028504423975274192,
          "dev_objective": 2.357065439224243
        },
        {
          "epoch": 9,
          "train_objective": 2.172990083694458,
          "dev_nll": 2.341287851333618,
          "dev_kl": 0.03503651306926904,
          "dev_objective": 2.341287851333618
        },
        {
          "epoch": 10,
          "train_objective": 2.1636316776275635,
          "dev_nll": 2.325269937515259,
          "dev_kl": 0.04439135133514121,
          "dev_objective": 2.325269937515259
        },
        {
          "epoch": 11,
          "train_objective": 2.1572682857513428,
          "dev_nll": 2.3124454021453857,
          "dev_kl": 0.0566331518874053,
          "dev_objective": 2.3124454021453857
        },
        {
          "epoch": 12,
          "train_objective": 2.15425443649292,
          "dev_nll": 2.3035402297973633,
          "dev_kl": 0.06818634779718254,
          "dev_objective": 2.3035402297973633
        },
        {
          "epoch": 13,
          "train_objective": 2.1521739959716797,
          "dev_nll": 2.2977614402770996,
          "dev_kl": 0.07376631277973854,
          "dev_objective": 2.2977614402770996
        },
        {
          "epoch": 14,
          "train_objective": 2.148681402206421,
          "dev_nll": 2.2945642471313477,
          "dev_kl": 0.07187969895875862,
          "dev_objective": 2.2945642471313477
        },
        {
          "epoch": 15,
          "train_objective": 2.1433842182159424,
          "dev_nll": 2.2939810752868652,
          "dev_kl": 0.06590012468833235,
          "dev_objective": 2.2939810752868652
        },
        {
          "epoch": 16,
          "train_objective": 2.1375105381011963,
          "dev_nll": 2.295679807662964,
          "dev_kl": 0.06018328514783793,
          "dev_objective": 2.295679807662964
        },
        {
          "epoch": 17,
          "train_objective": 2.1325457096099854,
          "dev_nll": 2.298147678375244,
          "dev_kl": 0.0568598996352164,
          "dev_objective": 2.298147678375244
        },
        {
          "epoch": 18,
          "train_objective": 2.1290223598480225,
          "dev_nll": 2.298988103866577,
          "dev_kl": 0.05574757450508074,
          "dev_objective": 2.298988103866577
        },
        {
          "epoch": 19,
          "train_objective": 2.126222610473633,
          "dev_nll": 2.29622483253479,
          "dev_kl": 0.0558857181233414,
          "dev_objective": 2.29622483253479
        },
        {
          "epoch": 20,
          "train_objective": 2.1230101585388184,
          "dev_nll": 2.2894420623779297,
          "dev_kl": 0.056733634249652706,
          "dev_objective": 2.2894420623779297
        },
        {
          "epoch": 21,
          "train_objective": 2.1189358234405518,
          "dev_nll": 2.2798283100128174,
          "dev_kl": 0.05837482644522923,
          "dev_objective": 2.2798283100128174
        },
        {
          "epoch": 22,
          "train_objective": 2.114504098892212,
          "dev_nll": 2.269350290298462,
          "dev_kl": 0.061031052915965237,
          "dev_objective": 2.269350290298462
        },
        {
          "epoch": 23,
          "train_objective": 2.1105520725250244,
          "dev_nll": 2.259779691696167,
          "dev_kl": 0.06446350594576929,
          "dev_objective": 2.259779691696167
        },
        {
          "epoch": 24,
          "train_objective": 2.1074905395507812,
          "dev_nll": 2.252112627029419,
          "dev_kl": 0.06779567291584587,
          "dev_objective": 2.252112627029419
        },
        {
          "epoch": 25,
          "train_objective": 2.1050477027893066,
          "dev_nll": 2.2465810775756836,
          "dev_kl": 0.06998175308258543,
          "dev_objective": 2.2465810775756836
        },
        {
          "epoch": 26,
          "train_objective": 2.1026265621185303,
          "dev_nll": 2.2430238723754883,
          "dev_kl": 0.07051737603521155,
          "dev_objective": 2.2430238723754883
        },
        {
          "epoch": 27,
          "train_objective": 2.099851608276367,
          "dev_nll": 2.2411715984344482,
          "dev_kl": 0.06970874519432865,
          "dev_objective": 2.2411715984344482
        },
        {
          "epoch": 28,
          "train_objective": 2.096820592880249,
          "dev_nll": 2.2406363487243652,
          "dev_kl": 0.0683422886706408,
          "dev_objective": 2.2406363487243652
        },
        {
          "epoch": 29,
          "train_objective": 2.093916416168213,
          "dev_nll": 2.2407572269439697,
          "dev_kl": 0.06717037905247943,
          "dev_objective": 2.2407572269439697
        },
        {
          "epoch": 30,
          "train_objective": 2.0914273262023926,
          "dev_nll": 2.2405996322631836,
          "dev_kl": 0.06661117459166675,
          "dev_objective": 2.2405996322631836
        },
        {
          "epoch": 31,
          "train_objective": 2.0893020629882812,
          "dev_nll": 2.2392351627349854,
          "dev_kl": 0.06675728471694334,
          "dev_objective": 2.2392351627349854
        },
        {
          "epoch": 32,
          "train_objective": 2.087228775024414,
          "dev_nll": 2.236147880554199,
          "dev_kl": 0.06755702160749465,
          "dev_objective": 2.236147880554199
        },
        {
          "epoch": 33,
          "train_objective": 2.08493971824646,
          "dev_nll": 2.231459140777588,
          "dev_kl": 0.06895494120450871,
          "dev_objective": 2.231459140777588
        },
        {
          "epoch": 34,
          "train_objective": 2.082427501678467,
          "dev_nll": 2.2258241176605225,
          "dev_kl": 0.07087473590077172,
          "dev_objective": 2.2258241176605225
        },
        {
          "epoch": 35,
          "train_objective": 2.079902410507202,
          "dev_nll": 2.2201011180877686,
          "dev_kl": 0.07310151954692218,
          "dev_objective": 2.2201011180877686
        },
        {
          "epoch": 36,
          "train_objective": 2.0775623321533203,
          "dev_nll": 2.2150185108184814,
          "dev_kl": 0.07522598297275122,
          "dev_objective": 2.2150185108184814
        },
        {
          "epoch": 37,
          "train_objective": 2.075415849685669,
          "dev_nll": 2.2110164165496826,
          "dev_kl": 0.07676625273550951,
          "dev_objective": 2.2110164165496826
        },
        {
          "epoch": 38,
          "train_objective": 2.073303461074829,
          "dev_nll": 2.2082605361938477,
          "dev_kl": 0.07741551849645592,
          "dev_objective": 2.2082605361938477
        },
        {
          "epoch": 39,
          "train_objective": 2.071070909500122,
          "dev_nll": 2.2067079544067383,
          "dev_kl": 0.07722052101857,
          "dev_objective": 2.2067079544067383
        },
        {
          "epoch": 40,
          "train_objective": 2.0687148571014404,
          "dev_nll": 2.2061171531677246,
          "dev_kl": 0.07654103321293669,
          "dev_objective": 2.2061171531677246
        },
        {
          "epoch": 41,
          "train_objective": 2.0663704872131348,
          "dev_nll": 2.206019401550293,
          "dev_kl": 0.07583453743568351,
          "dev_objective": 2.206019401550293
        },
        {
          "epoch": 42,
          "train_objective": 2.06416654586792,
          "dev_nll": 2.2057671546936035,
          "dev_kl": 0.07544369272692429,
          "dev_objective": 2.2057671546936035
        },
        {
          "epoch": 43,
          "train_objective": 2.062105655670166,
          "dev_nll": 2.204732894897461,
          "dev_kl": 0.07552136862350087,
          "dev_objective": 2.204732894897461
        },
        {
          "epoch": 44,
          "train_objective": 2.0600805282592773,
          "dev_nll": 2.202575922012329,
          "dev_kl": 0.0760816489759412,
          "dev_objective": 2.202575922012329
        },
        {
          "epoch": 45,
          "train_objective": 2.058000087738037,
          "dev_nll": 2.1993956565856934,
          "dev_kl": 0.07706636657577849,
          "dev_objective": 2.1993956565856934
        },
        {
          "epoch": 46,
          "train_objective": 2.0558836460113525,
          "dev_nll": 2.195664167404175,
          "dev_kl": 0.07834841604269441,
          "dev_objective": 2.195664167404175
        },
        {
          "epoch": 47,
          "train_objective": 2.0538272857666016,
          "dev_nll": 2.192002296447754,
          "dev_kl": 0.07970080521678732,
          "dev_objective": 2.192002296447754
        },
        {
          "epoch": 48,
          "train_objective": 2.051888942718506,
          "dev_nll": 2.1889398097991943,
          "dev_kl": 0.08082469816004197,
          "dev_objective": 2.1889398097991943
        },
        {
          "epoch": 49,
          "train_objective": 2.0500314235687256,
          "dev_nll": 2.1867780685424805,
          "dev_kl": 0.0814759399922144,
          "dev_objective": 2.1867780685424805
        },
        {
          "epoch": 50,
          "train_objective": 2.0481722354888916,
          "dev_nll": 2.1855552196502686,
          "dev_kl": 0.08160612991289987,
          "dev_objective": 2.1855552196502686
        },
        {
          "epoch": 51,
          "train_objective": 2.0462796688079834,
          "dev_nll": 2.1850526332855225,
          "dev_kl": 0.08138876296429624,
          "dev_objective": 2.1850526332855225
        },
        {
          "epoch": 52,
          "train_objective": 2.044398784637451,
          "dev_nll": 2.1848323345184326,
          "dev_kl": 0.08110443034186779,
          "dev_objective": 2.1848323345184326
        },
        {
          "epoch": 53,
          "train_objective": 2.042585611343384,
          "dev_nll": 2.1843459606170654,
          "dev_kl": 0.08099382944525249,
          "dev_objective": 2.1843459606170654
        },
        {
          "epoch": 54,
          "train_objective": 2.040839433670044,
          "dev_nll": 2.1831300258636475,
          "dev_kl": 0.0811870292865581,
          "dev_objective": 2.1831300258636475
        },
        {
          "epoch": 55,
          "train_objective": 2.0391077995300293,
          "dev_nll": 2.1810081005096436,
          "dev_kl": 0.08171304933831937,
          "dev_objective": 2.1810081005096436
        },
        {
          "epoch": 56,
          "train_objective": 2.03735613822937,
          "dev_nll": 2.1781582832336426,
          "dev_kl": 0.08252282275427733,
          "dev_objective": 2.1781582832336426
        },
        {
          "epoch": 57,
          "train_objective": 2.0356054306030273,
          "dev_nll": 2.175013542175293,
          "dev_kl": 0.08348978590220213,
          "dev_objective": 2.175013542175293
        },
        {
          "epoch": 58,
          "train_objective": 2.0338973999023438,
          "dev_nll": 2.1720590591430664,
          "dev_kl": 0.0844219227400308,
          "dev_objective": 2.1720590591430664
        },
        {
          "epoch": 59,
          "train_objective": 2.032240390777588,
          "dev_nll": 2.1696488857269287,
          "dev_kl": 0.08513006114123028,
          "dev_objective": 2.1696488857269287
        },
        {
          "epoch": 60,
          "train_objective": 2.0306031703948975,
          "dev_nll": 2.167912721633911,
          "dev_kl": 0.08552830595327841,
          "dev_objective": 2.167912721633911
        },
        {
          "epoch": 61,
          "train_objective": 2.0289597511291504,
          "dev_nll": 2.1667404174804688,
          "dev_kl": 0.0856838573423785,
          "dev_objective": 2.1667404174804688
        },
        {
          "epoch": 62,
          "train_objective": 2.0273213386535645,
          "dev_nll": 2.165827989578247,
          "dev_kl": 0.08577110636378488,
          "dev_objective": 2.165827989578247
        },
        {
          "epoch": 63,
          "train_objective": 2.025714874267578,
          "dev_nll": 2.1647791862487793,
          "dev_kl": 0.08597523335277313,
          "dev_objective": 2.1647791862487793
        },
        {
          "epoch": 64,
          "train_objective": 2.024146318435669,
          "dev_nll": 2.1632609367370605,
          "dev_kl": 0.08641953515114202,
          "dev_objective": 2.1632609367370605
        },
        {
          "epoch": 65,
          "train_objective": 2.0225934982299805,
          "dev_nll": 2.1611502170562744,
          "dev_kl": 0.08714229213975129,
          "dev_objective": 2.1611502170562744
        },
        {
          "epoch": 66,
          "train_objective": 2.0210399627685547,
          "dev_nll": 2.158582925796509,
          "dev_kl": 0.08809913916047662,
          "dev_objective": 2.158582925796509
        },
        {
          "epoch": 67,
          "train_objective": 2.019493341445923,
          "dev_nll": 2.1558780670166016,
          "dev_kl": 0.08917335408829874,
          "dev_objective": 2.1558780670166016
        },
        {
          "epoch": 68,
          "train_objective": 2.017972230911255,
          "dev_nll": 2.1533868312835693,
          "dev_kl": 0.09020823893332554,
          "dev_objective": 2.1533868312835693
        },
        {
          "epoch": 69,
          "train_objective": 2.0164759159088135,
          "dev_nll": 2.151350259780884,
          "dev_kl": 0.09107271794440044,
          "dev_objective": 2.151350259780884
        },
        {
          "epoch": 70,
          "train_objective": 2.014988899230957,
          "dev_nll": 2.149822950363159,
          "dev_kl": 0.09172874839315491,
          "dev_objective": 2.149822950363159
        },
        {
          "epoch": 71,
          "train_objective": 2.0135035514831543,
          "dev_nll": 2.148665428161621,
          "dev_kl": 0.09224797003421813,
          "dev_objective": 2.148665428161621
        },
        {
          "epoch": 72,
          "train_objective": 2.012028932571411,
          "dev_nll": 2.1476056575775146,
          "dev_kl": 0.09276351799452377,
          "dev_objective": 2.1476056575775146
        },
        {
          "epoch": 73,
          "train_objective": 2.010575771331787,
          "dev_nll": 2.1463499069213867,
          "dev_kl": 0.09339837825316336,
          "dev_objective": 2.1463499069213867
        },
        {
          "epoch": 74,
          "train_objective": 2.0091402530670166,
          "dev_nll": 2.144716262817383,
          "dev_kl": 0.0942161911535227,
          "dev_objective": 2.144716262817383
        },
        {
          "epoch": 75,
          "train_objective": 2.0077121257781982,
          "dev_nll": 2.1427178382873535,
          "dev_kl": 0.09520548561798228,
          "dev_objective": 2.1427178382873535
        },
        {
          "epoch": 76,
          "train_objective": 2.0062901973724365,
          "dev_nll": 2.140547275543213,
          "dev_kl": 0.09628692286599788,
          "dev_objective": 2.140547275543213
        },
        {
          "epoch": 77,
          "train_objective": 2.004883289337158,
          "dev_nll": 2.1384694576263428,
          "dev_kl": 0.09734170124941174,
          "dev_objective": 2.1384694576263428
        },
        {
          "epoch": 78,
          "train_objective": 2.003495454788208,
          "dev_nll": 2.1366970539093018,
          "dev_kl": 0.09826301597434306,
          "dev_objective": 2.1366970539093018
        },
        {
          "epoch": 79,
          "train_objective": 2.002119302749634,
          "dev_nll": 2.135298728942871,
          "dev_kl": 0.09901022590366343,
          "dev_objective": 2.135298728942871
        },
        {
          "epoch": 80,
          "train_objective": 2.0007505416870117,
          "dev_nll": 2.1341779232025146,
          "dev_kl": 0.09962795947438045,
          "dev_objective": 2.1341779232025146
        },
        {
          "epoch": 81,
          "train_objective": 1.9993919134140015,
          "dev_nll": 2.1331241130828857,
          "dev_kl": 0.10021485107755589,
          "dev_objective": 2.1331241130828857
        },
        {
          "epoch": 82,
          "train_objective": 1.9980486631393433,
          "dev_nll": 2.1319103240966797,
          "dev_kl": 0.10086773745640512,
          "dev_objective": 2.1319103240966797
        },
        {
          "epoch": 83,
          "train_objective": 1.9967187643051147,
          "dev_nll": 2.1304056644439697,
          "dev_kl": 0.10163769711019291,
          "dev_objective": 2.1304056644439697
        },
        {
          "epoch": 84,
          "train_objective": 1.9953967332839966,
          "dev_nll": 2.1286375522613525,
          "dev_kl": 0.10251315325994285,
          "dev_objective": 2.1286375522613525
        },
        {
          "epoch": 85,
          "train_objective": 1.9940826892852783,
          "dev_nll": 2.1267666816711426,
          "dev_kl": 0.10342834125678506,
          "dev_objective": 2.1267666816711426
        },
        {
          "epoch": 86,
          "train_objective": 1.9927806854248047,
          "dev_nll": 2.1249947547912598,
          "dev_kl": 0.10429401502704187,
          "dev_objective": 2.1249947547912598
        },
        {
          "epoch": 87,
          "train_objective": 1.9914906024932861,
          "dev_nll": 2.1234617233276367,
          "dev_kl": 0.10504325403411302,
          "dev_objective": 2.1234617233276367
        },
        {
          "epoch": 88,
          "train_objective": 1.9902098178863525,
          "dev_nll": 2.1221821308135986,
          "dev_kl": 0.10566830436038153,
          "dev_objective": 2.1221821308135986
        },
        {
          "epoch": 89,
          "train_objective": 1.988935947418213,
          "dev_nll": 2.121046543121338,
          "dev_kl": 0.10622276979753928,
          "dev_objective": 2.121046543121338
        },
        {
          "epoch": 90,
          "train_objective": 1.987672209739685,
          "dev_nll": 2.119884729385376,
          "dev_kl": 0.10678782353117582,
          "dev_objective": 2.119884729385376
        },
        {
          "epoch": 91,
          "train_objective": 1.9864195585250854,
          "dev_nll": 2.1185543537139893,
          "dev_kl": 0.10742819349416682,
          "dev_objective": 2.1185543537139893
        },
        {
          "epoch": 92,
          "train_objective": 1.9851759672164917,
          "dev_nll": 2.117018699645996,
          "dev_kl": 0.10816217300617287,
          "dev_objective": 2.117018699645996
        },
        {
          "epoch": 93,
          "train_objective": 1.983939528465271,
          "dev_nll": 2.115359306335449,
          "dev_kl": 0.10895671924170587,
          "dev_objective": 2.115359306335449
        },
        {
          "epoch": 94,
          "train_objective": 1.9827122688293457,
          "dev_nll": 2.113725185394287,
          "dev_kl": 0.10974634694866836,
          "dev_objective": 2.113725185394287
        },
        {
          "epoch": 95,
          "train_objective": 1.9814947843551636,
          "dev_nll": 2.11224627494812,
          "dev_kl": 0.1104689561461489,
          "dev_objective": 2.11224627494812
        },
        {
          "epoch": 96,
          "train_objective": 1.98028564453125,
          "dev_nll": 2.1109683513641357,
          "dev_kl": 0.11110152135182533,
          "dev_objective": 2.1109683513641357
        },
        {
          "epoch": 97,
          "train_objective": 1.9790840148925781,
          "dev_nll": 2.109833002090454,
          "dev_kl": 0.11167198790222287,
          "dev_objective": 2.109833002090454
        },
        {
          "epoch": 98,
          "train_objective": 1.9778902530670166,
          "dev_nll": 2.108717918395996,
          "dev_kl": 0.11223991393231816,
          "dev_objective": 2.108717918395996
        },
        {
          "epoch": 99,
          "train_objective": 1.9767051935195923,
          "dev_nll": 2.107506275177002,
          "dev_kl": 0.11286022191521741,
          "dev_objective": 2.107506275177002
        },
        {
          "epoch": 100,
          "train_objective": 1.9755282402038574,
          "dev_nll": 2.1061532497406006,
          "dev_kl": 0.11355364719976581,
          "dev_objective": 2.1061532497406006
        },
        {
          "epoch": 101,
          "train_objective": 1.974358320236206,
          "dev_nll": 2.104708194732666,
          "dev_kl": 0.11429799048064818,
          "dev_objective": 2.104708194732666
        },
        {
          "epoch": 102,
          "train_objective": 1.9731955528259277,
          "dev_nll": 2.103278160095215,
          "dev_kl": 0.11504239267519405,
          "dev_objective": 2.103278160095215
        },
        {
          "epoch": 103,
          "train_objective": 1.9720410108566284,
          "dev_nll": 2.1019623279571533,
          "dev_kl": 0.1157377689716316,
          "dev_objective": 2.1019623279571533
        },
        {
          "epoch": 104,
          "train_objective": 1.9708939790725708,
          "dev_nll": 2.1007936000823975,
          "dev_kl": 0.11636611132792407,
          "dev_objective": 2.1007936000823975
        },
        {
          "epoch": 105,
          "train_objective": 1.969753623008728,
          "dev_nll": 2.0997238159179688,
          "dev_kl": 0.11695027538019442,
          "dev_objective": 2.0997238159179688
        },
        {
          "epoch": 106,
          "train_objective": 1.9686201810836792,
          "dev_nll": 2.0986568927764893,
          "dev_kl": 0.11753733990143143,
          "dev_objective": 2.0986568927764893
        },
        {
          "epoch": 107,
          "train_objective": 1.9674944877624512,
          "dev_nll": 2.0975069999694824,
          "dev_kl": 0.11816838447890815,
          "dev_objective": 2.0975069999694824
        },
        {
          "epoch": 108,
          "train_objective": 1.966375708580017,
          "dev_nll": 2.096251964569092,
          "dev_kl": 0.11885470779417383,
          "dev_objective": 2.096251964569092
        },
        {
          "epoch": 109,
          "train_objective": 1.9652633666992188,
          "dev_nll": 2.0949394702911377,
          "dev_kl": 0.11957308028133647,
          "dev_objective": 2.0949394702911377
        },
        {
          "epoch": 110,
          "train_objective": 1.9641577005386353,
          "dev_nll": 2.0936553478240967,
          "dev_kl": 0.12028178840409964,
          "dev_objective": 2.0936553478240967
        },
        {
          "epoch": 111,
          "train_objective": 1.9630590677261353,
          "dev_nll": 2.0924642086029053,
          "dev_kl": 0.12094751138976144,
          "dev_objective": 2.0924642086029053
        },
        {
          "epoch": 112,
          "train_objective": 1.9619667530059814,
          "dev_nll": 2.091372013092041,
          "dev_kl": 0.12156673169304286,
          "dev_objective": 2.091372013092041
        },
        {
          "epoch": 113,
          "train_objective": 1.9608806371688843,
          "dev_nll": 2.090325117111206,
          "dev_kl": 0.1221666093577721,
          "dev_objective": 2.090325117111206
        },
        {
          "epoch": 114,
          "train_objective": 1.9598008394241333,
          "dev_nll": 2.0892484188079834,
          "dev_kl": 0.1227854069157113,
          "dev_objective": 2.0892484188079834
        },
        {
          "epoch": 115,
          "train_objective": 1.958727478981018,
          "dev_nll": 2.0880954265594482,
          "dev_kl": 0.1234470930911841,
          "dev_objective": 2.0880954265594482
        },
        {
          "epoch": 116,
          "train_objective": 1.95766019821167,
          "dev_nll": 2.0868771076202393,
          "dev_kl": 0.12414693307777445,
          "dev_objective": 2.0868771076202393
        },
        {
          "epoch": 117,
          "train_objective": 1.9565986394882202,
          "dev_nll": 2.085651159286499,
          "dev_kl": 0.12485603950992827,
          "dev_objective": 2.085651159286499
        },
        {
          "epoch": 118,
          "train_objective": 1.955543041229248,
          "dev_nll": 2.084481716156006,
          "dev_kl": 0.12554183836665847,
          "dev_objective": 2.084481716156006
        },
        {
          "epoch": 119,
          "train_objective": 1.9544936418533325,
          "dev_nll": 2.0833938121795654,
          "dev_kl": 0.12619030520304916,
          "dev_objective": 2.0833938121795654
        },
        {
          "epoch": 120,
          "train_objective": 1.9534497261047363,
          "dev_nll": 2.0823612213134766,
          "dev_kl": 0.12681475224258798,
          "dev_objective": 2.0823612213134766
        },
        {
          "epoch": 121,
          "train_objective": 1.9524118900299072,
          "dev_nll": 2.0813283920288086,
          "dev_kl": 0.1274448416774131,
          "dev_objective": 2.0813283920288086
        },
        {
          "epoch": 122,
          "train_objective": 1.951379418373108,
          "dev_nll": 2.0802481174468994,
          "dev_kl": 0.1281046118444553,
          "dev_objective": 2.0802481174468994
        },
        {
          "epoch": 123,
          "train_objective": 1.950352668762207,
          "dev_nll": 2.079118251800537,
          "dev_kl": 0.12879583541859663,
          "dev_objective": 2.079118251800537
        },
        {
          "epoch": 124,
          "train_objective": 1.9493310451507568,
          "dev_nll": 2.0779781341552734,
          "dev_kl": 0.12949778963135736,
          "dev_objective": 2.0779781341552734
        },
        {
          "epoch": 125,
          "train_objective": 1.9483153820037842,
          "dev_nll": 2.076878070831299,
          "dev_kl": 0.13018292126681416,
          "dev_objective": 2.076878070831299
        },
        {
          "epoch": 126,
          "train_objective": 1.9473047256469727,
          "dev_nll": 2.075843572616577,
          "dev_kl": 0.1308370708082352,
          "dev_objective": 2.075843572616577
        },
        {
          "epoch": 127,
          "train_objective": 1.94629967212677,
          "dev_nll": 2.074856996536255,
          "dev_kl": 0.13146909702223755,
          "dev_objective": 2.074856996536255
        },
        {
          "epoch": 128,
          "train_objective": 1.945299506187439,
          "dev_nll": 2.0738728046417236,
          "dev_kl": 0.1321028320704617,
          "dev_objective": 2.0738728046417236
        },
        {
          "epoch": 129,
          "train_objective": 1.9443049430847168,
          "dev_nll": 2.072854518890381,
          "dev_kl": 0.1327580657201789,
          "dev_objective": 2.072854518890381
        },
        {
          "epoch": 130,
          "train_objective": 1.943315029144287,
          "dev_nll": 2.071800470352173,
          "dev_kl": 0.1334356755138405,
          "dev_objective": 2.071800470352173
        },
        {
          "epoch": 131,
          "train_objective": 1.9423304796218872,
          "dev_nll": 2.070742607116699,
          "dev_kl": 0.13411786226225236,
          "dev_objective": 2.070742607116699
        },
        {
          "epoch": 132,
          "train_objective": 1.941351056098938,
          "dev_nll": 2.069720506668091,
          "dev_kl": 0.1347826936492516,
          "dev_objective": 2.069720506668091
        },
        {
          "epoch": 133,
          "train_objective": 1.94037663936615,
          "dev_nll": 2.0687484741210938,
          "dev_kl": 0.1354215271891125,
          "dev_objective": 2.0687484741210938
        },
        {
          "epoch": 134,
          "train_objective": 1.9394068717956543,
          "dev_nll": 2.0678069591522217,
          "dev_kl": 0.13604510234173148,
          "dev_objective": 2.0678069591522217
        },
        {
          "epoch": 135,
          "train_objective": 1.938442349433899,
          "dev_nll": 2.0668582916259766,
          "dev_kl": 0.13667389138549146,
          "dev_objective": 2.0668582916259766
        },
        {
          "epoch": 136,
          "train_objective": 1.9374825954437256,
          "dev_nll": 2.0658798217773438,
          "dev_kl": 0.1373208662224633,
          "dev_objective": 2.0658798217773438
        },
        {
          "epoch": 137,
          "train_objective": 1.9365276098251343,
          "dev_nll": 2.06488037109375,
          "dev_kl": 0.1379813483781031,
          "dev_objective": 2.06488037109375
        },
        {
          "epoch": 138,
          "train_objective": 1.935577392578125,
          "dev_nll": 2.0638906955718994,
          "dev_kl": 0.13863770808130804,
          "dev_objective": 2.0638906955718994
        },
        {
          "epoch": 139,
          "train_objective": 1.9346317052841187,
          "dev_nll": 2.0629374980926514,
          "dev_kl": 0.1392748214627406,
          "dev_objective": 2.0629374980926514
        },
        {
          "epoch": 140,
          "train_objective": 1.9336907863616943,
          "dev_nll": 2.062021017074585,
          "dev_kl": 0.13989269374419125,
          "dev_objective": 2.062021017074585
        },
        {
          "epoch": 141,
          "train_objective": 1.9327547550201416,
          "dev_nll": 2.061115264892578,
          "dev_kl": 0.140505830120791,
          "dev_objective": 2.061115264892578
        },
        {
          "epoch": 142,
          "train_objective": 1.9318230152130127,
          "dev_nll": 2.0601933002471924,
          "dev_kl": 0.14112974194464303,
          "dev_objective": 2.0601933002471924
        },
        {
          "epoch": 143,
          "train_objective": 1.9308960437774658,
          "dev_nll": 2.059250593185425,
          "dev_kl": 0.14176737899035816,
          "dev_objective": 2.059250593185425
        },
        {
          "epoch": 144,
          "train_objective": 1.9299736022949219,
          "dev_nll": 2.058307409286499,
          "dev_kl": 0.14240722666351846,
          "dev_objective": 2.058307409286499
        },
        {
          "epoch": 145,
          "train_objective": 1.9290558099746704,
          "dev_nll": 2.0573902130126953,
          "dev_kl": 0.1430342018664364,
          "dev_objective": 2.0573902130126953
        },
        {
          "epoch": 146,
          "train_objective": 1.9281423091888428,
          "dev_nll": 2.056506395339966,
          "dev_kl": 0.14364376993316616,
          "dev_objective": 2.056506395339966
        },
        {
          "epoch": 147,
          "train_objective": 1.927233338356018,
          "dev_nll": 2.0556395053863525,
          "dev_kl": 0.1442455894862031,
          "dev_objective": 2.0556395053863525
        },
        {
          "epoch": 148,
          "train_objective": 1.9263286590576172,
          "dev_nll": 2.054765224456787,
          "dev_kl": 0.14485375703905798,
          "dev_objective": 2.054765224456787
        },
        {
          "epoch": 149,
          "train_objective": 1.9254285097122192,
          "dev_nll": 2.0538747310638428,
          "dev_kl": 0.1454735396865515,
          "dev_objective": 2.0538747310638428
        },
        {
          "epoch": 150,
          "train_objective": 1.9245327711105347,
          "dev_nll": 2.052982807159424,
          "dev_kl": 0.1460968241820322,
          "dev_objective": 2.052982807159424
        },
        {
          "epoch": 151,
          "train_objective": 1.923641324043274,
          "dev_nll": 2.052110433578491,
          "dev_kl": 0.14671069244110596,
          "dev_objective": 2.052110433578491
        },
        {
          "epoch": 152,
          "train_objective": 1.922754168510437,
          "dev_nll": 2.0512659549713135,
          "dev_kl": 0.14731032900782604,
          "dev_objective": 2.0512659549713135
        },
        {
          "epoch": 153,
          "train_objective": 1.921871304512024,
          "dev_nll": 2.05043625831604,
          "dev_kl": 0.1479036156257104,
          "dev_objective": 2.05043625831604
        },
        {
          "epoch": 154,
          "train_objective": 1.9209928512573242,
          "dev_nll": 2.049600839614868,
          "dev_kl": 0.14850256371597248,
          "dev_objective": 2.049600839614868
        },
        {
          "epoch": 155,
          "train_objective": 1.9201185703277588,
          "dev_nll": 2.048753023147583,
          "dev_kl": 0.14911115242378606,
          "dev_objective": 2.048753023147583
        },
        {
          "epoch": 156,
          "train_objective": 1.9192484617233276,
          "dev_nll": 2.047905445098877,
          "dev_kl": 0.14972185669842386,
          "dev_objective": 2.047905445098877
        },
        {
          "epoch": 157,
          "train_objective": 1.918383002281189,
          "dev_nll": 2.0470762252807617,
          "dev_kl": 0.15032393395930768,
          "dev_objective": 2.0470762252807617
        },
        {
          "epoch": 158,
          "train_objective": 1.9175212383270264,
          "dev_nll": 2.046269178390503,
          "dev_kl": 0.15091509132968983,
          "dev_objective": 2.046269178390503
        },
        {
          "epoch": 159,
          "train_objective": 1.9166641235351562,
          "dev_nll": 2.0454697608947754,
          "dev_kl": 0.15150349078542222,
          "dev_objective": 2.0454697608947754
        },
        {
          "epoch": 160,
          "train_objective": 1.9158109426498413,
          "dev_nll": 2.044663429260254,
          "dev_kl": 0.1520985586196935,
          "dev_objective": 2.044663429260254
        },
        {
          "epoch": 161,
          "train_objective": 1.914961576461792,
          "dev_nll": 2.043848991394043,
          "dev_kl": 0.15270080448376136,
          "dev_objective": 2.043848991394043
        },
        {
          "epoch": 162,
          "train_objective": 1.9141167402267456,
          "dev_nll": 2.0430402755737305,
          "dev_kl": 0.15330172348166665,
          "dev_objective": 2.0430402755737305
        },
        {
          "epoch": 163,
          "train_objective": 1.913275957107544,
          "dev_nll": 2.042250394821167,
          "dev_kl": 0.15389377257839265,
          "dev_objective": 2.042250394821167
        },
        {
          "epoch": 164,
          "train_objective": 1.912439227104187,
          "dev_nll": 2.041475534439087,
          "dev_kl": 0.15447890958110352,
          "dev_objective": 2.041475534439087
        },
        {
          "epoch": 165,
          "train_objective": 1.9116066694259644,
          "dev_nll": 2.040701389312744,
          "dev_kl": 0.15506594454411476,
          "dev_objective": 2.040701389312744
        },
        {
          "epoch": 166,
          "train_objective": 1.9107780456542969,
          "dev_nll": 2.0399200916290283,
          "dev_kl": 0.1556600751599387,
          "dev_objective": 2.0399200916290283
        },
        {
          "epoch": 167,
          "train_objective": 1.9099535942077637,
          "dev_nll": 2.0391385555267334,
          "dev_kl": 0.15625700992982713,
          "dev_objective": 2.0391385555267334
        },
        {
          "epoch": 168,
          "train_objective": 1.9091333150863647,
          "dev_nll": 2.038370132446289,
          "dev_kl": 0.15684858886074396,
          "dev_objective": 2.038370132446289
        },
        {
          "epoch": 169,
          "train_objective": 1.908316969871521,
          "dev_nll": 2.0376174449920654,
          "dev_kl": 0.1574327921768981,
          "dev_objective": 2.0376174449920654
        },
        {
          "epoch": 170,
          "train_objective": 1.9075044393539429,
          "dev_nll": 2.0368714332580566,
          "dev_kl": 0.1580159969725496,
          "dev_objective": 2.0368714332580566
        },
        {
          "epoch": 171,
          "train_objective": 1.9066962003707886,
          "dev_nll": 2.036120891571045,
          "dev_kl": 0.1586046447947381,
          "dev_objective": 2.036120891571045
        },
        {
          "epoch": 172,
          "train_objective": 1.9058918952941895,
          "dev_nll": 2.0353684425354004,
          "dev_kl": 0.15919741921149375,
          "dev_objective": 2.0353684425354004
        },
        {
          "epoch": 173,
          "train_objective": 1.9050915241241455,
          "dev_nll": 2.034625291824341,
          "dev_kl": 0.15978721533751777,
          "dev_objective": 2.034625291824341
        },
        {
          "epoch": 174,
          "train_objective": 1.9042953252792358,
          "dev_nll": 2.0338969230651855,
          "dev_kl": 0.16037053186934622,
          "dev_objective": 2.0338969230651855
        },
        {
          "epoch": 175,
          "train_objective": 1.9035029411315918,
          "dev_nll": 2.0331761837005615,
          "dev_kl": 0.16095192471308814,
          "dev_objective": 2.0331761837005615
        },
        {
          "epoch": 176,
          "train_objective": 1.902714490890503,
          "dev_nll": 2.0324530601501465,
          "dev_kl": 0.1615376489259483,
          "dev_objective": 2.0324530601501465
        },
        {
          "epoch": 177,
          "train_objective": 1.9019299745559692,
          "dev_nll": 2.0317280292510986,
          "dev_kl": 0.162127309779246,
          "dev_objective": 2.0317280292510986
        },
        {
          "epoch": 178,
          "train_objective": 1.9011493921279907,
          "dev_nll": 2.031010627746582,
          "dev_kl": 0.16271476693556555,
          "dev_objective": 2.031010627746582
        },
        {
          "epoch": 179,
          "train_objective": 1.900372862815857,
          "dev_nll": 2.030305862426758,
          "dev_kl": 0.1632968505652952,
          "dev_objective": 2.030305862426758
        },
        {
          "epoch": 180,
          "train_objective": 1.8996001482009888,
          "dev_nll": 2.0296080112457275,
          "dev_kl": 0.16387758940653574,
          "dev_objective": 2.0296080112457275
        },
        {
          "epoch": 181,
          "train_objective": 1.8988312482833862,
          "dev_nll": 2.0289077758789062,
          "dev_kl": 0.16446231826463895,
          "dev_objective": 2.0289077758789062
        },
        {
          "epoch": 182,
          "train_objective": 1.8980666399002075,
          "dev_nll": 2.0282070636749268,
          "dev_kl": 0.165050090476495,
          "dev_objective": 2.0282070636749268
        },
        {
          "epoch": 183,
          "train_objective": 1.8973054885864258,
          "dev_nll": 2.027514934539795,
          "dev_kl": 0.16563543066900643,
          "dev_objective": 2.027514934539795
        },
        {
          "epoch": 184,
          "train_objective": 1.8965482711791992,
          "dev_nll": 2.0268335342407227,
          "dev_kl": 0.1662165354824655,
          "dev_objective": 2.0268335342407227
        },
        {
          "epoch": 185,
          "train_objective": 1.8957951068878174,
          "dev_nll": 2.026156187057495,
          "dev_kl": 0.1667978353591846,
          "dev_objective": 2.026156187057495
        },
        {
          "epoch": 186,
          "train_objective": 1.8950457572937012,
          "dev_nll": 2.0254766941070557,
          "dev_kl": 0.16738311992958188,
          "dev_objective": 2.0254766941070557
        },
        {
          "epoch": 187,
          "train_objective": 1.8943002223968506,
          "dev_nll": 2.0248000621795654,
          "dev_kl": 0.1679698885906668,
          "dev_objective": 2.0248000621795654
        },
        {
          "epoch": 188,
          "train_objective": 1.8935585021972656,
          "dev_nll": 2.024132490158081,
          "dev_kl": 0.16855354386291677,
          "dev_objective": 2.024132490158081
        },
        {
          "epoch": 189,
          "train_objective": 1.8928205966949463,
          "dev_nll": 2.0234735012054443,
          "dev_kl": 0.16913470413137768,
          "dev_objective": 2.0234735012054443
        },
        {
          "epoch": 190,
          "train_objective": 1.8920865058898926,
          "dev_nll": 2.0228159427642822,
          "dev_kl": 0.1697179792062079,
          "dev_objective": 2.0228159427642822
        },
        {
          "epoch": 191,
          "train_objective": 1.891356348991394,
          "dev_nll": 2.022157669067383,
          "dev_kl": 0.1703045409371806,
          "dev_objective": 2.022157669067383
        },
        {
          "epoch": 192,
          "train_objective": 1.8906298875808716,
          "dev_nll": 2.02150559425354,
          "dev_kl": 0.17089039401992434,
          "dev_objective": 2.02150559425354
        },
        {
          "epoch": 193,
          "train_objective": 1.8899071216583252,
          "dev_nll": 2.0208628177642822,
          "dev_kl": 0.17147322870122508,
          "dev_objective": 2.0208628177642822
        },
        {
          "epoch": 194,
          "train_objective": 1.889188528060913,
          "dev_nll": 2.0202245712280273,
          "dev_kl": 0.17205622556409048,
          "dev_objective": 2.0202245712280273
        },
        {
          "epoch": 195,
          "train_objective": 1.888473391532898,
          "dev_nll": 2.0195863246917725,
          "dev_kl": 0.17264248578689032,
          "dev_objective": 2.0195863246917725
        },
        {
          "epoch": 196,
          "train_objective": 1.887762188911438,
          "dev_nll": 2.018951177597046,
          "dev_kl": 0.1732298415191772,
          "dev_objective": 2.018951177597046
        },
        {
          "epoch": 197,
          "train_objective": 1.887054681777954,
          "dev_nll": 2.018324613571167,
          "dev_kl": 0.17381485430298432,
          "dev_objective": 2.018324613571167
        },
        {
          "epoch": 198,
          "train_objective": 1.8863509893417358,
          "dev_nll": 2.0177042484283447,
          "dev_kl": 0.17439900414131942,
          "dev_objective": 2.0177042484283447
        },
        {
          "epoch": 199,
          "train_objective": 1.885650873184204,
          "dev_nll": 2.017084836959839,
          "dev_kl": 0.1749857717959751,
          "dev_objective": 2.017084836959839
        },
        {
          "epoch": 200,
          "train_objective": 1.884954810142517,
          "dev_nll": 2.016467332839966,
          "dev_kl": 0.17557445111038583,
          "dev_objective": 2.016467332839966
        },
        {
          "epoch": 201,
          "train_objective": 1.884262204170227,
          "dev_nll": 2.015857458114624,
          "dev_kl": 0.17616166781273582,
          "dev_objective": 2.015857458114624
        },
        {
          "epoch": 202,
          "train_objective": 1.883573293685913,
          "dev_nll": 2.015254020690918,
          "dev_kl": 0.17674769766087975,
          "dev_objective": 2.015254020690918
        },
        {
          "epoch": 203,
          "train_objective": 1.8828881978988647,
          "dev_nll": 2.014652729034424,
          "dev_kl": 0.17733589778729383,
          "dev_objective": 2.014652729034424
        },
        {
          "epoch": 204,
          "train_objective": 1.882206916809082,
          "dev_nll": 2.0140531063079834,
          "dev_kl": 0.17792615231366887,
          "dev_objective": 2.0140531063079834
        },
        {
          "epoch": 205,
          "train_objective": 1.8815292119979858,
          "dev_nll": 2.0134599208831787,
          "dev_kl": 0.17851536223409517,
          "dev_objective": 2.0134599208831787
        },
        {
          "epoch": 206,
          "train_objective": 1.8808552026748657,
          "dev_nll": 2.012873411178589,
          "dev_kl": 0.17910359920032562,
          "dev_objective": 2.012873411178589
        },
        {
          "epoch": 207,
          "train_objective": 1.8801848888397217,
          "dev_nll": 2.012288808822632,
          "dev_kl": 0.1796938563066144,
          "dev_objective": 2.012288808822632
        },
        {
          "epoch": 208,
          "train_objective": 1.8795183897018433,
          "dev_nll": 2.011706590652466,
          "dev_kl": 0.18028593804281687,
          "dev_objective": 2.011706590652466
        },
        {
          "epoch": 209,
          "train_objective": 1.8788554668426514,
          "dev_nll": 2.0111310482025146,
          "dev_kl": 0.18087705165418166,
          "dev_objective": 2.0111310482025146
        },
        {
          "epoch": 210,
          "train_objective": 1.8781962394714355,
          "dev_nll": 2.010561466217041,
          "dev_kl": 0.18146760073009757,
          "dev_objective": 2.010561466217041
        },
        {
          "epoch": 211,
          "train_objective": 1.8775405883789062,
          "dev_nll": 2.0099937915802,
          "dev_kl": 0.18206024801193346,
          "dev_objective": 2.0099937915802
        },
        {
          "epoch": 212,
          "train_objective": 1.8768887519836426,
          "dev_nll": 2.009429454803467,
          "dev_kl": 0.18265421638610743,
          "dev_objective": 2.009429454803467
        },
        {
          "epoch": 213,
          "train_objective": 1.8762402534484863,
          "dev_nll": 2.008871555328369,
          "dev_kl": 0.18324703029582218,
          "dev_objective": 2.008871555328369
        },
        {
          "epoch": 214,
          "train_objective": 1.8755956888198853,
          "dev_nll": 2.0083186626434326,
          "dev_kl": 0.18384005582230467,
          "dev_objective": 2.0083186626434326
        },
        {
          "epoch": 215,
          "train_objective": 1.8749547004699707,
          "dev_nll": 2.007767915725708,
          "dev_kl": 0.18443520372778538,
          "dev_objective": 2.007767915725708
        },
        {
          "epoch": 216,
          "train_objective": 1.8743172883987427,
          "dev_nll": 2.0072219371795654,
          "dev_kl": 0.18503068069056158,
          "dev_objective": 2.0072219371795654
        },
        {
          "epoch": 217,
          "train_objective": 1.8736833333969116,
          "dev_nll": 2.0066823959350586,
          "dev_kl": 0.18562526139430702,
          "dev_objective": 2.0066823959350586
        },
        {
          "epoch": 218,
          "train_objective": 1.8730531930923462,
          "dev_nll": 2.0061464309692383,
          "dev_kl": 0.1862208596881359,
          "dev_objective": 2.0061464309692383
        },
        {
          "epoch": 219,
          "train_objective": 1.8724267482757568,
          "dev_nll": 2.005613088607788,
          "dev_kl": 0.18681814232390495,
          "dev_objective": 2.005613088607788
        },
        {
          "epoch": 220,
          "train_objective": 1.8718035221099854,
          "dev_nll": 2.0050857067108154,
          "dev_kl": 0.18741488502165604,
          "dev_objective": 2.0050857067108154
        },
        {
          "epoch": 221,
          "train_objective": 1.8711841106414795,
          "dev_nll": 2.004563808441162,
          "dev_kl": 0.18801134374112852,
          "dev_objective": 2.004563808441162
        },
        {
          "epoch": 222,
          "train_objective": 1.8705681562423706,
          "dev_nll": 2.0040442943573,
          "dev_kl": 0.18860961138946755,
          "dev_objective": 2.0040442943573
        },
        {
          "epoch": 223,
          "train_objective": 1.8699562549591064,
          "dev_nll": 2.0035295486450195,
          "dev_kl": 0.18920820616861625,
          "dev_objective": 2.0035295486450195
        },
        {
          "epoch": 224,
          "train_objective": 1.8693475723266602,
          "dev_nll": 2.003020763397217,
          "dev_kl": 0.18980604212640995,
          "dev_objective": 2.003020763397217
        },
        {
          "epoch": 225,
          "train_objective": 1.8687424659729004,
          "dev_nll": 2.0025157928466797,
          "dev_kl": 0.19040497367255269,
          "dev_objective": 2.0025157928466797
        },
        {
          "epoch": 226,
          "train_objective": 1.8681409358978271,
          "dev_nll": 2.002013921737671,
          "dev_kl": 0.19100497298002725,
          "dev_objective": 2.002013921737671
        },
        {
          "epoch": 227,
          "train_objective": 1.8675428628921509,
          "dev_nll": 2.0015182495117188,
          "dev_kl": 0.1916041759879238,
          "dev_objective": 2.0015182495117188
        },
        {
          "epoch": 228,
          "train_objective": 1.8669483661651611,
          "dev_nll": 2.0010271072387695,
          "dev_kl": 0.19220383863355364,
          "dev_objective": 2.0010271072387695
        },
        {
          "epoch": 229,
          "train_objective": 1.8663575649261475,
          "dev_nll": 2.0005390644073486,
          "dev_kl": 0.1928047668376577,
          "dev_objective": 2.0005390644073486
        },
        {
          "epoch": 230,
          "train_objective": 1.8657703399658203,
          "dev_nll": 2.000056505203247,
          "dev_kl": 0.19340508591173397,
          "dev_objective": 2.000056505203247
        },
        {
          "epoch": 231,
          "train_objective": 1.8651864528656006,
          "dev_nll": 1.9995791912078857,
          "dev_kl": 0.19400543279405083,
          "dev_objective": 1.9995791912078857
        },
        {
          "epoch": 232,
          "train_objective": 1.864606261253357,
          "dev_nll": 1.9991049766540527,
          "dev_kl": 0.1946070288841222,
          "dev_objective": 1.9991049766540527
        },
        {
          "epoch": 233,
          "train_objective": 1.8640296459197998,
          "dev_nll": 1.9986358880996704,
          "dev_kl": 0.1952082006027922,
          "dev_objective": 1.9986358880996704
        },
        {
          "epoch": 234,
          "train_objective": 1.86345636844635,
          "dev_nll": 1.998172402381897,
          "dev_kl": 0.19580914026817248,
          "dev_objective": 1.998172402381897
        },
        {
          "epoch": 235,
          "train_objective": 1.8628865480422974,
          "dev_nll": 1.9977117776870728,
          "dev_kl": 0.19641115853277546,
          "dev_objective": 1.9977117776870728
        },
        {
          "epoch": 236,
          "train_objective": 1.8623204231262207,
          "dev_nll": 1.9972567558288574,
          "dev_kl": 0.19701274308270864,
          "dev_objective": 1.9972567558288574
        },
        {
          "epoch": 237,
          "train_objective": 1.8617576360702515,
          "dev_nll": 1.9968067407608032,
          "dev_kl": 0.19761415095549198,
          "dev_objective": 1.9968067407608032
        },
        {
          "epoch": 238,
          "train_objective": 1.8611986637115479,
          "dev_nll": 1.9963600635528564,
          "dev_kl": 0.19821631999295805,
          "dev_objective": 1.9963600635528564
        },
        {
          "epoch": 239,
          "train_objective": 1.8606427907943726,
          "dev_nll": 1.995918869972229,
          "dev_kl": 0.19881802076669108,
          "dev_objective": 1.995918869972229
        },
        {
          "epoch": 240,
          "train_objective": 1.8600904941558838,
          "dev_nll": 1.9954824447631836,
          "dev_kl": 0.19941961888088694,
          "dev_objective": 1.9954824447631836
        },
        {
          "epoch": 241,
          "train_objective": 1.8595417737960815,
          "dev_nll": 1.9950498342514038,
          "dev_kl": 0.20002174383074406,
          "dev_objective": 1.9950498342514038
        },
        {
          "epoch": 242,
          "train_objective": 1.8589963912963867,
          "dev_nll": 1.9946224689483643,
          "dev_kl": 0.20062325487378985,
          "dev_objective": 1.9946224689483643
        },
        {
          "epoch": 243,
          "train_objective": 1.858454942703247,
          "dev_nll": 1.9941996335983276,
          "dev_kl": 0.2012248485792248,
          "dev_objective": 1.9941996335983276
        },
        {
          "epoch": 244,
          "train_objective": 1.8579165935516357,
          "dev_nll": 1.9937812089920044,
          "dev_kl": 0.2018265448615796,
          "dev_objective": 1.9937812089920044
        },
        {
          "epoch": 245,
          "train_objective": 1.8573815822601318,
          "dev_nll": 1.9933675527572632,
          "dev_kl": 0.20242769692859222,
          "dev_objective": 1.9933675527572632
        },
        {
          "epoch": 246,
          "train_objective": 1.8568501472473145,
          "dev_nll": 1.992958426475525,
          "dev_kl": 0.2030289123142739,
          "dev_objective": 1.992958426475525
        },
        {
          "epoch": 247,
          "train_objective": 1.856322169303894,
          "dev_nll": 1.9925535917282104,
          "dev_kl": 0.20362994838280662,
          "dev_objective": 1.9925535917282104
        },
        {
          "epoch": 248,
          "train_objective": 1.8557977676391602,
          "dev_nll": 1.9921538829803467,
          "dev_kl": 0.2042303862605965,
          "dev_objective": 1.9921538829803467
        },
        {
          "epoch": 249,
          "train_objective": 1.8552764654159546,
          "dev_nll": 1.991758108139038,
          "dev_kl": 0.20483098717992224,
          "dev_objective": 1.991758108139038
        },
        {
          "epoch": 250,
          "train_objective": 1.8547589778900146,
          "dev_nll": 1.9913674592971802,
          "dev_kl": 0.2054309419003285,
          "dev_objective": 1.9913674592971802
        },
        {
          "epoch": 251,
          "train_objective": 1.8542447090148926,
          "dev_nll": 1.9909813404083252,
          "dev_kl": 0.2060305359022271,
          "dev_objective": 1.9909813404083252
        },
        {
          "epoch": 252,
          "train_objective": 1.853733777999878,
          "dev_nll": 1.990599274635315,
          "dev_kl": 0.20662999483982042,
          "dev_objective": 1.990599274635315
        },
        {
          "epoch": 253,
          "train_objective": 1.8532261848449707,
          "dev_nll": 1.9902223348617554,
          "dev_kl": 0.2072286180430843,
          "dev_objective": 1.9902223348617554
        },
        {
          "epoch": 254,
          "train_objective": 1.852722406387329,
          "dev_nll": 1.9898490905761719,
          "dev_kl": 0.20782720578473904,
          "dev_objective": 1.9898490905761719
        },
        {
          "epoch": 255,
          "train_objective": 1.8522216081619263,
          "dev_nll": 1.9894808530807495,
          "dev_kl": 0.20842497523558595,
          "dev_objective": 1.9894808530807495
        },
        {
          "epoch": 256,
          "train_objective": 1.85172438621521,
          "dev_nll": 1.9891172647476196,
          "dev_kl": 0.20902222654061212,
          "dev_objective": 1.9891172647476196
        },
        {
          "epoch": 257,
          "train_objective": 1.8512303829193115,
          "dev_nll": 1.988757610321045,
          "dev_kl": 0.2096192539902404,
          "dev_objective": 1.988757610321045
        },
        {
          "epoch": 258,
          "train_objective": 1.8507397174835205,
          "dev_nll": 1.9884032011032104,
          "dev_kl": 0.21021501820219018,
          "dev_objective": 1.9884032011032104
        },
        {
          "epoch": 259,
          "train_objective": 1.8502527475357056,
          "dev_nll": 1.9880518913269043,
          "dev_kl": 0.21081095250443585,
          "dev_objective": 1.9880518913269043
        },
        {
          "epoch": 260,
          "train_objective": 1.8497685194015503,
          "dev_nll": 1.9877063035964966,
          "dev_kl": 0.21140529229981644,
          "dev_objective": 1.9877063035964966
        },
        {
          "epoch": 261,
          "train_objective": 1.8492881059646606,
          "dev_nll": 1.9873636960983276,
          "dev_kl": 0.21199992329873626,
          "dev_objective": 1.9873636960983276
        },
        {
          "epoch": 262,
          "train_objective": 1.8488110303878784,
          "dev_nll": 1.9870271682739258,
          "dev_kl": 0.21259267667248363,
          "dev_objective": 1.9870271682739258
        },
        {
          "epoch": 263,
          "train_objective": 1.848337173461914,
          "dev_nll": 1.9866926670074463,
          "dev_kl": 0.21318600867919985,
          "dev_objective": 1.9866926670074463
        },
        {
          "epoch": 264,
          "train_objective": 1.847866415977478,
          "dev_nll": 1.9863651990890503,
          "dev_kl": 0.21377669497873755,
          "dev_objective": 1.9863651990890503
        },
        {
          "epoch": 265,
          "train_objective": 1.8473988771438599,
          "dev_nll": 1.9860379695892334,
          "dev_kl": 0.21436916687901342,
          "dev_objective": 1.9860379695892334
        },
        {
          "epoch": 266,
          "train_objective": 1.8469349145889282,
          "dev_nll": 1.9857211112976074,
          "dev_kl": 0.21495667306120478,
          "dev_objective": 1.9857211112976074
        },
        {
          "epoch": 267,
          "train_objective": 1.8464741706848145,
          "dev_nll": 1.9853984117507935,
          "dev_kl": 0.21554986031485662,
          "dev_objective": 1.9853984117507935
        },
        {
          "epoch": 268,
          "train_objective": 1.846016526222229,
          "dev_nll": 1.9850964546203613,
          "dev_kl": 0.21613092628502917,
          "dev_objective": 1.9850964546203613
        },
        {
          "epoch": 269,
          "train_objective": 1.845562219619751,
          "dev_nll": 1.984769344329834,
          "dev_kl": 0.21673074766482797,
          "dev_objective": 1.984769344329834
        },
        {
          "epoch": 270,
          "train_objective": 1.8451110124588013,
          "dev_nll": 1.9844995737075806,
          "dev_kl": 0.21729334095688235,
          "dev_objective": 1.9844995737075806
        },
        {
          "epoch": 271,
          "train_objective": 1.8446632623672485,
          "dev_nll": 1.9841333627700806,
          "dev_kl": 0.21792357717640698,
          "dev_objective": 1.9841333627700806
        },
        {
          "epoch": 272,
          "train_objective": 1.8442186117172241,
          "dev_nll": 1.9839668273925781,
          "dev_kl": 0.2184182620051527,
          "dev_objective": 1.9839668273925781
        },
        {
          "epoch": 273,
          "train_objective": 1.8437769412994385,
          "dev_nll": 1.9834096431732178,
          "dev_kl": 0.21918363235290012,
          "dev_objective": 1.9834096431732178
        },
        {
          "epoch": 274,
          "train_objective": 1.8433388471603394,
          "dev_nll": 1.9836775064468384,
          "dev_kl": 0.219383459771052,
          "dev_objective": 1.9836775064468384
        },
        {
          "epoch": 275,
          "train_objective": 1.8429044485092163,
          "dev_nll": 1.9821985960006714,
          "dev_kl": 0.22079389543843367,
          "dev_objective": 1.9821985960006714
        },
        {
          "epoch": 276,
          "train_objective": 1.842476725578308,
          "dev_nll": 1.9845826625823975,
          "dev_kl": 0.21957023250269553,
          "dev_objective": 1.9845826625823975
        },
        {
          "epoch": 277,
          "train_objective": 1.842069387435913,
          "dev_nll": 1.9785056114196777,
          "dev_kl": 0.22432738401356242,
          "dev_objective": 1.9785056114196777
        },
        {
          "epoch": 278,
          "train_objective": 1.8417530059814453,
          "dev_nll": 1.9913500547409058,
          "dev_kl": 0.2165746961329733,
          "dev_objective": 1.9913500547409058
        },
        {
          "epoch": 279,
          "train_objective": 1.841797113418579,
          "dev_nll": 1.9695912599563599,
          "dev_kl": 0.23364859416465006,
          "dev_objective": 1.9695912599563599
        },
        {
          "epoch": 280,
          "train_objective": 1.842342734336853,
          "dev_nll": 1.995896339416504,
          "dev_kl": 0.21535675069542543,
          "dev_objective": 1.995896339416504
        },
        {
          "epoch": 281,
          "train_objective": 1.8417459726333618,
          "dev_nll": 1.98017418384552,
          "dev_kl": 0.2245541125490901,
          "dev_objective": 1.98017418384552
        },
        {
          "epoch": 282,
          "train_objective": 1.8399860858917236,
          "dev_nll": 1.9711719751358032,
          "dev_kl": 0.23271548192978145,
          "dev_objective": 1.9711719751358032
        },
        {
          "epoch": 283,
          "train_objective": 1.840522289276123,
          "dev_nll": 1.9919971227645874,
          "dev_kl": 0.21837761066854,
          "dev_objective": 1.9919971227645874
        },
        {
          "epoch": 284,
          "train_objective": 1.8400537967681885,
          "dev_nll": 1.982483148574829,
          "dev_kl": 0.22402039722674677,
          "dev_objective": 1.982483148574829
        },
        {
          "epoch": 285,
          "train_objective": 1.838814377784729,
          "dev_nll": 1.970170259475708,
          "dev_kl": 0.23445557247126295,
          "dev_objective": 1.970170259475708
        },
        {
          "epoch": 286,
          "train_objective": 1.8393634557724,
          "dev_nll": 1.9861928224563599,
          "dev_kl": 0.22253324805698807,
          "dev_objective": 1.9861928224563599
        },
        {
          "epoch": 287,
          "train_objective": 1.8382956981658936,
          "dev_nll": 1.986028790473938,
          "dev_kl": 0.22301991799876333,
          "dev_objective": 1.986028790473938
        },
        {
          "epoch": 288,
          "train_objective": 1.8379220962524414,
          "dev_nll": 1.9709086418151855,
          "dev_kl": 0.23452999246036332,
          "dev_objective": 1.9709086418151855
        },
        {
          "epoch": 289,
          "train_objective": 1.8379088640213013,
          "dev_nll": 1.9793084859848022,
          "dev_kl": 0.22798139728876132,
          "dev_objective": 1.9793084859848022
        },
        {
          "epoch": 290,
          "train_objective": 1.8368654251098633,
          "dev_nll": 1.9874054193496704,
          "dev_kl": 0.2235364486621092,
          "dev_objective": 1.9874054193496704
        },
        {
          "epoch": 291,
          "train_objective": 1.837011694908142,
          "dev_nll": 1.9741833209991455,
          "dev_kl": 0.2326226168342175,
          "dev_objective": 1.9741833209991455
        },
        {
          "epoch": 292,
          "train_objective": 1.8362846374511719,
          "dev_nll": 1.9737541675567627,
          "dev_kl": 0.233335722786104,
          "dev_objective": 1.9737541675567627
        },
        {
          "epoch": 293,
          "train_objective": 1.8359285593032837,
          "dev_nll": 1.9851593971252441,
          "dev_kl": 0.22600039131488772,
          "dev_objective": 1.9851593971252441
        },
        {
          "epoch": 294,
          "train_objective": 1.8357468843460083,
          "dev_nll": 1.9784730672836304,
          "dev_kl": 0.23049195662831828,
          "dev_objective": 1.9784730672836304
        },
        {
          "epoch": 295,
          "train_objective": 1.83502197265625,
          "dev_nll": 1.9713194370269775,
          "dev_kl": 0.23643151352993183,
          "dev_objective": 1.9713194370269775
        },
        {
          "epoch": 296,
          "train_objective": 1.8349964618682861,
          "dev_nll": 1.980499505996704,
          "dev_kl": 0.22993137908258265,
          "dev_objective": 1.980499505996704
        },
        {
          "epoch": 297,
          "train_objective": 1.834375262260437,
          "dev_nll": 1.9813510179519653,
          "dev_kl": 0.22980889309978775,
          "dev_objective": 1.9813510179519653
        },
        {
          "epoch": 298,
          "train_objective": 1.8340791463851929,
          "dev_nll": 1.9718263149261475,
          "dev_kl": 0.23701341992484465,
          "dev_objective": 1.9718263149261475
        },
        {
          "epoch": 299,
          "train_objective": 1.8337968587875366,
          "dev_nll": 1.9757792949676514,
          "dev_kl": 0.23429686886694043,
          "dev_objective": 1.9757792949676514
        }
      ]
    },
    "constrained_logic_repair_head": {
      "kl_lambda": 3.0,
      "best_dev_nll": 2.1986494064331055,
      "best_dev_kl": 0.023982295538805754,
      "best_dev_objective": 2.2705962930495227,
      "epochs_run": 300,
      "history": [
        {
          "epoch": 0,
          "train_objective": 2.5178661346435547,
          "dev_nll": 2.4749510288238525,
          "dev_kl": 0.009398393381542842,
          "dev_objective": 2.5031462089684813
        },
        {
          "epoch": 1,
          "train_objective": 2.3481626510620117,
          "dev_nll": 2.4299497604370117,
          "dev_kl": 0.02562927372925896,
          "dev_objective": 2.5068375816247888
        },
        {
          "epoch": 2,
          "train_objective": 2.361459255218506,
          "dev_nll": 2.4129741191864014,
          "dev_kl": 0.02911366910179382,
          "dev_objective": 2.500315126491783
        },
        {
          "epoch": 3,
          "train_objective": 2.372598171234131,
          "dev_nll": 2.4075474739074707,
          "dev_kl": 0.019032401534200143,
          "dev_objective": 2.464644678510071
        },
        {
          "epoch": 4,
          "train_objective": 2.330691337585449,
          "dev_nll": 2.4121153354644775,
          "dev_kl": 0.007413915149417364,
          "dev_objective": 2.4343570809127297
        },
        {
          "epoch": 5,
          "train_objective": 2.2815146446228027,
          "dev_nll": 2.425379514694214,
          "dev_kl": 0.0017779134777224353,
          "dev_objective": 2.4307132551273813
        },
        {
          "epoch": 6,
          "train_objective": 2.2593674659729004,
          "dev_nll": 2.4399068355560303,
          "dev_kl": 0.002553308617808075,
          "dev_objective": 2.4475667614094543
        },
        {
          "epoch": 7,
          "train_objective": 2.2671701908111572,
          "dev_nll": 2.4452507495880127,
          "dev_kl": 0.005124019590326615,
          "dev_objective": 2.4606228083589925
        },
        {
          "epoch": 8,
          "train_objective": 2.27714204788208,
          "dev_nll": 2.4374685287475586,
          "dev_kl": 0.006064497401952864,
          "dev_objective": 2.455662020953417
        },
        {
          "epoch": 9,
          "train_objective": 2.2700929641723633,
          "dev_nll": 2.420022964477539,
          "dev_kl": 0.0056487090162502885,
          "dev_objective": 2.43696909152629
        },
        {
          "epoch": 10,
          "train_objective": 2.2529239654541016,
          "dev_nll": 2.398972511291504,
          "dev_kl": 0.00563469097206478,
          "dev_objective": 2.415876584207698
        },
        {
          "epoch": 11,
          "train_objective": 2.240454912185669,
          "dev_nll": 2.3794662952423096,
          "dev_kl": 0.006959011795721204,
          "dev_objective": 2.400343330629473
        },
        {
          "epoch": 12,
          "train_objective": 2.238447427749634,
          "dev_nll": 2.3642430305480957,
          "dev_kl": 0.009149185861338817,
          "dev_objective": 2.391690588132112
        },
        {
          "epoch": 13,
          "train_objective": 2.242764949798584,
          "dev_nll": 2.3539278507232666,
          "dev_kl": 0.011078831733386559,
          "dev_objective": 2.387164345923426
        },
        {
          "epoch": 14,
          "train_objective": 2.2465362548828125,
          "dev_nll": 2.3481147289276123,
          "dev_kl": 0.011940878283278453,
          "dev_objective": 2.3839373637774477
        },
        {
          "epoch": 15,
          "train_objective": 2.245420455932617,
          "dev_nll": 2.3461787700653076,
          "dev_kl": 0.011702204830080812,
          "dev_objective": 2.38128538455555
        },
        {
          "epoch": 16,
          "train_objective": 2.2392611503601074,
          "dev_nll": 2.3474597930908203,
          "dev_kl": 0.010916713666970721,
          "dev_objective": 2.3802099340917326
        },
        {
          "epoch": 17,
          "train_objective": 2.230990409851074,
          "dev_nll": 2.351027250289917,
          "dev_kl": 0.0102395121704772,
          "dev_objective": 2.3817457868013485
        },
        {
          "epoch": 18,
          "train_objective": 2.2243430614471436,
          "dev_nll": 2.3554189205169678,
          "dev_kl": 0.010014008595223254,
          "dev_objective": 2.3854609463026377
        },
        {
          "epoch": 19,
          "train_objective": 2.221562147140503,
          "dev_nll": 2.3587164878845215,
          "dev_kl": 0.010133427745688917,
          "dev_objective": 2.3891167711215884
        },
        {
          "epoch": 20,
          "train_objective": 2.221949577331543,
          "dev_nll": 2.359137773513794,
          "dev_kl": 0.010235445823186197,
          "dev_objective": 2.3898441109833524
        },
        {
          "epoch": 21,
          "train_objective": 2.222442865371704,
          "dev_nll": 2.3558506965637207,
          "dev_kl": 0.01008463838426847,
          "dev_objective": 2.3861046117165263
        },
        {
          "epoch": 22,
          "train_objective": 2.220388412475586,
          "dev_nll": 2.3493213653564453,
          "dev_kl": 0.009798400073299079,
          "dev_objective": 2.3787165655763425
        },
        {
          "epoch": 23,
          "train_objective": 2.215865135192871,
          "dev_nll": 2.3409698009490967,
          "dev_kl": 0.009720001730696117,
          "dev_objective": 2.370129806141185
        },
        {
          "epoch": 24,
          "train_objective": 2.211167573928833,
          "dev_nll": 2.332486391067505,
          "dev_kl": 0.010094337809395285,
          "dev_objective": 2.362769404495691
        },
        {
          "epoch": 25,
          "train_objective": 2.2084596157073975,
          "dev_nll": 2.3252391815185547,
          "dev_kl": 0.01083742774086028,
          "dev_objective": 2.3577514647411357
        },
        {
          "epoch": 26,
          "train_objective": 2.20804762840271,
          "dev_nll": 2.320007801055908,
          "dev_kl": 0.011578543288652004,
          "dev_objective": 2.354743430921864
        },
        {
          "epoch": 27,
          "train_objective": 2.208519458770752,
          "dev_nll": 2.3170316219329834,
          "dev_kl": 0.011920819814070954,
          "dev_objective": 2.352794081375196
        },
        {
          "epoch": 28,
          "train_objective": 2.208158493041992,
          "dev_nll": 2.3161957263946533,
          "dev_kl": 0.011696245437046709,
          "dev_objective": 2.3512844627057934
        },
        {
          "epoch": 29,
          "train_objective": 2.206247091293335,
          "dev_nll": 2.3171536922454834,
          "dev_kl": 0.011034323192190288,
          "dev_objective": 2.3502566618220544
        },
        {
          "epoch": 30,
          "train_objective": 2.2033779621124268,
          "dev_nll": 2.3193297386169434,
          "dev_kl": 0.010236118206634157,
          "dev_objective": 2.350038093236846
        },
        {
          "epoch": 31,
          "train_objective": 2.200787305831909,
          "dev_nll": 2.3218982219696045,
          "dev_kl": 0.009574808370445916,
          "dev_objective": 2.350622647080942
        },
        {
          "epoch": 32,
          "train_objective": 2.1993041038513184,
          "dev_nll": 2.3238821029663086,
          "dev_kl": 0.009165405637524542,
          "dev_objective": 2.351378319878882
        },
        {
          "epoch": 33,
          "train_objective": 2.198702573776245,
          "dev_nll": 2.3244287967681885,
          "dev_kl": 0.008978258925884391,
          "dev_objective": 2.3513635735458416
        },
        {
          "epoch": 34,
          "train_objective": 2.198024034500122,
          "dev_nll": 2.3231258392333984,
          "dev_kl": 0.008948860022956655,
          "dev_objective": 2.349972419302268
        },
        {
          "epoch": 35,
          "train_objective": 2.196544647216797,
          "dev_nll": 2.32014536857605,
          "dev_kl": 0.009061538245840628,
          "dev_objective": 2.3473299833135717
        },
        {
          "epoch": 36,
          "train_objective": 2.19442081451416,
          "dev_nll": 2.316129684448242,
          "dev_kl": 0.009333679604629476,
          "dev_objective": 2.3441307232621305
        },
        {
          "epoch": 37,
          "train_objective": 2.192415237426758,
          "dev_nll": 2.3119070529937744,
          "dev_kl": 0.009741864270894908,
          "dev_objective": 2.341132645806459
        },
        {
          "epoch": 38,
          "train_objective": 2.1911139488220215,
          "dev_nll": 2.3082141876220703,
          "dev_kl": 0.010183469708276643,
          "dev_objective": 2.3387645967469
        },
        {
          "epoch": 39,
          "train_objective": 2.190455436706543,
          "dev_nll": 2.3055331707000732,
          "dev_kl": 0.010519608861349913,
          "dev_objective": 2.337091997284123
        },
        {
          "epoch": 40,
          "train_objective": 2.189913034439087,
          "dev_nll": 2.3040525913238525,
          "dev_kl": 0.010659396065156831,
          "dev_objective": 2.336030779519323
        },
        {
          "epoch": 41,
          "train_objective": 2.189025402069092,
          "dev_nll": 2.303696870803833,
          "dev_kl": 0.010611445075952478,
          "dev_objective": 2.3355312060316904
        },
        {
          "epoch": 42,
          "train_objective": 2.1877448558807373,
          "dev_nll": 2.304156541824341,
          "dev_kl": 0.010466041631579789,
          "dev_objective": 2.33555466671908
        },
        {
          "epoch": 43,
          "train_objective": 2.1863880157470703,
          "dev_nll": 2.304932117462158,
          "dev_kl": 0.010330369528204639,
          "dev_objective": 2.335923226046772
        },
        {
          "epoch": 44,
          "train_objective": 2.185295343399048,
          "dev_nll": 2.305422782897949,
          "dev_kl": 0.010269424125585975,
          "dev_objective": 2.336231055274707
        },
        {
          "epoch": 45,
          "train_objective": 2.1845197677612305,
          "dev_nll": 2.3050811290740967,
          "dev_kl": 0.010293275735626418,
          "dev_objective": 2.3359609562809758
        },
        {
          "epoch": 46,
          "train_objective": 2.183807611465454,
          "dev_nll": 2.303591251373291,
          "dev_kl": 0.010387558310955478,
          "dev_objective": 2.3347539263061576
        },
        {
          "epoch": 47,
          "train_objective": 2.1828675270080566,
          "dev_nll": 2.3009819984436035,
          "dev_kl": 0.010547225227891166,
          "dev_objective": 2.332623674127277
        },
        {
          "epoch": 48,
          "train_objective": 2.181657552719116,
          "dev_nll": 2.2975964546203613,
          "dev_kl": 0.010777813662219072,
          "dev_objective": 2.3299298956070187
        },
        {
          "epoch": 49,
          "train_objective": 2.180392026901245,
          "dev_nll": 2.2939536571502686,
          "dev_kl": 0.011068512446663884,
          "dev_objective": 2.3271591944902603
        },
        {
          "epoch": 50,
          "train_objective": 2.1793062686920166,
          "dev_nll": 2.2905688285827637,
          "dev_kl": 0.01137259339743797,
          "dev_objective": 2.3246866087750777
        },
        {
          "epoch": 51,
          "train_objective": 2.178436040878296,
          "dev_nll": 2.287821054458618,
          "dev_kl": 0.011621555930750834,
          "dev_objective": 2.3226857222508706
        },
        {
          "epoch": 52,
          "train_objective": 2.177630662918091,
          "dev_nll": 2.285884141921997,
          "dev_kl": 0.01176366711344247,
          "dev_objective": 2.3211751432623244
        },
        {
          "epoch": 53,
          "train_objective": 2.1767289638519287,
          "dev_nll": 2.284724473953247,
          "dev_kl": 0.01179481978784503,
          "dev_objective": 2.3201089333167824
        },
        {
          "epoch": 54,
          "train_objective": 2.175717353820801,
          "dev_nll": 2.2841241359710693,
          "dev_kl": 0.011757580315104625,
          "dev_objective": 2.3193968769163833
        },
        {
          "epoch": 55,
          "train_objective": 2.174717664718628,
          "dev_nll": 2.2837367057800293,
          "dev_kl": 0.011713104049821624,
          "dev_objective": 2.3188760179294943
        },
        {
          "epoch": 56,
          "train_objective": 2.17384672164917,
          "dev_nll": 2.2831780910491943,
          "dev_kl": 0.011710257570103426,
          "dev_objective": 2.3183088637595044
        },
        {
          "epoch": 57,
          "train_objective": 2.173095941543579,
          "dev_nll": 2.282142400741577,
          "dev_kl": 0.011772946631554664,
          "dev_objective": 2.317461240636241
        },
        {
          "epoch": 58,
          "train_objective": 2.172351360321045,
          "dev_nll": 2.2805016040802,
          "dev_kl": 0.011905514938388801,
          "dev_objective": 2.316218148895367
        },
        {
          "epoch": 59,
          "train_objective": 2.1715221405029297,
          "dev_nll": 2.2783472537994385,
          "dev_kl": 0.012100189279731093,
          "dev_objective": 2.3146478216386317
        },
        {
          "epoch": 60,
          "train_objective": 2.1706290245056152,
          "dev_nll": 2.275941848754883,
          "dev_kl": 0.012335903274370433,
          "dev_objective": 2.3129495585779942
        },
        {
          "epoch": 61,
          "train_objective": 2.16976261138916,
          "dev_nll": 2.273615598678589,
          "dev_kl": 0.01257541116689437,
          "dev_objective": 2.311341832179272
        },
        {
          "epoch": 62,
          "train_objective": 2.1689765453338623,
          "dev_nll": 2.2716591358184814,
          "dev_kl": 0.01277325514186692,
          "dev_objective": 2.309978901244082
        },
        {
          "epoch": 63,
          "train_objective": 2.1682381629943848,
          "dev_nll": 2.270240545272827,
          "dev_kl": 0.012895148150076443,
          "dev_objective": 2.3089259897230563
        },
        {
          "epoch": 64,
          "train_objective": 2.1674814224243164,
          "dev_nll": 2.269378185272217,
          "dev_kl": 0.012935340103849153,
          "dev_objective": 2.3081842055837645
        },
        {
          "epoch": 65,
          "train_objective": 2.1666831970214844,
          "dev_nll": 2.268944501876831,
          "dev_kl": 0.012917852800690584,
          "dev_objective": 2.307698060278903
        },
        {
          "epoch": 66,
          "train_objective": 2.1658825874328613,
          "dev_nll": 2.268709182739258,
          "dev_kl": 0.012881590642087583,
          "dev_objective": 2.3073539546655204
        },
        {
          "epoch": 67,
          "train_objective": 2.1651296615600586,
          "dev_nll": 2.268404722213745,
          "dev_kl": 0.012861488050416923,
          "dev_objective": 2.306989186364996
        },
        {
          "epoch": 68,
          "train_objective": 2.164431571960449,
          "dev_nll": 2.267812967300415,
          "dev_kl": 0.012878059649665374,
          "dev_objective": 2.306447146249411
        },
        {
          "epoch": 69,
          "train_objective": 2.1637489795684814,
          "dev_nll": 2.2668325901031494,
          "dev_kl": 0.012937198648644207,
          "dev_objective": 2.305644186049082
        },
        {
          "epoch": 70,
          "train_objective": 2.1630473136901855,
          "dev_nll": 2.2655081748962402,
          "dev_kl": 0.013033744959571894,
          "dev_objective": 2.304609409774956
        },
        {
          "epoch": 71,
          "train_objective": 2.162332057952881,
          "dev_nll": 2.2640011310577393,
          "dev_kl": 0.013152987321870657,
          "dev_objective": 2.303460093023351
        },
        {
          "epoch": 72,
          "train_objective": 2.161635398864746,
          "dev_nll": 2.2625222206115723,
          "dev_kl": 0.013272228289297932,
          "dev_objective": 2.302338905479466
        },
        {
          "epoch": 73,
          "train_objective": 2.1609742641448975,
          "dev_nll": 2.261255979537964,
          "dev_kl": 0.013366943925634147,
          "dev_objective": 2.301356811314866
        },
        {
          "epoch": 74,
          "train_objective": 2.1603336334228516,
          "dev_nll": 2.2603025436401367,
          "dev_kl": 0.013421232522476555,
          "dev_objective": 2.3005662412075663
        },
        {
          "epoch": 75,
          "train_objective": 2.15968918800354,
          "dev_nll": 2.259655714035034,
          "dev_kl": 0.013435684496794092,
          "dev_objective": 2.2999627675254164
        },
        {
          "epoch": 76,
          "train_objective": 2.159036159515381,
          "dev_nll": 2.259211778640747,
          "dev_kl": 0.013426905867104764,
          "dev_objective": 2.2994924962420615
        },
        {
          "epoch": 77,
          "train_objective": 2.158393144607544,
          "dev_nll": 2.25880765914917,
          "dev_kl": 0.01341918768241979,
          "dev_objective": 2.2990652221964294
        },
        {
          "epoch": 78,
          "train_objective": 2.157776117324829,
          "dev_nll": 2.258275270462036,
          "dev_kl": 0.013434482492636063,
          "dev_objective": 2.2985787179399444
        },
        {
          "epoch": 79,
          "train_objective": 2.157181978225708,
          "dev_nll": 2.257500171661377,
          "dev_kl": 0.01348602263310421,
          "dev_objective": 2.2979582395606895
        },
        {
          "epoch": 80,
          "train_objective": 2.1565942764282227,
          "dev_nll": 2.2564611434936523,
          "dev_kl": 0.01357654167804867,
          "dev_objective": 2.2971907685277984
        },
        {
          "epoch": 81,
          "train_objective": 2.156005382537842,
          "dev_nll": 2.2552294731140137,
          "dev_kl": 0.013698592622418918,
          "dev_objective": 2.2963252509812704
        },
        {
          "epoch": 82,
          "train_objective": 2.155423402786255,
          "dev_nll": 2.253939151763916,
          "dev_kl": 0.013836511868688714,
          "dev_objective": 2.295448687369982
        },
        {
          "epoch": 83,
          "train_objective": 2.1548588275909424,
          "dev_nll": 2.2527313232421875,
          "dev_kl": 0.013970905570350889,
          "dev_objective": 2.29464403995324
        },
        {
          "epoch": 84,
          "train_objective": 2.1543121337890625,
          "dev_nll": 2.251707077026367,
          "dev_kl": 0.014085911358697264,
          "dev_objective": 2.293964811102459
        },
        {
          "epoch": 85,
          "train_objective": 2.1537723541259766,
          "dev_nll": 2.2508952617645264,
          "dev_kl": 0.014175793852642058,
          "dev_objective": 2.2934226433224527
        },
        {
          "epoch": 86,
          "train_objective": 2.1532342433929443,
          "dev_nll": 2.2502517700195312,
          "dev_kl": 0.014246810704559808,
          "dev_objective": 2.2929922021332105
        },
        {
          "epoch": 87,
          "train_objective": 2.1527023315429688,
          "dev_nll": 2.2496776580810547,
          "dev_kl": 0.014312978520343501,
          "dev_objective": 2.292616593642085
        },
        {
          "epoch": 88,
          "train_objective": 2.152184009552002,
          "dev_nll": 2.2490601539611816,
          "dev_kl": 0.014389225404996861,
          "dev_objective": 2.2922278301761723
        },
        {
          "epoch": 89,
          "train_objective": 2.1516807079315186,
          "dev_nll": 2.248314619064331,
          "dev_kl": 0.014485362859681293,
          "dev_objective": 2.291770707643375
        },
        {
          "epoch": 90,
          "train_objective": 2.15118670463562,
          "dev_nll": 2.247415065765381,
          "dev_kl": 0.014603573842079288,
          "dev_objective": 2.291225787291619
        },
        {
          "epoch": 91,
          "train_objective": 2.150697708129883,
          "dev_nll": 2.2464003562927246,
          "dev_kl": 0.014738273262581413,
          "dev_objective": 2.2906151760804687
        },
        {
          "epoch": 92,
          "train_objective": 2.150216817855835,
          "dev_nll": 2.2453553676605225,
          "dev_kl": 0.01487822327392003,
          "dev_objective": 2.2899900374822826
        },
        {
          "epoch": 93,
          "train_objective": 2.1497485637664795,
          "dev_nll": 2.2443735599517822,
          "dev_kl": 0.015010311977793237,
          "dev_objective": 2.289404495885162
        },
        {
          "epoch": 94,
          "train_objective": 2.1492929458618164,
          "dev_nll": 2.243522882461548,
          "dev_kl": 0.015124459282941967,
          "dev_objective": 2.288896260310374
        },
        {
          "epoch": 95,
          "train_objective": 2.148846387863159,
          "dev_nll": 2.242820978164673,
          "dev_kl": 0.015217619972733496,
          "dev_objective": 2.2884738380828735
        },
        {
          "epoch": 96,
          "train_objective": 2.1484053134918213,
          "dev_nll": 2.242234230041504,
          "dev_kl": 0.015294509243235112,
          "dev_objective": 2.288117757771209
        },
        {
          "epoch": 97,
          "train_objective": 2.147972822189331,
          "dev_nll": 2.2416937351226807,
          "dev_kl": 0.015364951998626272,
          "dev_objective": 2.2877885911185594
        },
        {
          "epoch": 98,
          "train_objective": 2.147550582885742,
          "dev_nll": 2.241122007369995,
          "dev_kl": 0.015439297803471076,
          "dev_objective": 2.2874399007804085
        },
        {
          "epoch": 99,
          "train_objective": 2.147139310836792,
          "dev_nll": 2.240466594696045,
          "dev_kl": 0.015524574947184807,
          "dev_objective": 2.2870403195375992
        },
        {
          "epoch": 100,
          "train_objective": 2.1467361450195312,
          "dev_nll": 2.2397172451019287,
          "dev_kl": 0.015622373479521728,
          "dev_objective": 2.286584365540494
        },
        {
          "epoch": 101,
          "train_objective": 2.1463396549224854,
          "dev_nll": 2.238906145095825,
          "dev_kl": 0.015728933038659423,
          "dev_objective": 2.2860929442118034
        },
        {
          "epoch": 102,
          "train_objective": 2.145951986312866,
          "dev_nll": 2.2380926609039307,
          "dev_kl": 0.01583684761862969,
          "dev_objective": 2.2856032037598197
        },
        {
          "epoch": 103,
          "train_objective": 2.1455743312835693,
          "dev_nll": 2.2373368740081787,
          "dev_kl": 0.015938252096548828,
          "dev_objective": 2.2851516302978254
        },
        {
          "epoch": 104,
          "train_objective": 2.1452062129974365,
          "dev_nll": 2.2366738319396973,
          "dev_kl": 0.016028216385635577,
          "dev_objective": 2.284758481096604
        },
        {
          "epoch": 105,
          "train_objective": 2.144845724105835,
          "dev_nll": 2.2361035346984863,
          "dev_kl": 0.01610692930074536,
          "dev_objective": 2.2844243226007226
        },
        {
          "epoch": 106,
          "train_objective": 2.1444928646087646,
          "dev_nll": 2.235590934753418,
          "dev_kl": 0.016179408004738376,
          "dev_objective": 2.284129158767633
        },
        {
          "epoch": 107,
          "train_objective": 2.144148588180542,
          "dev_nll": 2.2350854873657227,
          "dev_kl": 0.016252971531244956,
          "dev_objective": 2.2838444019594575
        },
        {
          "epoch": 108,
          "train_objective": 2.143813133239746,
          "dev_nll": 2.234539747238159,
          "dev_kl": 0.016334103161024096,
          "dev_objective": 2.2835420567212315
        },
        {
          "epoch": 109,
          "train_objective": 2.1434860229492188,
          "dev_nll": 2.2339296340942383,
          "dev_kl": 0.01642597075237239,
          "dev_objective": 2.2832075463513553
        },
        {
          "epoch": 110,
          "train_objective": 2.1431658267974854,
          "dev_nll": 2.233262777328491,
          "dev_kl": 0.01652748833340968,
          "dev_objective": 2.28284524232872
        },
        {
          "epoch": 111,
          "train_objective": 2.142853260040283,
          "dev_nll": 2.232572555541992,
          "dev_kl": 0.01663420965374943,
          "dev_objective": 2.2824751845032405
        },
        {
          "epoch": 112,
          "train_objective": 2.142548084259033,
          "dev_nll": 2.231900215148926,
          "dev_kl": 0.016740250829306823,
          "dev_objective": 2.282120967636846
        },
        {
          "epoch": 113,
          "train_objective": 2.1422512531280518,
          "dev_nll": 2.231278419494629,
          "dev_kl": 0.016840891678340644,
          "dev_objective": 2.281801094529651
        },
        {
          "epoch": 114,
          "train_objective": 2.1419618129730225,
          "dev_nll": 2.230717420578003,
          "dev_kl": 0.016934593562074305,
          "dev_objective": 2.281521201264226
        },
        {
          "epoch": 115,
          "train_objective": 2.141679286956787,
          "dev_nll": 2.230201482772827,
          "dev_kl": 0.017023303974119407,
          "dev_objective": 2.2812713946951853
        },
        {
          "epoch": 116,
          "train_objective": 2.1414034366607666,
          "dev_nll": 2.229698896408081,
          "dev_kl": 0.017111384313114198,
          "dev_objective": 2.281033049347424
        },
        {
          "epoch": 117,
          "train_objective": 2.1411352157592773,
          "dev_nll": 2.2291760444641113,
          "dev_kl": 0.017203242278135862,
          "dev_objective": 2.280785771298519
        },
        {
          "epoch": 118,
          "train_objective": 2.140873670578003,
          "dev_nll": 2.228612184524536,
          "dev_kl": 0.017301528935692454,
          "dev_objective": 2.2805167713316137
        },
        {
          "epoch": 119,
          "train_objective": 2.1406188011169434,
          "dev_nll": 2.22800874710083,
          "dev_kl": 0.017406001798771022,
          "dev_objective": 2.280226752497143
        },
        {
          "epoch": 120,
          "train_objective": 2.1403703689575195,
          "dev_nll": 2.227385997772217,
          "dev_kl": 0.01751386428734423,
          "dev_objective": 2.2799275906342493
        },
        {
          "epoch": 121,
          "train_objective": 2.1401281356811523,
          "dev_nll": 2.226773262023926,
          "dev_kl": 0.017621044241335062,
          "dev_objective": 2.279636394747931
        },
        {
          "epoch": 122,
          "train_objective": 2.139892339706421,
          "dev_nll": 2.2261948585510254,
          "dev_kl": 0.017724044230436126,
          "dev_objective": 2.279366991242334
        },
        {
          "epoch": 123,
          "train_objective": 2.139662742614746,
          "dev_nll": 2.225661277770996,
          "dev_kl": 0.01782143200351481,
          "dev_objective": 2.2791255737815406
        },
        {
          "epoch": 124,
          "train_objective": 2.139439344406128,
          "dev_nll": 2.2251644134521484,
          "dev_kl": 0.017914284654374744,
          "dev_objective": 2.278907267415273
        },
        {
          "epoch": 125,
          "train_objective": 2.139221429824829,
          "dev_nll": 2.2246837615966797,
          "dev_kl": 0.018005523500652352,
          "dev_objective": 2.2787003320986368
        },
        {
          "epoch": 126,
          "train_objective": 2.139009475708008,
          "dev_nll": 2.224195718765259,
          "dev_kl": 0.018098288460732286,
          "dev_objective": 2.2784905841474554
        },
        {
          "epoch": 127,
          "train_objective": 2.138803243637085,
          "dev_nll": 2.223686933517456,
          "dev_kl": 0.018194555264574686,
          "dev_objective": 2.2782705993111803
        },
        {
          "epoch": 128,
          "train_objective": 2.1386022567749023,
          "dev_nll": 2.223158121109009,
          "dev_kl": 0.01829424502577768,
          "dev_objective": 2.2780408561863417
        },
        {
          "epoch": 129,
          "train_objective": 2.13840651512146,
          "dev_nll": 2.2226226329803467,
          "dev_kl": 0.018395390743183183,
          "dev_objective": 2.2778088052098964
        },
        {
          "epoch": 130,
          "train_objective": 2.138216257095337,
          "dev_nll": 2.2221004962921143,
          "dev_kl": 0.01849523506403315,
          "dev_objective": 2.2775862014842136
        },
        {
          "epoch": 131,
          "train_objective": 2.138030767440796,
          "dev_nll": 2.2216076850891113,
          "dev_kl": 0.018591482773415685,
          "dev_objective": 2.2773821334093585
        },
        {
          "epoch": 132,
          "train_objective": 2.137850522994995,
          "dev_nll": 2.2211484909057617,
          "dev_kl": 0.018683393031918263,
          "dev_objective": 2.2771986700015163
        },
        {
          "epoch": 133,
          "train_objective": 2.1376750469207764,
          "dev_nll": 2.2207162380218506,
          "dev_kl": 0.018771953653589253,
          "dev_objective": 2.2770320989826183
        },
        {
          "epoch": 134,
          "train_objective": 2.1375041007995605,
          "dev_nll": 2.220294237136841,
          "dev_kl": 0.018859382609896842,
          "dev_objective": 2.2768723849665315
        },
        {
          "epoch": 135,
          "train_objective": 2.1373379230499268,
          "dev_nll": 2.219867467880249,
          "dev_kl": 0.018947784129376224,
          "dev_objective": 2.2767108202683777
        },
        {
          "epoch": 136,
          "train_objective": 2.137176275253296,
          "dev_nll": 2.219428062438965,
          "dev_kl": 0.019038295907516694,
          "dev_objective": 2.276542950161515
        },
        {
          "epoch": 137,
          "train_objective": 2.1370186805725098,
          "dev_nll": 2.218977689743042,
          "dev_kl": 0.01913052436852482,
          "dev_objective": 2.2763692628486165
        },
        {
          "epoch": 138,
          "train_objective": 2.1368658542633057,
          "dev_nll": 2.2185275554656982,
          "dev_kl": 0.01922289242934165,
          "dev_objective": 2.276196232753723
        },
        {
          "epoch": 139,
          "train_objective": 2.136716604232788,
          "dev_nll": 2.2180912494659424,
          "dev_kl": 0.019313482708492948,
          "dev_objective": 2.276031697591421
        },
        {
          "epoch": 140,
          "train_objective": 2.1365716457366943,
          "dev_nll": 2.217676877975464,
          "dev_kl": 0.019401016823042395,
          "dev_objective": 2.275879928444591
        },
        {
          "epoch": 141,
          "train_objective": 2.1364307403564453,
          "dev_nll": 2.21728515625,
          "dev_kl": 0.019485405387615996,
          "dev_objective": 2.275741372412848
        },
        {
          "epoch": 142,
          "train_objective": 2.136293411254883,
          "dev_nll": 2.2169079780578613,
          "dev_kl": 0.019567780271303962,
          "dev_objective": 2.275611318871773
        },
        {
          "epoch": 143,
          "train_objective": 2.136159658432007,
          "dev_nll": 2.2165346145629883,
          "dev_kl": 0.019649725329908243,
          "dev_objective": 2.275483790552713
        },
        {
          "epoch": 144,
          "train_objective": 2.1360299587249756,
          "dev_nll": 2.2161550521850586,
          "dev_kl": 0.019732500440553732,
          "dev_objective": 2.27535255350672
        },
        {
          "epoch": 145,
          "train_objective": 2.1359031200408936,
          "dev_nll": 2.215768337249756,
          "dev_kl": 0.01981643618520109,
          "dev_objective": 2.275217645805359
        },
        {
          "epoch": 146,
          "train_objective": 2.135780096054077,
          "dev_nll": 2.215378999710083,
          "dev_kl": 0.019900761739981752,
          "dev_objective": 2.275081284930028
        },
        {
          "epoch": 147,
          "train_objective": 2.135660171508789,
          "dev_nll": 2.214996337890625,
          "dev_kl": 0.019984125552582555,
          "dev_objective": 2.2749487145483727
        },
        {
          "epoch": 148,
          "train_objective": 2.1355435848236084,
          "dev_nll": 2.2146291732788086,
          "dev_kl": 0.020065306659577595,
          "dev_objective": 2.2748250932575416
        },
        {
          "epoch": 149,
          "train_objective": 2.135429859161377,
          "dev_nll": 2.214280128479004,
          "dev_kl": 0.020143800655909393,
          "dev_objective": 2.2747115304467322
        },
        {
          "epoch": 150,
          "train_objective": 2.135319232940674,
          "dev_nll": 2.213946580886841,
          "dev_kl": 0.020220021371759715,
          "dev_objective": 2.27460664500212
        },
        {
          "epoch": 151,
          "train_objective": 2.13521146774292,
          "dev_nll": 2.2136216163635254,
          "dev_kl": 0.020294974939691113,
          "dev_objective": 2.274506541182599
        },
        {
          "epoch": 152,
          "train_objective": 2.1351065635681152,
          "dev_nll": 2.21329665184021,
          "dev_kl": 0.020369685894336492,
          "dev_objective": 2.2744057095232195
        },
        {
          "epoch": 153,
          "train_objective": 2.1350042819976807,
          "dev_nll": 2.2129697799682617,
          "dev_kl": 0.02044460267127086,
          "dev_objective": 2.2743035879820743
        },
        {
          "epoch": 154,
          "train_objective": 2.1349048614501953,
          "dev_nll": 2.212642192840576,
          "dev_kl": 0.02051938796601814,
          "dev_objective": 2.2742003567386306
        },
        {
          "epoch": 155,
          "train_objective": 2.134807825088501,
          "dev_nll": 2.21232008934021,
          "dev_kl": 0.02059317142101786,
          "dev_objective": 2.2740996036032635
        },
        {
          "epoch": 156,
          "train_objective": 2.134713649749756,
          "dev_nll": 2.2120096683502197,
          "dev_kl": 0.02066499279059034,
          "dev_objective": 2.2740046467219908
        },
        {
          "epoch": 157,
          "train_objective": 2.1346216201782227,
          "dev_nll": 2.2117137908935547,
          "dev_kl": 0.020734346136094012,
          "dev_objective": 2.273916829301837
        },
        {
          "epoch": 158,
          "train_objective": 2.1345314979553223,
          "dev_nll": 2.2114312648773193,
          "dev_kl": 0.020801430707515757,
          "dev_objective": 2.2738355569998667
        },
        {
          "epoch": 159,
          "train_objective": 2.134443998336792,
          "dev_nll": 2.2111568450927734,
          "dev_kl": 0.020866946290968167,
          "dev_objective": 2.273757683965678
        },
        {
          "epoch": 160,
          "train_objective": 2.1343586444854736,
          "dev_nll": 2.210885524749756,
          "dev_kl": 0.02093168892174764,
          "dev_objective": 2.273680591514999
        },
        {
          "epoch": 161,
          "train_objective": 2.134275197982788,
          "dev_nll": 2.21061372756958,
          "dev_kl": 0.020996106746737967,
          "dev_objective": 2.273602047809794
        },
        {
          "epoch": 162,
          "train_objective": 2.1341941356658936,
          "dev_nll": 2.2103419303894043,
          "dev_kl": 0.021060136908706607,
          "dev_objective": 2.273522341115524
        },
        {
          "epoch": 163,
          "train_objective": 2.134114980697632,
          "dev_nll": 2.2100744247436523,
          "dev_kl": 0.02112317605051137,
          "dev_objective": 2.2734439528951866
        },
        {
          "epoch": 164,
          "train_objective": 2.134037494659424,
          "dev_nll": 2.209815263748169,
          "dev_kl": 0.02118464838948116,
          "dev_objective": 2.2733692089166126
        },
        {
          "epoch": 165,
          "train_objective": 2.1339621543884277,
          "dev_nll": 2.2095673084259033,
          "dev_kl": 0.02124417479752728,
          "dev_objective": 2.273299832818485
        },
        {
          "epoch": 166,
          "train_objective": 2.1338882446289062,
          "dev_nll": 2.209329128265381,
          "dev_kl": 0.021301931755114047,
          "dev_objective": 2.273234923530723
        },
        {
          "epoch": 167,
          "train_objective": 2.1338162422180176,
          "dev_nll": 2.209097385406494,
          "dev_kl": 0.02135844852619489,
          "dev_objective": 2.273172730985079
        },
        {
          "epoch": 168,
          "train_objective": 2.1337459087371826,
          "dev_nll": 2.2088682651519775,
          "dev_kl": 0.02141432745115561,
          "dev_objective": 2.2731112475054442
        },
        {
          "epoch": 169,
          "train_objective": 2.1336770057678223,
          "dev_nll": 2.208639144897461,
          "dev_kl": 0.02146989565751996,
          "dev_objective": 2.273048831870021
        },
        {
          "epoch": 170,
          "train_objective": 2.1336100101470947,
          "dev_nll": 2.2084107398986816,
          "dev_kl": 0.02152507163203066,
          "dev_objective": 2.2729859547947737
        },
        {
          "epoch": 171,
          "train_objective": 2.1335442066192627,
          "dev_nll": 2.208186388015747,
          "dev_kl": 0.021579426433046108,
          "dev_objective": 2.2729246673148853
        },
        {
          "epoch": 172,
          "train_objective": 2.1334800720214844,
          "dev_nll": 2.2079689502716064,
          "dev_kl": 0.021632507024239,
          "dev_objective": 2.2728664713443236
        },
        {
          "epoch": 173,
          "train_objective": 2.1334171295166016,
          "dev_nll": 2.2077596187591553,
          "dev_kl": 0.02168410690689099,
          "dev_objective": 2.272811939479828
        },
        {
          "epoch": 174,
          "train_objective": 2.1333556175231934,
          "dev_nll": 2.2075579166412354,
          "dev_kl": 0.021734354126120677,
          "dev_objective": 2.2727609790195973
        },
        {
          "epoch": 175,
          "train_objective": 2.1332955360412598,
          "dev_nll": 2.2073605060577393,
          "dev_kl": 0.021783632384012302,
          "dev_objective": 2.272711403209776
        },
        {
          "epoch": 176,
          "train_objective": 2.133236885070801,
          "dev_nll": 2.207165241241455,
          "dev_kl": 0.021832367384171623,
          "dev_objective": 2.27266234339397
        },
        {
          "epoch": 177,
          "train_objective": 2.133178949356079,
          "dev_nll": 2.20697021484375,
          "dev_kl": 0.0218806706792337,
          "dev_objective": 2.272612226881451
        },
        {
          "epoch": 178,
          "train_objective": 2.133122682571411,
          "dev_nll": 2.206777334213257,
          "dev_kl": 0.021928403801622712,
          "dev_objective": 2.272562545618125
        },
        {
          "epoch": 179,
          "train_objective": 2.1330671310424805,
          "dev_nll": 2.2065885066986084,
          "dev_kl": 0.021975211401079452,
          "dev_objective": 2.272514140901847
        },
        {
          "epoch": 180,
          "train_objective": 2.1330127716064453,
          "dev_nll": 2.2064056396484375,
          "dev_kl": 0.022020788234283006,
          "dev_objective": 2.2724680043512864
        },
        {
          "epoch": 181,
          "train_objective": 2.1329596042633057,
          "dev_nll": 2.2062294483184814,
          "dev_kl": 0.022065064663277758,
          "dev_objective": 2.2724246423083145
        },
        {
          "epoch": 182,
          "train_objective": 2.1329076290130615,
          "dev_nll": 2.2060582637786865,
          "dev_kl": 0.022108214326679795,
          "dev_objective": 2.272382906758726
        },
        {
          "epoch": 183,
          "train_objective": 2.1328563690185547,
          "dev_nll": 2.2058911323547363,
          "dev_kl": 0.022150568780958682,
          "dev_objective": 2.2723428386976123
        },
        {
          "epoch": 184,
          "train_objective": 2.1328063011169434,
          "dev_nll": 2.2057249546051025,
          "dev_kl": 0.022192335815259045,
          "dev_objective": 2.2723019620508795
        },
        {
          "epoch": 185,
          "train_objective": 2.1327569484710693,
          "dev_nll": 2.2055604457855225,
          "dev_kl": 0.022233556735426967,
          "dev_objective": 2.272261115991803
        },
        {
          "epoch": 186,
          "train_objective": 2.1327085494995117,
          "dev_nll": 2.2053985595703125,
          "dev_kl": 0.022274052690444215,
          "dev_objective": 2.272220717641645
        },
        {
          "epoch": 187,
          "train_objective": 2.1326611042022705,
          "dev_nll": 2.2052412033081055,
          "dev_kl": 0.0223136074787509,
          "dev_objective": 2.272182025744358
        },
        {
          "epoch": 188,
          "train_objective": 2.1326143741607666,
          "dev_nll": 2.2050893306732178,
          "dev_kl": 0.022352038698192054,
          "dev_objective": 2.272145446767794
        },
        {
          "epoch": 189,
          "train_objective": 2.132568597793579,
          "dev_nll": 2.204942464828491,
          "dev_kl": 0.022389399077867217,
          "dev_objective": 2.272110662062093
        },
        {
          "epoch": 190,
          "train_objective": 2.132523536682129,
          "dev_nll": 2.204799175262451,
          "dev_kl": 0.02242592013311467,
          "dev_objective": 2.2720769356617954
        },
        {
          "epoch": 191,
          "train_objective": 2.132479190826416,
          "dev_nll": 2.204658269882202,
          "dev_kl": 0.022461834586142832,
          "dev_objective": 2.2720437736406307
        },
        {
          "epoch": 192,
          "train_objective": 2.1324355602264404,
          "dev_nll": 2.2045187950134277,
          "dev_kl": 0.022497223390664366,
          "dev_objective": 2.2720104651854207
        },
        {
          "epoch": 193,
          "train_objective": 2.132392644882202,
          "dev_nll": 2.204381227493286,
          "dev_kl": 0.022532026141679155,
          "dev_objective": 2.2719773059183237
        },
        {
          "epoch": 194,
          "train_objective": 2.132350444793701,
          "dev_nll": 2.204246759414673,
          "dev_kl": 0.022566067379704045,
          "dev_objective": 2.271944961553785
        },
        {
          "epoch": 195,
          "train_objective": 2.1323091983795166,
          "dev_nll": 2.2041168212890625,
          "dev_kl": 0.022599207141601872,
          "dev_objective": 2.271914442713868
        },
        {
          "epoch": 196,
          "train_objective": 2.132268190383911,
          "dev_nll": 2.2039906978607178,
          "dev_kl": 0.022631438454188735,
          "dev_objective": 2.271885013223284
        },
        {
          "epoch": 197,
          "train_objective": 2.132227659225464,
          "dev_nll": 2.2038679122924805,
          "dev_kl": 0.022662883732400295,
          "dev_objective": 2.2718565634896812
        },
        {
          "epoch": 198,
          "train_objective": 2.132188320159912,
          "dev_nll": 2.203747510910034,
          "dev_kl": 0.0226937238358885,
          "dev_objective": 2.2718286824177
        },
        {
          "epoch": 199,
          "train_objective": 2.1321492195129395,
          "dev_nll": 2.2036285400390625,
          "dev_kl": 0.022724060266139736,
          "dev_objective": 2.2718007208374815
        },
        {
          "epoch": 200,
          "train_objective": 2.132110595703125,
          "dev_nll": 2.2035114765167236,
          "dev_kl": 0.022753876324596575,
          "dev_objective": 2.2717731054905133
        },
        {
          "epoch": 201,
          "train_objective": 2.132072925567627,
          "dev_nll": 2.2033963203430176,
          "dev_kl": 0.022783063943572945,
          "dev_objective": 2.2717455121737364
        },
        {
          "epoch": 202,
          "train_objective": 2.132035493850708,
          "dev_nll": 2.203284740447998,
          "dev_kl": 0.022811512318683877,
          "dev_objective": 2.2717192774040496
        },
        {
          "epoch": 203,
          "train_objective": 2.131998300552368,
          "dev_nll": 2.203176259994507,
          "dev_kl": 0.02283916888747274,
          "dev_objective": 2.271693766656925
        },
        {
          "epoch": 204,
          "train_objective": 2.1319620609283447,
          "dev_nll": 2.203071355819702,
          "dev_kl": 0.02286615160964204,
          "dev_objective": 2.2716698106486284
        },
        {
          "epoch": 205,
          "train_objective": 2.1319262981414795,
          "dev_nll": 2.202967882156372,
          "dev_kl": 0.022892554667064798,
          "dev_objective": 2.2716455461575666
        },
        {
          "epoch": 206,
          "train_objective": 2.1318905353546143,
          "dev_nll": 2.2028660774230957,
          "dev_kl": 0.02291850392348058,
          "dev_objective": 2.2716215891935376
        },
        {
          "epoch": 207,
          "train_objective": 2.1318554878234863,
          "dev_nll": 2.202766180038452,
          "dev_kl": 0.022943964063738203,
          "dev_objective": 2.2715980722296667
        },
        {
          "epoch": 208,
          "train_objective": 2.1318211555480957,
          "dev_nll": 2.2026681900024414,
          "dev_kl": 0.022968876512623543,
          "dev_objective": 2.2715748195403123
        },
        {
          "epoch": 209,
          "train_objective": 2.131787061691284,
          "dev_nll": 2.20257306098938,
          "dev_kl": 0.022993163628627605,
          "dev_objective": 2.2715525518752626
        },
        {
          "epoch": 210,
          "train_objective": 2.1317532062530518,
          "dev_nll": 2.2024805545806885,
          "dev_kl": 0.023016779438964272,
          "dev_objective": 2.2715308928975815
        },
        {
          "epoch": 211,
          "train_objective": 2.1317200660705566,
          "dev_nll": 2.2023909091949463,
          "dev_kl": 0.023039798703863315,
          "dev_objective": 2.271510305306536
        },
        {
          "epoch": 212,
          "train_objective": 2.1316869258880615,
          "dev_nll": 2.2023026943206787,
          "dev_kl": 0.023062317828824293,
          "dev_objective": 2.271489647807152
        },
        {
          "epoch": 213,
          "train_objective": 2.1316545009613037,
          "dev_nll": 2.2022159099578857,
          "dev_kl": 0.023084410855869552,
          "dev_objective": 2.2714691425254943
        },
        {
          "epoch": 214,
          "train_objective": 2.131622076034546,
          "dev_nll": 2.2021307945251465,
          "dev_kl": 0.023106069440179833,
          "dev_objective": 2.271449002845686
        },
        {
          "epoch": 215,
          "train_objective": 2.1315903663635254,
          "dev_nll": 2.202047348022461,
          "dev_kl": 0.023127247523535194,
          "dev_objective": 2.2714290905930667
        },
        {
          "epoch": 216,
          "train_objective": 2.131559133529663,
          "dev_nll": 2.2019662857055664,
          "dev_kl": 0.023147863157059727,
          "dev_objective": 2.2714098751767455
        },
        {
          "epoch": 217,
          "train_objective": 2.131527900695801,
          "dev_nll": 2.201887607574463,
          "dev_kl": 0.023167941180403315,
          "dev_objective": 2.271391431115673
        },
        {
          "epoch": 218,
          "train_objective": 2.1314969062805176,
          "dev_nll": 2.201810836791992,
          "dev_kl": 0.023187535705566857,
          "dev_objective": 2.2713734439086926
        },
        {
          "epoch": 219,
          "train_objective": 2.1314666271209717,
          "dev_nll": 2.201735258102417,
          "dev_kl": 0.023206702117139714,
          "dev_objective": 2.2713553644538362
        },
        {
          "epoch": 220,
          "train_objective": 2.131436586380005,
          "dev_nll": 2.2016611099243164,
          "dev_kl": 0.023225522887397317,
          "dev_objective": 2.2713376785865083
        },
        {
          "epoch": 221,
          "train_objective": 2.131406784057617,
          "dev_nll": 2.2015881538391113,
          "dev_kl": 0.023243963879893623,
          "dev_objective": 2.271320045478792
        },
        {
          "epoch": 222,
          "train_objective": 2.1313772201538086,
          "dev_nll": 2.201517105102539,
          "dev_kl": 0.02326198661795652,
          "dev_objective": 2.2713030649564088
        },
        {
          "epoch": 223,
          "train_objective": 2.131348133087158,
          "dev_nll": 2.2014477252960205,
          "dev_kl": 0.023279565115151325,
          "dev_objective": 2.2712864206414745
        },
        {
          "epoch": 224,
          "train_objective": 2.131319046020508,
          "dev_nll": 2.2013800144195557,
          "dev_kl": 0.023296719404301728,
          "dev_objective": 2.2712701726324607
        },
        {
          "epoch": 225,
          "train_objective": 2.1312901973724365,
          "dev_nll": 2.2013142108917236,
          "dev_kl": 0.023313487275792737,
          "dev_objective": 2.2712546727191016
        },
        {
          "epoch": 226,
          "train_objective": 2.1312620639801025,
          "dev_nll": 2.201249122619629,
          "dev_kl": 0.023329931640370387,
          "dev_objective": 2.27123891754074
        },
        {
          "epoch": 227,
          "train_objective": 2.1312336921691895,
          "dev_nll": 2.2011852264404297,
          "dev_kl": 0.02334608108081269,
          "dev_objective": 2.2712234696828677
        },
        {
          "epoch": 228,
          "train_objective": 2.1312057971954346,
          "dev_nll": 2.201122522354126,
          "dev_kl": 0.023361894186124235,
          "dev_objective": 2.2712082049124986
        },
        {
          "epoch": 229,
          "train_objective": 2.131178140640259,
          "dev_nll": 2.2010610103607178,
          "dev_kl": 0.023377356310506473,
          "dev_objective": 2.271193079292237
        },
        {
          "epoch": 230,
          "train_objective": 2.131150960922241,
          "dev_nll": 2.2010014057159424,
          "dev_kl": 0.023392446659741953,
          "dev_objective": 2.271178745695168
        },
        {
          "epoch": 231,
          "train_objective": 2.1311237812042236,
          "dev_nll": 2.2009432315826416,
          "dev_kl": 0.023407187621248136,
          "dev_objective": 2.271164794446386
        },
        {
          "epoch": 232,
          "train_objective": 2.131096839904785,
          "dev_nll": 2.2008860111236572,
          "dev_kl": 0.02342162622493737,
          "dev_objective": 2.271150889798469
        },
        {
          "epoch": 233,
          "train_objective": 2.131070375442505,
          "dev_nll": 2.2008297443389893,
          "dev_kl": 0.023435796372077967,
          "dev_objective": 2.2711371334552233
        },
        {
          "epoch": 234,
          "train_objective": 2.1310436725616455,
          "dev_nll": 2.2007744312286377,
          "dev_kl": 0.023449705760163676,
          "dev_objective": 2.2711235485091286
        },
        {
          "epoch": 235,
          "train_objective": 2.1310174465179443,
          "dev_nll": 2.2007203102111816,
          "dev_kl": 0.023463302347320882,
          "dev_objective": 2.271110217253144
        },
        {
          "epoch": 236,
          "train_objective": 2.1309914588928223,
          "dev_nll": 2.200667381286621,
          "dev_kl": 0.02347659738687423,
          "dev_objective": 2.271097173447244
        },
        {
          "epoch": 237,
          "train_objective": 2.1309659481048584,
          "dev_nll": 2.200615882873535,
          "dev_kl": 0.023489571769811934,
          "dev_objective": 2.271084598182971
        },
        {
          "epoch": 238,
          "train_objective": 2.1309404373168945,
          "dev_nll": 2.2005650997161865,
          "dev_kl": 0.02350228616823217,
          "dev_objective": 2.271071958220883
        },
        {
          "epoch": 239,
          "train_objective": 2.1309149265289307,
          "dev_nll": 2.2005155086517334,
          "dev_kl": 0.02351476003898443,
          "dev_objective": 2.2710597887686865
        },
        {
          "epoch": 240,
          "train_objective": 2.130889654159546,
          "dev_nll": 2.2004666328430176,
          "dev_kl": 0.02352699729465624,
          "dev_objective": 2.2710476247269864
        },
        {
          "epoch": 241,
          "train_objective": 2.1308650970458984,
          "dev_nll": 2.200418710708618,
          "dev_kl": 0.02353898684199404,
          "dev_objective": 2.2710356712346003
        },
        {
          "epoch": 242,
          "train_objective": 2.130840301513672,
          "dev_nll": 2.200371742248535,
          "dev_kl": 0.0235507162137618,
          "dev_objective": 2.2710238908898206
        },
        {
          "epoch": 243,
          "train_objective": 2.1308155059814453,
          "dev_nll": 2.2003259658813477,
          "dev_kl": 0.02356220353507407,
          "dev_objective": 2.27101257648657
        },
        {
          "epoch": 244,
          "train_objective": 2.130791187286377,
          "dev_nll": 2.2002809047698975,
          "dev_kl": 0.023573450095887717,
          "dev_objective": 2.2710012550575605
        },
        {
          "epoch": 245,
          "train_objective": 2.1307671070098877,
          "dev_nll": 2.2002370357513428,
          "dev_kl": 0.023584487501084956,
          "dev_objective": 2.270990498254598
        },
        {
          "epoch": 246,
          "train_objective": 2.1307430267333984,
          "dev_nll": 2.2001936435699463,
          "dev_kl": 0.023595329233719365,
          "dev_objective": 2.2709796312711044
        },
        {
          "epoch": 247,
          "train_objective": 2.1307194232940674,
          "dev_nll": 2.200150966644287,
          "dev_kl": 0.023605951886331182,
          "dev_objective": 2.2709688223032805
        },
        {
          "epoch": 248,
          "train_objective": 2.1306958198547363,
          "dev_nll": 2.2001094818115234,
          "dev_kl": 0.023616390679249418,
          "dev_objective": 2.270958653849272
        },
        {
          "epoch": 249,
          "train_objective": 2.1306722164154053,
          "dev_nll": 2.200068235397339,
          "dev_kl": 0.023626592848168294,
          "dev_objective": 2.270948013941844
        },
        {
          "epoch": 250,
          "train_objective": 2.1306490898132324,
          "dev_nll": 2.20002818107605,
          "dev_kl": 0.023636601194025827,
          "dev_objective": 2.2709379846581275
        },
        {
          "epoch": 251,
          "train_objective": 2.1306259632110596,
          "dev_nll": 2.199989080429077,
          "dev_kl": 0.023646438226287793,
          "dev_objective": 2.2709283951079406
        },
        {
          "epoch": 252,
          "train_objective": 2.1306028366088867,
          "dev_nll": 2.1999502182006836,
          "dev_kl": 0.023656097207417442,
          "dev_objective": 2.270918509822936
        },
        {
          "epoch": 253,
          "train_objective": 2.130580186843872,
          "dev_nll": 2.1999118328094482,
          "dev_kl": 0.023665586222646636,
          "dev_objective": 2.2709085914773883
        },
        {
          "epoch": 254,
          "train_objective": 2.1305575370788574,
          "dev_nll": 2.1998746395111084,
          "dev_kl": 0.023674905281833133,
          "dev_objective": 2.2708993553566077
        },
        {
          "epoch": 255,
          "train_objective": 2.130535125732422,
          "dev_nll": 2.1998379230499268,
          "dev_kl": 0.023684053220823707,
          "dev_objective": 2.270890082712398
        },
        {
          "epoch": 256,
          "train_objective": 2.1305129528045654,
          "dev_nll": 2.1998019218444824,
          "dev_kl": 0.023693018871258135,
          "dev_objective": 2.2708809784582566
        },
        {
          "epoch": 257,
          "train_objective": 2.130490779876709,
          "dev_nll": 2.1997663974761963,
          "dev_kl": 0.023701849601498143,
          "dev_objective": 2.270871946280691
        },
        {
          "epoch": 258,
          "train_objective": 2.1304688453674316,
          "dev_nll": 2.1997313499450684,
          "dev_kl": 0.023710552376278136,
          "dev_objective": 2.2708630070739027
        },
        {
          "epoch": 259,
          "train_objective": 2.1304469108581543,
          "dev_nll": 2.1996970176696777,
          "dev_kl": 0.023719087758969006,
          "dev_objective": 2.2708542809465846
        },
        {
          "epoch": 260,
          "train_objective": 2.130425453186035,
          "dev_nll": 2.1996634006500244,
          "dev_kl": 0.023727486900057673,
          "dev_objective": 2.2708458613501974
        },
        {
          "epoch": 261,
          "train_objective": 2.130403995513916,
          "dev_nll": 2.1996304988861084,
          "dev_kl": 0.023735739576588987,
          "dev_objective": 2.2708377176158754
        },
        {
          "epoch": 262,
          "train_objective": 2.130382776260376,
          "dev_nll": 2.1995978355407715,
          "dev_kl": 0.023743854205202943,
          "dev_objective": 2.2708293981563803
        },
        {
          "epoch": 263,
          "train_objective": 2.130361557006836,
          "dev_nll": 2.1995654106140137,
          "dev_kl": 0.023751865204464973,
          "dev_objective": 2.2708210062274086
        },
        {
          "epoch": 264,
          "train_objective": 2.130340337753296,
          "dev_nll": 2.1995339393615723,
          "dev_kl": 0.023759740632921158,
          "dev_objective": 2.2708131612603357
        },
        {
          "epoch": 265,
          "train_objective": 2.130319595336914,
          "dev_nll": 2.19950270652771,
          "dev_kl": 0.023767507756635876,
          "dev_objective": 2.2708052297976176
        },
        {
          "epoch": 266,
          "train_objective": 2.130298614501953,
          "dev_nll": 2.199472188949585,
          "dev_kl": 0.02377514008032684,
          "dev_objective": 2.2707976091905655
        },
        {
          "epoch": 267,
          "train_objective": 2.1302783489227295,
          "dev_nll": 2.199442148208618,
          "dev_kl": 0.02378266561267552,
          "dev_objective": 2.270790145046645
        },
        {
          "epoch": 268,
          "train_objective": 2.1302578449249268,
          "dev_nll": 2.1994123458862305,
          "dev_kl": 0.02379005992336334,
          "dev_objective": 2.2707825256563203
        },
        {
          "epoch": 269,
          "train_objective": 2.130237579345703,
          "dev_nll": 2.199383020401001,
          "dev_kl": 0.023797363087426,
          "dev_objective": 2.270775109663279
        },
        {
          "epoch": 270,
          "train_objective": 2.1302173137664795,
          "dev_nll": 2.1993541717529297,
          "dev_kl": 0.02380458769320901,
          "dev_objective": 2.270767934832557
        },
        {
          "epoch": 271,
          "train_objective": 2.130197048187256,
          "dev_nll": 2.1993255615234375,
          "dev_kl": 0.02381169912686962,
          "dev_objective": 2.2707606589040465
        },
        {
          "epoch": 272,
          "train_objective": 2.1301774978637695,
          "dev_nll": 2.1992974281311035,
          "dev_kl": 0.023818709202685334,
          "dev_objective": 2.2707535557391596
        },
        {
          "epoch": 273,
          "train_objective": 2.130157709121704,
          "dev_nll": 2.1992697715759277,
          "dev_kl": 0.02382563135817632,
          "dev_objective": 2.2707466656504565
        },
        {
          "epoch": 274,
          "train_objective": 2.1301379203796387,
          "dev_nll": 2.199242353439331,
          "dev_kl": 0.023832462139375087,
          "dev_objective": 2.2707397398574565
        },
        {
          "epoch": 275,
          "train_objective": 2.1301186084747314,
          "dev_nll": 2.1992154121398926,
          "dev_kl": 0.023839234473510464,
          "dev_objective": 2.270733115560424
        },
        {
          "epoch": 276,
          "train_objective": 2.1300995349884033,
          "dev_nll": 2.199188709259033,
          "dev_kl": 0.02384590302432527,
          "dev_objective": 2.270726418332009
        },
        {
          "epoch": 277,
          "train_objective": 2.130080223083496,
          "dev_nll": 2.199162483215332,
          "dev_kl": 0.02385248422609537,
          "dev_objective": 2.2707199358936183
        },
        {
          "epoch": 278,
          "train_objective": 2.130060911178589,
          "dev_nll": 2.199136257171631,
          "dev_kl": 0.023859000340903987,
          "dev_objective": 2.270713258194343
        },
        {
          "epoch": 279,
          "train_objective": 2.13004207611084,
          "dev_nll": 2.199110746383667,
          "dev_kl": 0.023865439439466552,
          "dev_objective": 2.2707070647020666
        },
        {
          "epoch": 280,
          "train_objective": 2.130023241043091,
          "dev_nll": 2.199084997177124,
          "dev_kl": 0.023871821509073337,
          "dev_objective": 2.270700461704344
        },
        {
          "epoch": 281,
          "train_objective": 2.130004644393921,
          "dev_nll": 2.1990602016448975,
          "dev_kl": 0.02387813056468017,
          "dev_objective": 2.2706945933389378
        },
        {
          "epoch": 282,
          "train_objective": 2.129986047744751,
          "dev_nll": 2.199035406112671,
          "dev_kl": 0.02388436668233255,
          "dev_objective": 2.2706885061596687
        },
        {
          "epoch": 283,
          "train_objective": 2.129967451095581,
          "dev_nll": 2.1990108489990234,
          "dev_kl": 0.023890539047574894,
          "dev_objective": 2.270682466141748
        },
        {
          "epoch": 284,
          "train_objective": 2.1299490928649902,
          "dev_nll": 2.198986530303955,
          "dev_kl": 0.0238966494225972,
          "dev_objective": 2.2706764785717466
        },
        {
          "epoch": 285,
          "train_objective": 2.1299312114715576,
          "dev_nll": 2.198962450027466,
          "dev_kl": 0.023902694086803334,
          "dev_objective": 2.270670532287876
        },
        {
          "epoch": 286,
          "train_objective": 2.129913091659546,
          "dev_nll": 2.1989386081695557,
          "dev_kl": 0.023908702799329353,
          "dev_objective": 2.2706647165675435
        },
        {
          "epoch": 287,
          "train_objective": 2.1298952102661133,
          "dev_nll": 2.1989152431488037,
          "dev_kl": 0.023914641161794745,
          "dev_objective": 2.270659166634188
        },
        {
          "epoch": 288,
          "train_objective": 2.1298770904541016,
          "dev_nll": 2.1988918781280518,
          "dev_kl": 0.02392052781144758,
          "dev_objective": 2.2706534615623943
        },
        {
          "epoch": 289,
          "train_objective": 2.129859685897827,
          "dev_nll": 2.198868751525879,
          "dev_kl": 0.023926353048262818,
          "dev_objective": 2.2706478106706673
        },
        {
          "epoch": 290,
          "train_objective": 2.1298420429229736,
          "dev_nll": 2.1988461017608643,
          "dev_kl": 0.023932135385093128,
          "dev_objective": 2.2706425079161434
        },
        {
          "epoch": 291,
          "train_objective": 2.12982439994812,
          "dev_nll": 2.1988234519958496,
          "dev_kl": 0.023937883363912754,
          "dev_objective": 2.270637102087588
        },
        {
          "epoch": 292,
          "train_objective": 2.129807472229004,
          "dev_nll": 2.198801040649414,
          "dev_kl": 0.023943577366862295,
          "dev_objective": 2.2706317727500007
        },
        {
          "epoch": 293,
          "train_objective": 2.1297900676727295,
          "dev_nll": 2.1987786293029785,
          "dev_kl": 0.0239492287660288,
          "dev_objective": 2.270626315601065
        },
        {
          "epoch": 294,
          "train_objective": 2.129772901535034,
          "dev_nll": 2.1987569332122803,
          "dev_kl": 0.023954826817874076,
          "dev_objective": 2.2706214136659026
        },
        {
          "epoch": 295,
          "train_objective": 2.129755735397339,
          "dev_nll": 2.198735237121582,
          "dev_kl": 0.02396039025024361,
          "dev_objective": 2.270616407872313
        },
        {
          "epoch": 296,
          "train_objective": 2.1297390460968018,
          "dev_nll": 2.1987133026123047,
          "dev_kl": 0.023965923932865413,
          "dev_objective": 2.270611074410901
        },
        {
          "epoch": 297,
          "train_objective": 2.1297223567962646,
          "dev_nll": 2.1986920833587646,
          "dev_kl": 0.023971437911255163,
          "dev_objective": 2.2706063970925303
        },
        {
          "epoch": 298,
          "train_objective": 2.1297056674957275,
          "dev_nll": 2.1986706256866455,
          "dev_kl": 0.02397688811047814,
          "dev_objective": 2.27060129001808
        },
        {
          "epoch": 299,
          "train_objective": 2.1296892166137695,
          "dev_nll": 2.1986494064331055,
          "dev_kl": 0.023982295538805754,
          "dev_objective": 2.2705962930495227
        }
      ]
    },
    "constrained_candidates": [
      {
        "kl_lambda": 1.0,
        "best_dev_nll": 2.0881571769714355,
        "best_dev_kl": 0.07920400414337975,
        "best_dev_objective": 2.1673611811148152,
        "epochs_run": 300,
        "history": [
          {
            "epoch": 0,
            "train_objective": 2.360872983932495,
            "dev_nll": 2.425464153289795,
            "dev_kl": 0.007172968026650544,
            "dev_objective": 2.4326371213164455
          },
          {
            "epoch": 1,
            "train_objective": 2.2711434364318848,
            "dev_nll": 2.394028902053833,
            "dev_kl": 0.03290758820695637,
            "dev_objective": 2.4269364902607893
          },
          {
            "epoch": 2,
            "train_objective": 2.2839601039886475,
            "dev_nll": 2.383192539215088,
            "dev_kl": 0.041903256318501884,
            "dev_objective": 2.42509579553359
          },
          {
            "epoch": 3,
            "train_objective": 2.289895534515381,
            "dev_nll": 2.37784743309021,
            "dev_kl": 0.03278489829690737,
            "dev_objective": 2.4106323313871174
          },
          {
            "epoch": 4,
            "train_objective": 2.2702908515930176,
            "dev_nll": 2.3788912296295166,
            "dev_kl": 0.018079741619716986,
            "dev_objective": 2.3969709712492335
          },
          {
            "epoch": 5,
            "train_objective": 2.2443950176239014,
            "dev_nll": 2.3878798484802246,
            "dev_kl": 0.007083282468468702,
            "dev_objective": 2.3949631309486934
          },
          {
            "epoch": 6,
            "train_objective": 2.228517770767212,
            "dev_nll": 2.4011330604553223,
            "dev_kl": 0.0032444668826018086,
            "dev_objective": 2.404377527337924
          },
          {
            "epoch": 7,
            "train_objective": 2.2278785705566406,
            "dev_nll": 2.409461259841919,
            "dev_kl": 0.004100788128139797,
            "dev_objective": 2.413562047970059
          },
          {
            "epoch": 8,
            "train_objective": 2.2323546409606934,
            "dev_nll": 2.406257390975952,
            "dev_kl": 0.005622704338865362,
            "dev_objective": 2.4118800953148174
          },
          {
            "epoch": 9,
            "train_objective": 2.2291555404663086,
            "dev_nll": 2.3925669193267822,
            "dev_kl": 0.006746168957174485,
            "dev_objective": 2.399313088283957
          },
          {
            "epoch": 10,
            "train_objective": 2.218071460723877,
            "dev_nll": 2.37355637550354,
            "dev_kl": 0.008632593393896616,
            "dev_objective": 2.3821889688974367
          },
          {
            "epoch": 11,
            "train_objective": 2.2066447734832764,
            "dev_nll": 2.3544983863830566,
            "dev_kl": 0.01225537088800094,
            "dev_objective": 2.3667537572710575
          },
          {
            "epoch": 12,
            "train_objective": 2.200364589691162,
            "dev_nll": 2.3387322425842285,
            "dev_kl": 0.0171717159603084,
            "dev_objective": 2.3559039585445367
          },
          {
            "epoch": 13,
            "train_objective": 2.199298143386841,
            "dev_nll": 2.3273508548736572,
            "dev_kl": 0.02175937609882244,
            "dev_objective": 2.34911023097248
          },
          {
            "epoch": 14,
            "train_objective": 2.2000441551208496,
            "dev_nll": 2.320078134536743,
            "dev_kl": 0.02442074881541738,
            "dev_objective": 2.3444988833521605
          },
          {
            "epoch": 15,
            "train_objective": 2.199087381362915,
            "dev_nll": 2.31638240814209,
            "dev_kl": 0.02470410592392117,
            "dev_objective": 2.341086514066011
          },
          {
            "epoch": 16,
            "train_objective": 2.1951746940612793,
            "dev_nll": 2.3159162998199463,
            "dev_kl": 0.023411646202739868,
            "dev_objective": 2.3393279460226863
          },
          {
            "epoch": 17,
            "train_objective": 2.1895229816436768,
            "dev_nll": 2.318209409713745,
            "dev_kl": 0.021866916102402274,
            "dev_objective": 2.340076325816147
          },
          {
            "epoch": 18,
            "train_objective": 2.18440580368042,
            "dev_nll": 2.3221518993377686,
            "dev_kl": 0.02106046744888919,
            "dev_objective": 2.343212366786658
          },
          {
            "epoch": 19,
            "train_objective": 2.1814217567443848,
            "dev_nll": 2.3258445262908936,
            "dev_kl": 0.021210567798979972,
            "dev_objective": 2.3470550940898733
          },
          {
            "epoch": 20,
            "train_objective": 2.1804587841033936,
            "dev_nll": 2.3271496295928955,
            "dev_kl": 0.021921879245764424,
            "dev_objective": 2.34907150883866
          },
          {
            "epoch": 21,
            "train_objective": 2.179964303970337,
            "dev_nll": 2.32466459274292,
            "dev_kl": 0.022719956044438144,
            "dev_objective": 2.347384548787358
          },
          {
            "epoch": 22,
            "train_objective": 2.1783416271209717,
            "dev_nll": 2.3183577060699463,
            "dev_kl": 0.023475018014470415,
            "dev_objective": 2.3418327240844166
          },
          {
            "epoch": 23,
            "train_objective": 2.175234794616699,
            "dev_nll": 2.3094239234924316,
            "dev_kl": 0.0244083670606356,
            "dev_objective": 2.333832290553067
          },
          {
            "epoch": 24,
            "train_objective": 2.1715705394744873,
            "dev_nll": 2.29961895942688,
            "dev_kl": 0.025782618251997198,
            "dev_objective": 2.325401577678877
          },
          {
            "epoch": 25,
            "train_objective": 2.168574810028076,
            "dev_nll": 2.29055118560791,
            "dev_kl": 0.02757663201848646,
            "dev_objective": 2.3181278176263964
          },
          {
            "epoch": 26,
            "train_objective": 2.166790723800659,
            "dev_nll": 2.2832677364349365,
            "dev_kl": 0.02940045027231287,
            "dev_objective": 2.3126681867072496
          },
          {
            "epoch": 27,
            "train_objective": 2.1658172607421875,
            "dev_nll": 2.2782094478607178,
            "dev_kl": 0.03071406091781213,
            "dev_objective": 2.30892350877853
          },
          {
            "epoch": 28,
            "train_objective": 2.164783239364624,
            "dev_nll": 2.275399923324585,
            "dev_kl": 0.031170390658981858,
            "dev_objective": 2.306570313983567
          },
          {
            "epoch": 29,
            "train_objective": 2.1630656719207764,
            "dev_nll": 2.274631977081299,
            "dev_kl": 0.030810138313925914,
            "dev_objective": 2.3054421153952247
          },
          {
            "epoch": 30,
            "train_objective": 2.160684823989868,
            "dev_nll": 2.275506019592285,
            "dev_kl": 0.029988804332641585,
            "dev_objective": 2.305494823924927
          },
          {
            "epoch": 31,
            "train_objective": 2.158170461654663,
            "dev_nll": 2.277366876602173,
            "dev_kl": 0.029136167836353002,
            "dev_objective": 2.306503044438526
          },
          {
            "epoch": 32,
            "train_objective": 2.156090259552002,
            "dev_nll": 2.279294729232788,
            "dev_kl": 0.028536305771276894,
            "dev_objective": 2.307831035004065
          },
          {
            "epoch": 33,
            "train_objective": 2.1546192169189453,
            "dev_nll": 2.280278444290161,
            "dev_kl": 0.028259202599480386,
            "dev_objective": 2.3085376468896417
          },
          {
            "epoch": 34,
            "train_objective": 2.1534578800201416,
            "dev_nll": 2.2795393466949463,
            "dev_kl": 0.028245866639472005,
            "dev_objective": 2.307785213334418
          },
          {
            "epoch": 35,
            "train_objective": 2.152128219604492,
            "dev_nll": 2.2768239974975586,
            "dev_kl": 0.028439527379363897,
            "dev_objective": 2.3052635248769224
          },
          {
            "epoch": 36,
            "train_objective": 2.150388717651367,
            "dev_nll": 2.2724812030792236,
            "dev_kl": 0.02884268605304251,
            "dev_objective": 2.301323889132266
          },
          {
            "epoch": 37,
            "train_objective": 2.1483962535858154,
            "dev_nll": 2.2672791481018066,
            "dev_kl": 0.029467449418359225,
            "dev_objective": 2.296746597520166
          },
          {
            "epoch": 38,
            "train_objective": 2.146512985229492,
            "dev_nll": 2.262101650238037,
            "dev_kl": 0.030247303854388695,
            "dev_objective": 2.292348954092426
          },
          {
            "epoch": 39,
            "train_objective": 2.144975185394287,
            "dev_nll": 2.2576825618743896,
            "dev_kl": 0.031007841001302303,
            "dev_objective": 2.288690402875692
          },
          {
            "epoch": 40,
            "train_objective": 2.143724203109741,
            "dev_nll": 2.2544755935668945,
            "dev_kl": 0.031538047817453084,
            "dev_objective": 2.2860136413843475
          },
          {
            "epoch": 41,
            "train_objective": 2.142505645751953,
            "dev_nll": 2.252643346786499,
            "dev_kl": 0.03171114349501177,
            "dev_objective": 2.284354490281511
          },
          {
            "epoch": 42,
            "train_objective": 2.1411120891571045,
            "dev_nll": 2.252096176147461,
            "dev_kl": 0.031558553979266435,
            "dev_objective": 2.2836547301267274
          },
          {
            "epoch": 43,
            "train_objective": 2.13954496383667,
            "dev_nll": 2.2525124549865723,
            "dev_kl": 0.031241962763165394,
            "dev_objective": 2.2837544177497375
          },
          {
            "epoch": 44,
            "train_objective": 2.13798189163208,
            "dev_nll": 2.2533671855926514,
            "dev_kl": 0.03095269644343775,
            "dev_objective": 2.284319882036089
          },
          {
            "epoch": 45,
            "train_objective": 2.136597156524658,
            "dev_nll": 2.2540111541748047,
            "dev_kl": 0.03081873654305274,
            "dev_objective": 2.2848298907178575
          },
          {
            "epoch": 46,
            "train_objective": 2.1354098320007324,
            "dev_nll": 2.253835439682007,
            "dev_kl": 0.030878739969451882,
            "dev_objective": 2.2847141796514587
          },
          {
            "epoch": 47,
            "train_objective": 2.1342833042144775,
            "dev_nll": 2.252469778060913,
            "dev_kl": 0.031118795612729306,
            "dev_objective": 2.2835885736736423
          },
          {
            "epoch": 48,
            "train_objective": 2.133068561553955,
            "dev_nll": 2.2499115467071533,
            "dev_kl": 0.031518294957594103,
            "dev_objective": 2.2814298416647474
          },
          {
            "epoch": 49,
            "train_objective": 2.1317367553710938,
            "dev_nll": 2.246506690979004,
            "dev_kl": 0.032058578917771696,
            "dev_objective": 2.2785652698967755
          },
          {
            "epoch": 50,
            "train_objective": 2.1303870677948,
            "dev_nll": 2.2428014278411865,
            "dev_kl": 0.032696524019082705,
            "dev_objective": 2.2754979518602694
          },
          {
            "epoch": 51,
            "train_objective": 2.1291322708129883,
            "dev_nll": 2.2393500804901123,
            "dev_kl": 0.033345152869925745,
            "dev_objective": 2.272695233360038
          },
          {
            "epoch": 52,
            "train_objective": 2.127991199493408,
            "dev_nll": 2.2365663051605225,
            "dev_kl": 0.03389531413971957,
            "dev_objective": 2.270461619300242
          },
          {
            "epoch": 53,
            "train_objective": 2.126884698867798,
            "dev_nll": 2.2346487045288086,
            "dev_kl": 0.03427000687037024,
            "dev_objective": 2.268918711399179
          },
          {
            "epoch": 54,
            "train_objective": 2.125725746154785,
            "dev_nll": 2.2335686683654785,
            "dev_kl": 0.034467192385495914,
            "dev_objective": 2.2680358607509743
          },
          {
            "epoch": 55,
            "train_objective": 2.124502420425415,
            "dev_nll": 2.2330939769744873,
            "dev_kl": 0.0345562000696983,
            "dev_objective": 2.2676501770441857
          },
          {
            "epoch": 56,
            "train_objective": 2.123278856277466,
            "dev_nll": 2.2328388690948486,
            "dev_kl": 0.03463359633197768,
            "dev_objective": 2.267472465426826
          },
          {
            "epoch": 57,
            "train_objective": 2.1221208572387695,
            "dev_nll": 2.2323591709136963,
            "dev_kl": 0.03477632814939434,
            "dev_objective": 2.2671354990630905
          },
          {
            "epoch": 58,
            "train_objective": 2.121032476425171,
            "dev_nll": 2.2312839031219482,
            "dev_kl": 0.03502307530875588,
            "dev_objective": 2.266306978430704
          },
          {
            "epoch": 59,
            "train_objective": 2.119960069656372,
            "dev_nll": 2.2294416427612305,
            "dev_kl": 0.035382789160658214,
            "dev_objective": 2.264824431921889
          },
          {
            "epoch": 60,
            "train_objective": 2.1188552379608154,
            "dev_nll": 2.226917028427124,
            "dev_kl": 0.03584612526596644,
            "dev_objective": 2.2627631536930903
          },
          {
            "epoch": 61,
            "train_objective": 2.117724895477295,
            "dev_nll": 2.2240076065063477,
            "dev_kl": 0.03638400287168371,
            "dev_objective": 2.2603916093780314
          },
          {
            "epoch": 62,
            "train_objective": 2.1166152954101562,
            "dev_nll": 2.2211039066314697,
            "dev_kl": 0.03694119971084048,
            "dev_objective": 2.25804510634231
          },
          {
            "epoch": 63,
            "train_objective": 2.1155574321746826,
            "dev_nll": 2.2185583114624023,
            "dev_kl": 0.0374451445663468,
            "dev_objective": 2.256003456028749
          },
          {
            "epoch": 64,
            "train_objective": 2.1145358085632324,
            "dev_nll": 2.2165894508361816,
            "dev_kl": 0.0378350782256964,
            "dev_objective": 2.254424529061878
          },
          {
            "epoch": 65,
            "train_objective": 2.1135120391845703,
            "dev_nll": 2.215237617492676,
            "dev_kl": 0.038092679293420646,
            "dev_objective": 2.2533302967860966
          },
          {
            "epoch": 66,
            "train_objective": 2.112468957901001,
            "dev_nll": 2.2143702507019043,
            "dev_kl": 0.03824958097163377,
            "dev_objective": 2.252619831673538
          },
          {
            "epoch": 67,
            "train_objective": 2.1114253997802734,
            "dev_nll": 2.213726758956909,
            "dev_kl": 0.038367005618995115,
            "dev_objective": 2.2520937645759043
          },
          {
            "epoch": 68,
            "train_objective": 2.1104090213775635,
            "dev_nll": 2.2129967212677,
            "dev_kl": 0.038505050562126865,
            "dev_objective": 2.251501771829827
          },
          {
            "epoch": 69,
            "train_objective": 2.1094250679016113,
            "dev_nll": 2.2119228839874268,
            "dev_kl": 0.038702532588016064,
            "dev_objective": 2.250625416575443
          },
          {
            "epoch": 70,
            "train_objective": 2.1084511280059814,
            "dev_nll": 2.210391044616699,
            "dev_kl": 0.03897288416685056,
            "dev_objective": 2.24936392878355
          },
          {
            "epoch": 71,
            "train_objective": 2.107468843460083,
            "dev_nll": 2.2084639072418213,
            "dev_kl": 0.03930693371653286,
            "dev_objective": 2.247770840958354
          },
          {
            "epoch": 72,
            "train_objective": 2.106482744216919,
            "dev_nll": 2.206348180770874,
            "dev_kl": 0.039675184700172395,
            "dev_objective": 2.2460233654710464
          },
          {
            "epoch": 73,
            "train_objective": 2.10551118850708,
            "dev_nll": 2.20430588722229,
            "dev_kl": 0.04003261839370093,
            "dev_objective": 2.244338505615991
          },
          {
            "epoch": 74,
            "train_objective": 2.1045637130737305,
            "dev_nll": 2.202558994293213,
            "dev_kl": 0.040332708962171546,
            "dev_objective": 2.2428917032553843
          },
          {
            "epoch": 75,
            "train_objective": 2.103630304336548,
            "dev_nll": 2.2012197971343994,
            "dev_kl": 0.04054755426102107,
            "dev_objective": 2.2417673513954206
          },
          {
            "epoch": 76,
            "train_objective": 2.102696657180786,
            "dev_nll": 2.2002673149108887,
            "dev_kl": 0.0406812728737526,
            "dev_objective": 2.2409485877846413
          },
          {
            "epoch": 77,
            "train_objective": 2.101762056350708,
            "dev_nll": 2.1995596885681152,
            "dev_kl": 0.040766559446403276,
            "dev_objective": 2.2403262480145183
          },
          {
            "epoch": 78,
            "train_objective": 2.1008377075195312,
            "dev_nll": 2.1988866329193115,
            "dev_kl": 0.04084748320934933,
            "dev_objective": 2.239734116128661
          },
          {
            "epoch": 79,
            "train_objective": 2.099930763244629,
            "dev_nll": 2.198045015335083,
            "dev_kl": 0.04096116774692951,
            "dev_objective": 2.2390061830820125
          },
          {
            "epoch": 80,
            "train_objective": 2.0990371704101562,
            "dev_nll": 2.196911334991455,
            "dev_kl": 0.04112755723162404,
            "dev_objective": 2.238038892223079
          },
          {
            "epoch": 81,
            "train_objective": 2.098146915435791,
            "dev_nll": 2.1954846382141113,
            "dev_kl": 0.04134699064137925,
            "dev_objective": 2.2368316288554904
          },
          {
            "epoch": 82,
            "train_objective": 2.0972583293914795,
            "dev_nll": 2.1938791275024414,
            "dev_kl": 0.04160210238056137,
            "dev_objective": 2.235481229883003
          },
          {
            "epoch": 83,
            "train_objective": 2.0963776111602783,
            "dev_nll": 2.192269802093506,
            "dev_kl": 0.04186281416801766,
            "dev_objective": 2.2341326162615234
          },
          {
            "epoch": 84,
            "train_objective": 2.095510482788086,
            "dev_nll": 2.190821409225464,
            "dev_kl": 0.04209663408560558,
            "dev_objective": 2.2329180433110696
          },
          {
            "epoch": 85,
            "train_objective": 2.0946545600891113,
            "dev_nll": 2.1896305084228516,
            "dev_kl": 0.042282346229542106,
            "dev_objective": 2.2319128546523936
          },
          {
            "epoch": 86,
            "train_objective": 2.0938029289245605,
            "dev_nll": 2.188693046569824,
            "dev_kl": 0.04241976601394614,
            "dev_objective": 2.2311128125837705
          },
          {
            "epoch": 87,
            "train_objective": 2.0929551124572754,
            "dev_nll": 2.187917470932007,
            "dev_kl": 0.04252888288559212,
            "dev_objective": 2.230446353817599
          },
          {
            "epoch": 88,
            "train_objective": 2.0921149253845215,
            "dev_nll": 2.1871590614318848,
            "dev_kl": 0.04263945560406653,
            "dev_objective": 2.229798517035951
          },
          {
            "epoch": 89,
            "train_objective": 2.0912859439849854,
            "dev_nll": 2.1862802505493164,
            "dev_kl": 0.04277799997737842,
            "dev_objective": 2.2290582505266947
          },
          {
            "epoch": 90,
            "train_objective": 2.090466260910034,
            "dev_nll": 2.1852030754089355,
            "dev_kl": 0.042958719219313934,
            "dev_objective": 2.2281617946282495
          },
          {
            "epoch": 91,
            "train_objective": 2.0896518230438232,
            "dev_nll": 2.183936834335327,
            "dev_kl": 0.04318009317860067,
            "dev_objective": 2.227116927513928
          },
          {
            "epoch": 92,
            "train_objective": 2.0888419151306152,
            "dev_nll": 2.1825695037841797,
            "dev_kl": 0.04342652929406012,
            "dev_objective": 2.22599603307824
          },
          {
            "epoch": 93,
            "train_objective": 2.088040351867676,
            "dev_nll": 2.181225061416626,
            "dev_kl": 0.043674063463244706,
            "dev_objective": 2.2248991248798706
          },
          {
            "epoch": 94,
            "train_objective": 2.0872483253479004,
            "dev_nll": 2.180009603500366,
            "dev_kl": 0.04389995270250966,
            "dev_objective": 2.2239095562028757
          },
          {
            "epoch": 95,
            "train_objective": 2.0864639282226562,
            "dev_nll": 2.1789729595184326,
            "dev_kl": 0.04409254316124134,
            "dev_objective": 2.223065502679674
          },
          {
            "epoch": 96,
            "train_objective": 2.0856857299804688,
            "dev_nll": 2.1780920028686523,
            "dev_kl": 0.0442560488713019,
            "dev_objective": 2.2223480517399543
          },
          {
            "epoch": 97,
            "train_objective": 2.0849130153656006,
            "dev_nll": 2.177285671234131,
            "dev_kl": 0.04440744338376868,
            "dev_objective": 2.2216931146178998
          },
          {
            "epoch": 98,
            "train_objective": 2.08414888381958,
            "dev_nll": 2.17645263671875,
            "dev_kl": 0.0445674957534779,
            "dev_objective": 2.221020132472228
          },
          {
            "epoch": 99,
            "train_objective": 2.0833935737609863,
            "dev_nll": 2.1755125522613525,
            "dev_kl": 0.0447516901749036,
            "dev_objective": 2.220264242436256
          },
          {
            "epoch": 100,
            "train_objective": 2.0826449394226074,
            "dev_nll": 2.1744425296783447,
            "dev_kl": 0.044964417453757635,
            "dev_objective": 2.2194069471321023
          },
          {
            "epoch": 101,
            "train_objective": 2.081902503967285,
            "dev_nll": 2.173280954360962,
            "dev_kl": 0.045198028687492856,
            "dev_objective": 2.218478983048455
          },
          {
            "epoch": 102,
            "train_objective": 2.081167459487915,
            "dev_nll": 2.1721081733703613,
            "dev_kl": 0.045436426922078096,
            "dev_objective": 2.2175446002924395
          },
          {
            "epoch": 103,
            "train_objective": 2.0804402828216553,
            "dev_nll": 2.1710071563720703,
            "dev_kl": 0.04566181553790586,
            "dev_objective": 2.2166689719099764
          },
          {
            "epoch": 104,
            "train_objective": 2.079720973968506,
            "dev_nll": 2.1700284481048584,
            "dev_kl": 0.045862754462324386,
            "dev_objective": 2.2158912025671826
          },
          {
            "epoch": 105,
            "train_objective": 2.0790085792541504,
            "dev_nll": 2.1691720485687256,
            "dev_kl": 0.04603890385272192,
            "dev_objective": 2.2152109524214474
          },
          {
            "epoch": 106,
            "train_objective": 2.0783028602600098,
            "dev_nll": 2.168389320373535,
            "dev_kl": 0.04620047253199793,
            "dev_objective": 2.214589792905533
          },
          {
            "epoch": 107,
            "train_objective": 2.0776047706604004,
            "dev_nll": 2.167609214782715,
            "dev_kl": 0.046362557065402786,
            "dev_objective": 2.2139717718481178
          },
          {
            "epoch": 108,
            "train_objective": 2.0769145488739014,
            "dev_nll": 2.1667706966400146,
            "dev_kl": 0.046537804706472785,
            "dev_objective": 2.2133085013464875
          },
          {
            "epoch": 109,
            "train_objective": 2.0762319564819336,
            "dev_nll": 2.165849208831787,
            "dev_kl": 0.04673127994699884,
            "dev_objective": 2.212580488778786
          },
          {
            "epoch": 110,
            "train_objective": 2.0755558013916016,
            "dev_nll": 2.164865016937256,
            "dev_kl": 0.04693884570564654,
            "dev_objective": 2.211803862642902
          },
          {
            "epoch": 111,
            "train_objective": 2.0748870372772217,
            "dev_nll": 2.1638712882995605,
            "dev_kl": 0.0471496811031454,
            "dev_objective": 2.211020969402706
          },
          {
            "epoch": 112,
            "train_objective": 2.074226140975952,
            "dev_nll": 2.1629252433776855,
            "dev_kl": 0.047351567343162794,
            "dev_objective": 2.210276810720848
          },
          {
            "epoch": 113,
            "train_objective": 2.0735723972320557,
            "dev_nll": 2.162061929702759,
            "dev_kl": 0.04753676485157602,
            "dev_objective": 2.2095986945543347
          },
          {
            "epoch": 114,
            "train_objective": 2.0729262828826904,
            "dev_nll": 2.1612794399261475,
            "dev_kl": 0.04770565778392578,
            "dev_objective": 2.208985097710073
          },
          {
            "epoch": 115,
            "train_objective": 2.072287082672119,
            "dev_nll": 2.1605420112609863,
            "dev_kl": 0.04786613043641762,
            "dev_objective": 2.208408141697404
          },
          {
            "epoch": 116,
            "train_objective": 2.071655511856079,
            "dev_nll": 2.159799337387085,
            "dev_kl": 0.04802934939676385,
            "dev_objective": 2.207828686783849
          },
          {
            "epoch": 117,
            "train_objective": 2.0710315704345703,
            "dev_nll": 2.159010887145996,
            "dev_kl": 0.04820427547712179,
            "dev_objective": 2.207215162623118
          },
          {
            "epoch": 118,
            "train_objective": 2.0704150199890137,
            "dev_nll": 2.1581637859344482,
            "dev_kl": 0.0483937713734415,
            "dev_objective": 2.2065575573078897
          },
          {
            "epoch": 119,
            "train_objective": 2.06980562210083,
            "dev_nll": 2.157277822494507,
            "dev_kl": 0.0485939706277643,
            "dev_objective": 2.205871793122271
          },
          {
            "epoch": 120,
            "train_objective": 2.0692036151885986,
            "dev_nll": 2.156392812728882,
            "dev_kl": 0.04879649728724372,
            "dev_objective": 2.2051893100161255
          },
          {
            "epoch": 121,
            "train_objective": 2.0686089992523193,
            "dev_nll": 2.1555471420288086,
            "dev_kl": 0.04899299441322294,
            "dev_objective": 2.2045401364420316
          },
          {
            "epoch": 122,
            "train_objective": 2.068021774291992,
            "dev_nll": 2.154759168624878,
            "dev_kl": 0.04917932047054262,
            "dev_objective": 2.2039384890954206
          },
          {
            "epoch": 123,
            "train_objective": 2.067441940307617,
            "dev_nll": 2.1540207862854004,
            "dev_kl": 0.04935740648990407,
            "dev_objective": 2.2033781927753044
          },
          {
            "epoch": 124,
            "train_objective": 2.0668692588806152,
            "dev_nll": 2.1533021926879883,
            "dev_kl": 0.04953394774178554,
            "dev_objective": 2.2028361404297736
          },
          {
            "epoch": 125,
            "train_objective": 2.0663042068481445,
            "dev_nll": 2.1525681018829346,
            "dev_kl": 0.0497166499525549,
            "dev_objective": 2.2022847518354896
          },
          {
            "epoch": 126,
            "train_objective": 2.065746307373047,
            "dev_nll": 2.1517984867095947,
            "dev_kl": 0.049910292894985046,
            "dev_objective": 2.2017087796045796
          },
          {
            "epoch": 127,
            "train_objective": 2.0651955604553223,
            "dev_nll": 2.150993585586548,
            "dev_kl": 0.0501146144402634,
            "dev_objective": 2.201108200026811
          },
          {
            "epoch": 128,
            "train_objective": 2.0646519660949707,
            "dev_nll": 2.1501762866973877,
            "dev_kl": 0.05032478533441111,
            "dev_objective": 2.200501072031799
          },
          {
            "epoch": 129,
            "train_objective": 2.064115524291992,
            "dev_nll": 2.1493754386901855,
            "dev_kl": 0.05053410423645419,
            "dev_objective": 2.1999095429266395
          },
          {
            "epoch": 130,
            "train_objective": 2.0635862350463867,
            "dev_nll": 2.1486124992370605,
            "dev_kl": 0.050737577172244086,
            "dev_objective": 2.1993500764093046
          },
          {
            "epoch": 131,
            "train_objective": 2.0630640983581543,
            "dev_nll": 2.147890329360962,
            "dev_kl": 0.05093443653764083,
            "dev_objective": 2.198824765898603
          },
          {
            "epoch": 132,
            "train_objective": 2.062549114227295,
            "dev_nll": 2.14719295501709,
            "dev_kl": 0.051128069250543993,
            "dev_objective": 2.1983210242676336
          },
          {
            "epoch": 133,
            "train_objective": 2.0620410442352295,
            "dev_nll": 2.146496295928955,
            "dev_kl": 0.05132399725675162,
            "dev_objective": 2.1978202931857065
          },
          {
            "epoch": 134,
            "train_objective": 2.061539649963379,
            "dev_nll": 2.145780086517334,
            "dev_kl": 0.05152666827967961,
            "dev_objective": 2.1973067547970135
          },
          {
            "epoch": 135,
            "train_objective": 2.0610456466674805,
            "dev_nll": 2.1450393199920654,
            "dev_kl": 0.051737159437071835,
            "dev_objective": 2.196776479429137
          },
          {
            "epoch": 136,
            "train_objective": 2.060558557510376,
            "dev_nll": 2.144285202026367,
            "dev_kl": 0.05195282083737003,
            "dev_objective": 2.1962380228637373
          },
          {
            "epoch": 137,
            "train_objective": 2.060077667236328,
            "dev_nll": 2.143538236618042,
            "dev_kl": 0.05216891714559507,
            "dev_objective": 2.195707153763637
          },
          {
            "epoch": 138,
            "train_objective": 2.0596041679382324,
            "dev_nll": 2.1428167819976807,
            "dev_kl": 0.052381256359606804,
            "dev_objective": 2.1951980383572876
          },
          {
            "epoch": 139,
            "train_objective": 2.0591373443603516,
            "dev_nll": 2.1421256065368652,
            "dev_kl": 0.05258843057879036,
            "dev_objective": 2.1947140371156557
          },
          {
            "epoch": 140,
            "train_objective": 2.0586769580841064,
            "dev_nll": 2.141456365585327,
            "dev_kl": 0.05279234933362703,
            "dev_objective": 2.1942487149189542
          },
          {
            "epoch": 141,
            "train_objective": 2.058223247528076,
            "dev_nll": 2.14079213142395,
            "dev_kl": 0.0529969978585629,
            "dev_objective": 2.193789129282513
          },
          {
            "epoch": 142,
            "train_objective": 2.0577757358551025,
            "dev_nll": 2.140117883682251,
            "dev_kl": 0.053205900759841766,
            "dev_objective": 2.1933237844420925
          },
          {
            "epoch": 143,
            "train_objective": 2.057335376739502,
            "dev_nll": 2.139427423477173,
            "dev_kl": 0.053420334539916965,
            "dev_objective": 2.19284775801709
          },
          {
            "epoch": 144,
            "train_objective": 2.056900978088379,
            "dev_nll": 2.1387288570404053,
            "dev_kl": 0.05363869348131571,
            "dev_objective": 2.192367550521721
          },
          {
            "epoch": 145,
            "train_objective": 2.0564730167388916,
            "dev_nll": 2.1380362510681152,
            "dev_kl": 0.05385761901984112,
            "dev_objective": 2.191893870087956
          },
          {
            "epoch": 146,
            "train_objective": 2.05605149269104,
            "dev_nll": 2.137362241744995,
            "dev_kl": 0.0540740356147815,
            "dev_objective": 2.1914362773597764
          },
          {
            "epoch": 147,
            "train_objective": 2.055635929107666,
            "dev_nll": 2.136711359024048,
            "dev_kl": 0.05428688832645064,
            "dev_objective": 2.1909982473504983
          },
          {
            "epoch": 148,
            "train_objective": 2.0552265644073486,
            "dev_nll": 2.136077404022217,
            "dev_kl": 0.05449759812589975,
            "dev_objective": 2.1905750021481167
          },
          {
            "epoch": 149,
            "train_objective": 2.054823160171509,
            "dev_nll": 2.1354477405548096,
            "dev_kl": 0.05470910121033329,
            "dev_objective": 2.190156841765143
          },
          {
            "epoch": 150,
            "train_objective": 2.0544261932373047,
            "dev_nll": 2.134812355041504,
            "dev_kl": 0.05492399750097144,
            "dev_objective": 2.1897363525424756
          },
          {
            "epoch": 151,
            "train_objective": 2.054034948348999,
            "dev_nll": 2.1341679096221924,
            "dev_kl": 0.05514306957540553,
            "dev_objective": 2.189310979197598
          },
          {
            "epoch": 152,
            "train_objective": 2.053649663925171,
            "dev_nll": 2.1335196495056152,
            "dev_kl": 0.05536496576725415,
            "dev_objective": 2.1888846152728694
          },
          {
            "epoch": 153,
            "train_objective": 2.053270101547241,
            "dev_nll": 2.132878065109253,
            "dev_kl": 0.055587156933935115,
            "dev_objective": 2.188465222043188
          },
          {
            "epoch": 154,
            "train_objective": 2.05289626121521,
            "dev_nll": 2.1322519779205322,
            "dev_kl": 0.055807462482217456,
            "dev_objective": 2.18805944040275
          },
          {
            "epoch": 155,
            "train_objective": 2.0525283813476562,
            "dev_nll": 2.131643772125244,
            "dev_kl": 0.05602538521634415,
            "dev_objective": 2.1876691573415883
          },
          {
            "epoch": 156,
            "train_objective": 2.052165985107422,
            "dev_nll": 2.131047010421753,
            "dev_kl": 0.056242216288322405,
            "dev_objective": 2.1872892267100754
          },
          {
            "epoch": 157,
            "train_objective": 2.051809072494507,
            "dev_nll": 2.130453586578369,
            "dev_kl": 0.05646015378654063,
            "dev_objective": 2.18691374036491
          },
          {
            "epoch": 158,
            "train_objective": 2.051457405090332,
            "dev_nll": 2.129856586456299,
            "dev_kl": 0.05668076469221212,
            "dev_objective": 2.186537351148511
          },
          {
            "epoch": 159,
            "train_objective": 2.0511114597320557,
            "dev_nll": 2.1292548179626465,
            "dev_kl": 0.05690418573513237,
            "dev_objective": 2.186159003697779
          },
          {
            "epoch": 160,
            "train_objective": 2.0507707595825195,
            "dev_nll": 2.1286544799804688,
            "dev_kl": 0.05712898872462251,
            "dev_objective": 2.1857834687050914
          },
          {
            "epoch": 161,
            "train_objective": 2.0504353046417236,
            "dev_nll": 2.1280629634857178,
            "dev_kl": 0.05735319955537336,
            "dev_objective": 2.1854161630410913
          },
          {
            "epoch": 162,
            "train_objective": 2.050105094909668,
            "dev_nll": 2.127485990524292,
            "dev_kl": 0.057575505291630004,
            "dev_objective": 2.185061495815922
          },
          {
            "epoch": 163,
            "train_objective": 2.0497798919677734,
            "dev_nll": 2.1269218921661377,
            "dev_kl": 0.057796011155005544,
            "dev_objective": 2.1847179033211432
          },
          {
            "epoch": 164,
            "train_objective": 2.0494601726531982,
            "dev_nll": 2.126366138458252,
            "dev_kl": 0.058015967448872906,
            "dev_objective": 2.1843821059071247
          },
          {
            "epoch": 165,
            "train_objective": 2.049144744873047,
            "dev_nll": 2.1258113384246826,
            "dev_kl": 0.05823691080853854,
            "dev_objective": 2.184048249233221
          },
          {
            "epoch": 166,
            "train_objective": 2.0488345623016357,
            "dev_nll": 2.125255823135376,
            "dev_kl": 0.058459566267687946,
            "dev_objective": 2.183715389403064
          },
          {
            "epoch": 167,
            "train_objective": 2.0485291481018066,
            "dev_nll": 2.124699831008911,
            "dev_kl": 0.058683465480909594,
            "dev_objective": 2.1833832964898208
          },
          {
            "epoch": 168,
            "train_objective": 2.0482287406921387,
            "dev_nll": 2.1241490840911865,
            "dev_kl": 0.05890719794420405,
            "dev_objective": 2.1830562820353907
          },
          {
            "epoch": 169,
            "train_objective": 2.0479328632354736,
            "dev_nll": 2.1236093044281006,
            "dev_kl": 0.05912941513064828,
            "dev_objective": 2.1827387195587487
          },
          {
            "epoch": 170,
            "train_objective": 2.0476417541503906,
            "dev_nll": 2.1230814456939697,
            "dev_kl": 0.059349687724006214,
            "dev_objective": 2.182431133417976
          },
          {
            "epoch": 171,
            "train_objective": 2.0473549365997314,
            "dev_nll": 2.1225626468658447,
            "dev_kl": 0.059568521917812645,
            "dev_objective": 2.1821311687836573
          },
          {
            "epoch": 172,
            "train_objective": 2.0470728874206543,
            "dev_nll": 2.1220486164093018,
            "dev_kl": 0.059787141798522264,
            "dev_objective": 2.181835758207824
          },
          {
            "epoch": 173,
            "train_objective": 2.046795129776001,
            "dev_nll": 2.1215360164642334,
            "dev_kl": 0.06000635079709032,
            "dev_objective": 2.181542367261324
          },
          {
            "epoch": 174,
            "train_objective": 2.0465219020843506,
            "dev_nll": 2.1210241317749023,
            "dev_kl": 0.060226204989087435,
            "dev_objective": 2.18125033676399
          },
          {
            "epoch": 175,
            "train_objective": 2.046252489089966,
            "dev_nll": 2.120516300201416,
            "dev_kl": 0.060445820586004805,
            "dev_objective": 2.180962120787421
          },
          {
            "epoch": 176,
            "train_objective": 2.045987606048584,
            "dev_nll": 2.1200168132781982,
            "dev_kl": 0.06066416852709447,
            "dev_objective": 2.180680981805293
          },
          {
            "epoch": 177,
            "train_objective": 2.045727014541626,
            "dev_nll": 2.1195273399353027,
            "dev_kl": 0.06088059149201839,
            "dev_objective": 2.1804079314273213
          },
          {
            "epoch": 178,
            "train_objective": 2.0454702377319336,
            "dev_nll": 2.119047164916992,
            "dev_kl": 0.061095341758411977,
            "dev_objective": 2.1801425066754043
          },
          {
            "epoch": 179,
            "train_objective": 2.045217752456665,
            "dev_nll": 2.118572950363159,
            "dev_kl": 0.06130923806208997,
            "dev_objective": 2.1798821884252493
          },
          {
            "epoch": 180,
            "train_objective": 2.044968843460083,
            "dev_nll": 2.1181013584136963,
            "dev_kl": 0.061523051780363124,
            "dev_objective": 2.1796244101940596
          },
          {
            "epoch": 181,
            "train_objective": 2.044724225997925,
            "dev_nll": 2.1176319122314453,
            "dev_kl": 0.06173700085773523,
            "dev_objective": 2.1793689130891805
          },
          {
            "epoch": 182,
            "train_objective": 2.044483184814453,
            "dev_nll": 2.1171658039093018,
            "dev_kl": 0.06195058432997264,
            "dev_objective": 2.1791163882392746
          },
          {
            "epoch": 183,
            "train_objective": 2.044246196746826,
            "dev_nll": 2.116706609725952,
            "dev_kl": 0.062163029818029535,
            "dev_objective": 2.1788696395439815
          },
          {
            "epoch": 184,
            "train_objective": 2.0440127849578857,
            "dev_nll": 2.116255760192871,
            "dev_kl": 0.06237376052717258,
            "dev_objective": 2.1786295207200435
          },
          {
            "epoch": 185,
            "train_objective": 2.043782949447632,
            "dev_nll": 2.1158127784729004,
            "dev_kl": 0.06258289576808532,
            "dev_objective": 2.178395674240986
          },
          {
            "epoch": 186,
            "train_objective": 2.0435569286346436,
            "dev_nll": 2.1153757572174072,
            "dev_kl": 0.0627910144797962,
            "dev_objective": 2.1781667716972035
          },
          {
            "epoch": 187,
            "train_objective": 2.0433340072631836,
            "dev_nll": 2.1149418354034424,
            "dev_kl": 0.0629987548210568,
            "dev_objective": 2.177940590224499
          },
          {
            "epoch": 188,
            "train_objective": 2.0431149005889893,
            "dev_nll": 2.1145102977752686,
            "dev_kl": 0.0632063030883024,
            "dev_objective": 2.177716600863571
          },
          {
            "epoch": 189,
            "train_objective": 2.0428991317749023,
            "dev_nll": 2.1140823364257812,
            "dev_kl": 0.06341330339519997,
            "dev_objective": 2.177495639820981
          },
          {
            "epoch": 190,
            "train_objective": 2.042686700820923,
            "dev_nll": 2.1136603355407715,
            "dev_kl": 0.06361916829125895,
            "dev_objective": 2.1772795038320303
          },
          {
            "epoch": 191,
            "train_objective": 2.042477607727051,
            "dev_nll": 2.1132452487945557,
            "dev_kl": 0.06382348455935566,
            "dev_objective": 2.177068733353911
          },
          {
            "epoch": 192,
            "train_objective": 2.042271614074707,
            "dev_nll": 2.112837076187134,
            "dev_kl": 0.06402631913078949,
            "dev_objective": 2.1768633953179233
          },
          {
            "epoch": 193,
            "train_objective": 2.0420687198638916,
            "dev_nll": 2.112434148788452,
            "dev_kl": 0.06422805237103134,
            "dev_objective": 2.1766622011594836
          },
          {
            "epoch": 194,
            "train_objective": 2.0418694019317627,
            "dev_nll": 2.112034320831299,
            "dev_kl": 0.06442919566348616,
            "dev_objective": 2.176463516494785
          },
          {
            "epoch": 195,
            "train_objective": 2.041672945022583,
            "dev_nll": 2.1116368770599365,
            "dev_kl": 0.0646298504378196,
            "dev_objective": 2.1762667274977563
          },
          {
            "epoch": 196,
            "train_objective": 2.0414791107177734,
            "dev_nll": 2.111243486404419,
            "dev_kl": 0.06482969620828366,
            "dev_objective": 2.1760731826127024
          },
          {
            "epoch": 197,
            "train_objective": 2.0412890911102295,
            "dev_nll": 2.1108555793762207,
            "dev_kl": 0.06502827910533655,
            "dev_objective": 2.175883858481557
          },
          {
            "epoch": 198,
            "train_objective": 2.0411012172698975,
            "dev_nll": 2.1104736328125,
            "dev_kl": 0.0652253435391392,
            "dev_objective": 2.1756989763516392
          },
          {
            "epoch": 199,
            "train_objective": 2.0409164428710938,
            "dev_nll": 2.110097646713257,
            "dev_kl": 0.06542095080048087,
            "dev_objective": 2.175518597513738
          },
          {
            "epoch": 200,
            "train_objective": 2.0407347679138184,
            "dev_nll": 2.1097261905670166,
            "dev_kl": 0.06561544892047683,
            "dev_objective": 2.1753416394874936
          },
          {
            "epoch": 201,
            "train_objective": 2.040555477142334,
            "dev_nll": 2.109358310699463,
            "dev_kl": 0.06580913845626186,
            "dev_objective": 2.1751674491557247
          },
          {
            "epoch": 202,
            "train_objective": 2.0403788089752197,
            "dev_nll": 2.108992576599121,
            "dev_kl": 0.06600205867923045,
            "dev_objective": 2.1749946352783516
          },
          {
            "epoch": 203,
            "train_objective": 2.040205240249634,
            "dev_nll": 2.1086316108703613,
            "dev_kl": 0.06619396390235652,
            "dev_objective": 2.1748255747727177
          },
          {
            "epoch": 204,
            "train_objective": 2.040034055709839,
            "dev_nll": 2.1082746982574463,
            "dev_kl": 0.06638448966869843,
            "dev_objective": 2.1746591879261445
          },
          {
            "epoch": 205,
            "train_objective": 2.039865732192993,
            "dev_nll": 2.107923984527588,
            "dev_kl": 0.06657351539545361,
            "dev_objective": 2.1744974999230413
          },
          {
            "epoch": 206,
            "train_objective": 2.0396995544433594,
            "dev_nll": 2.1075778007507324,
            "dev_kl": 0.06676115090639571,
            "dev_objective": 2.1743389516571283
          },
          {
            "epoch": 207,
            "train_objective": 2.0395359992980957,
            "dev_nll": 2.107235908508301,
            "dev_kl": 0.0669476835098448,
            "dev_objective": 2.1741835920181454
          },
          {
            "epoch": 208,
            "train_objective": 2.039374828338623,
            "dev_nll": 2.1068968772888184,
            "dev_kl": 0.06713333764984723,
            "dev_objective": 2.1740302149386657
          },
          {
            "epoch": 209,
            "train_objective": 2.0392160415649414,
            "dev_nll": 2.1065609455108643,
            "dev_kl": 0.06731801371619615,
            "dev_objective": 2.17387895922706
          },
          {
            "epoch": 210,
            "train_objective": 2.03905987739563,
            "dev_nll": 2.106229305267334,
            "dev_kl": 0.06750148336680967,
            "dev_objective": 2.1737307886341437
          },
          {
            "epoch": 211,
            "train_objective": 2.038905620574951,
            "dev_nll": 2.1059024333953857,
            "dev_kl": 0.06768353675274298,
            "dev_objective": 2.1735859701481286
          },
          {
            "epoch": 212,
            "train_objective": 2.0387537479400635,
            "dev_nll": 2.1055798530578613,
            "dev_kl": 0.0678641551367623,
            "dev_objective": 2.1734440081946236
          },
          {
            "epoch": 213,
            "train_objective": 2.038604259490967,
            "dev_nll": 2.1052615642547607,
            "dev_kl": 0.06804351132896339,
            "dev_objective": 2.173305075583724
          },
          {
            "epoch": 214,
            "train_objective": 2.038457155227661,
            "dev_nll": 2.1049468517303467,
            "dev_kl": 0.06822178537690742,
            "dev_objective": 2.173168637107254
          },
          {
            "epoch": 215,
            "train_objective": 2.038311719894409,
            "dev_nll": 2.1046347618103027,
            "dev_kl": 0.06839909909702387,
            "dev_objective": 2.1730338609073265
          },
          {
            "epoch": 216,
            "train_objective": 2.0381686687469482,
            "dev_nll": 2.104326009750366,
            "dev_kl": 0.06857524048950102,
            "dev_objective": 2.172901250239867
          },
          {
            "epoch": 217,
            "train_objective": 2.03802752494812,
            "dev_nll": 2.1040215492248535,
            "dev_kl": 0.06875009398115048,
            "dev_objective": 2.172771643206004
          },
          {
            "epoch": 218,
            "train_objective": 2.037888526916504,
            "dev_nll": 2.1037211418151855,
            "dev_kl": 0.06892354622851277,
            "dev_objective": 2.1726446880436985
          },
          {
            "epoch": 219,
            "train_objective": 2.0377514362335205,
            "dev_nll": 2.1034247875213623,
            "dev_kl": 0.06909567497730736,
            "dev_objective": 2.1725204624986696
          },
          {
            "epoch": 220,
            "train_objective": 2.03761625289917,
            "dev_nll": 2.1031320095062256,
            "dev_kl": 0.06926663681177513,
            "dev_objective": 2.1723986463180007
          },
          {
            "epoch": 221,
            "train_objective": 2.037482976913452,
            "dev_nll": 2.10284161567688,
            "dev_kl": 0.06943649316446916,
            "dev_objective": 2.172278108841349
          },
          {
            "epoch": 222,
            "train_objective": 2.037351608276367,
            "dev_nll": 2.1025547981262207,
            "dev_kl": 0.06960523683078317,
            "dev_objective": 2.172160034957004
          },
          {
            "epoch": 223,
            "train_objective": 2.037222385406494,
            "dev_nll": 2.102271318435669,
            "dev_kl": 0.06977276584028357,
            "dev_objective": 2.1720440842759525
          },
          {
            "epoch": 224,
            "train_objective": 2.037094831466675,
            "dev_nll": 2.101991653442383,
            "dev_kl": 0.06993889958304804,
            "dev_objective": 2.171930553025431
          },
          {
            "epoch": 225,
            "train_objective": 2.036968946456909,
            "dev_nll": 2.101715326309204,
            "dev_kl": 0.07010371058394442,
            "dev_objective": 2.1718190368931487
          },
          {
            "epoch": 226,
            "train_objective": 2.0368447303771973,
            "dev_nll": 2.101442813873291,
            "dev_kl": 0.07026726507390249,
            "dev_objective": 2.1717100789471937
          },
          {
            "epoch": 227,
            "train_objective": 2.036722421646118,
            "dev_nll": 2.101173162460327,
            "dev_kl": 0.07042969288604875,
            "dev_objective": 2.171602855346376
          },
          {
            "epoch": 228,
            "train_objective": 2.0366015434265137,
            "dev_nll": 2.1009063720703125,
            "dev_kl": 0.07059098147944878,
            "dev_objective": 2.1714973535497615
          },
          {
            "epoch": 229,
            "train_objective": 2.036482334136963,
            "dev_nll": 2.100642442703247,
            "dev_kl": 0.07075103693228636,
            "dev_objective": 2.1713934796355336
          },
          {
            "epoch": 230,
            "train_objective": 2.036365032196045,
            "dev_nll": 2.1003823280334473,
            "dev_kl": 0.07090977421255722,
            "dev_objective": 2.1712921022460043
          },
          {
            "epoch": 231,
            "train_objective": 2.0362491607666016,
            "dev_nll": 2.100125551223755,
            "dev_kl": 0.07106717675173234,
            "dev_objective": 2.171192727975487
          },
          {
            "epoch": 232,
            "train_objective": 2.036134958267212,
            "dev_nll": 2.099871873855591,
            "dev_kl": 0.07122331543923205,
            "dev_objective": 2.1710951892948227
          },
          {
            "epoch": 233,
            "train_objective": 2.0360219478607178,
            "dev_nll": 2.099621534347534,
            "dev_kl": 0.07137826808743299,
            "dev_objective": 2.170999802434967
          },
          {
            "epoch": 234,
            "train_objective": 2.0359106063842773,
            "dev_nll": 2.0993733406066895,
            "dev_kl": 0.07153208685791,
            "dev_objective": 2.1709054274645996
          },
          {
            "epoch": 235,
            "train_objective": 2.0358009338378906,
            "dev_nll": 2.099128246307373,
            "dev_kl": 0.07168469041766178,
            "dev_objective": 2.1708129367250346
          },
          {
            "epoch": 236,
            "train_objective": 2.0356924533843994,
            "dev_nll": 2.098886251449585,
            "dev_kl": 0.07183599567994656,
            "dev_objective": 2.1707222471295315
          },
          {
            "epoch": 237,
            "train_objective": 2.0355851650238037,
            "dev_nll": 2.0986475944519043,
            "dev_kl": 0.07198598958934928,
            "dev_objective": 2.1706335840412536
          },
          {
            "epoch": 238,
            "train_objective": 2.035479784011841,
            "dev_nll": 2.098411798477173,
            "dev_kl": 0.07213474392905951,
            "dev_objective": 2.1705465424062322
          },
          {
            "epoch": 239,
            "train_objective": 2.0353753566741943,
            "dev_nll": 2.0981783866882324,
            "dev_kl": 0.07228232268244028,
            "dev_objective": 2.1704607093706727
          },
          {
            "epoch": 240,
            "train_objective": 2.0352725982666016,
            "dev_nll": 2.097947835922241,
            "dev_kl": 0.07242873551008562,
            "dev_objective": 2.170376571432327
          },
          {
            "epoch": 241,
            "train_objective": 2.035170555114746,
            "dev_nll": 2.097720146179199,
            "dev_kl": 0.07257398018883841,
            "dev_objective": 2.1702941263680375
          },
          {
            "epoch": 242,
            "train_objective": 2.0350701808929443,
            "dev_nll": 2.0974953174591064,
            "dev_kl": 0.072717962416655,
            "dev_objective": 2.1702132798757616
          },
          {
            "epoch": 243,
            "train_objective": 2.034971237182617,
            "dev_nll": 2.097273349761963,
            "dev_kl": 0.072860655391724,
            "dev_objective": 2.170134005153687
          },
          {
            "epoch": 244,
            "train_objective": 2.0348732471466064,
            "dev_nll": 2.0970540046691895,
            "dev_kl": 0.07300217415303772,
            "dev_objective": 2.170056178822227
          },
          {
            "epoch": 245,
            "train_objective": 2.034776449203491,
            "dev_nll": 2.096837282180786,
            "dev_kl": 0.07314253611783046,
            "dev_objective": 2.1699798182986165
          },
          {
            "epoch": 246,
            "train_objective": 2.0346810817718506,
            "dev_nll": 2.096622943878174,
            "dev_kl": 0.07328175870333647,
            "dev_objective": 2.16990470258151
          },
          {
            "epoch": 247,
            "train_objective": 2.0345866680145264,
            "dev_nll": 2.0964109897613525,
            "dev_kl": 0.0734198234671156,
            "dev_objective": 2.1698308132284683
          },
          {
            "epoch": 248,
            "train_objective": 2.0344934463500977,
            "dev_nll": 2.0962016582489014,
            "dev_kl": 0.07355666804810866,
            "dev_objective": 2.16975832629701
          },
          {
            "epoch": 249,
            "train_objective": 2.0344011783599854,
            "dev_nll": 2.0959951877593994,
            "dev_kl": 0.07369231217495736,
            "dev_objective": 2.1696874999343567
          },
          {
            "epoch": 250,
            "train_objective": 2.0343101024627686,
            "dev_nll": 2.0957913398742676,
            "dev_kl": 0.07382681314465439,
            "dev_objective": 2.169618153018922
          },
          {
            "epoch": 251,
            "train_objective": 2.0342204570770264,
            "dev_nll": 2.0955891609191895,
            "dev_kl": 0.07396021504856405,
            "dev_objective": 2.1695493759677533
          },
          {
            "epoch": 252,
            "train_objective": 2.0341312885284424,
            "dev_nll": 2.0953898429870605,
            "dev_kl": 0.0740924920650169,
            "dev_objective": 2.1694823350520775
          },
          {
            "epoch": 253,
            "train_objective": 2.034043312072754,
            "dev_nll": 2.0951926708221436,
            "dev_kl": 0.07422362302144568,
            "dev_objective": 2.169416293843589
          },
          {
            "epoch": 254,
            "train_objective": 2.033956527709961,
            "dev_nll": 2.094998359680176,
            "dev_kl": 0.07435362227448833,
            "dev_objective": 2.169351981954664
          },
          {
            "epoch": 255,
            "train_objective": 2.0338704586029053,
            "dev_nll": 2.0948057174682617,
            "dev_kl": 0.07448245383866672,
            "dev_objective": 2.1692881713069285
          },
          {
            "epoch": 256,
            "train_objective": 2.033785104751587,
            "dev_nll": 2.0946156978607178,
            "dev_kl": 0.07461021739366133,
            "dev_objective": 2.169225915254379
          },
          {
            "epoch": 257,
            "train_objective": 2.0337014198303223,
            "dev_nll": 2.0944278240203857,
            "dev_kl": 0.07473690008684512,
            "dev_objective": 2.169164724107231
          },
          {
            "epoch": 258,
            "train_objective": 2.033618211746216,
            "dev_nll": 2.0942418575286865,
            "dev_kl": 0.07486250263548666,
            "dev_objective": 2.169104360164173
          },
          {
            "epoch": 259,
            "train_objective": 2.033535957336426,
            "dev_nll": 2.0940585136413574,
            "dev_kl": 0.07498700804482665,
            "dev_objective": 2.169045521686184
          },
          {
            "epoch": 260,
            "train_objective": 2.033454656600952,
            "dev_nll": 2.0938773155212402,
            "dev_kl": 0.07511045297442545,
            "dev_objective": 2.1689877684956658
          },
          {
            "epoch": 261,
            "train_objective": 2.033374309539795,
            "dev_nll": 2.093698024749756,
            "dev_kl": 0.0752328080463133,
            "dev_objective": 2.168930832796069
          },
          {
            "epoch": 262,
            "train_objective": 2.033294439315796,
            "dev_nll": 2.0935206413269043,
            "dev_kl": 0.07535412719645988,
            "dev_objective": 2.1688747685233642
          },
          {
            "epoch": 263,
            "train_objective": 2.0332157611846924,
            "dev_nll": 2.093345880508423,
            "dev_kl": 0.07547442439282613,
            "dev_objective": 2.168820304901249
          },
          {
            "epoch": 264,
            "train_objective": 2.0331380367279053,
            "dev_nll": 2.093172550201416,
            "dev_kl": 0.07559368431928658,
            "dev_objective": 2.1687662345207026
          },
          {
            "epoch": 265,
            "train_objective": 2.0330605506896973,
            "dev_nll": 2.0930016040802,
            "dev_kl": 0.07571191632474263,
            "dev_objective": 2.168713520404943
          },
          {
            "epoch": 266,
            "train_objective": 2.0329842567443848,
            "dev_nll": 2.092832326889038,
            "dev_kl": 0.07582912048430092,
            "dev_objective": 2.168661447373339
          },
          {
            "epoch": 267,
            "train_objective": 2.0329086780548096,
            "dev_nll": 2.092665195465088,
            "dev_kl": 0.07594534296039192,
            "dev_objective": 2.16861053842548
          },
          {
            "epoch": 268,
            "train_objective": 2.0328338146209717,
            "dev_nll": 2.0924997329711914,
            "dev_kl": 0.07606056984701765,
            "dev_objective": 2.168560302818209
          },
          {
            "epoch": 269,
            "train_objective": 2.032759666442871,
            "dev_nll": 2.0923361778259277,
            "dev_kl": 0.07617483952180332,
            "dev_objective": 2.168511017347731
          },
          {
            "epoch": 270,
            "train_objective": 2.032686233520508,
            "dev_nll": 2.0921742916107178,
            "dev_kl": 0.07628811645742145,
            "dev_objective": 2.168462408068139
          },
          {
            "epoch": 271,
            "train_objective": 2.032613515853882,
            "dev_nll": 2.092014789581299,
            "dev_kl": 0.07640045492594401,
            "dev_objective": 2.168415244507243
          },
          {
            "epoch": 272,
            "train_objective": 2.032541513442993,
            "dev_nll": 2.0918564796447754,
            "dev_kl": 0.07651182983423613,
            "dev_objective": 2.1683683094790114
          },
          {
            "epoch": 273,
            "train_objective": 2.032470226287842,
            "dev_nll": 2.0917000770568848,
            "dev_kl": 0.07662226431514887,
            "dev_objective": 2.1683223413720336
          },
          {
            "epoch": 274,
            "train_objective": 2.0323996543884277,
            "dev_nll": 2.091545581817627,
            "dev_kl": 0.07673180812496631,
            "dev_objective": 2.168277389942593
          },
          {
            "epoch": 275,
            "train_objective": 2.032329559326172,
            "dev_nll": 2.0913925170898438,
            "dev_kl": 0.0768404206647838,
            "dev_objective": 2.1682329377546274
          },
          {
            "epoch": 276,
            "train_objective": 2.0322604179382324,
            "dev_nll": 2.0912411212921143,
            "dev_kl": 0.07694815042346055,
            "dev_objective": 2.168189271715575
          },
          {
            "epoch": 277,
            "train_objective": 2.032191514968872,
            "dev_nll": 2.0910913944244385,
            "dev_kl": 0.07705496987816127,
            "dev_objective": 2.1681463643025998
          },
          {
            "epoch": 278,
            "train_objective": 2.032123565673828,
            "dev_nll": 2.0909433364868164,
            "dev_kl": 0.07716090739291583,
            "dev_objective": 2.1681042438797324
          },
          {
            "epoch": 279,
            "train_objective": 2.0320558547973633,
            "dev_nll": 2.090796947479248,
            "dev_kl": 0.07726598913112896,
            "dev_objective": 2.168062936610377
          },
          {
            "epoch": 280,
            "train_objective": 2.031989336013794,
            "dev_nll": 2.0906519889831543,
            "dev_kl": 0.07737022747788878,
            "dev_objective": 2.168022216461043
          },
          {
            "epoch": 281,
            "train_objective": 2.0319225788116455,
            "dev_nll": 2.0905086994171143,
            "dev_kl": 0.0774736305785125,
            "dev_objective": 2.1679823299956267
          },
          {
            "epoch": 282,
            "train_objective": 2.0318570137023926,
            "dev_nll": 2.090366840362549,
            "dev_kl": 0.07757617955118598,
            "dev_objective": 2.167943019913735
          },
          {
            "epoch": 283,
            "train_objective": 2.031791925430298,
            "dev_nll": 2.090226173400879,
            "dev_kl": 0.07767790467891421,
            "dev_objective": 2.167904078079793
          },
          {
            "epoch": 284,
            "train_objective": 2.0317273139953613,
            "dev_nll": 2.0900871753692627,
            "dev_kl": 0.07777883907622327,
            "dev_objective": 2.1678660144454858
          },
          {
            "epoch": 285,
            "train_objective": 2.031663179397583,
            "dev_nll": 2.089949607849121,
            "dev_kl": 0.07787897281589047,
            "dev_objective": 2.1678285806650117
          },
          {
            "epoch": 286,
            "train_objective": 2.031599760055542,
            "dev_nll": 2.089813232421875,
            "dev_kl": 0.0779783270892597,
            "dev_objective": 2.1677915595111346
          },
          {
            "epoch": 287,
            "train_objective": 2.03153657913208,
            "dev_nll": 2.0896782875061035,
            "dev_kl": 0.07807690506770966,
            "dev_objective": 2.167755192573813
          },
          {
            "epoch": 288,
            "train_objective": 2.0314741134643555,
            "dev_nll": 2.0895447731018066,
            "dev_kl": 0.07817474218280686,
            "dev_objective": 2.1677195152846136
          },
          {
            "epoch": 289,
            "train_objective": 2.031412124633789,
            "dev_nll": 2.0894124507904053,
            "dev_kl": 0.07827181111450397,
            "dev_objective": 2.1676842619049093
          },
          {
            "epoch": 290,
            "train_objective": 2.031350612640381,
            "dev_nll": 2.0892815589904785,
            "dev_kl": 0.07836815064600218,
            "dev_objective": 2.1676497096364806
          },
          {
            "epoch": 291,
            "train_objective": 2.03128981590271,
            "dev_nll": 2.0891518592834473,
            "dev_kl": 0.0784637644068308,
            "dev_objective": 2.167615623690278
          },
          {
            "epoch": 292,
            "train_objective": 2.031229257583618,
            "dev_nll": 2.0890233516693115,
            "dev_kl": 0.07855866346958905,
            "dev_objective": 2.1675820151389007
          },
          {
            "epoch": 293,
            "train_objective": 2.0311691761016846,
            "dev_nll": 2.0888962745666504,
            "dev_kl": 0.07865287525008523,
            "dev_objective": 2.1675491498167356
          },
          {
            "epoch": 294,
            "train_objective": 2.03110933303833,
            "dev_nll": 2.0887701511383057,
            "dev_kl": 0.07874636865228475,
            "dev_objective": 2.1675165197905906
          },
          {
            "epoch": 295,
            "train_objective": 2.031050443649292,
            "dev_nll": 2.0886454582214355,
            "dev_kl": 0.07883920071030696,
            "dev_objective": 2.1674846589317425
          },
          {
            "epoch": 296,
            "train_objective": 2.030991792678833,
            "dev_nll": 2.088521718978882,
            "dev_kl": 0.07893136910711145,
            "dev_objective": 2.1674530880859932
          },
          {
            "epoch": 297,
            "train_objective": 2.030933380126953,
            "dev_nll": 2.0883991718292236,
            "dev_kl": 0.07902288057225486,
            "dev_objective": 2.1674220524014784
          },
          {
            "epoch": 298,
            "train_objective": 2.0308756828308105,
            "dev_nll": 2.088277578353882,
            "dev_kl": 0.07911377221593753,
            "dev_objective": 2.1673913505698192
          },
          {
            "epoch": 299,
            "train_objective": 2.030818462371826,
            "dev_nll": 2.0881571769714355,
            "dev_kl": 0.07920400414337975,
            "dev_objective": 2.1673611811148152
          }
        ]
      },
      {
        "kl_lambda": 3.0,
        "best_dev_nll": 2.1986494064331055,
        "best_dev_kl": 0.023982295538805754,
        "best_dev_objective": 2.2705962930495227,
        "epochs_run": 300,
        "history": [
          {
            "epoch": 0,
            "train_objective": 2.5178661346435547,
            "dev_nll": 2.4749510288238525,
            "dev_kl": 0.009398393381542842,
            "dev_objective": 2.5031462089684813
          },
          {
            "epoch": 1,
            "train_objective": 2.3481626510620117,
            "dev_nll": 2.4299497604370117,
            "dev_kl": 0.02562927372925896,
            "dev_objective": 2.5068375816247888
          },
          {
            "epoch": 2,
            "train_objective": 2.361459255218506,
            "dev_nll": 2.4129741191864014,
            "dev_kl": 0.02911366910179382,
            "dev_objective": 2.500315126491783
          },
          {
            "epoch": 3,
            "train_objective": 2.372598171234131,
            "dev_nll": 2.4075474739074707,
            "dev_kl": 0.019032401534200143,
            "dev_objective": 2.464644678510071
          },
          {
            "epoch": 4,
            "train_objective": 2.330691337585449,
            "dev_nll": 2.4121153354644775,
            "dev_kl": 0.007413915149417364,
            "dev_objective": 2.4343570809127297
          },
          {
            "epoch": 5,
            "train_objective": 2.2815146446228027,
            "dev_nll": 2.425379514694214,
            "dev_kl": 0.0017779134777224353,
            "dev_objective": 2.4307132551273813
          },
          {
            "epoch": 6,
            "train_objective": 2.2593674659729004,
            "dev_nll": 2.4399068355560303,
            "dev_kl": 0.002553308617808075,
            "dev_objective": 2.4475667614094543
          },
          {
            "epoch": 7,
            "train_objective": 2.2671701908111572,
            "dev_nll": 2.4452507495880127,
            "dev_kl": 0.005124019590326615,
            "dev_objective": 2.4606228083589925
          },
          {
            "epoch": 8,
            "train_objective": 2.27714204788208,
            "dev_nll": 2.4374685287475586,
            "dev_kl": 0.006064497401952864,
            "dev_objective": 2.455662020953417
          },
          {
            "epoch": 9,
            "train_objective": 2.2700929641723633,
            "dev_nll": 2.420022964477539,
            "dev_kl": 0.0056487090162502885,
            "dev_objective": 2.43696909152629
          },
          {
            "epoch": 10,
            "train_objective": 2.2529239654541016,
            "dev_nll": 2.398972511291504,
            "dev_kl": 0.00563469097206478,
            "dev_objective": 2.415876584207698
          },
          {
            "epoch": 11,
            "train_objective": 2.240454912185669,
            "dev_nll": 2.3794662952423096,
            "dev_kl": 0.006959011795721204,
            "dev_objective": 2.400343330629473
          },
          {
            "epoch": 12,
            "train_objective": 2.238447427749634,
            "dev_nll": 2.3642430305480957,
            "dev_kl": 0.009149185861338817,
            "dev_objective": 2.391690588132112
          },
          {
            "epoch": 13,
            "train_objective": 2.242764949798584,
            "dev_nll": 2.3539278507232666,
            "dev_kl": 0.011078831733386559,
            "dev_objective": 2.387164345923426
          },
          {
            "epoch": 14,
            "train_objective": 2.2465362548828125,
            "dev_nll": 2.3481147289276123,
            "dev_kl": 0.011940878283278453,
            "dev_objective": 2.3839373637774477
          },
          {
            "epoch": 15,
            "train_objective": 2.245420455932617,
            "dev_nll": 2.3461787700653076,
            "dev_kl": 0.011702204830080812,
            "dev_objective": 2.38128538455555
          },
          {
            "epoch": 16,
            "train_objective": 2.2392611503601074,
            "dev_nll": 2.3474597930908203,
            "dev_kl": 0.010916713666970721,
            "dev_objective": 2.3802099340917326
          },
          {
            "epoch": 17,
            "train_objective": 2.230990409851074,
            "dev_nll": 2.351027250289917,
            "dev_kl": 0.0102395121704772,
            "dev_objective": 2.3817457868013485
          },
          {
            "epoch": 18,
            "train_objective": 2.2243430614471436,
            "dev_nll": 2.3554189205169678,
            "dev_kl": 0.010014008595223254,
            "dev_objective": 2.3854609463026377
          },
          {
            "epoch": 19,
            "train_objective": 2.221562147140503,
            "dev_nll": 2.3587164878845215,
            "dev_kl": 0.010133427745688917,
            "dev_objective": 2.3891167711215884
          },
          {
            "epoch": 20,
            "train_objective": 2.221949577331543,
            "dev_nll": 2.359137773513794,
            "dev_kl": 0.010235445823186197,
            "dev_objective": 2.3898441109833524
          },
          {
            "epoch": 21,
            "train_objective": 2.222442865371704,
            "dev_nll": 2.3558506965637207,
            "dev_kl": 0.01008463838426847,
            "dev_objective": 2.3861046117165263
          },
          {
            "epoch": 22,
            "train_objective": 2.220388412475586,
            "dev_nll": 2.3493213653564453,
            "dev_kl": 0.009798400073299079,
            "dev_objective": 2.3787165655763425
          },
          {
            "epoch": 23,
            "train_objective": 2.215865135192871,
            "dev_nll": 2.3409698009490967,
            "dev_kl": 0.009720001730696117,
            "dev_objective": 2.370129806141185
          },
          {
            "epoch": 24,
            "train_objective": 2.211167573928833,
            "dev_nll": 2.332486391067505,
            "dev_kl": 0.010094337809395285,
            "dev_objective": 2.362769404495691
          },
          {
            "epoch": 25,
            "train_objective": 2.2084596157073975,
            "dev_nll": 2.3252391815185547,
            "dev_kl": 0.01083742774086028,
            "dev_objective": 2.3577514647411357
          },
          {
            "epoch": 26,
            "train_objective": 2.20804762840271,
            "dev_nll": 2.320007801055908,
            "dev_kl": 0.011578543288652004,
            "dev_objective": 2.354743430921864
          },
          {
            "epoch": 27,
            "train_objective": 2.208519458770752,
            "dev_nll": 2.3170316219329834,
            "dev_kl": 0.011920819814070954,
            "dev_objective": 2.352794081375196
          },
          {
            "epoch": 28,
            "train_objective": 2.208158493041992,
            "dev_nll": 2.3161957263946533,
            "dev_kl": 0.011696245437046709,
            "dev_objective": 2.3512844627057934
          },
          {
            "epoch": 29,
            "train_objective": 2.206247091293335,
            "dev_nll": 2.3171536922454834,
            "dev_kl": 0.011034323192190288,
            "dev_objective": 2.3502566618220544
          },
          {
            "epoch": 30,
            "train_objective": 2.2033779621124268,
            "dev_nll": 2.3193297386169434,
            "dev_kl": 0.010236118206634157,
            "dev_objective": 2.350038093236846
          },
          {
            "epoch": 31,
            "train_objective": 2.200787305831909,
            "dev_nll": 2.3218982219696045,
            "dev_kl": 0.009574808370445916,
            "dev_objective": 2.350622647080942
          },
          {
            "epoch": 32,
            "train_objective": 2.1993041038513184,
            "dev_nll": 2.3238821029663086,
            "dev_kl": 0.009165405637524542,
            "dev_objective": 2.351378319878882
          },
          {
            "epoch": 33,
            "train_objective": 2.198702573776245,
            "dev_nll": 2.3244287967681885,
            "dev_kl": 0.008978258925884391,
            "dev_objective": 2.3513635735458416
          },
          {
            "epoch": 34,
            "train_objective": 2.198024034500122,
            "dev_nll": 2.3231258392333984,
            "dev_kl": 0.008948860022956655,
            "dev_objective": 2.349972419302268
          },
          {
            "epoch": 35,
            "train_objective": 2.196544647216797,
            "dev_nll": 2.32014536857605,
            "dev_kl": 0.009061538245840628,
            "dev_objective": 2.3473299833135717
          },
          {
            "epoch": 36,
            "train_objective": 2.19442081451416,
            "dev_nll": 2.316129684448242,
            "dev_kl": 0.009333679604629476,
            "dev_objective": 2.3441307232621305
          },
          {
            "epoch": 37,
            "train_objective": 2.192415237426758,
            "dev_nll": 2.3119070529937744,
            "dev_kl": 0.009741864270894908,
            "dev_objective": 2.341132645806459
          },
          {
            "epoch": 38,
            "train_objective": 2.1911139488220215,
            "dev_nll": 2.3082141876220703,
            "dev_kl": 0.010183469708276643,
            "dev_objective": 2.3387645967469
          },
          {
            "epoch": 39,
            "train_objective": 2.190455436706543,
            "dev_nll": 2.3055331707000732,
            "dev_kl": 0.010519608861349913,
            "dev_objective": 2.337091997284123
          },
          {
            "epoch": 40,
            "train_objective": 2.189913034439087,
            "dev_nll": 2.3040525913238525,
            "dev_kl": 0.010659396065156831,
            "dev_objective": 2.336030779519323
          },
          {
            "epoch": 41,
            "train_objective": 2.189025402069092,
            "dev_nll": 2.303696870803833,
            "dev_kl": 0.010611445075952478,
            "dev_objective": 2.3355312060316904
          },
          {
            "epoch": 42,
            "train_objective": 2.1877448558807373,
            "dev_nll": 2.304156541824341,
            "dev_kl": 0.010466041631579789,
            "dev_objective": 2.33555466671908
          },
          {
            "epoch": 43,
            "train_objective": 2.1863880157470703,
            "dev_nll": 2.304932117462158,
            "dev_kl": 0.010330369528204639,
            "dev_objective": 2.335923226046772
          },
          {
            "epoch": 44,
            "train_objective": 2.185295343399048,
            "dev_nll": 2.305422782897949,
            "dev_kl": 0.010269424125585975,
            "dev_objective": 2.336231055274707
          },
          {
            "epoch": 45,
            "train_objective": 2.1845197677612305,
            "dev_nll": 2.3050811290740967,
            "dev_kl": 0.010293275735626418,
            "dev_objective": 2.3359609562809758
          },
          {
            "epoch": 46,
            "train_objective": 2.183807611465454,
            "dev_nll": 2.303591251373291,
            "dev_kl": 0.010387558310955478,
            "dev_objective": 2.3347539263061576
          },
          {
            "epoch": 47,
            "train_objective": 2.1828675270080566,
            "dev_nll": 2.3009819984436035,
            "dev_kl": 0.010547225227891166,
            "dev_objective": 2.332623674127277
          },
          {
            "epoch": 48,
            "train_objective": 2.181657552719116,
            "dev_nll": 2.2975964546203613,
            "dev_kl": 0.010777813662219072,
            "dev_objective": 2.3299298956070187
          },
          {
            "epoch": 49,
            "train_objective": 2.180392026901245,
            "dev_nll": 2.2939536571502686,
            "dev_kl": 0.011068512446663884,
            "dev_objective": 2.3271591944902603
          },
          {
            "epoch": 50,
            "train_objective": 2.1793062686920166,
            "dev_nll": 2.2905688285827637,
            "dev_kl": 0.01137259339743797,
            "dev_objective": 2.3246866087750777
          },
          {
            "epoch": 51,
            "train_objective": 2.178436040878296,
            "dev_nll": 2.287821054458618,
            "dev_kl": 0.011621555930750834,
            "dev_objective": 2.3226857222508706
          },
          {
            "epoch": 52,
            "train_objective": 2.177630662918091,
            "dev_nll": 2.285884141921997,
            "dev_kl": 0.01176366711344247,
            "dev_objective": 2.3211751432623244
          },
          {
            "epoch": 53,
            "train_objective": 2.1767289638519287,
            "dev_nll": 2.284724473953247,
            "dev_kl": 0.01179481978784503,
            "dev_objective": 2.3201089333167824
          },
          {
            "epoch": 54,
            "train_objective": 2.175717353820801,
            "dev_nll": 2.2841241359710693,
            "dev_kl": 0.011757580315104625,
            "dev_objective": 2.3193968769163833
          },
          {
            "epoch": 55,
            "train_objective": 2.174717664718628,
            "dev_nll": 2.2837367057800293,
            "dev_kl": 0.011713104049821624,
            "dev_objective": 2.3188760179294943
          },
          {
            "epoch": 56,
            "train_objective": 2.17384672164917,
            "dev_nll": 2.2831780910491943,
            "dev_kl": 0.011710257570103426,
            "dev_objective": 2.3183088637595044
          },
          {
            "epoch": 57,
            "train_objective": 2.173095941543579,
            "dev_nll": 2.282142400741577,
            "dev_kl": 0.011772946631554664,
            "dev_objective": 2.317461240636241
          },
          {
            "epoch": 58,
            "train_objective": 2.172351360321045,
            "dev_nll": 2.2805016040802,
            "dev_kl": 0.011905514938388801,
            "dev_objective": 2.316218148895367
          },
          {
            "epoch": 59,
            "train_objective": 2.1715221405029297,
            "dev_nll": 2.2783472537994385,
            "dev_kl": 0.012100189279731093,
            "dev_objective": 2.3146478216386317
          },
          {
            "epoch": 60,
            "train_objective": 2.1706290245056152,
            "dev_nll": 2.275941848754883,
            "dev_kl": 0.012335903274370433,
            "dev_objective": 2.3129495585779942
          },
          {
            "epoch": 61,
            "train_objective": 2.16976261138916,
            "dev_nll": 2.273615598678589,
            "dev_kl": 0.01257541116689437,
            "dev_objective": 2.311341832179272
          },
          {
            "epoch": 62,
            "train_objective": 2.1689765453338623,
            "dev_nll": 2.2716591358184814,
            "dev_kl": 0.01277325514186692,
            "dev_objective": 2.309978901244082
          },
          {
            "epoch": 63,
            "train_objective": 2.1682381629943848,
            "dev_nll": 2.270240545272827,
            "dev_kl": 0.012895148150076443,
            "dev_objective": 2.3089259897230563
          },
          {
            "epoch": 64,
            "train_objective": 2.1674814224243164,
            "dev_nll": 2.269378185272217,
            "dev_kl": 0.012935340103849153,
            "dev_objective": 2.3081842055837645
          },
          {
            "epoch": 65,
            "train_objective": 2.1666831970214844,
            "dev_nll": 2.268944501876831,
            "dev_kl": 0.012917852800690584,
            "dev_objective": 2.307698060278903
          },
          {
            "epoch": 66,
            "train_objective": 2.1658825874328613,
            "dev_nll": 2.268709182739258,
            "dev_kl": 0.012881590642087583,
            "dev_objective": 2.3073539546655204
          },
          {
            "epoch": 67,
            "train_objective": 2.1651296615600586,
            "dev_nll": 2.268404722213745,
            "dev_kl": 0.012861488050416923,
            "dev_objective": 2.306989186364996
          },
          {
            "epoch": 68,
            "train_objective": 2.164431571960449,
            "dev_nll": 2.267812967300415,
            "dev_kl": 0.012878059649665374,
            "dev_objective": 2.306447146249411
          },
          {
            "epoch": 69,
            "train_objective": 2.1637489795684814,
            "dev_nll": 2.2668325901031494,
            "dev_kl": 0.012937198648644207,
            "dev_objective": 2.305644186049082
          },
          {
            "epoch": 70,
            "train_objective": 2.1630473136901855,
            "dev_nll": 2.2655081748962402,
            "dev_kl": 0.013033744959571894,
            "dev_objective": 2.304609409774956
          },
          {
            "epoch": 71,
            "train_objective": 2.162332057952881,
            "dev_nll": 2.2640011310577393,
            "dev_kl": 0.013152987321870657,
            "dev_objective": 2.303460093023351
          },
          {
            "epoch": 72,
            "train_objective": 2.161635398864746,
            "dev_nll": 2.2625222206115723,
            "dev_kl": 0.013272228289297932,
            "dev_objective": 2.302338905479466
          },
          {
            "epoch": 73,
            "train_objective": 2.1609742641448975,
            "dev_nll": 2.261255979537964,
            "dev_kl": 0.013366943925634147,
            "dev_objective": 2.301356811314866
          },
          {
            "epoch": 74,
            "train_objective": 2.1603336334228516,
            "dev_nll": 2.2603025436401367,
            "dev_kl": 0.013421232522476555,
            "dev_objective": 2.3005662412075663
          },
          {
            "epoch": 75,
            "train_objective": 2.15968918800354,
            "dev_nll": 2.259655714035034,
            "dev_kl": 0.013435684496794092,
            "dev_objective": 2.2999627675254164
          },
          {
            "epoch": 76,
            "train_objective": 2.159036159515381,
            "dev_nll": 2.259211778640747,
            "dev_kl": 0.013426905867104764,
            "dev_objective": 2.2994924962420615
          },
          {
            "epoch": 77,
            "train_objective": 2.158393144607544,
            "dev_nll": 2.25880765914917,
            "dev_kl": 0.01341918768241979,
            "dev_objective": 2.2990652221964294
          },
          {
            "epoch": 78,
            "train_objective": 2.157776117324829,
            "dev_nll": 2.258275270462036,
            "dev_kl": 0.013434482492636063,
            "dev_objective": 2.2985787179399444
          },
          {
            "epoch": 79,
            "train_objective": 2.157181978225708,
            "dev_nll": 2.257500171661377,
            "dev_kl": 0.01348602263310421,
            "dev_objective": 2.2979582395606895
          },
          {
            "epoch": 80,
            "train_objective": 2.1565942764282227,
            "dev_nll": 2.2564611434936523,
            "dev_kl": 0.01357654167804867,
            "dev_objective": 2.2971907685277984
          },
          {
            "epoch": 81,
            "train_objective": 2.156005382537842,
            "dev_nll": 2.2552294731140137,
            "dev_kl": 0.013698592622418918,
            "dev_objective": 2.2963252509812704
          },
          {
            "epoch": 82,
            "train_objective": 2.155423402786255,
            "dev_nll": 2.253939151763916,
            "dev_kl": 0.013836511868688714,
            "dev_objective": 2.295448687369982
          },
          {
            "epoch": 83,
            "train_objective": 2.1548588275909424,
            "dev_nll": 2.2527313232421875,
            "dev_kl": 0.013970905570350889,
            "dev_objective": 2.29464403995324
          },
          {
            "epoch": 84,
            "train_objective": 2.1543121337890625,
            "dev_nll": 2.251707077026367,
            "dev_kl": 0.014085911358697264,
            "dev_objective": 2.293964811102459
          },
          {
            "epoch": 85,
            "train_objective": 2.1537723541259766,
            "dev_nll": 2.2508952617645264,
            "dev_kl": 0.014175793852642058,
            "dev_objective": 2.2934226433224527
          },
          {
            "epoch": 86,
            "train_objective": 2.1532342433929443,
            "dev_nll": 2.2502517700195312,
            "dev_kl": 0.014246810704559808,
            "dev_objective": 2.2929922021332105
          },
          {
            "epoch": 87,
            "train_objective": 2.1527023315429688,
            "dev_nll": 2.2496776580810547,
            "dev_kl": 0.014312978520343501,
            "dev_objective": 2.292616593642085
          },
          {
            "epoch": 88,
            "train_objective": 2.152184009552002,
            "dev_nll": 2.2490601539611816,
            "dev_kl": 0.014389225404996861,
            "dev_objective": 2.2922278301761723
          },
          {
            "epoch": 89,
            "train_objective": 2.1516807079315186,
            "dev_nll": 2.248314619064331,
            "dev_kl": 0.014485362859681293,
            "dev_objective": 2.291770707643375
          },
          {
            "epoch": 90,
            "train_objective": 2.15118670463562,
            "dev_nll": 2.247415065765381,
            "dev_kl": 0.014603573842079288,
            "dev_objective": 2.291225787291619
          },
          {
            "epoch": 91,
            "train_objective": 2.150697708129883,
            "dev_nll": 2.2464003562927246,
            "dev_kl": 0.014738273262581413,
            "dev_objective": 2.2906151760804687
          },
          {
            "epoch": 92,
            "train_objective": 2.150216817855835,
            "dev_nll": 2.2453553676605225,
            "dev_kl": 0.01487822327392003,
            "dev_objective": 2.2899900374822826
          },
          {
            "epoch": 93,
            "train_objective": 2.1497485637664795,
            "dev_nll": 2.2443735599517822,
            "dev_kl": 0.015010311977793237,
            "dev_objective": 2.289404495885162
          },
          {
            "epoch": 94,
            "train_objective": 2.1492929458618164,
            "dev_nll": 2.243522882461548,
            "dev_kl": 0.015124459282941967,
            "dev_objective": 2.288896260310374
          },
          {
            "epoch": 95,
            "train_objective": 2.148846387863159,
            "dev_nll": 2.242820978164673,
            "dev_kl": 0.015217619972733496,
            "dev_objective": 2.2884738380828735
          },
          {
            "epoch": 96,
            "train_objective": 2.1484053134918213,
            "dev_nll": 2.242234230041504,
            "dev_kl": 0.015294509243235112,
            "dev_objective": 2.288117757771209
          },
          {
            "epoch": 97,
            "train_objective": 2.147972822189331,
            "dev_nll": 2.2416937351226807,
            "dev_kl": 0.015364951998626272,
            "dev_objective": 2.2877885911185594
          },
          {
            "epoch": 98,
            "train_objective": 2.147550582885742,
            "dev_nll": 2.241122007369995,
            "dev_kl": 0.015439297803471076,
            "dev_objective": 2.2874399007804085
          },
          {
            "epoch": 99,
            "train_objective": 2.147139310836792,
            "dev_nll": 2.240466594696045,
            "dev_kl": 0.015524574947184807,
            "dev_objective": 2.2870403195375992
          },
          {
            "epoch": 100,
            "train_objective": 2.1467361450195312,
            "dev_nll": 2.2397172451019287,
            "dev_kl": 0.015622373479521728,
            "dev_objective": 2.286584365540494
          },
          {
            "epoch": 101,
            "train_objective": 2.1463396549224854,
            "dev_nll": 2.238906145095825,
            "dev_kl": 0.015728933038659423,
            "dev_objective": 2.2860929442118034
          },
          {
            "epoch": 102,
            "train_objective": 2.145951986312866,
            "dev_nll": 2.2380926609039307,
            "dev_kl": 0.01583684761862969,
            "dev_objective": 2.2856032037598197
          },
          {
            "epoch": 103,
            "train_objective": 2.1455743312835693,
            "dev_nll": 2.2373368740081787,
            "dev_kl": 0.015938252096548828,
            "dev_objective": 2.2851516302978254
          },
          {
            "epoch": 104,
            "train_objective": 2.1452062129974365,
            "dev_nll": 2.2366738319396973,
            "dev_kl": 0.016028216385635577,
            "dev_objective": 2.284758481096604
          },
          {
            "epoch": 105,
            "train_objective": 2.144845724105835,
            "dev_nll": 2.2361035346984863,
            "dev_kl": 0.01610692930074536,
            "dev_objective": 2.2844243226007226
          },
          {
            "epoch": 106,
            "train_objective": 2.1444928646087646,
            "dev_nll": 2.235590934753418,
            "dev_kl": 0.016179408004738376,
            "dev_objective": 2.284129158767633
          },
          {
            "epoch": 107,
            "train_objective": 2.144148588180542,
            "dev_nll": 2.2350854873657227,
            "dev_kl": 0.016252971531244956,
            "dev_objective": 2.2838444019594575
          },
          {
            "epoch": 108,
            "train_objective": 2.143813133239746,
            "dev_nll": 2.234539747238159,
            "dev_kl": 0.016334103161024096,
            "dev_objective": 2.2835420567212315
          },
          {
            "epoch": 109,
            "train_objective": 2.1434860229492188,
            "dev_nll": 2.2339296340942383,
            "dev_kl": 0.01642597075237239,
            "dev_objective": 2.2832075463513553
          },
          {
            "epoch": 110,
            "train_objective": 2.1431658267974854,
            "dev_nll": 2.233262777328491,
            "dev_kl": 0.01652748833340968,
            "dev_objective": 2.28284524232872
          },
          {
            "epoch": 111,
            "train_objective": 2.142853260040283,
            "dev_nll": 2.232572555541992,
            "dev_kl": 0.01663420965374943,
            "dev_objective": 2.2824751845032405
          },
          {
            "epoch": 112,
            "train_objective": 2.142548084259033,
            "dev_nll": 2.231900215148926,
            "dev_kl": 0.016740250829306823,
            "dev_objective": 2.282120967636846
          },
          {
            "epoch": 113,
            "train_objective": 2.1422512531280518,
            "dev_nll": 2.231278419494629,
            "dev_kl": 0.016840891678340644,
            "dev_objective": 2.281801094529651
          },
          {
            "epoch": 114,
            "train_objective": 2.1419618129730225,
            "dev_nll": 2.230717420578003,
            "dev_kl": 0.016934593562074305,
            "dev_objective": 2.281521201264226
          },
          {
            "epoch": 115,
            "train_objective": 2.141679286956787,
            "dev_nll": 2.230201482772827,
            "dev_kl": 0.017023303974119407,
            "dev_objective": 2.2812713946951853
          },
          {
            "epoch": 116,
            "train_objective": 2.1414034366607666,
            "dev_nll": 2.229698896408081,
            "dev_kl": 0.017111384313114198,
            "dev_objective": 2.281033049347424
          },
          {
            "epoch": 117,
            "train_objective": 2.1411352157592773,
            "dev_nll": 2.2291760444641113,
            "dev_kl": 0.017203242278135862,
            "dev_objective": 2.280785771298519
          },
          {
            "epoch": 118,
            "train_objective": 2.140873670578003,
            "dev_nll": 2.228612184524536,
            "dev_kl": 0.017301528935692454,
            "dev_objective": 2.2805167713316137
          },
          {
            "epoch": 119,
            "train_objective": 2.1406188011169434,
            "dev_nll": 2.22800874710083,
            "dev_kl": 0.017406001798771022,
            "dev_objective": 2.280226752497143
          },
          {
            "epoch": 120,
            "train_objective": 2.1403703689575195,
            "dev_nll": 2.227385997772217,
            "dev_kl": 0.01751386428734423,
            "dev_objective": 2.2799275906342493
          },
          {
            "epoch": 121,
            "train_objective": 2.1401281356811523,
            "dev_nll": 2.226773262023926,
            "dev_kl": 0.017621044241335062,
            "dev_objective": 2.279636394747931
          },
          {
            "epoch": 122,
            "train_objective": 2.139892339706421,
            "dev_nll": 2.2261948585510254,
            "dev_kl": 0.017724044230436126,
            "dev_objective": 2.279366991242334
          },
          {
            "epoch": 123,
            "train_objective": 2.139662742614746,
            "dev_nll": 2.225661277770996,
            "dev_kl": 0.01782143200351481,
            "dev_objective": 2.2791255737815406
          },
          {
            "epoch": 124,
            "train_objective": 2.139439344406128,
            "dev_nll": 2.2251644134521484,
            "dev_kl": 0.017914284654374744,
            "dev_objective": 2.278907267415273
          },
          {
            "epoch": 125,
            "train_objective": 2.139221429824829,
            "dev_nll": 2.2246837615966797,
            "dev_kl": 0.018005523500652352,
            "dev_objective": 2.2787003320986368
          },
          {
            "epoch": 126,
            "train_objective": 2.139009475708008,
            "dev_nll": 2.224195718765259,
            "dev_kl": 0.018098288460732286,
            "dev_objective": 2.2784905841474554
          },
          {
            "epoch": 127,
            "train_objective": 2.138803243637085,
            "dev_nll": 2.223686933517456,
            "dev_kl": 0.018194555264574686,
            "dev_objective": 2.2782705993111803
          },
          {
            "epoch": 128,
            "train_objective": 2.1386022567749023,
            "dev_nll": 2.223158121109009,
            "dev_kl": 0.01829424502577768,
            "dev_objective": 2.2780408561863417
          },
          {
            "epoch": 129,
            "train_objective": 2.13840651512146,
            "dev_nll": 2.2226226329803467,
            "dev_kl": 0.018395390743183183,
            "dev_objective": 2.2778088052098964
          },
          {
            "epoch": 130,
            "train_objective": 2.138216257095337,
            "dev_nll": 2.2221004962921143,
            "dev_kl": 0.01849523506403315,
            "dev_objective": 2.2775862014842136
          },
          {
            "epoch": 131,
            "train_objective": 2.138030767440796,
            "dev_nll": 2.2216076850891113,
            "dev_kl": 0.018591482773415685,
            "dev_objective": 2.2773821334093585
          },
          {
            "epoch": 132,
            "train_objective": 2.137850522994995,
            "dev_nll": 2.2211484909057617,
            "dev_kl": 0.018683393031918263,
            "dev_objective": 2.2771986700015163
          },
          {
            "epoch": 133,
            "train_objective": 2.1376750469207764,
            "dev_nll": 2.2207162380218506,
            "dev_kl": 0.018771953653589253,
            "dev_objective": 2.2770320989826183
          },
          {
            "epoch": 134,
            "train_objective": 2.1375041007995605,
            "dev_nll": 2.220294237136841,
            "dev_kl": 0.018859382609896842,
            "dev_objective": 2.2768723849665315
          },
          {
            "epoch": 135,
            "train_objective": 2.1373379230499268,
            "dev_nll": 2.219867467880249,
            "dev_kl": 0.018947784129376224,
            "dev_objective": 2.2767108202683777
          },
          {
            "epoch": 136,
            "train_objective": 2.137176275253296,
            "dev_nll": 2.219428062438965,
            "dev_kl": 0.019038295907516694,
            "dev_objective": 2.276542950161515
          },
          {
            "epoch": 137,
            "train_objective": 2.1370186805725098,
            "dev_nll": 2.218977689743042,
            "dev_kl": 0.01913052436852482,
            "dev_objective": 2.2763692628486165
          },
          {
            "epoch": 138,
            "train_objective": 2.1368658542633057,
            "dev_nll": 2.2185275554656982,
            "dev_kl": 0.01922289242934165,
            "dev_objective": 2.276196232753723
          },
          {
            "epoch": 139,
            "train_objective": 2.136716604232788,
            "dev_nll": 2.2180912494659424,
            "dev_kl": 0.019313482708492948,
            "dev_objective": 2.276031697591421
          },
          {
            "epoch": 140,
            "train_objective": 2.1365716457366943,
            "dev_nll": 2.217676877975464,
            "dev_kl": 0.019401016823042395,
            "dev_objective": 2.275879928444591
          },
          {
            "epoch": 141,
            "train_objective": 2.1364307403564453,
            "dev_nll": 2.21728515625,
            "dev_kl": 0.019485405387615996,
            "dev_objective": 2.275741372412848
          },
          {
            "epoch": 142,
            "train_objective": 2.136293411254883,
            "dev_nll": 2.2169079780578613,
            "dev_kl": 0.019567780271303962,
            "dev_objective": 2.275611318871773
          },
          {
            "epoch": 143,
            "train_objective": 2.136159658432007,
            "dev_nll": 2.2165346145629883,
            "dev_kl": 0.019649725329908243,
            "dev_objective": 2.275483790552713
          },
          {
            "epoch": 144,
            "train_objective": 2.1360299587249756,
            "dev_nll": 2.2161550521850586,
            "dev_kl": 0.019732500440553732,
            "dev_objective": 2.27535255350672
          },
          {
            "epoch": 145,
            "train_objective": 2.1359031200408936,
            "dev_nll": 2.215768337249756,
            "dev_kl": 0.01981643618520109,
            "dev_objective": 2.275217645805359
          },
          {
            "epoch": 146,
            "train_objective": 2.135780096054077,
            "dev_nll": 2.215378999710083,
            "dev_kl": 0.019900761739981752,
            "dev_objective": 2.275081284930028
          },
          {
            "epoch": 147,
            "train_objective": 2.135660171508789,
            "dev_nll": 2.214996337890625,
            "dev_kl": 0.019984125552582555,
            "dev_objective": 2.2749487145483727
          },
          {
            "epoch": 148,
            "train_objective": 2.1355435848236084,
            "dev_nll": 2.2146291732788086,
            "dev_kl": 0.020065306659577595,
            "dev_objective": 2.2748250932575416
          },
          {
            "epoch": 149,
            "train_objective": 2.135429859161377,
            "dev_nll": 2.214280128479004,
            "dev_kl": 0.020143800655909393,
            "dev_objective": 2.2747115304467322
          },
          {
            "epoch": 150,
            "train_objective": 2.135319232940674,
            "dev_nll": 2.213946580886841,
            "dev_kl": 0.020220021371759715,
            "dev_objective": 2.27460664500212
          },
          {
            "epoch": 151,
            "train_objective": 2.13521146774292,
            "dev_nll": 2.2136216163635254,
            "dev_kl": 0.020294974939691113,
            "dev_objective": 2.274506541182599
          },
          {
            "epoch": 152,
            "train_objective": 2.1351065635681152,
            "dev_nll": 2.21329665184021,
            "dev_kl": 0.020369685894336492,
            "dev_objective": 2.2744057095232195
          },
          {
            "epoch": 153,
            "train_objective": 2.1350042819976807,
            "dev_nll": 2.2129697799682617,
            "dev_kl": 0.02044460267127086,
            "dev_objective": 2.2743035879820743
          },
          {
            "epoch": 154,
            "train_objective": 2.1349048614501953,
            "dev_nll": 2.212642192840576,
            "dev_kl": 0.02051938796601814,
            "dev_objective": 2.2742003567386306
          },
          {
            "epoch": 155,
            "train_objective": 2.134807825088501,
            "dev_nll": 2.21232008934021,
            "dev_kl": 0.02059317142101786,
            "dev_objective": 2.2740996036032635
          },
          {
            "epoch": 156,
            "train_objective": 2.134713649749756,
            "dev_nll": 2.2120096683502197,
            "dev_kl": 0.02066499279059034,
            "dev_objective": 2.2740046467219908
          },
          {
            "epoch": 157,
            "train_objective": 2.1346216201782227,
            "dev_nll": 2.2117137908935547,
            "dev_kl": 0.020734346136094012,
            "dev_objective": 2.273916829301837
          },
          {
            "epoch": 158,
            "train_objective": 2.1345314979553223,
            "dev_nll": 2.2114312648773193,
            "dev_kl": 0.020801430707515757,
            "dev_objective": 2.2738355569998667
          },
          {
            "epoch": 159,
            "train_objective": 2.134443998336792,
            "dev_nll": 2.2111568450927734,
            "dev_kl": 0.020866946290968167,
            "dev_objective": 2.273757683965678
          },
          {
            "epoch": 160,
            "train_objective": 2.1343586444854736,
            "dev_nll": 2.210885524749756,
            "dev_kl": 0.02093168892174764,
            "dev_objective": 2.273680591514999
          },
          {
            "epoch": 161,
            "train_objective": 2.134275197982788,
            "dev_nll": 2.21061372756958,
            "dev_kl": 0.020996106746737967,
            "dev_objective": 2.273602047809794
          },
          {
            "epoch": 162,
            "train_objective": 2.1341941356658936,
            "dev_nll": 2.2103419303894043,
            "dev_kl": 0.021060136908706607,
            "dev_objective": 2.273522341115524
          },
          {
            "epoch": 163,
            "train_objective": 2.134114980697632,
            "dev_nll": 2.2100744247436523,
            "dev_kl": 0.02112317605051137,
            "dev_objective": 2.2734439528951866
          },
          {
            "epoch": 164,
            "train_objective": 2.134037494659424,
            "dev_nll": 2.209815263748169,
            "dev_kl": 0.02118464838948116,
            "dev_objective": 2.2733692089166126
          },
          {
            "epoch": 165,
            "train_objective": 2.1339621543884277,
            "dev_nll": 2.2095673084259033,
            "dev_kl": 0.02124417479752728,
            "dev_objective": 2.273299832818485
          },
          {
            "epoch": 166,
            "train_objective": 2.1338882446289062,
            "dev_nll": 2.209329128265381,
            "dev_kl": 0.021301931755114047,
            "dev_objective": 2.273234923530723
          },
          {
            "epoch": 167,
            "train_objective": 2.1338162422180176,
            "dev_nll": 2.209097385406494,
            "dev_kl": 0.02135844852619489,
            "dev_objective": 2.273172730985079
          },
          {
            "epoch": 168,
            "train_objective": 2.1337459087371826,
            "dev_nll": 2.2088682651519775,
            "dev_kl": 0.02141432745115561,
            "dev_objective": 2.2731112475054442
          },
          {
            "epoch": 169,
            "train_objective": 2.1336770057678223,
            "dev_nll": 2.208639144897461,
            "dev_kl": 0.02146989565751996,
            "dev_objective": 2.273048831870021
          },
          {
            "epoch": 170,
            "train_objective": 2.1336100101470947,
            "dev_nll": 2.2084107398986816,
            "dev_kl": 0.02152507163203066,
            "dev_objective": 2.2729859547947737
          },
          {
            "epoch": 171,
            "train_objective": 2.1335442066192627,
            "dev_nll": 2.208186388015747,
            "dev_kl": 0.021579426433046108,
            "dev_objective": 2.2729246673148853
          },
          {
            "epoch": 172,
            "train_objective": 2.1334800720214844,
            "dev_nll": 2.2079689502716064,
            "dev_kl": 0.021632507024239,
            "dev_objective": 2.2728664713443236
          },
          {
            "epoch": 173,
            "train_objective": 2.1334171295166016,
            "dev_nll": 2.2077596187591553,
            "dev_kl": 0.02168410690689099,
            "dev_objective": 2.272811939479828
          },
          {
            "epoch": 174,
            "train_objective": 2.1333556175231934,
            "dev_nll": 2.2075579166412354,
            "dev_kl": 0.021734354126120677,
            "dev_objective": 2.2727609790195973
          },
          {
            "epoch": 175,
            "train_objective": 2.1332955360412598,
            "dev_nll": 2.2073605060577393,
            "dev_kl": 0.021783632384012302,
            "dev_objective": 2.272711403209776
          },
          {
            "epoch": 176,
            "train_objective": 2.133236885070801,
            "dev_nll": 2.207165241241455,
            "dev_kl": 0.021832367384171623,
            "dev_objective": 2.27266234339397
          },
          {
            "epoch": 177,
            "train_objective": 2.133178949356079,
            "dev_nll": 2.20697021484375,
            "dev_kl": 0.0218806706792337,
            "dev_objective": 2.272612226881451
          },
          {
            "epoch": 178,
            "train_objective": 2.133122682571411,
            "dev_nll": 2.206777334213257,
            "dev_kl": 0.021928403801622712,
            "dev_objective": 2.272562545618125
          },
          {
            "epoch": 179,
            "train_objective": 2.1330671310424805,
            "dev_nll": 2.2065885066986084,
            "dev_kl": 0.021975211401079452,
            "dev_objective": 2.272514140901847
          },
          {
            "epoch": 180,
            "train_objective": 2.1330127716064453,
            "dev_nll": 2.2064056396484375,
            "dev_kl": 0.022020788234283006,
            "dev_objective": 2.2724680043512864
          },
          {
            "epoch": 181,
            "train_objective": 2.1329596042633057,
            "dev_nll": 2.2062294483184814,
            "dev_kl": 0.022065064663277758,
            "dev_objective": 2.2724246423083145
          },
          {
            "epoch": 182,
            "train_objective": 2.1329076290130615,
            "dev_nll": 2.2060582637786865,
            "dev_kl": 0.022108214326679795,
            "dev_objective": 2.272382906758726
          },
          {
            "epoch": 183,
            "train_objective": 2.1328563690185547,
            "dev_nll": 2.2058911323547363,
            "dev_kl": 0.022150568780958682,
            "dev_objective": 2.2723428386976123
          },
          {
            "epoch": 184,
            "train_objective": 2.1328063011169434,
            "dev_nll": 2.2057249546051025,
            "dev_kl": 0.022192335815259045,
            "dev_objective": 2.2723019620508795
          },
          {
            "epoch": 185,
            "train_objective": 2.1327569484710693,
            "dev_nll": 2.2055604457855225,
            "dev_kl": 0.022233556735426967,
            "dev_objective": 2.272261115991803
          },
          {
            "epoch": 186,
            "train_objective": 2.1327085494995117,
            "dev_nll": 2.2053985595703125,
            "dev_kl": 0.022274052690444215,
            "dev_objective": 2.272220717641645
          },
          {
            "epoch": 187,
            "train_objective": 2.1326611042022705,
            "dev_nll": 2.2052412033081055,
            "dev_kl": 0.0223136074787509,
            "dev_objective": 2.272182025744358
          },
          {
            "epoch": 188,
            "train_objective": 2.1326143741607666,
            "dev_nll": 2.2050893306732178,
            "dev_kl": 0.022352038698192054,
            "dev_objective": 2.272145446767794
          },
          {
            "epoch": 189,
            "train_objective": 2.132568597793579,
            "dev_nll": 2.204942464828491,
            "dev_kl": 0.022389399077867217,
            "dev_objective": 2.272110662062093
          },
          {
            "epoch": 190,
            "train_objective": 2.132523536682129,
            "dev_nll": 2.204799175262451,
            "dev_kl": 0.02242592013311467,
            "dev_objective": 2.2720769356617954
          },
          {
            "epoch": 191,
            "train_objective": 2.132479190826416,
            "dev_nll": 2.204658269882202,
            "dev_kl": 0.022461834586142832,
            "dev_objective": 2.2720437736406307
          },
          {
            "epoch": 192,
            "train_objective": 2.1324355602264404,
            "dev_nll": 2.2045187950134277,
            "dev_kl": 0.022497223390664366,
            "dev_objective": 2.2720104651854207
          },
          {
            "epoch": 193,
            "train_objective": 2.132392644882202,
            "dev_nll": 2.204381227493286,
            "dev_kl": 0.022532026141679155,
            "dev_objective": 2.2719773059183237
          },
          {
            "epoch": 194,
            "train_objective": 2.132350444793701,
            "dev_nll": 2.204246759414673,
            "dev_kl": 0.022566067379704045,
            "dev_objective": 2.271944961553785
          },
          {
            "epoch": 195,
            "train_objective": 2.1323091983795166,
            "dev_nll": 2.2041168212890625,
            "dev_kl": 0.022599207141601872,
            "dev_objective": 2.271914442713868
          },
          {
            "epoch": 196,
            "train_objective": 2.132268190383911,
            "dev_nll": 2.2039906978607178,
            "dev_kl": 0.022631438454188735,
            "dev_objective": 2.271885013223284
          },
          {
            "epoch": 197,
            "train_objective": 2.132227659225464,
            "dev_nll": 2.2038679122924805,
            "dev_kl": 0.022662883732400295,
            "dev_objective": 2.2718565634896812
          },
          {
            "epoch": 198,
            "train_objective": 2.132188320159912,
            "dev_nll": 2.203747510910034,
            "dev_kl": 0.0226937238358885,
            "dev_objective": 2.2718286824177
          },
          {
            "epoch": 199,
            "train_objective": 2.1321492195129395,
            "dev_nll": 2.2036285400390625,
            "dev_kl": 0.022724060266139736,
            "dev_objective": 2.2718007208374815
          },
          {
            "epoch": 200,
            "train_objective": 2.132110595703125,
            "dev_nll": 2.2035114765167236,
            "dev_kl": 0.022753876324596575,
            "dev_objective": 2.2717731054905133
          },
          {
            "epoch": 201,
            "train_objective": 2.132072925567627,
            "dev_nll": 2.2033963203430176,
            "dev_kl": 0.022783063943572945,
            "dev_objective": 2.2717455121737364
          },
          {
            "epoch": 202,
            "train_objective": 2.132035493850708,
            "dev_nll": 2.203284740447998,
            "dev_kl": 0.022811512318683877,
            "dev_objective": 2.2717192774040496
          },
          {
            "epoch": 203,
            "train_objective": 2.131998300552368,
            "dev_nll": 2.203176259994507,
            "dev_kl": 0.02283916888747274,
            "dev_objective": 2.271693766656925
          },
          {
            "epoch": 204,
            "train_objective": 2.1319620609283447,
            "dev_nll": 2.203071355819702,
            "dev_kl": 0.02286615160964204,
            "dev_objective": 2.2716698106486284
          },
          {
            "epoch": 205,
            "train_objective": 2.1319262981414795,
            "dev_nll": 2.202967882156372,
            "dev_kl": 0.022892554667064798,
            "dev_objective": 2.2716455461575666
          },
          {
            "epoch": 206,
            "train_objective": 2.1318905353546143,
            "dev_nll": 2.2028660774230957,
            "dev_kl": 0.02291850392348058,
            "dev_objective": 2.2716215891935376
          },
          {
            "epoch": 207,
            "train_objective": 2.1318554878234863,
            "dev_nll": 2.202766180038452,
            "dev_kl": 0.022943964063738203,
            "dev_objective": 2.2715980722296667
          },
          {
            "epoch": 208,
            "train_objective": 2.1318211555480957,
            "dev_nll": 2.2026681900024414,
            "dev_kl": 0.022968876512623543,
            "dev_objective": 2.2715748195403123
          },
          {
            "epoch": 209,
            "train_objective": 2.131787061691284,
            "dev_nll": 2.20257306098938,
            "dev_kl": 0.022993163628627605,
            "dev_objective": 2.2715525518752626
          },
          {
            "epoch": 210,
            "train_objective": 2.1317532062530518,
            "dev_nll": 2.2024805545806885,
            "dev_kl": 0.023016779438964272,
            "dev_objective": 2.2715308928975815
          },
          {
            "epoch": 211,
            "train_objective": 2.1317200660705566,
            "dev_nll": 2.2023909091949463,
            "dev_kl": 0.023039798703863315,
            "dev_objective": 2.271510305306536
          },
          {
            "epoch": 212,
            "train_objective": 2.1316869258880615,
            "dev_nll": 2.2023026943206787,
            "dev_kl": 0.023062317828824293,
            "dev_objective": 2.271489647807152
          },
          {
            "epoch": 213,
            "train_objective": 2.1316545009613037,
            "dev_nll": 2.2022159099578857,
            "dev_kl": 0.023084410855869552,
            "dev_objective": 2.2714691425254943
          },
          {
            "epoch": 214,
            "train_objective": 2.131622076034546,
            "dev_nll": 2.2021307945251465,
            "dev_kl": 0.023106069440179833,
            "dev_objective": 2.271449002845686
          },
          {
            "epoch": 215,
            "train_objective": 2.1315903663635254,
            "dev_nll": 2.202047348022461,
            "dev_kl": 0.023127247523535194,
            "dev_objective": 2.2714290905930667
          },
          {
            "epoch": 216,
            "train_objective": 2.131559133529663,
            "dev_nll": 2.2019662857055664,
            "dev_kl": 0.023147863157059727,
            "dev_objective": 2.2714098751767455
          },
          {
            "epoch": 217,
            "train_objective": 2.131527900695801,
            "dev_nll": 2.201887607574463,
            "dev_kl": 0.023167941180403315,
            "dev_objective": 2.271391431115673
          },
          {
            "epoch": 218,
            "train_objective": 2.1314969062805176,
            "dev_nll": 2.201810836791992,
            "dev_kl": 0.023187535705566857,
            "dev_objective": 2.2713734439086926
          },
          {
            "epoch": 219,
            "train_objective": 2.1314666271209717,
            "dev_nll": 2.201735258102417,
            "dev_kl": 0.023206702117139714,
            "dev_objective": 2.2713553644538362
          },
          {
            "epoch": 220,
            "train_objective": 2.131436586380005,
            "dev_nll": 2.2016611099243164,
            "dev_kl": 0.023225522887397317,
            "dev_objective": 2.2713376785865083
          },
          {
            "epoch": 221,
            "train_objective": 2.131406784057617,
            "dev_nll": 2.2015881538391113,
            "dev_kl": 0.023243963879893623,
            "dev_objective": 2.271320045478792
          },
          {
            "epoch": 222,
            "train_objective": 2.1313772201538086,
            "dev_nll": 2.201517105102539,
            "dev_kl": 0.02326198661795652,
            "dev_objective": 2.2713030649564088
          },
          {
            "epoch": 223,
            "train_objective": 2.131348133087158,
            "dev_nll": 2.2014477252960205,
            "dev_kl": 0.023279565115151325,
            "dev_objective": 2.2712864206414745
          },
          {
            "epoch": 224,
            "train_objective": 2.131319046020508,
            "dev_nll": 2.2013800144195557,
            "dev_kl": 0.023296719404301728,
            "dev_objective": 2.2712701726324607
          },
          {
            "epoch": 225,
            "train_objective": 2.1312901973724365,
            "dev_nll": 2.2013142108917236,
            "dev_kl": 0.023313487275792737,
            "dev_objective": 2.2712546727191016
          },
          {
            "epoch": 226,
            "train_objective": 2.1312620639801025,
            "dev_nll": 2.201249122619629,
            "dev_kl": 0.023329931640370387,
            "dev_objective": 2.27123891754074
          },
          {
            "epoch": 227,
            "train_objective": 2.1312336921691895,
            "dev_nll": 2.2011852264404297,
            "dev_kl": 0.02334608108081269,
            "dev_objective": 2.2712234696828677
          },
          {
            "epoch": 228,
            "train_objective": 2.1312057971954346,
            "dev_nll": 2.201122522354126,
            "dev_kl": 0.023361894186124235,
            "dev_objective": 2.2712082049124986
          },
          {
            "epoch": 229,
            "train_objective": 2.131178140640259,
            "dev_nll": 2.2010610103607178,
            "dev_kl": 0.023377356310506473,
            "dev_objective": 2.271193079292237
          },
          {
            "epoch": 230,
            "train_objective": 2.131150960922241,
            "dev_nll": 2.2010014057159424,
            "dev_kl": 0.023392446659741953,
            "dev_objective": 2.271178745695168
          },
          {
            "epoch": 231,
            "train_objective": 2.1311237812042236,
            "dev_nll": 2.2009432315826416,
            "dev_kl": 0.023407187621248136,
            "dev_objective": 2.271164794446386
          },
          {
            "epoch": 232,
            "train_objective": 2.131096839904785,
            "dev_nll": 2.2008860111236572,
            "dev_kl": 0.02342162622493737,
            "dev_objective": 2.271150889798469
          },
          {
            "epoch": 233,
            "train_objective": 2.131070375442505,
            "dev_nll": 2.2008297443389893,
            "dev_kl": 0.023435796372077967,
            "dev_objective": 2.2711371334552233
          },
          {
            "epoch": 234,
            "train_objective": 2.1310436725616455,
            "dev_nll": 2.2007744312286377,
            "dev_kl": 0.023449705760163676,
            "dev_objective": 2.2711235485091286
          },
          {
            "epoch": 235,
            "train_objective": 2.1310174465179443,
            "dev_nll": 2.2007203102111816,
            "dev_kl": 0.023463302347320882,
            "dev_objective": 2.271110217253144
          },
          {
            "epoch": 236,
            "train_objective": 2.1309914588928223,
            "dev_nll": 2.200667381286621,
            "dev_kl": 0.02347659738687423,
            "dev_objective": 2.271097173447244
          },
          {
            "epoch": 237,
            "train_objective": 2.1309659481048584,
            "dev_nll": 2.200615882873535,
            "dev_kl": 0.023489571769811934,
            "dev_objective": 2.271084598182971
          },
          {
            "epoch": 238,
            "train_objective": 2.1309404373168945,
            "dev_nll": 2.2005650997161865,
            "dev_kl": 0.02350228616823217,
            "dev_objective": 2.271071958220883
          },
          {
            "epoch": 239,
            "train_objective": 2.1309149265289307,
            "dev_nll": 2.2005155086517334,
            "dev_kl": 0.02351476003898443,
            "dev_objective": 2.2710597887686865
          },
          {
            "epoch": 240,
            "train_objective": 2.130889654159546,
            "dev_nll": 2.2004666328430176,
            "dev_kl": 0.02352699729465624,
            "dev_objective": 2.2710476247269864
          },
          {
            "epoch": 241,
            "train_objective": 2.1308650970458984,
            "dev_nll": 2.200418710708618,
            "dev_kl": 0.02353898684199404,
            "dev_objective": 2.2710356712346003
          },
          {
            "epoch": 242,
            "train_objective": 2.130840301513672,
            "dev_nll": 2.200371742248535,
            "dev_kl": 0.0235507162137618,
            "dev_objective": 2.2710238908898206
          },
          {
            "epoch": 243,
            "train_objective": 2.1308155059814453,
            "dev_nll": 2.2003259658813477,
            "dev_kl": 0.02356220353507407,
            "dev_objective": 2.27101257648657
          },
          {
            "epoch": 244,
            "train_objective": 2.130791187286377,
            "dev_nll": 2.2002809047698975,
            "dev_kl": 0.023573450095887717,
            "dev_objective": 2.2710012550575605
          },
          {
            "epoch": 245,
            "train_objective": 2.1307671070098877,
            "dev_nll": 2.2002370357513428,
            "dev_kl": 0.023584487501084956,
            "dev_objective": 2.270990498254598
          },
          {
            "epoch": 246,
            "train_objective": 2.1307430267333984,
            "dev_nll": 2.2001936435699463,
            "dev_kl": 0.023595329233719365,
            "dev_objective": 2.2709796312711044
          },
          {
            "epoch": 247,
            "train_objective": 2.1307194232940674,
            "dev_nll": 2.200150966644287,
            "dev_kl": 0.023605951886331182,
            "dev_objective": 2.2709688223032805
          },
          {
            "epoch": 248,
            "train_objective": 2.1306958198547363,
            "dev_nll": 2.2001094818115234,
            "dev_kl": 0.023616390679249418,
            "dev_objective": 2.270958653849272
          },
          {
            "epoch": 249,
            "train_objective": 2.1306722164154053,
            "dev_nll": 2.200068235397339,
            "dev_kl": 0.023626592848168294,
            "dev_objective": 2.270948013941844
          },
          {
            "epoch": 250,
            "train_objective": 2.1306490898132324,
            "dev_nll": 2.20002818107605,
            "dev_kl": 0.023636601194025827,
            "dev_objective": 2.2709379846581275
          },
          {
            "epoch": 251,
            "train_objective": 2.1306259632110596,
            "dev_nll": 2.199989080429077,
            "dev_kl": 0.023646438226287793,
            "dev_objective": 2.2709283951079406
          },
          {
            "epoch": 252,
            "train_objective": 2.1306028366088867,
            "dev_nll": 2.1999502182006836,
            "dev_kl": 0.023656097207417442,
            "dev_objective": 2.270918509822936
          },
          {
            "epoch": 253,
            "train_objective": 2.130580186843872,
            "dev_nll": 2.1999118328094482,
            "dev_kl": 0.023665586222646636,
            "dev_objective": 2.2709085914773883
          },
          {
            "epoch": 254,
            "train_objective": 2.1305575370788574,
            "dev_nll": 2.1998746395111084,
            "dev_kl": 0.023674905281833133,
            "dev_objective": 2.2708993553566077
          },
          {
            "epoch": 255,
            "train_objective": 2.130535125732422,
            "dev_nll": 2.1998379230499268,
            "dev_kl": 0.023684053220823707,
            "dev_objective": 2.270890082712398
          },
          {
            "epoch": 256,
            "train_objective": 2.1305129528045654,
            "dev_nll": 2.1998019218444824,
            "dev_kl": 0.023693018871258135,
            "dev_objective": 2.2708809784582566
          },
          {
            "epoch": 257,
            "train_objective": 2.130490779876709,
            "dev_nll": 2.1997663974761963,
            "dev_kl": 0.023701849601498143,
            "dev_objective": 2.270871946280691
          },
          {
            "epoch": 258,
            "train_objective": 2.1304688453674316,
            "dev_nll": 2.1997313499450684,
            "dev_kl": 0.023710552376278136,
            "dev_objective": 2.2708630070739027
          },
          {
            "epoch": 259,
            "train_objective": 2.1304469108581543,
            "dev_nll": 2.1996970176696777,
            "dev_kl": 0.023719087758969006,
            "dev_objective": 2.2708542809465846
          },
          {
            "epoch": 260,
            "train_objective": 2.130425453186035,
            "dev_nll": 2.1996634006500244,
            "dev_kl": 0.023727486900057673,
            "dev_objective": 2.2708458613501974
          },
          {
            "epoch": 261,
            "train_objective": 2.130403995513916,
            "dev_nll": 2.1996304988861084,
            "dev_kl": 0.023735739576588987,
            "dev_objective": 2.2708377176158754
          },
          {
            "epoch": 262,
            "train_objective": 2.130382776260376,
            "dev_nll": 2.1995978355407715,
            "dev_kl": 0.023743854205202943,
            "dev_objective": 2.2708293981563803
          },
          {
            "epoch": 263,
            "train_objective": 2.130361557006836,
            "dev_nll": 2.1995654106140137,
            "dev_kl": 0.023751865204464973,
            "dev_objective": 2.2708210062274086
          },
          {
            "epoch": 264,
            "train_objective": 2.130340337753296,
            "dev_nll": 2.1995339393615723,
            "dev_kl": 0.023759740632921158,
            "dev_objective": 2.2708131612603357
          },
          {
            "epoch": 265,
            "train_objective": 2.130319595336914,
            "dev_nll": 2.19950270652771,
            "dev_kl": 0.023767507756635876,
            "dev_objective": 2.2708052297976176
          },
          {
            "epoch": 266,
            "train_objective": 2.130298614501953,
            "dev_nll": 2.199472188949585,
            "dev_kl": 0.02377514008032684,
            "dev_objective": 2.2707976091905655
          },
          {
            "epoch": 267,
            "train_objective": 2.1302783489227295,
            "dev_nll": 2.199442148208618,
            "dev_kl": 0.02378266561267552,
            "dev_objective": 2.270790145046645
          },
          {
            "epoch": 268,
            "train_objective": 2.1302578449249268,
            "dev_nll": 2.1994123458862305,
            "dev_kl": 0.02379005992336334,
            "dev_objective": 2.2707825256563203
          },
          {
            "epoch": 269,
            "train_objective": 2.130237579345703,
            "dev_nll": 2.199383020401001,
            "dev_kl": 0.023797363087426,
            "dev_objective": 2.270775109663279
          },
          {
            "epoch": 270,
            "train_objective": 2.1302173137664795,
            "dev_nll": 2.1993541717529297,
            "dev_kl": 0.02380458769320901,
            "dev_objective": 2.270767934832557
          },
          {
            "epoch": 271,
            "train_objective": 2.130197048187256,
            "dev_nll": 2.1993255615234375,
            "dev_kl": 0.02381169912686962,
            "dev_objective": 2.2707606589040465
          },
          {
            "epoch": 272,
            "train_objective": 2.1301774978637695,
            "dev_nll": 2.1992974281311035,
            "dev_kl": 0.023818709202685334,
            "dev_objective": 2.2707535557391596
          },
          {
            "epoch": 273,
            "train_objective": 2.130157709121704,
            "dev_nll": 2.1992697715759277,
            "dev_kl": 0.02382563135817632,
            "dev_objective": 2.2707466656504565
          },
          {
            "epoch": 274,
            "train_objective": 2.1301379203796387,
            "dev_nll": 2.199242353439331,
            "dev_kl": 0.023832462139375087,
            "dev_objective": 2.2707397398574565
          },
          {
            "epoch": 275,
            "train_objective": 2.1301186084747314,
            "dev_nll": 2.1992154121398926,
            "dev_kl": 0.023839234473510464,
            "dev_objective": 2.270733115560424
          },
          {
            "epoch": 276,
            "train_objective": 2.1300995349884033,
            "dev_nll": 2.199188709259033,
            "dev_kl": 0.02384590302432527,
            "dev_objective": 2.270726418332009
          },
          {
            "epoch": 277,
            "train_objective": 2.130080223083496,
            "dev_nll": 2.199162483215332,
            "dev_kl": 0.02385248422609537,
            "dev_objective": 2.2707199358936183
          },
          {
            "epoch": 278,
            "train_objective": 2.130060911178589,
            "dev_nll": 2.199136257171631,
            "dev_kl": 0.023859000340903987,
            "dev_objective": 2.270713258194343
          },
          {
            "epoch": 279,
            "train_objective": 2.13004207611084,
            "dev_nll": 2.199110746383667,
            "dev_kl": 0.023865439439466552,
            "dev_objective": 2.2707070647020666
          },
          {
            "epoch": 280,
            "train_objective": 2.130023241043091,
            "dev_nll": 2.199084997177124,
            "dev_kl": 0.023871821509073337,
            "dev_objective": 2.270700461704344
          },
          {
            "epoch": 281,
            "train_objective": 2.130004644393921,
            "dev_nll": 2.1990602016448975,
            "dev_kl": 0.02387813056468017,
            "dev_objective": 2.2706945933389378
          },
          {
            "epoch": 282,
            "train_objective": 2.129986047744751,
            "dev_nll": 2.199035406112671,
            "dev_kl": 0.02388436668233255,
            "dev_objective": 2.2706885061596687
          },
          {
            "epoch": 283,
            "train_objective": 2.129967451095581,
            "dev_nll": 2.1990108489990234,
            "dev_kl": 0.023890539047574894,
            "dev_objective": 2.270682466141748
          },
          {
            "epoch": 284,
            "train_objective": 2.1299490928649902,
            "dev_nll": 2.198986530303955,
            "dev_kl": 0.0238966494225972,
            "dev_objective": 2.2706764785717466
          },
          {
            "epoch": 285,
            "train_objective": 2.1299312114715576,
            "dev_nll": 2.198962450027466,
            "dev_kl": 0.023902694086803334,
            "dev_objective": 2.270670532287876
          },
          {
            "epoch": 286,
            "train_objective": 2.129913091659546,
            "dev_nll": 2.1989386081695557,
            "dev_kl": 0.023908702799329353,
            "dev_objective": 2.2706647165675435
          },
          {
            "epoch": 287,
            "train_objective": 2.1298952102661133,
            "dev_nll": 2.1989152431488037,
            "dev_kl": 0.023914641161794745,
            "dev_objective": 2.270659166634188
          },
          {
            "epoch": 288,
            "train_objective": 2.1298770904541016,
            "dev_nll": 2.1988918781280518,
            "dev_kl": 0.02392052781144758,
            "dev_objective": 2.2706534615623943
          },
          {
            "epoch": 289,
            "train_objective": 2.129859685897827,
            "dev_nll": 2.198868751525879,
            "dev_kl": 0.023926353048262818,
            "dev_objective": 2.2706478106706673
          },
          {
            "epoch": 290,
            "train_objective": 2.1298420429229736,
            "dev_nll": 2.1988461017608643,
            "dev_kl": 0.023932135385093128,
            "dev_objective": 2.2706425079161434
          },
          {
            "epoch": 291,
            "train_objective": 2.12982439994812,
            "dev_nll": 2.1988234519958496,
            "dev_kl": 0.023937883363912754,
            "dev_objective": 2.270637102087588
          },
          {
            "epoch": 292,
            "train_objective": 2.129807472229004,
            "dev_nll": 2.198801040649414,
            "dev_kl": 0.023943577366862295,
            "dev_objective": 2.2706317727500007
          },
          {
            "epoch": 293,
            "train_objective": 2.1297900676727295,
            "dev_nll": 2.1987786293029785,
            "dev_kl": 0.0239492287660288,
            "dev_objective": 2.270626315601065
          },
          {
            "epoch": 294,
            "train_objective": 2.129772901535034,
            "dev_nll": 2.1987569332122803,
            "dev_kl": 0.023954826817874076,
            "dev_objective": 2.2706214136659026
          },
          {
            "epoch": 295,
            "train_objective": 2.129755735397339,
            "dev_nll": 2.198735237121582,
            "dev_kl": 0.02396039025024361,
            "dev_objective": 2.270616407872313
          },
          {
            "epoch": 296,
            "train_objective": 2.1297390460968018,
            "dev_nll": 2.1987133026123047,
            "dev_kl": 0.023965923932865413,
            "dev_objective": 2.270611074410901
          },
          {
            "epoch": 297,
            "train_objective": 2.1297223567962646,
            "dev_nll": 2.1986920833587646,
            "dev_kl": 0.023971437911255163,
            "dev_objective": 2.2706063970925303
          },
          {
            "epoch": 298,
            "train_objective": 2.1297056674957275,
            "dev_nll": 2.1986706256866455,
            "dev_kl": 0.02397688811047814,
            "dev_objective": 2.27060129001808
          },
          {
            "epoch": 299,
            "train_objective": 2.1296892166137695,
            "dev_nll": 2.1986494064331055,
            "dev_kl": 0.023982295538805754,
            "dev_objective": 2.2705962930495227
          }
        ]
      },
      {
        "kl_lambda": 10.0,
        "best_dev_nll": 2.3066885471343994,
        "best_dev_kl": 0.004780186299842993,
        "best_dev_objective": 2.3544904101328292,
        "epochs_run": 300,
        "history": [
          {
            "epoch": 0,
            "train_objective": 3.7211616039276123,
            "dev_nll": 2.3877768516540527,
            "dev_kl": 0.03327209514475638,
            "dev_objective": 2.7204978031016167
          },
          {
            "epoch": 1,
            "train_objective": 2.7844090461730957,
            "dev_nll": 2.4289212226867676,
            "dev_kl": 0.001963054957741406,
            "dev_objective": 2.4485517722641816
          },
          {
            "epoch": 2,
            "train_objective": 2.317101001739502,
            "dev_nll": 2.506742000579834,
            "dev_kl": 0.013715919852632309,
            "dev_objective": 2.643901199106157
          },
          {
            "epoch": 3,
            "train_objective": 2.479865550994873,
            "dev_nll": 2.5328752994537354,
            "dev_kl": 0.022511125534712788,
            "dev_objective": 2.7579865548008633
          },
          {
            "epoch": 4,
            "train_objective": 2.6424245834350586,
            "dev_nll": 2.522123336791992,
            "dev_kl": 0.019779826242161253,
            "dev_objective": 2.7199215992136048
          },
          {
            "epoch": 5,
            "train_objective": 2.5936830043792725,
            "dev_nll": 2.490600824356079,
            "dev_kl": 0.011103925132755972,
            "dev_objective": 2.6016400756836386
          },
          {
            "epoch": 6,
            "train_objective": 2.4360644817352295,
            "dev_nll": 2.450289726257324,
            "dev_kl": 0.0028706707308893166,
            "dev_objective": 2.4789964335662176
          },
          {
            "epoch": 7,
            "train_objective": 2.297205924987793,
            "dev_nll": 2.4149155616760254,
            "dev_kl": 0.001379673370167673,
            "dev_objective": 2.4287122953777023
          },
          {
            "epoch": 8,
            "train_objective": 2.288026809692383,
            "dev_nll": 2.394026756286621,
            "dev_kl": 0.005451838799936306,
            "dev_objective": 2.4485451442859842
          },
          {
            "epoch": 9,
            "train_objective": 2.357318878173828,
            "dev_nll": 2.385448694229126,
            "dev_kl": 0.007976523154572914,
            "dev_objective": 2.4652139257748553
          },
          {
            "epoch": 10,
            "train_objective": 2.39052414894104,
            "dev_nll": 2.384657621383667,
            "dev_kl": 0.006569389409701069,
            "dev_objective": 2.4503515154806776
          },
          {
            "epoch": 11,
            "train_objective": 2.3612234592437744,
            "dev_nll": 2.390200138092041,
            "dev_kl": 0.00329196622459999,
            "dev_objective": 2.423119800338041
          },
          {
            "epoch": 12,
            "train_objective": 2.301267147064209,
            "dev_nll": 2.4009358882904053,
            "dev_kl": 0.0011958765333533407,
            "dev_objective": 2.4128946536239386
          },
          {
            "epoch": 13,
            "train_objective": 2.2594807147979736,
            "dev_nll": 2.413783311843872,
            "dev_kl": 0.0015371303063969413,
            "dev_objective": 2.4291546149078416
          },
          {
            "epoch": 14,
            "train_objective": 2.2627530097961426,
            "dev_nll": 2.4234793186187744,
            "dev_kl": 0.003141340220017516,
            "dev_objective": 2.4548927208189495
          },
          {
            "epoch": 15,
            "train_objective": 2.2927405834198,
            "dev_nll": 2.425720691680908,
            "dev_kl": 0.00407163960828198,
            "dev_objective": 2.466437087763728
          },
          {
            "epoch": 16,
            "train_objective": 2.3099231719970703,
            "dev_nll": 2.419858932495117,
            "dev_kl": 0.0036049078597927527,
            "dev_objective": 2.4559080110930447
          },
          {
            "epoch": 17,
            "train_objective": 2.2979042530059814,
            "dev_nll": 2.408280849456787,
            "dev_kl": 0.0024043624247086326,
            "dev_objective": 2.4323244737038734
          },
          {
            "epoch": 18,
            "train_objective": 2.2694644927978516,
            "dev_nll": 2.3945631980895996,
            "dev_kl": 0.001596506433675278,
            "dev_objective": 2.4105282624263524
          },
          {
            "epoch": 19,
            "train_objective": 2.2473833560943604,
            "dev_nll": 2.381948947906494,
            "dev_kl": 0.0018194772991034457,
            "dev_objective": 2.4001437208975287
          },
          {
            "epoch": 20,
            "train_objective": 2.2445130348205566,
            "dev_nll": 2.3724281787872314,
            "dev_kl": 0.002794205776045865,
            "dev_objective": 2.40037023654769
          },
          {
            "epoch": 21,
            "train_objective": 2.2558209896087646,
            "dev_nll": 2.3666274547576904,
            "dev_kl": 0.003695057953600847,
            "dev_objective": 2.403578034293699
          },
          {
            "epoch": 22,
            "train_objective": 2.2669196128845215,
            "dev_nll": 2.364351987838745,
            "dev_kl": 0.00390120566284637,
            "dev_objective": 2.403364044467209
          },
          {
            "epoch": 23,
            "train_objective": 2.2675766944885254,
            "dev_nll": 2.365133047103882,
            "dev_kl": 0.003398551664553628,
            "dev_objective": 2.399118563749418
          },
          {
            "epoch": 24,
            "train_objective": 2.257631301879883,
            "dev_nll": 2.3683619499206543,
            "dev_kl": 0.0026343355183921485,
            "dev_objective": 2.394705305104576
          },
          {
            "epoch": 25,
            "train_objective": 2.2444703578948975,
            "dev_nll": 2.3731296062469482,
            "dev_kl": 0.0021077406483762445,
            "dev_objective": 2.394207012730711
          },
          {
            "epoch": 26,
            "train_objective": 2.2365851402282715,
            "dev_nll": 2.378105878829956,
            "dev_kl": 0.0020259062237000173,
            "dev_objective": 2.3983649410669563
          },
          {
            "epoch": 27,
            "train_objective": 2.2374024391174316,
            "dev_nll": 2.3817477226257324,
            "dev_kl": 0.0022319083876819576,
            "dev_objective": 2.404066806502552
          },
          {
            "epoch": 28,
            "train_objective": 2.2432873249053955,
            "dev_nll": 2.3828253746032715,
            "dev_kl": 0.0024148121259302924,
            "dev_objective": 2.4069734958625744
          },
          {
            "epoch": 29,
            "train_objective": 2.2474100589752197,
            "dev_nll": 2.380896806716919,
            "dev_kl": 0.0023916085765156294,
            "dev_objective": 2.404812892482075
          },
          {
            "epoch": 30,
            "train_objective": 2.245666980743408,
            "dev_nll": 2.3764054775238037,
            "dev_kl": 0.0022238656944659116,
            "dev_objective": 2.398644134468463
          },
          {
            "epoch": 31,
            "train_objective": 2.2392728328704834,
            "dev_nll": 2.3704159259796143,
            "dev_kl": 0.0021197574205284436,
            "dev_objective": 2.391613500184899
          },
          {
            "epoch": 32,
            "train_objective": 2.232793092727661,
            "dev_nll": 2.364187717437744,
            "dev_kl": 0.002238807321191416,
            "dev_objective": 2.3865757906496583
          },
          {
            "epoch": 33,
            "train_objective": 2.2300915718078613,
            "dev_nll": 2.358798027038574,
            "dev_kl": 0.0025564926432824933,
            "dev_objective": 2.384362953471399
          },
          {
            "epoch": 34,
            "train_objective": 2.2315104007720947,
            "dev_nll": 2.3549327850341797,
            "dev_kl": 0.0028870338057693573,
            "dev_objective": 2.3838031230918735
          },
          {
            "epoch": 35,
            "train_objective": 2.2342443466186523,
            "dev_nll": 2.352870464324951,
            "dev_kl": 0.0030327013882924803,
            "dev_objective": 2.383197478207876
          },
          {
            "epoch": 36,
            "train_objective": 2.2350754737854004,
            "dev_nll": 2.352569103240967,
            "dev_kl": 0.002925974295536552,
            "dev_objective": 2.381828846196332
          },
          {
            "epoch": 37,
            "train_objective": 2.232861280441284,
            "dev_nll": 2.3537356853485107,
            "dev_kl": 0.0026569391482025233,
            "dev_objective": 2.380305076830536
          },
          {
            "epoch": 38,
            "train_objective": 2.2289841175079346,
            "dev_nll": 2.3558526039123535,
            "dev_kl": 0.002387056834836145,
            "dev_objective": 2.379723172260715
          },
          {
            "epoch": 39,
            "train_objective": 2.2258834838867188,
            "dev_nll": 2.3582096099853516,
            "dev_kl": 0.002231838148286296,
            "dev_objective": 2.3805279914682145
          },
          {
            "epoch": 40,
            "train_objective": 2.225034236907959,
            "dev_nll": 2.360023021697998,
            "dev_kl": 0.0022008665656622108,
            "dev_objective": 2.3820316873546203
          },
          {
            "epoch": 41,
            "train_objective": 2.2259325981140137,
            "dev_nll": 2.3606393337249756,
            "dev_kl": 0.0022280861831536786,
            "dev_objective": 2.3829201955565122
          },
          {
            "epoch": 42,
            "train_objective": 2.226797103881836,
            "dev_nll": 2.359736442565918,
            "dev_kl": 0.0022503867896316917,
            "dev_objective": 2.382240310462235
          },
          {
            "epoch": 43,
            "train_objective": 2.226210355758667,
            "dev_nll": 2.357414484024048,
            "dev_kl": 0.002261466483750771,
            "dev_objective": 2.3800291488615555
          },
          {
            "epoch": 44,
            "train_objective": 2.2242045402526855,
            "dev_nll": 2.3541247844696045,
            "dev_kl": 0.0023020115330573097,
            "dev_objective": 2.3771448998001774
          },
          {
            "epoch": 45,
            "train_objective": 2.2219817638397217,
            "dev_nll": 2.3504996299743652,
            "dev_kl": 0.0024070779603085437,
            "dev_objective": 2.3745704095774505
          },
          {
            "epoch": 46,
            "train_objective": 2.2207376956939697,
            "dev_nll": 2.3471567630767822,
            "dev_kl": 0.0025625794189709857,
            "dev_objective": 2.372782557266492
          },
          {
            "epoch": 47,
            "train_objective": 2.2206883430480957,
            "dev_nll": 2.344557523727417,
            "dev_kl": 0.002708723754509382,
            "dev_objective": 2.3716447612725107
          },
          {
            "epoch": 48,
            "train_objective": 2.221065044403076,
            "dev_nll": 2.3429439067840576,
            "dev_kl": 0.0027841194253508754,
            "dev_objective": 2.3707851010375665
          },
          {
            "epoch": 49,
            "train_objective": 2.2209155559539795,
            "dev_nll": 2.3423357009887695,
            "dev_kl": 0.0027701395487266353,
            "dev_objective": 2.370037096476036
          },
          {
            "epoch": 50,
            "train_objective": 2.219912052154541,
            "dev_nll": 2.3425519466400146,
            "dev_kl": 0.002699522459982789,
            "dev_objective": 2.3695471712398426
          },
          {
            "epoch": 51,
            "train_objective": 2.2185089588165283,
            "dev_nll": 2.3432533740997314,
            "dev_kl": 0.0026272651018863996,
            "dev_objective": 2.3695260251185952
          },
          {
            "epoch": 52,
            "train_objective": 2.2174434661865234,
            "dev_nll": 2.3440027236938477,
            "dev_kl": 0.0025917624851342315,
            "dev_objective": 2.36992034854519
          },
          {
            "epoch": 53,
            "train_objective": 2.217073917388916,
            "dev_nll": 2.344367027282715,
            "dev_kl": 0.002597398367030227,
            "dev_objective": 2.370341010953017
          },
          {
            "epoch": 54,
            "train_objective": 2.2171311378479004,
            "dev_nll": 2.344034194946289,
            "dev_kl": 0.0026271456245012814,
            "dev_objective": 2.370305651191302
          },
          {
            "epoch": 55,
            "train_objective": 2.21704363822937,
            "dev_nll": 2.342905282974243,
            "dev_kl": 0.0026672768766612506,
            "dev_objective": 2.369578051740856
          },
          {
            "epoch": 56,
            "train_objective": 2.2164809703826904,
            "dev_nll": 2.3411123752593994,
            "dev_kl": 0.0027195967475328814,
            "dev_objective": 2.368308342734728
          },
          {
            "epoch": 57,
            "train_objective": 2.21560001373291,
            "dev_nll": 2.338961362838745,
            "dev_kl": 0.0027927477346947264,
            "dev_objective": 2.3668888401856925
          },
          {
            "epoch": 58,
            "train_objective": 2.214826822280884,
            "dev_nll": 2.336826801300049,
            "dev_kl": 0.0028846966916687726,
            "dev_objective": 2.3656737682167366
          },
          {
            "epoch": 59,
            "train_objective": 2.2144317626953125,
            "dev_nll": 2.3350441455841064,
            "dev_kl": 0.002976103037414554,
            "dev_objective": 2.364805175958252
          },
          {
            "epoch": 60,
            "train_objective": 2.2143170833587646,
            "dev_nll": 2.3338327407836914,
            "dev_kl": 0.003041206151700012,
            "dev_objective": 2.3642448023006915
          },
          {
            "epoch": 61,
            "train_objective": 2.2141668796539307,
            "dev_nll": 2.3332600593566895,
            "dev_kl": 0.003066119848177374,
            "dev_objective": 2.3639212578384634
          },
          {
            "epoch": 62,
            "train_objective": 2.2137670516967773,
            "dev_nll": 2.3332431316375732,
            "dev_kl": 0.0030580014612379245,
            "dev_objective": 2.3638231462499526
          },
          {
            "epoch": 63,
            "train_objective": 2.213177442550659,
            "dev_nll": 2.333575487136841,
            "dev_kl": 0.00303813683633287,
            "dev_objective": 2.3639568555001693
          },
          {
            "epoch": 64,
            "train_objective": 2.2126338481903076,
            "dev_nll": 2.333977460861206,
            "dev_kl": 0.003026669773516328,
            "dev_objective": 2.364244158596369
          },
          {
            "epoch": 65,
            "train_objective": 2.212303400039673,
            "dev_nll": 2.3341665267944336,
            "dev_kl": 0.0030323250388274545,
            "dev_objective": 2.3644897771827083
          },
          {
            "epoch": 66,
            "train_objective": 2.2121422290802,
            "dev_nll": 2.3339335918426514,
            "dev_kl": 0.0030537953480234137,
            "dev_objective": 2.3644715453228855
          },
          {
            "epoch": 67,
            "train_objective": 2.2119686603546143,
            "dev_nll": 2.3332021236419678,
            "dev_kl": 0.0030877332746674637,
            "dev_objective": 2.3640794563886423
          },
          {
            "epoch": 68,
            "train_objective": 2.2116551399230957,
            "dev_nll": 2.332040786743164,
            "dev_kl": 0.0031339045459800774,
            "dev_objective": 2.363379832202965
          },
          {
            "epoch": 69,
            "train_objective": 2.2112419605255127,
            "dev_nll": 2.3306350708007812,
            "dev_kl": 0.003192652742830931,
            "dev_objective": 2.3625615982290906
          },
          {
            "epoch": 70,
            "train_objective": 2.2108688354492188,
            "dev_nll": 2.329221248626709,
            "dev_kl": 0.003259333267476083,
            "dev_objective": 2.36181458130147
          },
          {
            "epoch": 71,
            "train_objective": 2.2106261253356934,
            "dev_nll": 2.328015089035034,
            "dev_kl": 0.0033228280604347556,
            "dev_objective": 2.3612433696393818
          },
          {
            "epoch": 72,
            "train_objective": 2.210474967956543,
            "dev_nll": 2.3271586894989014,
            "dev_kl": 0.003371102097580367,
            "dev_objective": 2.360869710474705
          },
          {
            "epoch": 73,
            "train_objective": 2.2103066444396973,
            "dev_nll": 2.3266913890838623,
            "dev_kl": 0.0033988520596810096,
            "dev_objective": 2.3606799096806723
          },
          {
            "epoch": 74,
            "train_objective": 2.2100582122802734,
            "dev_nll": 2.3265485763549805,
            "dev_kl": 0.0034106102049859584,
            "dev_objective": 2.36065467840484
          },
          {
            "epoch": 75,
            "train_objective": 2.2097668647766113,
            "dev_nll": 2.3265867233276367,
            "dev_kl": 0.0034168560062924724,
            "dev_objective": 2.3607552833905614
          },
          {
            "epoch": 76,
            "train_objective": 2.209514617919922,
            "dev_nll": 2.326625108718872,
            "dev_kl": 0.003427363625779699,
            "dev_objective": 2.360898744976669
          },
          {
            "epoch": 77,
            "train_objective": 2.2093403339385986,
            "dev_nll": 2.326497793197632,
            "dev_kl": 0.0034471381999420345,
            "dev_objective": 2.3609691751970523
          },
          {
            "epoch": 78,
            "train_objective": 2.2092082500457764,
            "dev_nll": 2.326101064682007,
            "dev_kl": 0.003477033627390366,
            "dev_objective": 2.3608714009559106
          },
          {
            "epoch": 79,
            "train_objective": 2.209054470062256,
            "dev_nll": 2.325423002243042,
            "dev_kl": 0.0035162248858825714,
            "dev_objective": 2.3605852511018677
          },
          {
            "epoch": 80,
            "train_objective": 2.208857297897339,
            "dev_nll": 2.3245372772216797,
            "dev_kl": 0.003563183121719527,
            "dev_objective": 2.360169108438875
          },
          {
            "epoch": 81,
            "train_objective": 2.208651542663574,
            "dev_nll": 2.3235762119293213,
            "dev_kl": 0.0036146549202033295,
            "dev_objective": 2.3597227611313545
          },
          {
            "epoch": 82,
            "train_objective": 2.2084827423095703,
            "dev_nll": 2.3226828575134277,
            "dev_kl": 0.0036649232276812975,
            "dev_objective": 2.359332089790241
          },
          {
            "epoch": 83,
            "train_objective": 2.2083580493927,
            "dev_nll": 2.3219711780548096,
            "dev_kl": 0.0037074512322672697,
            "dev_objective": 2.3590456903774824
          },
          {
            "epoch": 84,
            "train_objective": 2.2082455158233643,
            "dev_nll": 2.321492910385132,
            "dev_kl": 0.003738289975268755,
            "dev_objective": 2.3588758101378193
          },
          {
            "epoch": 85,
            "train_objective": 2.208112955093384,
            "dev_nll": 2.3212313652038574,
            "dev_kl": 0.003758184408598613,
            "dev_objective": 2.3588132092898437
          },
          {
            "epoch": 86,
            "train_objective": 2.2079615592956543,
            "dev_nll": 2.3211114406585693,
            "dev_kl": 0.0037718631298752545,
            "dev_objective": 2.358830071957322
          },
          {
            "epoch": 87,
            "train_objective": 2.2078187465667725,
            "dev_nll": 2.3210246562957764,
            "dev_kl": 0.0037850862498735004,
            "dev_objective": 2.358875518794511
          },
          {
            "epoch": 88,
            "train_objective": 2.207704544067383,
            "dev_nll": 2.320864677429199,
            "dev_kl": 0.003802169235930177,
            "dev_objective": 2.358886369788501
          },
          {
            "epoch": 89,
            "train_objective": 2.207611322402954,
            "dev_nll": 2.3205602169036865,
            "dev_kl": 0.003825131559478318,
            "dev_objective": 2.3588115324984695
          },
          {
            "epoch": 90,
            "train_objective": 2.2075161933898926,
            "dev_nll": 2.320096254348755,
            "dev_kl": 0.003854202016819111,
            "dev_objective": 2.358638274516946
          },
          {
            "epoch": 91,
            "train_objective": 2.2074077129364014,
            "dev_nll": 2.319512128829956,
            "dev_kl": 0.003888267333921601,
            "dev_objective": 2.358394802169172
          },
          {
            "epoch": 92,
            "train_objective": 2.2072970867156982,
            "dev_nll": 2.3188865184783936,
            "dev_kl": 0.003924772240063776,
            "dev_objective": 2.358134240879031
          },
          {
            "epoch": 93,
            "train_objective": 2.2071995735168457,
            "dev_nll": 2.3183083534240723,
            "dev_kl": 0.003959995551755832,
            "dev_objective": 2.3579083089416306
          },
          {
            "epoch": 94,
            "train_objective": 2.2071194648742676,
            "dev_nll": 2.31784725189209,
            "dev_kl": 0.003990237183613992,
            "dev_objective": 2.3577496237282296
          },
          {
            "epoch": 95,
            "train_objective": 2.207045078277588,
            "dev_nll": 2.3175323009490967,
            "dev_kl": 0.004013487470318421,
            "dev_objective": 2.357667175652281
          },
          {
            "epoch": 96,
            "train_objective": 2.206965684890747,
            "dev_nll": 2.3173482418060303,
            "dev_kl": 0.004030453281654533,
            "dev_objective": 2.3576527746225757
          },
          {
            "epoch": 97,
            "train_objective": 2.206881284713745,
            "dev_nll": 2.3172409534454346,
            "dev_kl": 0.004043944232469057,
            "dev_objective": 2.3576803957701253
          },
          {
            "epoch": 98,
            "train_objective": 2.2068021297454834,
            "dev_nll": 2.3171393871307373,
            "dev_kl": 0.004057472645781085,
            "dev_objective": 2.357714113588548
          },
          {
            "epoch": 99,
            "train_objective": 2.2067339420318604,
            "dev_nll": 2.316977024078369,
            "dev_kl": 0.004073746952922046,
            "dev_objective": 2.3577144936075896
          },
          {
            "epoch": 100,
            "train_objective": 2.2066729068756104,
            "dev_nll": 2.316714286804199,
            "dev_kl": 0.004094124058023989,
            "dev_objective": 2.357655527384439
          },
          {
            "epoch": 101,
            "train_objective": 2.206611156463623,
            "dev_nll": 2.316350221633911,
            "dev_kl": 0.004118637685267811,
            "dev_objective": 2.3575365984865893
          },
          {
            "epoch": 102,
            "train_objective": 2.20654559135437,
            "dev_nll": 2.315918207168579,
            "dev_kl": 0.004146082693032147,
            "dev_objective": 2.3573790340989005
          },
          {
            "epoch": 103,
            "train_objective": 2.206481456756592,
            "dev_nll": 2.3154735565185547,
            "dev_kl": 0.00417424796673473,
            "dev_objective": 2.357216036185902
          },
          {
            "epoch": 104,
            "train_objective": 2.2064239978790283,
            "dev_nll": 2.315073013305664,
            "dev_kl": 0.00420055644222415,
            "dev_objective": 2.3570785777279055
          },
          {
            "epoch": 105,
            "train_objective": 2.2063724994659424,
            "dev_nll": 2.314756393432617,
            "dev_kl": 0.004222932527374078,
            "dev_objective": 2.356985718706358
          },
          {
            "epoch": 106,
            "train_objective": 2.2063217163085938,
            "dev_nll": 2.3145344257354736,
            "dev_kl": 0.004240654345912551,
            "dev_objective": 2.356940969194599
          },
          {
            "epoch": 107,
            "train_objective": 2.2062695026397705,
            "dev_nll": 2.314389228820801,
            "dev_kl": 0.004254649361457503,
            "dev_objective": 2.356935722435376
          },
          {
            "epoch": 108,
            "train_objective": 2.206217050552368,
            "dev_nll": 2.314279556274414,
            "dev_kl": 0.004266900594830664,
            "dev_objective": 2.356948562222721
          },
          {
            "epoch": 109,
            "train_objective": 2.2061684131622314,
            "dev_nll": 2.314161539077759,
            "dev_kl": 0.004279479235030463,
            "dev_objective": 2.3569563314280635
          },
          {
            "epoch": 110,
            "train_objective": 2.2061240673065186,
            "dev_nll": 2.3139989376068115,
            "dev_kl": 0.0042938709586686,
            "dev_objective": 2.3569376471934977
          },
          {
            "epoch": 111,
            "train_objective": 2.2060811519622803,
            "dev_nll": 2.3137781620025635,
            "dev_kl": 0.0043105799659021995,
            "dev_objective": 2.3568839616615853
          },
          {
            "epoch": 112,
            "train_objective": 2.2060375213623047,
            "dev_nll": 2.313509225845337,
            "dev_kl": 0.004329119360209593,
            "dev_objective": 2.356800419447433
          },
          {
            "epoch": 113,
            "train_objective": 2.205993413925171,
            "dev_nll": 2.3132221698760986,
            "dev_kl": 0.004348248461610638,
            "dev_objective": 2.356704654492205
          },
          {
            "epoch": 114,
            "train_objective": 2.2059521675109863,
            "dev_nll": 2.3129520416259766,
            "dev_kl": 0.004366298573469037,
            "dev_objective": 2.3566150273606667
          },
          {
            "epoch": 115,
            "train_objective": 2.2059130668640137,
            "dev_nll": 2.3127291202545166,
            "dev_kl": 0.004381774356584027,
            "dev_objective": 2.356546863820357
          },
          {
            "epoch": 116,
            "train_objective": 2.2058756351470947,
            "dev_nll": 2.3125662803649902,
            "dev_kl": 0.004394021160894021,
            "dev_objective": 2.3565064919739305
          },
          {
            "epoch": 117,
            "train_objective": 2.2058377265930176,
            "dev_nll": 2.3124570846557617,
            "dev_kl": 0.004403293987589648,
            "dev_objective": 2.356490024531658
          },
          {
            "epoch": 118,
            "train_objective": 2.2057998180389404,
            "dev_nll": 2.312379837036133,
            "dev_kl": 0.004410796673900839,
            "dev_objective": 2.356487803775141
          },
          {
            "epoch": 119,
            "train_objective": 2.205763578414917,
            "dev_nll": 2.3123056888580322,
            "dev_kl": 0.004417906712924671,
            "dev_objective": 2.356484755987279
          },
          {
            "epoch": 120,
            "train_objective": 2.2057290077209473,
            "dev_nll": 2.312208890914917,
            "dev_kl": 0.004425801929990543,
            "dev_objective": 2.3564669102148224
          },
          {
            "epoch": 121,
            "train_objective": 2.205695152282715,
            "dev_nll": 2.3120787143707275,
            "dev_kl": 0.004435068685838374,
            "dev_objective": 2.356429401229111
          },
          {
            "epoch": 122,
            "train_objective": 2.2056617736816406,
            "dev_nll": 2.3119187355041504,
            "dev_kl": 0.004445523219938848,
            "dev_objective": 2.3563739677035387
          },
          {
            "epoch": 123,
            "train_objective": 2.2056281566619873,
            "dev_nll": 2.3117456436157227,
            "dev_kl": 0.004456442878900787,
            "dev_objective": 2.3563100724047303
          },
          {
            "epoch": 124,
            "train_objective": 2.2055954933166504,
            "dev_nll": 2.31158185005188,
            "dev_kl": 0.004466769027907679,
            "dev_objective": 2.3562495403309565
          },
          {
            "epoch": 125,
            "train_objective": 2.205564260482788,
            "dev_nll": 2.311446189880371,
            "dev_kl": 0.004475577100580971,
            "dev_objective": 2.356201960886181
          },
          {
            "epoch": 126,
            "train_objective": 2.205533504486084,
            "dev_nll": 2.3113479614257812,
            "dev_kl": 0.0044823735572149855,
            "dev_objective": 2.356171696997931
          },
          {
            "epoch": 127,
            "train_objective": 2.205502986907959,
            "dev_nll": 2.3112826347351074,
            "dev_kl": 0.004487385406279036,
            "dev_objective": 2.3561564887978976
          },
          {
            "epoch": 128,
            "train_objective": 2.205472707748413,
            "dev_nll": 2.3112363815307617,
            "dev_kl": 0.004491326967493684,
            "dev_objective": 2.3561496512056985
          },
          {
            "epoch": 129,
            "train_objective": 2.2054429054260254,
            "dev_nll": 2.311189651489258,
            "dev_kl": 0.004495131610676781,
            "dev_objective": 2.3561409675960254
          },
          {
            "epoch": 130,
            "train_objective": 2.205413579940796,
            "dev_nll": 2.311126232147217,
            "dev_kl": 0.004499580893494685,
            "dev_objective": 2.3561220410821635
          },
          {
            "epoch": 131,
            "train_objective": 2.205385684967041,
            "dev_nll": 2.311039686203003,
            "dev_kl": 0.004505030579410584,
            "dev_objective": 2.356089991997109
          },
          {
            "epoch": 132,
            "train_objective": 2.205357551574707,
            "dev_nll": 2.310931921005249,
            "dev_kl": 0.00451134376541426,
            "dev_objective": 2.3560453586593915
          },
          {
            "epoch": 133,
            "train_objective": 2.205329656600952,
            "dev_nll": 2.3108158111572266,
            "dev_kl": 0.004518006629950833,
            "dev_objective": 2.355995877456735
          },
          {
            "epoch": 134,
            "train_objective": 2.2053024768829346,
            "dev_nll": 2.31070613861084,
            "dev_kl": 0.004524304509569418,
            "dev_objective": 2.355949183706534
          },
          {
            "epoch": 135,
            "train_objective": 2.205275297164917,
            "dev_nll": 2.310614824295044,
            "dev_kl": 0.004529672338380366,
            "dev_objective": 2.3559115476788475
          },
          {
            "epoch": 136,
            "train_objective": 2.2052488327026367,
            "dev_nll": 2.310547113418579,
            "dev_kl": 0.004533826826504552,
            "dev_objective": 2.3558853816836245
          },
          {
            "epoch": 137,
            "train_objective": 2.2052228450775146,
            "dev_nll": 2.310499668121338,
            "dev_kl": 0.004536973811604361,
            "dev_objective": 2.3558694062373813
          },
          {
            "epoch": 138,
            "train_objective": 2.2051968574523926,
            "dev_nll": 2.310462236404419,
            "dev_kl": 0.004539618012424926,
            "dev_objective": 2.355858416528668
          },
          {
            "epoch": 139,
            "train_objective": 2.2051713466644287,
            "dev_nll": 2.310422420501709,
            "dev_kl": 0.004542343133629578,
            "dev_objective": 2.3558458518380045
          },
          {
            "epoch": 140,
            "train_objective": 2.205146312713623,
            "dev_nll": 2.310371160507202,
            "dev_kl": 0.0045456141012818405,
            "dev_objective": 2.3558273015200206
          },
          {
            "epoch": 141,
            "train_objective": 2.2051217555999756,
            "dev_nll": 2.310304880142212,
            "dev_kl": 0.004549588187435274,
            "dev_objective": 2.355800762016565
          },
          {
            "epoch": 142,
            "train_objective": 2.205097198486328,
            "dev_nll": 2.310227870941162,
            "dev_kl": 0.004554059466881294,
            "dev_objective": 2.355768465609975
          },
          {
            "epoch": 143,
            "train_objective": 2.2050728797912598,
            "dev_nll": 2.310147762298584,
            "dev_kl": 0.004558659018056782,
            "dev_objective": 2.3557343524791516
          },
          {
            "epoch": 144,
            "train_objective": 2.2050490379333496,
            "dev_nll": 2.3100736141204834,
            "dev_kl": 0.004562878981819414,
            "dev_objective": 2.3557024039386776
          },
          {
            "epoch": 145,
            "train_objective": 2.2050256729125977,
            "dev_nll": 2.3100125789642334,
            "dev_kl": 0.004566433608312265,
            "dev_objective": 2.355676915047356
          },
          {
            "epoch": 146,
            "train_objective": 2.2050020694732666,
            "dev_nll": 2.309964895248413,
            "dev_kl": 0.004569259999346199,
            "dev_objective": 2.355657495241875
          },
          {
            "epoch": 147,
            "train_objective": 2.204979181289673,
            "dev_nll": 2.309927225112915,
            "dev_kl": 0.004571542128448322,
            "dev_objective": 2.3556426463973983
          },
          {
            "epoch": 148,
            "train_objective": 2.204956531524658,
            "dev_nll": 2.309892177581787,
            "dev_kl": 0.0045736760753976756,
            "dev_objective": 2.355628938335764
          },
          {
            "epoch": 149,
            "train_objective": 2.2049341201782227,
            "dev_nll": 2.309852361679077,
            "dev_kl": 0.0045760088631786565,
            "dev_objective": 2.3556124503108635
          },
          {
            "epoch": 150,
            "train_objective": 2.2049121856689453,
            "dev_nll": 2.3098039627075195,
            "dev_kl": 0.004578742771099637,
            "dev_objective": 2.3555913904185157
          },
          {
            "epoch": 151,
            "train_objective": 2.204890489578247,
            "dev_nll": 2.309746742248535,
            "dev_kl": 0.004581898171255166,
            "dev_objective": 2.355565723961087
          },
          {
            "epoch": 152,
            "train_objective": 2.204868793487549,
            "dev_nll": 2.309685468673706,
            "dev_kl": 0.004585243653632313,
            "dev_objective": 2.355537905210029
          },
          {
            "epoch": 153,
            "train_objective": 2.2048470973968506,
            "dev_nll": 2.309626340866089,
            "dev_kl": 0.004588469561748488,
            "dev_objective": 2.355511036483574
          },
          {
            "epoch": 154,
            "train_objective": 2.2048263549804688,
            "dev_nll": 2.309574842453003,
            "dev_kl": 0.0045913271282071,
            "dev_objective": 2.355488113735074
          },
          {
            "epoch": 155,
            "train_objective": 2.2048051357269287,
            "dev_nll": 2.309532403945923,
            "dev_kl": 0.0045936576046979975,
            "dev_objective": 2.355468979992903
          },
          {
            "epoch": 156,
            "train_objective": 2.204784870147705,
            "dev_nll": 2.3094985485076904,
            "dev_kl": 0.004595552914789521,
            "dev_objective": 2.3554540776555855
          },
          {
            "epoch": 157,
            "train_objective": 2.2047643661499023,
            "dev_nll": 2.3094682693481445,
            "dev_kl": 0.004597233482502728,
            "dev_objective": 2.3554406041731717
          },
          {
            "epoch": 158,
            "train_objective": 2.204744338989258,
            "dev_nll": 2.3094370365142822,
            "dev_kl": 0.0045989296901215344,
            "dev_objective": 2.3554263334154975
          },
          {
            "epoch": 159,
            "train_objective": 2.2047247886657715,
            "dev_nll": 2.309401035308838,
            "dev_kl": 0.004600834969331176,
            "dev_objective": 2.3554093850021496
          },
          {
            "epoch": 160,
            "train_objective": 2.204704999923706,
            "dev_nll": 2.309358835220337,
            "dev_kl": 0.004603019590802198,
            "dev_objective": 2.3553890311283587
          },
          {
            "epoch": 161,
            "train_objective": 2.204685688018799,
            "dev_nll": 2.3093132972717285,
            "dev_kl": 0.004605366938067751,
            "dev_objective": 2.355366966652406
          },
          {
            "epoch": 162,
            "train_objective": 2.2046666145324707,
            "dev_nll": 2.30926775932312,
            "dev_kl": 0.004607693286332858,
            "dev_objective": 2.3553446921864487
          },
          {
            "epoch": 163,
            "train_objective": 2.2046475410461426,
            "dev_nll": 2.3092262744903564,
            "dev_kl": 0.004609803857684094,
            "dev_objective": 2.3553243130671975
          },
          {
            "epoch": 164,
            "train_objective": 2.2046291828155518,
            "dev_nll": 2.3091909885406494,
            "dev_kl": 0.004611586836906481,
            "dev_objective": 2.3553068569097144
          },
          {
            "epoch": 165,
            "train_objective": 2.2046103477478027,
            "dev_nll": 2.3091611862182617,
            "dev_kl": 0.004613072252639893,
            "dev_objective": 2.3552919087446607
          },
          {
            "epoch": 166,
            "train_objective": 2.20459246635437,
            "dev_nll": 2.3091351985931396,
            "dev_kl": 0.004614373577139979,
            "dev_objective": 2.3552789343645393
          },
          {
            "epoch": 167,
            "train_objective": 2.2045743465423584,
            "dev_nll": 2.3091092109680176,
            "dev_kl": 0.004615691837370245,
            "dev_objective": 2.35526612934172
          },
          {
            "epoch": 168,
            "train_objective": 2.204556703567505,
            "dev_nll": 2.3090803623199463,
            "dev_kl": 0.004617143859274708,
            "dev_objective": 2.3552518009126935
          },
          {
            "epoch": 169,
            "train_objective": 2.2045390605926514,
            "dev_nll": 2.309047222137451,
            "dev_kl": 0.004618791143237162,
            "dev_objective": 2.3552351335698227
          },
          {
            "epoch": 170,
            "train_objective": 2.204521656036377,
            "dev_nll": 2.309011697769165,
            "dev_kl": 0.0046205930147768795,
            "dev_objective": 2.3552176279169337
          },
          {
            "epoch": 171,
            "train_objective": 2.2045042514801025,
            "dev_nll": 2.3089754581451416,
            "dev_kl": 0.004622426714230378,
            "dev_objective": 2.3551997252874455
          },
          {
            "epoch": 172,
            "train_objective": 2.2044875621795654,
            "dev_nll": 2.30894136428833,
            "dev_kl": 0.0046241762511565485,
            "dev_objective": 2.3551831267998957
          },
          {
            "epoch": 173,
            "train_objective": 2.204470634460449,
            "dev_nll": 2.308910608291626,
            "dev_kl": 0.0046257230097844805,
            "dev_objective": 2.355167838389471
          },
          {
            "epoch": 174,
            "train_objective": 2.204454183578491,
            "dev_nll": 2.30888295173645,
            "dev_kl": 0.004627111731151085,
            "dev_objective": 2.355154069047961
          },
          {
            "epoch": 175,
            "train_objective": 2.2044379711151123,
            "dev_nll": 2.3088574409484863,
            "dev_kl": 0.004628412794244791,
            "dev_objective": 2.355141568890934
          },
          {
            "epoch": 176,
            "train_objective": 2.2044219970703125,
            "dev_nll": 2.3088316917419434,
            "dev_kl": 0.004629742287145364,
            "dev_objective": 2.355129114613397
          },
          {
            "epoch": 177,
            "train_objective": 2.2044060230255127,
            "dev_nll": 2.3088040351867676,
            "dev_kl": 0.004631182551689093,
            "dev_objective": 2.3551158607036586
          },
          {
            "epoch": 178,
            "train_objective": 2.204390287399292,
            "dev_nll": 2.308773994445801,
            "dev_kl": 0.004632780827324173,
            "dev_objective": 2.3551018027190427
          },
          {
            "epoch": 179,
            "train_objective": 2.2043745517730713,
            "dev_nll": 2.308741569519043,
            "dev_kl": 0.004634482331370706,
            "dev_objective": 2.35508639283275
          },
          {
            "epoch": 180,
            "train_objective": 2.2043590545654297,
            "dev_nll": 2.3087093830108643,
            "dev_kl": 0.0046362339967491875,
            "dev_objective": 2.355071722978356
          },
          {
            "epoch": 181,
            "train_objective": 2.204343795776367,
            "dev_nll": 2.30867862701416,
            "dev_kl": 0.004637915797795886,
            "dev_objective": 2.355057784992119
          },
          {
            "epoch": 182,
            "train_objective": 2.204329252243042,
            "dev_nll": 2.308650016784668,
            "dev_kl": 0.004639486351210977,
            "dev_objective": 2.3550448802967776
          },
          {
            "epoch": 183,
            "train_objective": 2.2043142318725586,
            "dev_nll": 2.308624267578125,
            "dev_kl": 0.00464095717788657,
            "dev_objective": 2.3550338393569907
          },
          {
            "epoch": 184,
            "train_objective": 2.2042996883392334,
            "dev_nll": 2.3085992336273193,
            "dev_kl": 0.004642365911539884,
            "dev_objective": 2.3550228927427184
          },
          {
            "epoch": 185,
            "train_objective": 2.204285144805908,
            "dev_nll": 2.3085739612579346,
            "dev_kl": 0.0046438026339244735,
            "dev_objective": 2.3550119875971793
          },
          {
            "epoch": 186,
            "train_objective": 2.204270839691162,
            "dev_nll": 2.3085474967956543,
            "dev_kl": 0.004645320296878063,
            "dev_objective": 2.355000699764435
          },
          {
            "epoch": 187,
            "train_objective": 2.204256772994995,
            "dev_nll": 2.3085193634033203,
            "dev_kl": 0.004646931390462052,
            "dev_objective": 2.354988677307941
          },
          {
            "epoch": 188,
            "train_objective": 2.204242706298828,
            "dev_nll": 2.3084897994995117,
            "dev_kl": 0.004648603370198191,
            "dev_objective": 2.3549758332014936
          },
          {
            "epoch": 189,
            "train_objective": 2.2042288780212402,
            "dev_nll": 2.3084609508514404,
            "dev_kl": 0.0046502805744239595,
            "dev_objective": 2.35496375659568
          },
          {
            "epoch": 190,
            "train_objective": 2.2042152881622314,
            "dev_nll": 2.3084330558776855,
            "dev_kl": 0.004651903664653806,
            "dev_objective": 2.3549520925242238
          },
          {
            "epoch": 191,
            "train_objective": 2.2042019367218018,
            "dev_nll": 2.3084065914154053,
            "dev_kl": 0.004653453561683906,
            "dev_objective": 2.3549411270322445
          },
          {
            "epoch": 192,
            "train_objective": 2.204188585281372,
            "dev_nll": 2.3083817958831787,
            "dev_kl": 0.004654915565850153,
            "dev_objective": 2.35493095154168
          },
          {
            "epoch": 193,
            "train_objective": 2.2041754722595215,
            "dev_nll": 2.3083579540252686,
            "dev_kl": 0.004656356902834828,
            "dev_objective": 2.354921523053617
          },
          {
            "epoch": 194,
            "train_objective": 2.204162359237671,
            "dev_nll": 2.3083338737487793,
            "dev_kl": 0.0046578264582128595,
            "dev_objective": 2.3549121383309077
          },
          {
            "epoch": 195,
            "train_objective": 2.2041499614715576,
            "dev_nll": 2.3083083629608154,
            "dev_kl": 0.0046593614392951435,
            "dev_objective": 2.3549019773537667
          },
          {
            "epoch": 196,
            "train_objective": 2.204137086868286,
            "dev_nll": 2.3082823753356934,
            "dev_kl": 0.004660951689020881,
            "dev_objective": 2.3548918922259023
          },
          {
            "epoch": 197,
            "train_objective": 2.204124689102173,
            "dev_nll": 2.308256149291992,
            "dev_kl": 0.004662550433427133,
            "dev_objective": 2.3548816536262636
          },
          {
            "epoch": 198,
            "train_objective": 2.2041120529174805,
            "dev_nll": 2.308229923248291,
            "dev_kl": 0.004664141786927376,
            "dev_objective": 2.3548713411175646
          },
          {
            "epoch": 199,
            "train_objective": 2.2041003704071045,
            "dev_nll": 2.3082051277160645,
            "dev_kl": 0.004665682104455153,
            "dev_objective": 2.354861948760616
          },
          {
            "epoch": 200,
            "train_objective": 2.2040882110595703,
            "dev_nll": 2.3081812858581543,
            "dev_kl": 0.004667171004902846,
            "dev_objective": 2.3548529959071827
          },
          {
            "epoch": 201,
            "train_objective": 2.204076051712036,
            "dev_nll": 2.3081586360931396,
            "dev_kl": 0.004668599834164319,
            "dev_objective": 2.354844634434783
          },
          {
            "epoch": 202,
            "train_objective": 2.20406436920166,
            "dev_nll": 2.308135986328125,
            "dev_kl": 0.0046700440758403634,
            "dev_objective": 2.3548364270865285
          },
          {
            "epoch": 203,
            "train_objective": 2.2040529251098633,
            "dev_nll": 2.3081130981445312,
            "dev_kl": 0.004671501079311354,
            "dev_objective": 2.3548281089376446
          },
          {
            "epoch": 204,
            "train_objective": 2.2040412425994873,
            "dev_nll": 2.3080897331237793,
            "dev_kl": 0.0046729935917439085,
            "dev_objective": 2.3548196690412184
          },
          {
            "epoch": 205,
            "train_objective": 2.2040302753448486,
            "dev_nll": 2.30806565284729,
            "dev_kl": 0.004674520636106008,
            "dev_objective": 2.3548108592083503
          },
          {
            "epoch": 206,
            "train_objective": 2.2040185928344727,
            "dev_nll": 2.308042049407959,
            "dev_kl": 0.0046760432602065026,
            "dev_objective": 2.354802482010024
          },
          {
            "epoch": 207,
            "train_objective": 2.204007863998413,
            "dev_nll": 2.308018922805786,
            "dev_kl": 0.004677536440032136,
            "dev_objective": 2.3547942872061074
          },
          {
            "epoch": 208,
            "train_objective": 2.2039968967437744,
            "dev_nll": 2.3079967498779297,
            "dev_kl": 0.004679001129261451,
            "dev_objective": 2.354786761170544
          },
          {
            "epoch": 209,
            "train_objective": 2.2039859294891357,
            "dev_nll": 2.3079752922058105,
            "dev_kl": 0.004680416734411283,
            "dev_objective": 2.354779459549923
          },
          {
            "epoch": 210,
            "train_objective": 2.2039756774902344,
            "dev_nll": 2.3079543113708496,
            "dev_kl": 0.004681818781107488,
            "dev_objective": 2.3547724991819243
          },
          {
            "epoch": 211,
            "train_objective": 2.2039647102355957,
            "dev_nll": 2.3079330921173096,
            "dev_kl": 0.004683221533923643,
            "dev_objective": 2.354765307456546
          },
          {
            "epoch": 212,
            "train_objective": 2.2039544582366943,
            "dev_nll": 2.3079118728637695,
            "dev_kl": 0.004684653867028124,
            "dev_objective": 2.3547584115340507
          },
          {
            "epoch": 213,
            "train_objective": 2.203944206237793,
            "dev_nll": 2.3078901767730713,
            "dev_kl": 0.004686109333277038,
            "dev_objective": 2.3547512701058415
          },
          {
            "epoch": 214,
            "train_objective": 2.20393443107605,
            "dev_nll": 2.307868480682373,
            "dev_kl": 0.00468757303673145,
            "dev_objective": 2.3547442110496877
          },
          {
            "epoch": 215,
            "train_objective": 2.2039241790771484,
            "dev_nll": 2.307847023010254,
            "dev_kl": 0.004689030456340275,
            "dev_objective": 2.3547373275736567
          },
          {
            "epoch": 216,
            "train_objective": 2.203914165496826,
            "dev_nll": 2.307826280593872,
            "dev_kl": 0.004690456376861661,
            "dev_objective": 2.354730844362489
          },
          {
            "epoch": 217,
            "train_objective": 2.203904390335083,
            "dev_nll": 2.3078057765960693,
            "dev_kl": 0.004691861875412982,
            "dev_objective": 2.3547243953501993
          },
          {
            "epoch": 218,
            "train_objective": 2.203895092010498,
            "dev_nll": 2.307785749435425,
            "dev_kl": 0.004693252710797336,
            "dev_objective": 2.354718276543398
          },
          {
            "epoch": 219,
            "train_objective": 2.203885555267334,
            "dev_nll": 2.3077664375305176,
            "dev_kl": 0.004694621612044659,
            "dev_objective": 2.354712653650964
          },
          {
            "epoch": 220,
            "train_objective": 2.20387601852417,
            "dev_nll": 2.307746410369873,
            "dev_kl": 0.00469602216763897,
            "dev_objective": 2.3547066320462626
          },
          {
            "epoch": 221,
            "train_objective": 2.203866720199585,
            "dev_nll": 2.3077263832092285,
            "dev_kl": 0.004697422278637063,
            "dev_objective": 2.3547006059955993
          },
          {
            "epoch": 222,
            "train_objective": 2.203857421875,
            "dev_nll": 2.307706356048584,
            "dev_kl": 0.004698842977426642,
            "dev_objective": 2.35469478582285
          },
          {
            "epoch": 223,
            "train_objective": 2.203848361968994,
            "dev_nll": 2.3076865673065186,
            "dev_kl": 0.004700245413855995,
            "dev_objective": 2.3546890214450786
          },
          {
            "epoch": 224,
            "train_objective": 2.2038393020629883,
            "dev_nll": 2.3076672554016113,
            "dev_kl": 0.004701633737509368,
            "dev_objective": 2.354683592776705
          },
          {
            "epoch": 225,
            "train_objective": 2.2038307189941406,
            "dev_nll": 2.307648181915283,
            "dev_kl": 0.004702994262310489,
            "dev_objective": 2.354678124538388
          },
          {
            "epoch": 226,
            "train_objective": 2.203822135925293,
            "dev_nll": 2.3076300621032715,
            "dev_kl": 0.00470433515810357,
            "dev_objective": 2.3546734136843073
          },
          {
            "epoch": 227,
            "train_objective": 2.203813314437866,
            "dev_nll": 2.3076112270355225,
            "dev_kl": 0.004705680528610584,
            "dev_objective": 2.3546680323216282
          },
          {
            "epoch": 228,
            "train_objective": 2.2038049697875977,
            "dev_nll": 2.3075931072235107,
            "dev_kl": 0.0047070127478828876,
            "dev_objective": 2.3546632347023397
          },
          {
            "epoch": 229,
            "train_objective": 2.203796148300171,
            "dev_nll": 2.307574510574341,
            "dev_kl": 0.0047083617709793016,
            "dev_objective": 2.3546581282841337
          },
          {
            "epoch": 230,
            "train_objective": 2.2037878036499023,
            "dev_nll": 2.307556629180908,
            "dev_kl": 0.004709697848621516,
            "dev_objective": 2.354653607667123
          },
          {
            "epoch": 231,
            "train_objective": 2.203779697418213,
            "dev_nll": 2.3075382709503174,
            "dev_kl": 0.004711036370868134,
            "dev_objective": 2.3546486346589988
          },
          {
            "epoch": 232,
            "train_objective": 2.2037718296051025,
            "dev_nll": 2.3075203895568848,
            "dev_kl": 0.004712360676832407,
            "dev_objective": 2.354643996325209
          },
          {
            "epoch": 233,
            "train_objective": 2.203763723373413,
            "dev_nll": 2.3075029850006104,
            "dev_kl": 0.004713649984501723,
            "dev_objective": 2.354639484845628
          },
          {
            "epoch": 234,
            "train_objective": 2.2037556171417236,
            "dev_nll": 2.307485818862915,
            "dev_kl": 0.0047149389443333235,
            "dev_objective": 2.3546352083062483
          },
          {
            "epoch": 235,
            "train_objective": 2.2037479877471924,
            "dev_nll": 2.307469129562378,
            "dev_kl": 0.004716193798817732,
            "dev_objective": 2.3546310675505553
          },
          {
            "epoch": 236,
            "train_objective": 2.203740358352661,
            "dev_nll": 2.3074522018432617,
            "dev_kl": 0.004717473299200308,
            "dev_objective": 2.354626934835265
          },
          {
            "epoch": 237,
            "train_objective": 2.20373272895813,
            "dev_nll": 2.3074352741241455,
            "dev_kl": 0.004718742138896731,
            "dev_objective": 2.354622695513113
          },
          {
            "epoch": 238,
            "train_objective": 2.2037250995635986,
            "dev_nll": 2.3074188232421875,
            "dev_kl": 0.004720015459409502,
            "dev_objective": 2.3546189778362825
          },
          {
            "epoch": 239,
            "train_objective": 2.2037174701690674,
            "dev_nll": 2.3074021339416504,
            "dev_kl": 0.004721274995151156,
            "dev_objective": 2.354614883893162
          },
          {
            "epoch": 240,
            "train_objective": 2.2037103176116943,
            "dev_nll": 2.3073859214782715,
            "dev_kl": 0.0047225121303316915,
            "dev_objective": 2.3546110427815883
          },
          {
            "epoch": 241,
            "train_objective": 2.203702926635742,
            "dev_nll": 2.3073697090148926,
            "dev_kl": 0.004723743701282318,
            "dev_objective": 2.354607146027716
          },
          {
            "epoch": 242,
            "train_objective": 2.2036960124969482,
            "dev_nll": 2.3073537349700928,
            "dev_kl": 0.004724964159968001,
            "dev_objective": 2.3546033765697727
          },
          {
            "epoch": 243,
            "train_objective": 2.203688621520996,
            "dev_nll": 2.307338237762451,
            "dev_kl": 0.004726169656703038,
            "dev_objective": 2.3545999343294817
          },
          {
            "epoch": 244,
            "train_objective": 2.203681707382202,
            "dev_nll": 2.3073227405548096,
            "dev_kl": 0.004727378829322275,
            "dev_objective": 2.3545965288480324
          },
          {
            "epoch": 245,
            "train_objective": 2.2036750316619873,
            "dev_nll": 2.307307243347168,
            "dev_kl": 0.004728583662302211,
            "dev_objective": 2.35459307997019
          },
          {
            "epoch": 246,
            "train_objective": 2.2036681175231934,
            "dev_nll": 2.3072917461395264,
            "dev_kl": 0.004729785652260387,
            "dev_objective": 2.3545896026621302
          },
          {
            "epoch": 247,
            "train_objective": 2.2036614418029785,
            "dev_nll": 2.307276725769043,
            "dev_kl": 0.004730969339547183,
            "dev_objective": 2.354586419164515
          },
          {
            "epoch": 248,
            "train_objective": 2.2036547660827637,
            "dev_nll": 2.3072617053985596,
            "dev_kl": 0.004732144485798574,
            "dev_objective": 2.3545831502565453
          },
          {
            "epoch": 249,
            "train_objective": 2.203648090362549,
            "dev_nll": 2.3072469234466553,
            "dev_kl": 0.004733319660449671,
            "dev_objective": 2.354580120051152
          },
          {
            "epoch": 250,
            "train_objective": 2.203641891479492,
            "dev_nll": 2.3072328567504883,
            "dev_kl": 0.0047344608236369,
            "dev_objective": 2.3545774649868574
          },
          {
            "epoch": 251,
            "train_objective": 2.2036352157592773,
            "dev_nll": 2.307218313217163,
            "dev_kl": 0.004735609335893382,
            "dev_objective": 2.3545744065760967
          },
          {
            "epoch": 252,
            "train_objective": 2.2036290168762207,
            "dev_nll": 2.307204008102417,
            "dev_kl": 0.00473676211479488,
            "dev_objective": 2.354571629250366
          },
          {
            "epoch": 253,
            "train_objective": 2.203622579574585,
            "dev_nll": 2.30718994140625,
            "dev_kl": 0.0047378810827907614,
            "dev_objective": 2.3545687522341576
          },
          {
            "epoch": 254,
            "train_objective": 2.2036166191101074,
            "dev_nll": 2.307175874710083,
            "dev_kl": 0.004739014108171461,
            "dev_objective": 2.354566015791798
          },
          {
            "epoch": 255,
            "train_objective": 2.203610420227051,
            "dev_nll": 2.307161331176758,
            "dev_kl": 0.004740132173009765,
            "dev_objective": 2.3545626529068553
          },
          {
            "epoch": 256,
            "train_objective": 2.2036044597625732,
            "dev_nll": 2.307147741317749,
            "dev_kl": 0.004741245470687582,
            "dev_objective": 2.3545601960246247
          },
          {
            "epoch": 257,
            "train_objective": 2.2035982608795166,
            "dev_nll": 2.3071343898773193,
            "dev_kl": 0.004742337227188757,
            "dev_objective": 2.354557762149207
          },
          {
            "epoch": 258,
            "train_objective": 2.203592538833618,
            "dev_nll": 2.3071210384368896,
            "dev_kl": 0.004743425639448575,
            "dev_objective": 2.3545552948313753
          },
          {
            "epoch": 259,
            "train_objective": 2.2035868167877197,
            "dev_nll": 2.307107925415039,
            "dev_kl": 0.0047444909672072575,
            "dev_objective": 2.3545528350871114
          },
          {
            "epoch": 260,
            "train_objective": 2.203580856323242,
            "dev_nll": 2.3070950508117676,
            "dev_kl": 0.004745567184727406,
            "dev_objective": 2.3545507226590416
          },
          {
            "epoch": 261,
            "train_objective": 2.203575372695923,
            "dev_nll": 2.307081699371338,
            "dev_kl": 0.004746641140246216,
            "dev_objective": 2.3545481107738
          },
          {
            "epoch": 262,
            "train_objective": 2.2035694122314453,
            "dev_nll": 2.3070688247680664,
            "dev_kl": 0.0047476954414084884,
            "dev_objective": 2.354545779182151
          },
          {
            "epoch": 263,
            "train_objective": 2.203564167022705,
            "dev_nll": 2.307055950164795,
            "dev_kl": 0.004748749209665543,
            "dev_objective": 2.35454344226145
          },
          {
            "epoch": 264,
            "train_objective": 2.203558921813965,
            "dev_nll": 2.3070435523986816,
            "dev_kl": 0.0047497713961591565,
            "dev_objective": 2.354541266360273
          },
          {
            "epoch": 265,
            "train_objective": 2.2035531997680664,
            "dev_nll": 2.3070309162139893,
            "dev_kl": 0.004750815747801455,
            "dev_objective": 2.354539073692004
          },
          {
            "epoch": 266,
            "train_objective": 2.2035481929779053,
            "dev_nll": 2.307018995285034,
            "dev_kl": 0.004751833342696398,
            "dev_objective": 2.354537328711998
          },
          {
            "epoch": 267,
            "train_objective": 2.203542947769165,
            "dev_nll": 2.3070068359375,
            "dev_kl": 0.004752844045499167,
            "dev_objective": 2.354535276392492
          },
          {
            "epoch": 268,
            "train_objective": 2.2035374641418457,
            "dev_nll": 2.306994676589966,
            "dev_kl": 0.004753851186720685,
            "dev_objective": 2.3545331884571725
          },
          {
            "epoch": 269,
            "train_objective": 2.2035324573516846,
            "dev_nll": 2.3069827556610107,
            "dev_kl": 0.004754845541385528,
            "dev_objective": 2.354531211074866
          },
          {
            "epoch": 270,
            "train_objective": 2.2035272121429443,
            "dev_nll": 2.3069708347320557,
            "dev_kl": 0.004755850372373149,
            "dev_objective": 2.3545293384557873
          },
          {
            "epoch": 271,
            "train_objective": 2.2035224437713623,
            "dev_nll": 2.306959390640259,
            "dev_kl": 0.004756825935938621,
            "dev_objective": 2.354527649999645
          },
          {
            "epoch": 272,
            "train_objective": 2.203517198562622,
            "dev_nll": 2.306947708129883,
            "dev_kl": 0.004757795720633434,
            "dev_objective": 2.354525665336217
          },
          {
            "epoch": 273,
            "train_objective": 2.203512668609619,
            "dev_nll": 2.306936502456665,
            "dev_kl": 0.004758760901994162,
            "dev_objective": 2.3545241114766067
          },
          {
            "epoch": 274,
            "train_objective": 2.203507423400879,
            "dev_nll": 2.306925058364868,
            "dev_kl": 0.00475971267047909,
            "dev_objective": 2.354522185069659
          },
          {
            "epoch": 275,
            "train_objective": 2.203502893447876,
            "dev_nll": 2.3069140911102295,
            "dev_kl": 0.004760651027848531,
            "dev_objective": 2.3545206013887148
          },
          {
            "epoch": 276,
            "train_objective": 2.203498363494873,
            "dev_nll": 2.3069028854370117,
            "dev_kl": 0.004761598441320764,
            "dev_objective": 2.3545188698502195
          },
          {
            "epoch": 277,
            "train_objective": 2.203493356704712,
            "dev_nll": 2.306891918182373,
            "dev_kl": 0.004762516895425506,
            "dev_objective": 2.354517087136628
          },
          {
            "epoch": 278,
            "train_objective": 2.203489065170288,
            "dev_nll": 2.3068811893463135,
            "dev_kl": 0.004763445255746539,
            "dev_objective": 2.3545156419037787
          },
          {
            "epoch": 279,
            "train_objective": 2.203484296798706,
            "dev_nll": 2.306870460510254,
            "dev_kl": 0.0047643562977628465,
            "dev_objective": 2.3545140234878823
          },
          {
            "epoch": 280,
            "train_objective": 2.203479766845703,
            "dev_nll": 2.3068602085113525,
            "dev_kl": 0.004765270460460846,
            "dev_objective": 2.354512913115961
          },
          {
            "epoch": 281,
            "train_objective": 2.2034752368927,
            "dev_nll": 2.306849479675293,
            "dev_kl": 0.004766152792956658,
            "dev_objective": 2.3545110076048594
          },
          {
            "epoch": 282,
            "train_objective": 2.2034709453582764,
            "dev_nll": 2.3068392276763916,
            "dev_kl": 0.004767043872327063,
            "dev_objective": 2.3545096663996623
          },
          {
            "epoch": 283,
            "train_objective": 2.2034666538238525,
            "dev_nll": 2.3068289756774902,
            "dev_kl": 0.004767923026402939,
            "dev_objective": 2.3545082059415194
          },
          {
            "epoch": 284,
            "train_objective": 2.2034623622894287,
            "dev_nll": 2.306818723678589,
            "dev_kl": 0.0047687997398644525,
            "dev_objective": 2.3545067210772332
          },
          {
            "epoch": 285,
            "train_objective": 2.203458309173584,
            "dev_nll": 2.3068089485168457,
            "dev_kl": 0.004769668979978662,
            "dev_objective": 2.3545056383166325
          },
          {
            "epoch": 286,
            "train_objective": 2.203453779220581,
            "dev_nll": 2.3067991733551025,
            "dev_kl": 0.004770530874192182,
            "dev_objective": 2.3545044820970245
          },
          {
            "epoch": 287,
            "train_objective": 2.2034497261047363,
            "dev_nll": 2.3067891597747803,
            "dev_kl": 0.004771373459657151,
            "dev_objective": 2.3545028943713517
          },
          {
            "epoch": 288,
            "train_objective": 2.2034456729888916,
            "dev_nll": 2.306779623031616,
            "dev_kl": 0.004772219652119431,
            "dev_objective": 2.3545018195528105
          },
          {
            "epoch": 289,
            "train_objective": 2.203441858291626,
            "dev_nll": 2.306770086288452,
            "dev_kl": 0.004773053744898907,
            "dev_objective": 2.354500623737441
          },
          {
            "epoch": 290,
            "train_objective": 2.203437566757202,
            "dev_nll": 2.306760787963867,
            "dev_kl": 0.004773874149959151,
            "dev_objective": 2.3544995294634585
          },
          {
            "epoch": 291,
            "train_objective": 2.2034335136413574,
            "dev_nll": 2.306751012802124,
            "dev_kl": 0.004774699438947268,
            "dev_objective": 2.3544980071915966
          },
          {
            "epoch": 292,
            "train_objective": 2.203429937362671,
            "dev_nll": 2.306741952896118,
            "dev_kl": 0.004775504088625425,
            "dev_objective": 2.3544969937823725
          },
          {
            "epoch": 293,
            "train_objective": 2.2034261226654053,
            "dev_nll": 2.3067328929901123,
            "dev_kl": 0.004776302047239076,
            "dev_objective": 2.354495913462503
          },
          {
            "epoch": 294,
            "train_objective": 2.2034223079681396,
            "dev_nll": 2.3067238330841064,
            "dev_kl": 0.0047770914960335266,
            "dev_objective": 2.354494748044442
          },
          {
            "epoch": 295,
            "train_objective": 2.203418493270874,
            "dev_nll": 2.3067150115966797,
            "dev_kl": 0.004777885638407409,
            "dev_objective": 2.3544938679807537
          },
          {
            "epoch": 296,
            "train_objective": 2.2034146785736084,
            "dev_nll": 2.306705951690674,
            "dev_kl": 0.004778665476013914,
            "dev_objective": 2.354492606450813
          },
          {
            "epoch": 297,
            "train_objective": 2.2034108638763428,
            "dev_nll": 2.306697130203247,
            "dev_kl": 0.004779420468337541,
            "dev_objective": 2.3544913348866223
          },
          {
            "epoch": 298,
            "train_objective": 2.2034072875976562,
            "dev_nll": 2.3066885471343994,
            "dev_kl": 0.004780186299842993,
            "dev_objective": 2.3544904101328292
          },
          {
            "epoch": 299,
            "train_objective": 2.203403949737549,
            "dev_nll": 2.306680202484131,
            "dev_kl": 0.004780951999677082,
            "dev_objective": 2.354489722480902
          }
        ]
      }
    ],
    "constrained_stage_calibration_head": {
      "kl_lambda": 3.0,
      "best_dev_nll": 2.247769355773926,
      "best_dev_kl": 0.017782650279836925,
      "best_dev_objective": 2.3011173066134365,
      "epochs_run": 300,
      "history": [
        {
          "epoch": 0,
          "train_objective": 2.275939702987671,
          "dev_nll": 2.4434633255004883,
          "dev_kl": 5.084744724069512e-05,
          "dev_objective": 2.4436158678422104
        },
        {
          "epoch": 1,
          "train_objective": 2.2730655670166016,
          "dev_nll": 2.4415395259857178,
          "dev_kl": 5.5724103382940924e-05,
          "dev_objective": 2.4417066982958664
        },
        {
          "epoch": 2,
          "train_objective": 2.2701456546783447,
          "dev_nll": 2.4381890296936035,
          "dev_kl": 7.968915578672867e-05,
          "dev_objective": 2.4384280971609638
        },
        {
          "epoch": 3,
          "train_objective": 2.2673630714416504,
          "dev_nll": 2.434063673019409,
          "dev_kl": 0.00010668104288279503,
          "dev_objective": 2.4343837161480577
        },
        {
          "epoch": 4,
          "train_objective": 2.264615774154663,
          "dev_nll": 2.4300589561462402,
          "dev_kl": 0.00016375564323865428,
          "dev_objective": 2.430550223075956
        },
        {
          "epoch": 5,
          "train_objective": 2.261965036392212,
          "dev_nll": 2.426750898361206,
          "dev_kl": 0.00024155279677342474,
          "dev_objective": 2.4274755567515265
        },
        {
          "epoch": 6,
          "train_objective": 2.259385108947754,
          "dev_nll": 2.4240880012512207,
          "dev_kl": 0.00032140370609751347,
          "dev_objective": 2.425052212369513
        },
        {
          "epoch": 7,
          "train_objective": 2.256845712661743,
          "dev_nll": 2.4218344688415527,
          "dev_kl": 0.00040530087933861536,
          "dev_objective": 2.4230503714795684
        },
        {
          "epoch": 8,
          "train_objective": 2.254368782043457,
          "dev_nll": 2.4196605682373047,
          "dev_kl": 0.000505348113898846,
          "dev_objective": 2.4211766125790013
        },
        {
          "epoch": 9,
          "train_objective": 2.251990795135498,
          "dev_nll": 2.417212963104248,
          "dev_kl": 0.000620548182092945,
          "dev_objective": 2.419074607650527
        },
        {
          "epoch": 10,
          "train_objective": 2.2496933937072754,
          "dev_nll": 2.414335250854492,
          "dev_kl": 0.0007415612640069148,
          "dev_objective": 2.416559934646513
        },
        {
          "epoch": 11,
          "train_objective": 2.2474329471588135,
          "dev_nll": 2.411123514175415,
          "dev_kl": 0.0008692889506575387,
          "dev_objective": 2.4137313810273877
        },
        {
          "epoch": 12,
          "train_objective": 2.245211124420166,
          "dev_nll": 2.4078001976013184,
          "dev_kl": 0.001011069446224522,
          "dev_objective": 2.410833405939992
        },
        {
          "epoch": 13,
          "train_objective": 2.2430598735809326,
          "dev_nll": 2.4046225547790527,
          "dev_kl": 0.0011659681813105107,
          "dev_objective": 2.4081204593229844
        },
        {
          "epoch": 14,
          "train_objective": 2.240985870361328,
          "dev_nll": 2.401780843734741,
          "dev_kl": 0.0013230819941165992,
          "dev_objective": 2.405750089717091
        },
        {
          "epoch": 15,
          "train_objective": 2.2389631271362305,
          "dev_nll": 2.399313449859619,
          "dev_kl": 0.0014755343985480948,
          "dev_objective": 2.4037400530552633
        },
        {
          "epoch": 16,
          "train_objective": 2.23697566986084,
          "dev_nll": 2.3971219062805176,
          "dev_kl": 0.001626013947902867,
          "dev_objective": 2.4019999481242262
        },
        {
          "epoch": 17,
          "train_objective": 2.2350335121154785,
          "dev_nll": 2.3950440883636475,
          "dev_kl": 0.001778603693544996,
          "dev_objective": 2.4003798994442826
        },
        {
          "epoch": 18,
          "train_objective": 2.2331488132476807,
          "dev_nll": 2.3929221630096436,
          "dev_kl": 0.0019340212664012083,
          "dev_objective": 2.3987242268088473
        },
        {
          "epoch": 19,
          "train_objective": 2.2313177585601807,
          "dev_nll": 2.39066219329834,
          "dev_kl": 0.0020929243740195696,
          "dev_objective": 2.3969409664203987
        },
        {
          "epoch": 20,
          "train_objective": 2.229534149169922,
          "dev_nll": 2.3882670402526855,
          "dev_kl": 0.0022581741861593457,
          "dev_objective": 2.3950415628111634
        },
        {
          "epoch": 21,
          "train_objective": 2.2277989387512207,
          "dev_nll": 2.3858165740966797,
          "dev_kl": 0.0024316578550966487,
          "dev_objective": 2.3931115476619698
        },
        {
          "epoch": 22,
          "train_objective": 2.2261123657226562,
          "dev_nll": 2.383408546447754,
          "dev_kl": 0.002611918630962816,
          "dev_objective": 2.3912443023406422
        },
        {
          "epoch": 23,
          "train_objective": 2.2244701385498047,
          "dev_nll": 2.3811094760894775,
          "dev_kl": 0.00279652579839392,
          "dev_objective": 2.389499053484659
        },
        {
          "epoch": 24,
          "train_objective": 2.222872495651245,
          "dev_nll": 2.378934860229492,
          "dev_kl": 0.002983762639198704,
          "dev_objective": 2.3878861481470883
        },
        {
          "epoch": 25,
          "train_objective": 2.2213244438171387,
          "dev_nll": 2.3768539428710938,
          "dev_kl": 0.0031714349317201506,
          "dev_objective": 2.386368247666254
        },
        {
          "epoch": 26,
          "train_objective": 2.219825506210327,
          "dev_nll": 2.37481951713562,
          "dev_kl": 0.0033565301049043963,
          "dev_objective": 2.3848891074503333
        },
        {
          "epoch": 27,
          "train_objective": 2.218367338180542,
          "dev_nll": 2.3728041648864746,
          "dev_kl": 0.0035380396691600197,
          "dev_objective": 2.383418283893955
        },
        {
          "epoch": 28,
          "train_objective": 2.2169442176818848,
          "dev_nll": 2.3708107471466064,
          "dev_kl": 0.0037181188197850604,
          "dev_objective": 2.3819651036059617
        },
        {
          "epoch": 29,
          "train_objective": 2.2155613899230957,
          "dev_nll": 2.36885929107666,
          "dev_kl": 0.00389960657365361,
          "dev_objective": 2.380558110797621
        },
        {
          "epoch": 30,
          "train_objective": 2.214221239089966,
          "dev_nll": 2.3669590950012207,
          "dev_kl": 0.004084148190691673,
          "dev_objective": 2.3792115395732956
        },
        {
          "epoch": 31,
          "train_objective": 2.212918281555176,
          "dev_nll": 2.36509370803833,
          "dev_kl": 0.004272877586821954,
          "dev_objective": 2.377912340798796
        },
        {
          "epoch": 32,
          "train_objective": 2.2116456031799316,
          "dev_nll": 2.3632242679595947,
          "dev_kl": 0.004466796078451162,
          "dev_objective": 2.3766246561949482
        },
        {
          "epoch": 33,
          "train_objective": 2.210404872894287,
          "dev_nll": 2.361314535140991,
          "dev_kl": 0.004665146176722051,
          "dev_objective": 2.375309973671157
        },
        {
          "epoch": 34,
          "train_objective": 2.209195613861084,
          "dev_nll": 2.3593556880950928,
          "dev_kl": 0.004864778750714087,
          "dev_objective": 2.373950024347235
        },
        {
          "epoch": 35,
          "train_objective": 2.2080163955688477,
          "dev_nll": 2.35738205909729,
          "dev_kl": 0.005061880556299471,
          "dev_objective": 2.3725677007661883
        },
        {
          "epoch": 36,
          "train_objective": 2.206864356994629,
          "dev_nll": 2.3554582595825195,
          "dev_kl": 0.00525323809931926,
          "dev_objective": 2.3712179738804773
        },
        {
          "epoch": 37,
          "train_objective": 2.2057390213012695,
          "dev_nll": 2.353644371032715,
          "dev_kl": 0.005436721367004793,
          "dev_objective": 2.3699545351337292
        },
        {
          "epoch": 38,
          "train_objective": 2.2046377658843994,
          "dev_nll": 2.3519606590270996,
          "dev_kl": 0.005612135709417353,
          "dev_objective": 2.3687970661553517
        },
        {
          "epoch": 39,
          "train_objective": 2.203558921813965,
          "dev_nll": 2.350374698638916,
          "dev_kl": 0.005781772496477295,
          "dev_objective": 2.367720016128348
        },
        {
          "epoch": 40,
          "train_objective": 2.2025022506713867,
          "dev_nll": 2.348816156387329,
          "dev_kl": 0.005948983140349869,
          "dev_objective": 2.366663105808379
        },
        {
          "epoch": 41,
          "train_objective": 2.201467990875244,
          "dev_nll": 2.3472166061401367,
          "dev_kl": 0.006115850626825235,
          "dev_objective": 2.3655641580206126
        },
        {
          "epoch": 42,
          "train_objective": 2.2004528045654297,
          "dev_nll": 2.3455488681793213,
          "dev_kl": 0.006282514699822998,
          "dev_objective": 2.3643964122787904
        },
        {
          "epoch": 43,
          "train_objective": 2.1994552612304688,
          "dev_nll": 2.3438408374786377,
          "dev_kl": 0.006447755448584024,
          "dev_objective": 2.36318410382439
        },
        {
          "epoch": 44,
          "train_objective": 2.1984739303588867,
          "dev_nll": 2.342158079147339,
          "dev_kl": 0.006608877000783856,
          "dev_objective": 2.3619847101496902
        },
        {
          "epoch": 45,
          "train_objective": 2.1975104808807373,
          "dev_nll": 2.340564012527466,
          "dev_kl": 0.006762446133859245,
          "dev_objective": 2.3608513509290434
        },
        {
          "epoch": 46,
          "train_objective": 2.1965627670288086,
          "dev_nll": 2.3390841484069824,
          "dev_kl": 0.006906110997783065,
          "dev_objective": 2.3598024814003318
        },
        {
          "epoch": 47,
          "train_objective": 2.1956286430358887,
          "dev_nll": 2.3376967906951904,
          "dev_kl": 0.007039969479533724,
          "dev_objective": 2.3588166991337918
        },
        {
          "epoch": 48,
          "train_objective": 2.1947081089019775,
          "dev_nll": 2.336350440979004,
          "dev_kl": 0.007166001574660186,
          "dev_objective": 2.3578484457029845
        },
        {
          "epoch": 49,
          "train_objective": 2.1938014030456543,
          "dev_nll": 2.3349993228912354,
          "dev_kl": 0.007286861975913898,
          "dev_objective": 2.356859908818977
        },
        {
          "epoch": 50,
          "train_objective": 2.1929070949554443,
          "dev_nll": 2.333625078201294,
          "dev_kl": 0.007405003426679139,
          "dev_objective": 2.3558400884813313
        },
        {
          "epoch": 51,
          "train_objective": 2.1920254230499268,
          "dev_nll": 2.332242965698242,
          "dev_kl": 0.007521806069088334,
          "dev_objective": 2.354808383905507
        },
        {
          "epoch": 52,
          "train_objective": 2.191155433654785,
          "dev_nll": 2.330881118774414,
          "dev_kl": 0.007637054406410654,
          "dev_objective": 2.353792281993646
        },
        {
          "epoch": 53,
          "train_objective": 2.1902968883514404,
          "dev_nll": 2.329559803009033,
          "dev_kl": 0.007749568373612654,
          "dev_objective": 2.352808508129871
        },
        {
          "epoch": 54,
          "train_objective": 2.1894495487213135,
          "dev_nll": 2.3282787799835205,
          "dev_kl": 0.007857987087317593,
          "dev_objective": 2.3518527412454735
        },
        {
          "epoch": 55,
          "train_objective": 2.1886134147644043,
          "dev_nll": 2.3270254135131836,
          "dev_kl": 0.007961194309539297,
          "dev_objective": 2.3509089964418015
        },
        {
          "epoch": 56,
          "train_objective": 2.187788486480713,
          "dev_nll": 2.3257877826690674,
          "dev_kl": 0.008058807937261244,
          "dev_objective": 2.349964206480851
        },
        {
          "epoch": 57,
          "train_objective": 2.186973810195923,
          "dev_nll": 2.3245677947998047,
          "dev_kl": 0.008151499444906105,
          "dev_objective": 2.349022293134523
        },
        {
          "epoch": 58,
          "train_objective": 2.1861696243286133,
          "dev_nll": 2.323374032974243,
          "dev_kl": 0.008240702928179093,
          "dev_objective": 2.3480961417587802
        },
        {
          "epoch": 59,
          "train_objective": 2.1853764057159424,
          "dev_nll": 2.322211742401123,
          "dev_kl": 0.008328001409902372,
          "dev_objective": 2.34719574663083
        },
        {
          "epoch": 60,
          "train_objective": 2.184593439102173,
          "dev_nll": 2.3210701942443848,
          "dev_kl": 0.008414738538821468,
          "dev_objective": 2.3463144098608493
        },
        {
          "epoch": 61,
          "train_objective": 2.183821201324463,
          "dev_nll": 2.319930076599121,
          "dev_kl": 0.008501574546126874,
          "dev_objective": 2.3454348002375016
        },
        {
          "epoch": 62,
          "train_objective": 2.1830592155456543,
          "dev_nll": 2.3187777996063232,
          "dev_kl": 0.008588098164182156,
          "dev_objective": 2.3445420940988697
        },
        {
          "epoch": 63,
          "train_objective": 2.182307720184326,
          "dev_nll": 2.317617654800415,
          "dev_kl": 0.008673168365813552,
          "dev_objective": 2.3436371598978556
        },
        {
          "epoch": 64,
          "train_objective": 2.1815664768218994,
          "dev_nll": 2.3164734840393066,
          "dev_kl": 0.00875538066376917,
          "dev_objective": 2.3427396260306144
        },
        {
          "epoch": 65,
          "train_objective": 2.180835723876953,
          "dev_nll": 2.315370559692383,
          "dev_kl": 0.008833934279767076,
          "dev_objective": 2.341872362531684
        },
        {
          "epoch": 66,
          "train_objective": 2.1801159381866455,
          "dev_nll": 2.3143181800842285,
          "dev_kl": 0.00890899555463787,
          "dev_objective": 2.3410451667481422
        },
        {
          "epoch": 67,
          "train_objective": 2.179405927658081,
          "dev_nll": 2.3133018016815186,
          "dev_kl": 0.008981851050198348,
          "dev_objective": 2.3402473548321137
        },
        {
          "epoch": 68,
          "train_objective": 2.1787068843841553,
          "dev_nll": 2.3122923374176025,
          "dev_kl": 0.009054126986278964,
          "dev_objective": 2.3394547183764396
        },
        {
          "epoch": 69,
          "train_objective": 2.17801833152771,
          "dev_nll": 2.3112683296203613,
          "dev_kl": 0.009126938012007984,
          "dev_objective": 2.338649143656385
        },
        {
          "epoch": 70,
          "train_objective": 2.177340269088745,
          "dev_nll": 2.3102293014526367,
          "dev_kl": 0.009200481111850334,
          "dev_objective": 2.337830744788188
        },
        {
          "epoch": 71,
          "train_objective": 2.176673412322998,
          "dev_nll": 2.309194803237915,
          "dev_kl": 0.00927406664484278,
          "dev_objective": 2.3370170031724435
        },
        {
          "epoch": 72,
          "train_objective": 2.1760165691375732,
          "dev_nll": 2.308187961578369,
          "dev_kl": 0.009346560674701675,
          "dev_objective": 2.336227643602474
        },
        {
          "epoch": 73,
          "train_objective": 2.175370931625366,
          "dev_nll": 2.307218313217163,
          "dev_kl": 0.009417221415670581,
          "dev_objective": 2.3354699774641747
        },
        {
          "epoch": 74,
          "train_objective": 2.1747357845306396,
          "dev_nll": 2.3062775135040283,
          "dev_kl": 0.00948604845677525,
          "dev_objective": 2.334735658874354
        },
        {
          "epoch": 75,
          "train_objective": 2.1741111278533936,
          "dev_nll": 2.305349111557007,
          "dev_kl": 0.009553768940320643,
          "dev_objective": 2.334010418377969
        },
        {
          "epoch": 76,
          "train_objective": 2.1734976768493652,
          "dev_nll": 2.304419755935669,
          "dev_kl": 0.009621388933268346,
          "dev_objective": 2.333283922735474
        },
        {
          "epoch": 77,
          "train_objective": 2.1728947162628174,
          "dev_nll": 2.30349063873291,
          "dev_kl": 0.00968973910975394,
          "dev_objective": 2.332559856062172
        },
        {
          "epoch": 78,
          "train_objective": 2.172302484512329,
          "dev_nll": 2.3025684356689453,
          "dev_kl": 0.009759148458303366,
          "dev_objective": 2.3318458810438556
        },
        {
          "epoch": 79,
          "train_objective": 2.1717209815979004,
          "dev_nll": 2.301658868789673,
          "dev_kl": 0.009829514665808904,
          "dev_objective": 2.3311474127870997
        },
        {
          "epoch": 80,
          "train_objective": 2.1711502075195312,
          "dev_nll": 2.300762414932251,
          "dev_kl": 0.009900395053973039,
          "dev_objective": 2.3304636000941703
        },
        {
          "epoch": 81,
          "train_objective": 2.1705901622772217,
          "dev_nll": 2.2998733520507812,
          "dev_kl": 0.009971333652379878,
          "dev_objective": 2.3297873530079207
        },
        {
          "epoch": 82,
          "train_objective": 2.1700408458709717,
          "dev_nll": 2.2989916801452637,
          "dev_kl": 0.01004204618889602,
          "dev_objective": 2.3291178187119517
        },
        {
          "epoch": 83,
          "train_objective": 2.169502019882202,
          "dev_nll": 2.298121452331543,
          "dev_kl": 0.010112542695776116,
          "dev_objective": 2.328459080418871
        },
        {
          "epoch": 84,
          "train_objective": 2.1689741611480713,
          "dev_nll": 2.297267436981201,
          "dev_kl": 0.010183219427187484,
          "dev_objective": 2.3278170952627635
        },
        {
          "epoch": 85,
          "train_objective": 2.168456554412842,
          "dev_nll": 2.2964282035827637,
          "dev_kl": 0.010254669065151604,
          "dev_objective": 2.3271922107782186
        },
        {
          "epoch": 86,
          "train_objective": 2.1679494380950928,
          "dev_nll": 2.2955963611602783,
          "dev_kl": 0.01032741280036017,
          "dev_objective": 2.326578599561359
        },
        {
          "epoch": 87,
          "train_objective": 2.167452812194824,
          "dev_nll": 2.294762134552002,
          "dev_kl": 0.010401622702286863,
          "dev_objective": 2.3259670026588624
        },
        {
          "epoch": 88,
          "train_objective": 2.166966438293457,
          "dev_nll": 2.293924570083618,
          "dev_kl": 0.010477006447716474,
          "dev_objective": 2.3253555894267675
        },
        {
          "epoch": 89,
          "train_objective": 2.1664907932281494,
          "dev_nll": 2.2930920124053955,
          "dev_kl": 0.010553056853114544,
          "dev_objective": 2.324751182964739
        },
        {
          "epoch": 90,
          "train_objective": 2.166024923324585,
          "dev_nll": 2.2922754287719727,
          "dev_kl": 0.010629255237055928,
          "dev_objective": 2.3241631944831402
        },
        {
          "epoch": 91,
          "train_objective": 2.165569543838501,
          "dev_nll": 2.2914795875549316,
          "dev_kl": 0.010705522318711436,
          "dev_objective": 2.323596154511066
        },
        {
          "epoch": 92,
          "train_objective": 2.1651244163513184,
          "dev_nll": 2.290698289871216,
          "dev_kl": 0.010782111743361794,
          "dev_objective": 2.3230446251013013
        },
        {
          "epoch": 93,
          "train_objective": 2.164689064025879,
          "dev_nll": 2.2899210453033447,
          "dev_kl": 0.01085954057036302,
          "dev_objective": 2.322499667014434
        },
        {
          "epoch": 94,
          "train_objective": 2.164263963699341,
          "dev_nll": 2.2891414165496826,
          "dev_kl": 0.010938195707504131,
          "dev_objective": 2.321956003672195
        },
        {
          "epoch": 95,
          "train_objective": 2.1638481616973877,
          "dev_nll": 2.2883617877960205,
          "dev_kl": 0.01101805410707452,
          "dev_objective": 2.321415950117244
        },
        {
          "epoch": 96,
          "train_objective": 2.163442611694336,
          "dev_nll": 2.2875897884368896,
          "dev_kl": 0.01109880170183568,
          "dev_objective": 2.3208861935423966
        },
        {
          "epoch": 97,
          "train_objective": 2.1630468368530273,
          "dev_nll": 2.286831855773926,
          "dev_kl": 0.011180037089352187,
          "dev_objective": 2.3203719670419822
        },
        {
          "epoch": 98,
          "train_objective": 2.1626601219177246,
          "dev_nll": 2.2860872745513916,
          "dev_kl": 0.011261465098575554,
          "dev_objective": 2.3198716698471182
        },
        {
          "epoch": 99,
          "train_objective": 2.162283420562744,
          "dev_nll": 2.2853522300720215,
          "dev_kl": 0.011343034019098981,
          "dev_objective": 2.3193813321293186
        },
        {
          "epoch": 100,
          "train_objective": 2.1619160175323486,
          "dev_nll": 2.28462290763855,
          "dev_kl": 0.01142491294828482,
          "dev_objective": 2.3188976464834044
        },
        {
          "epoch": 101,
          "train_objective": 2.161557674407959,
          "dev_nll": 2.2838997840881348,
          "dev_kl": 0.011507316417273908,
          "dev_objective": 2.3184217333399566
        },
        {
          "epoch": 102,
          "train_objective": 2.1612091064453125,
          "dev_nll": 2.2831850051879883,
          "dev_kl": 0.011590415967504904,
          "dev_objective": 2.317956253090503
        },
        {
          "epoch": 103,
          "train_objective": 2.1608688831329346,
          "dev_nll": 2.2824788093566895,
          "dev_kl": 0.011674207719718856,
          "dev_objective": 2.317501432515846
        },
        {
          "epoch": 104,
          "train_objective": 2.1605381965637207,
          "dev_nll": 2.2817797660827637,
          "dev_kl": 0.011758542722682544,
          "dev_objective": 2.3170553942508114
        },
        {
          "epoch": 105,
          "train_objective": 2.1602160930633545,
          "dev_nll": 2.2810873985290527,
          "dev_kl": 0.011843181366730864,
          "dev_objective": 2.316616942629245
        },
        {
          "epoch": 106,
          "train_objective": 2.159902572631836,
          "dev_nll": 2.2804019451141357,
          "dev_kl": 0.011927865535037727,
          "dev_objective": 2.316185541719249
        },
        {
          "epoch": 107,
          "train_objective": 2.159597635269165,
          "dev_nll": 2.2797276973724365,
          "dev_kl": 0.012012512011889128,
          "dev_objective": 2.315765233408104
        },
        {
          "epoch": 108,
          "train_objective": 2.159301519393921,
          "dev_nll": 2.279066324234009,
          "dev_kl": 0.012097204804934248,
          "dev_objective": 2.3153579386488117
        },
        {
          "epoch": 109,
          "train_objective": 2.159013509750366,
          "dev_nll": 2.278414726257324,
          "dev_kl": 0.012182127242399034,
          "dev_objective": 2.314961107984521
        },
        {
          "epoch": 110,
          "train_objective": 2.15873384475708,
          "dev_nll": 2.277768850326538,
          "dev_kl": 0.012267462067763019,
          "dev_objective": 2.314571236529827
        },
        {
          "epoch": 111,
          "train_objective": 2.1584625244140625,
          "dev_nll": 2.2771265506744385,
          "dev_kl": 0.01235314841101025,
          "dev_objective": 2.314185995907469
        },
        {
          "epoch": 112,
          "train_objective": 2.158198833465576,
          "dev_nll": 2.276489019393921,
          "dev_kl": 0.012439060983641895,
          "dev_objective": 2.3138062023448467
        },
        {
          "epoch": 113,
          "train_objective": 2.1579430103302,
          "dev_nll": 2.275861978530884,
          "dev_kl": 0.012524897040616306,
          "dev_objective": 2.3134366696527326
        },
        {
          "epoch": 114,
          "train_objective": 2.1576952934265137,
          "dev_nll": 2.275247812271118,
          "dev_kl": 0.012610506154575683,
          "dev_objective": 2.3130793307348454
        },
        {
          "epoch": 115,
          "train_objective": 2.1574547290802,
          "dev_nll": 2.2746448516845703,
          "dev_kl": 0.012695846377379982,
          "dev_objective": 2.31273239081671
        },
        {
          "epoch": 116,
          "train_objective": 2.157222032546997,
          "dev_nll": 2.2740495204925537,
          "dev_kl": 0.012781026619948887,
          "dev_objective": 2.3123926003524002
        },
        {
          "epoch": 117,
          "train_objective": 2.156996250152588,
          "dev_nll": 2.2734599113464355,
          "dev_kl": 0.012866161896718334,
          "dev_objective": 2.3120583970365907
        },
        {
          "epoch": 118,
          "train_objective": 2.156777858734131,
          "dev_nll": 2.2728769779205322,
          "dev_kl": 0.012951255624997313,
          "dev_objective": 2.311730744795524
        },
        {
          "epoch": 119,
          "train_objective": 2.1565661430358887,
          "dev_nll": 2.2723026275634766,
          "dev_kl": 0.01303620292801974,
          "dev_objective": 2.311411236347536
        },
        {
          "epoch": 120,
          "train_objective": 2.1563618183135986,
          "dev_nll": 2.2717387676239014,
          "dev_kl": 0.013120849900780461,
          "dev_objective": 2.311101317326243
        },
        {
          "epoch": 121,
          "train_objective": 2.1561641693115234,
          "dev_nll": 2.2711846828460693,
          "dev_kl": 0.01320501446231916,
          "dev_objective": 2.310799726233027
        },
        {
          "epoch": 122,
          "train_objective": 2.155972957611084,
          "dev_nll": 2.2706387042999268,
          "dev_kl": 0.01328863509550707,
          "dev_objective": 2.310504609586448
        },
        {
          "epoch": 123,
          "train_objective": 2.1557881832122803,
          "dev_nll": 2.2701022624969482,
          "dev_kl": 0.01337170154122378,
          "dev_objective": 2.3102173671206194
        },
        {
          "epoch": 124,
          "train_objective": 2.1556098461151123,
          "dev_nll": 2.2695751190185547,
          "dev_kl": 0.013454288831355606,
          "dev_objective": 2.3099379855126214
        },
        {
          "epoch": 125,
          "train_objective": 2.155437707901001,
          "dev_nll": 2.269057273864746,
          "dev_kl": 0.013536432457693726,
          "dev_objective": 2.3096665712378273
        },
        {
          "epoch": 126,
          "train_objective": 2.155271530151367,
          "dev_nll": 2.268547534942627,
          "dev_kl": 0.013618146635038894,
          "dev_objective": 2.3094019748477437
        },
        {
          "epoch": 127,
          "train_objective": 2.155111074447632,
          "dev_nll": 2.268044948577881,
          "dev_kl": 0.013699356528817472,
          "dev_objective": 2.3091430181643333
        },
        {
          "epoch": 128,
          "train_objective": 2.154956817626953,
          "dev_nll": 2.267549991607666,
          "dev_kl": 0.01377995840037681,
          "dev_objective": 2.3088898668087965
        },
        {
          "epoch": 129,
          "train_objective": 2.1548080444335938,
          "dev_nll": 2.2670652866363525,
          "dev_kl": 0.013859825406964978,
          "dev_objective": 2.3086447628572473
        },
        {
          "epoch": 130,
          "train_objective": 2.1546645164489746,
          "dev_nll": 2.2665903568267822,
          "dev_kl": 0.013938928026119913,
          "dev_objective": 2.308407140905142
        },
        {
          "epoch": 131,
          "train_objective": 2.154526472091675,
          "dev_nll": 2.266125202178955,
          "dev_kl": 0.014017326907085062,
          "dev_objective": 2.3081771829002102
        },
        {
          "epoch": 132,
          "train_objective": 2.1543936729431152,
          "dev_nll": 2.265667676925659,
          "dev_kl": 0.014095091875494672,
          "dev_objective": 2.307952952552143
        },
        {
          "epoch": 133,
          "train_objective": 2.1542656421661377,
          "dev_nll": 2.26521635055542,
          "dev_kl": 0.014172241198315122,
          "dev_objective": 2.307733074150365
        },
        {
          "epoch": 134,
          "train_objective": 2.1541428565979004,
          "dev_nll": 2.264772653579712,
          "dev_kl": 0.014248750779335106,
          "dev_objective": 2.3075189059177172
        },
        {
          "epoch": 135,
          "train_objective": 2.154024600982666,
          "dev_nll": 2.2643377780914307,
          "dev_kl": 0.014324489635152033,
          "dev_objective": 2.307311246996887
        },
        {
          "epoch": 136,
          "train_objective": 2.1539108753204346,
          "dev_nll": 2.2639119625091553,
          "dev_kl": 0.014399364966412842,
          "dev_objective": 2.307110057408394
        },
        {
          "epoch": 137,
          "train_objective": 2.153801918029785,
          "dev_nll": 2.263495445251465,
          "dev_kl": 0.014473374285972245,
          "dev_objective": 2.3069155681093814
        },
        {
          "epoch": 138,
          "train_objective": 2.1536972522735596,
          "dev_nll": 2.2630865573883057,
          "dev_kl": 0.0145464989616284,
          "dev_objective": 2.3067260542731907
        },
        {
          "epoch": 139,
          "train_objective": 2.153596878051758,
          "dev_nll": 2.2626850605010986,
          "dev_kl": 0.01461880608164187,
          "dev_objective": 2.3065414787460243
        },
        {
          "epoch": 140,
          "train_objective": 2.15350079536438,
          "dev_nll": 2.262291431427002,
          "dev_kl": 0.014690274863765338,
          "dev_objective": 2.306362256018298
        },
        {
          "epoch": 141,
          "train_objective": 2.1534082889556885,
          "dev_nll": 2.261906147003174,
          "dev_kl": 0.014760910154725406,
          "dev_objective": 2.30618887746735
        },
        {
          "epoch": 142,
          "train_objective": 2.153319835662842,
          "dev_nll": 2.261528253555298,
          "dev_kl": 0.014830643815589756,
          "dev_objective": 2.306020185002067
        },
        {
          "epoch": 143,
          "train_objective": 2.1532349586486816,
          "dev_nll": 2.2611582279205322,
          "dev_kl": 0.014899435618468898,
          "dev_objective": 2.305856534775939
        },
        {
          "epoch": 144,
          "train_objective": 2.153153896331787,
          "dev_nll": 2.260795831680298,
          "dev_kl": 0.014967224509452917,
          "dev_objective": 2.3056975052086566
        },
        {
          "epoch": 145,
          "train_objective": 2.153076410293579,
          "dev_nll": 2.260441541671753,
          "dev_kl": 0.015034015584293934,
          "dev_objective": 2.305543588424635
        },
        {
          "epoch": 146,
          "train_objective": 2.1530020236968994,
          "dev_nll": 2.2600953578948975,
          "dev_kl": 0.015099848534279568,
          "dev_objective": 2.3053949034977363
        },
        {
          "epoch": 147,
          "train_objective": 2.152930974960327,
          "dev_nll": 2.2597568035125732,
          "dev_kl": 0.015164755689071288,
          "dev_objective": 2.305251070579787
        },
        {
          "epoch": 148,
          "train_objective": 2.1528632640838623,
          "dev_nll": 2.2594244480133057,
          "dev_kl": 0.015228729378049461,
          "dev_objective": 2.3051106361474543
        },
        {
          "epoch": 149,
          "train_objective": 2.1527981758117676,
          "dev_nll": 2.259099006652832,
          "dev_kl": 0.015291778895311102,
          "dev_objective": 2.3049743433387655
        },
        {
          "epoch": 150,
          "train_objective": 2.1527364253997803,
          "dev_nll": 2.2587804794311523,
          "dev_kl": 0.015353833500651694,
          "dev_objective": 2.3048419799331072
        },
        {
          "epoch": 151,
          "train_objective": 2.152677297592163,
          "dev_nll": 2.258470058441162,
          "dev_kl": 0.015414856408003084,
          "dev_objective": 2.3047146276651715
        },
        {
          "epoch": 152,
          "train_objective": 2.152621030807495,
          "dev_nll": 2.258166790008545,
          "dev_kl": 0.01547487643150699,
          "dev_objective": 2.304591419303066
        },
        {
          "epoch": 153,
          "train_objective": 2.1525673866271973,
          "dev_nll": 2.2578704357147217,
          "dev_kl": 0.01553391999791089,
          "dev_objective": 2.3044721957084544
        },
        {
          "epoch": 154,
          "train_objective": 2.1525158882141113,
          "dev_nll": 2.257580280303955,
          "dev_kl": 0.015591995649071665,
          "dev_objective": 2.30435626725117
        },
        {
          "epoch": 155,
          "train_objective": 2.1524670124053955,
          "dev_nll": 2.257296085357666,
          "dev_kl": 0.01564912372827342,
          "dev_objective": 2.304243456542486
        },
        {
          "epoch": 156,
          "train_objective": 2.15242075920105,
          "dev_nll": 2.257018804550171,
          "dev_kl": 0.015705282118189293,
          "dev_objective": 2.304134650904739
        },
        {
          "epoch": 157,
          "train_objective": 2.152376413345337,
          "dev_nll": 2.2567479610443115,
          "dev_kl": 0.01576043967865952,
          "dev_objective": 2.30402928008029
        },
        {
          "epoch": 158,
          "train_objective": 2.152334451675415,
          "dev_nll": 2.256484031677246,
          "dev_kl": 0.015814590281802193,
          "dev_objective": 2.3039278025226526
        },
        {
          "epoch": 159,
          "train_objective": 2.152294158935547,
          "dev_nll": 2.256225824356079,
          "dev_kl": 0.01586771555382931,
          "dev_objective": 2.303828971017567
        },
        {
          "epoch": 160,
          "train_objective": 2.1522562503814697,
          "dev_nll": 2.255974054336548,
          "dev_kl": 0.015919869627865527,
          "dev_objective": 2.3037336632201444
        },
        {
          "epoch": 161,
          "train_objective": 2.152219772338867,
          "dev_nll": 2.255728244781494,
          "dev_kl": 0.015971025711018404,
          "dev_objective": 2.3036413219145495
        },
        {
          "epoch": 162,
          "train_objective": 2.1521856784820557,
          "dev_nll": 2.255488634109497,
          "dev_kl": 0.016021238353958675,
          "dev_objective": 2.303552349171373
        },
        {
          "epoch": 163,
          "train_objective": 2.1521530151367188,
          "dev_nll": 2.2552542686462402,
          "dev_kl": 0.01607048960924599,
          "dev_objective": 2.303465737473978
        },
        {
          "epoch": 164,
          "train_objective": 2.1521222591400146,
          "dev_nll": 2.255025625228882,
          "dev_kl": 0.01611874410903716,
          "dev_objective": 2.3033818575559932
        },
        {
          "epoch": 165,
          "train_objective": 2.152092695236206,
          "dev_nll": 2.25480318069458,
          "dev_kl": 0.016166023452833835,
          "dev_objective": 2.3033012510530817
        },
        {
          "epoch": 166,
          "train_objective": 2.152064800262451,
          "dev_nll": 2.2545859813690186,
          "dev_kl": 0.016212314523257984,
          "dev_objective": 2.3032229249387925
        },
        {
          "epoch": 167,
          "train_objective": 2.152038335800171,
          "dev_nll": 2.2543745040893555,
          "dev_kl": 0.016257663011445753,
          "dev_objective": 2.3031474931236926
        },
        {
          "epoch": 168,
          "train_objective": 2.1520133018493652,
          "dev_nll": 2.2541682720184326,
          "dev_kl": 0.016302051655187708,
          "dev_objective": 2.303074426983996
        },
        {
          "epoch": 169,
          "train_objective": 2.151989698410034,
          "dev_nll": 2.253967046737671,
          "dev_kl": 0.016345544339269363,
          "dev_objective": 2.303003679755479
        },
        {
          "epoch": 170,
          "train_objective": 2.1519672870635986,
          "dev_nll": 2.2537708282470703,
          "dev_kl": 0.01638811438345827,
          "dev_objective": 2.3029351713974453
        },
        {
          "epoch": 171,
          "train_objective": 2.1519460678100586,
          "dev_nll": 2.25357985496521,
          "dev_kl": 0.01642975354456388,
          "dev_objective": 2.3028691155989014
        },
        {
          "epoch": 172,
          "train_objective": 2.151926040649414,
          "dev_nll": 2.25339412689209,
          "dev_kl": 0.016470455528061364,
          "dev_objective": 2.302805493476274
        },
        {
          "epoch": 173,
          "train_objective": 2.151907444000244,
          "dev_nll": 2.2532131671905518,
          "dev_kl": 0.016510254766011888,
          "dev_objective": 2.3027439314885876
        },
        {
          "epoch": 174,
          "train_objective": 2.1518890857696533,
          "dev_nll": 2.2530369758605957,
          "dev_kl": 0.01654915826927003,
          "dev_objective": 2.302684450668406
        },
        {
          "epoch": 175,
          "train_objective": 2.151872396469116,
          "dev_nll": 2.2528653144836426,
          "dev_kl": 0.0165871739406993,
          "dev_objective": 2.3026268363057403
        },
        {
          "epoch": 176,
          "train_objective": 2.1518566608428955,
          "dev_nll": 2.2526981830596924,
          "dev_kl": 0.016624333504883144,
          "dev_objective": 2.302571183574342
        },
        {
          "epoch": 177,
          "train_objective": 2.151841402053833,
          "dev_nll": 2.252535343170166,
          "dev_kl": 0.016660633703718158,
          "dev_objective": 2.3025172442813204
        },
        {
          "epoch": 178,
          "train_objective": 2.151827096939087,
          "dev_nll": 2.2523772716522217,
          "dev_kl": 0.016696075568630005,
          "dev_objective": 2.302465498358112
        },
        {
          "epoch": 179,
          "train_objective": 2.1518139839172363,
          "dev_nll": 2.252223014831543,
          "dev_kl": 0.01673063952576711,
          "dev_objective": 2.302414933408844
        },
        {
          "epoch": 180,
          "train_objective": 2.151801109313965,
          "dev_nll": 2.2520735263824463,
          "dev_kl": 0.016764369526020846,
          "dev_objective": 2.3023666349605088
        },
        {
          "epoch": 181,
          "train_objective": 2.1517891883850098,
          "dev_nll": 2.2519280910491943,
          "dev_kl": 0.016797275400970268,
          "dev_objective": 2.302319917252105
        },
        {
          "epoch": 182,
          "train_objective": 2.151777982711792,
          "dev_nll": 2.251786470413208,
          "dev_kl": 0.016829373828518474,
          "dev_objective": 2.3022745918987635
        },
        {
          "epoch": 183,
          "train_objective": 2.1517674922943115,
          "dev_nll": 2.2516486644744873,
          "dev_kl": 0.01686068678757311,
          "dev_objective": 2.3022307248372065
        },
        {
          "epoch": 184,
          "train_objective": 2.1517577171325684,
          "dev_nll": 2.2515149116516113,
          "dev_kl": 0.016891189748064556,
          "dev_objective": 2.302188480895805
        },
        {
          "epoch": 185,
          "train_objective": 2.1517481803894043,
          "dev_nll": 2.251384973526001,
          "dev_kl": 0.016920926879867047,
          "dev_objective": 2.302147754165602
        },
        {
          "epoch": 186,
          "train_objective": 2.1517395973205566,
          "dev_nll": 2.2512588500976562,
          "dev_kl": 0.016949867911711,
          "dev_objective": 2.302108453832789
        },
        {
          "epoch": 187,
          "train_objective": 2.151731252670288,
          "dev_nll": 2.251136302947998,
          "dev_kl": 0.016978060097772547,
          "dev_objective": 2.302070483241316
        },
        {
          "epoch": 188,
          "train_objective": 2.1517233848571777,
          "dev_nll": 2.2510173320770264,
          "dev_kl": 0.01700551015516882,
          "dev_objective": 2.3020338625425327
        },
        {
          "epoch": 189,
          "train_objective": 2.151716470718384,
          "dev_nll": 2.250901937484741,
          "dev_kl": 0.01703223842888556,
          "dev_objective": 2.301998652771398
        },
        {
          "epoch": 190,
          "train_objective": 2.15170955657959,
          "dev_nll": 2.2507898807525635,
          "dev_kl": 0.017058248647733688,
          "dev_objective": 2.3019646266957645
        },
        {
          "epoch": 191,
          "train_objective": 2.151703119277954,
          "dev_nll": 2.250680685043335,
          "dev_kl": 0.017083528801688976,
          "dev_objective": 2.3019312714484017
        },
        {
          "epoch": 192,
          "train_objective": 2.1516971588134766,
          "dev_nll": 2.250575304031372,
          "dev_kl": 0.017108111298336053,
          "dev_objective": 2.3018996379263803
        },
        {
          "epoch": 193,
          "train_objective": 2.1516916751861572,
          "dev_nll": 2.2504727840423584,
          "dev_kl": 0.017132014789826972,
          "dev_objective": 2.3018688284118394
        },
        {
          "epoch": 194,
          "train_objective": 2.151686191558838,
          "dev_nll": 2.250373601913452,
          "dev_kl": 0.017155244180978645,
          "dev_objective": 2.301839334456388
        },
        {
          "epoch": 195,
          "train_objective": 2.151681423187256,
          "dev_nll": 2.250277280807495,
          "dev_kl": 0.017177806604693965,
          "dev_objective": 2.301810700621577
        },
        {
          "epoch": 196,
          "train_objective": 2.151676893234253,
          "dev_nll": 2.2501838207244873,
          "dev_kl": 0.017199754934652797,
          "dev_objective": 2.3017830855284456
        },
        {
          "epoch": 197,
          "train_objective": 2.151672601699829,
          "dev_nll": 2.250093698501587,
          "dev_kl": 0.01722105420166401,
          "dev_objective": 2.301756861106579
        },
        {
          "epoch": 198,
          "train_objective": 2.1516685485839844,
          "dev_nll": 2.2500057220458984,
          "dev_kl": 0.01724171510866126,
          "dev_objective": 2.3017308673718824
        },
        {
          "epoch": 199,
          "train_objective": 2.1516647338867188,
          "dev_nll": 2.2499208450317383,
          "dev_kl": 0.01726178152204093,
          "dev_objective": 2.301706189597861
        },
        {
          "epoch": 200,
          "train_objective": 2.1516611576080322,
          "dev_nll": 2.2498388290405273,
          "dev_kl": 0.017281244821788277,
          "dev_objective": 2.301682563505892
        },
        {
          "epoch": 201,
          "train_objective": 2.151658296585083,
          "dev_nll": 2.2497591972351074,
          "dev_kl": 0.017300109981489745,
          "dev_objective": 2.301659527179577
        },
        {
          "epoch": 202,
          "train_objective": 2.1516549587249756,
          "dev_nll": 2.2496819496154785,
          "dev_kl": 0.01731842887766693,
          "dev_objective": 2.3016372362484794
        },
        {
          "epoch": 203,
          "train_objective": 2.1516520977020264,
          "dev_nll": 2.249607563018799,
          "dev_kl": 0.01733618571280761,
          "dev_objective": 2.3016161201572216
        },
        {
          "epoch": 204,
          "train_objective": 2.1516494750976562,
          "dev_nll": 2.249535322189331,
          "dev_kl": 0.017353385887080578,
          "dev_objective": 2.301595479850573
        },
        {
          "epoch": 205,
          "train_objective": 2.1516470909118652,
          "dev_nll": 2.2494654655456543,
          "dev_kl": 0.017370038373971306,
          "dev_objective": 2.3015755806675684
        },
        {
          "epoch": 206,
          "train_objective": 2.151644706726074,
          "dev_nll": 2.2493979930877686,
          "dev_kl": 0.017386175819880126,
          "dev_objective": 2.301556520547409
        },
        {
          "epoch": 207,
          "train_objective": 2.151642322540283,
          "dev_nll": 2.2493326663970947,
          "dev_kl": 0.01740180388315498,
          "dev_objective": 2.3015380780465597
        },
        {
          "epoch": 208,
          "train_objective": 2.1516406536102295,
          "dev_nll": 2.249269485473633,
          "dev_kl": 0.01741693052416292,
          "dev_objective": 2.3015202770461216
        },
        {
          "epoch": 209,
          "train_objective": 2.1516385078430176,
          "dev_nll": 2.249208688735962,
          "dev_kl": 0.01743156829252257,
          "dev_objective": 2.3015033936135296
        },
        {
          "epoch": 210,
          "train_objective": 2.151637077331543,
          "dev_nll": 2.249150037765503,
          "dev_kl": 0.01744573367273739,
          "dev_objective": 2.3014872387837153
        },
        {
          "epoch": 211,
          "train_objective": 2.15163516998291,
          "dev_nll": 2.2490928173065186,
          "dev_kl": 0.017459429006844256,
          "dev_objective": 2.3014711043270513
        },
        {
          "epoch": 212,
          "train_objective": 2.1516337394714355,
          "dev_nll": 2.249037742614746,
          "dev_kl": 0.01747266469864107,
          "dev_objective": 2.301455736710669
        },
        {
          "epoch": 213,
          "train_objective": 2.15163254737854,
          "dev_nll": 2.2489850521087646,
          "dev_kl": 0.017485453579161737,
          "dev_objective": 2.3014414128462497
        },
        {
          "epoch": 214,
          "train_objective": 2.1516313552856445,
          "dev_nll": 2.248933792114258,
          "dev_kl": 0.017497817362093503,
          "dev_objective": 2.3014272442005383
        },
        {
          "epoch": 215,
          "train_objective": 2.15162992477417,
          "dev_nll": 2.248884439468384,
          "dev_kl": 0.017509768909451762,
          "dev_objective": 2.301413746196739
        },
        {
          "epoch": 216,
          "train_objective": 2.1516292095184326,
          "dev_nll": 2.2488362789154053,
          "dev_kl": 0.017521316879508725,
          "dev_objective": 2.3014002295539315
        },
        {
          "epoch": 217,
          "train_objective": 2.151628017425537,
          "dev_nll": 2.2487905025482178,
          "dev_kl": 0.017532466619271755,
          "dev_objective": 2.301387902406033
        },
        {
          "epoch": 218,
          "train_objective": 2.1516268253326416,
          "dev_nll": 2.248746156692505,
          "dev_kl": 0.017543218229313366,
          "dev_objective": 2.301375811380445
        },
        {
          "epoch": 219,
          "train_objective": 2.1516261100769043,
          "dev_nll": 2.2487034797668457,
          "dev_kl": 0.017553594224497624,
          "dev_objective": 2.3013642624403388
        },
        {
          "epoch": 220,
          "train_objective": 2.151625156402588,
          "dev_nll": 2.248662233352661,
          "dev_kl": 0.01756361085602792,
          "dev_objective": 2.301353065920745
        },
        {
          "epoch": 221,
          "train_objective": 2.1516246795654297,
          "dev_nll": 2.248622179031372,
          "dev_kl": 0.017573280437406334,
          "dev_objective": 2.3013420203435913
        },
        {
          "epoch": 222,
          "train_objective": 2.1516237258911133,
          "dev_nll": 2.248584032058716,
          "dev_kl": 0.01758259515413703,
          "dev_objective": 2.301331817521127
        },
        {
          "epoch": 223,
          "train_objective": 2.151623249053955,
          "dev_nll": 2.248547315597534,
          "dev_kl": 0.01759157958593043,
          "dev_objective": 2.3013220543553254
        },
        {
          "epoch": 224,
          "train_objective": 2.1516225337982178,
          "dev_nll": 2.248511791229248,
          "dev_kl": 0.017600218173620598,
          "dev_objective": 2.30131244575011
        },
        {
          "epoch": 225,
          "train_objective": 2.1516220569610596,
          "dev_nll": 2.2484774589538574,
          "dev_kl": 0.01760855589447836,
          "dev_objective": 2.3013031266372925
        },
        {
          "epoch": 226,
          "train_objective": 2.1516213417053223,
          "dev_nll": 2.2484443187713623,
          "dev_kl": 0.017616567162950823,
          "dev_objective": 2.301294020260215
        },
        {
          "epoch": 227,
          "train_objective": 2.151621103286743,
          "dev_nll": 2.2484130859375,
          "dev_kl": 0.017624289411727542,
          "dev_objective": 2.3012859541726827
        },
        {
          "epoch": 228,
          "train_objective": 2.151620626449585,
          "dev_nll": 2.248382568359375,
          "dev_kl": 0.017631730604226768,
          "dev_objective": 2.3012777601720553
        },
        {
          "epoch": 229,
          "train_objective": 2.1516201496124268,
          "dev_nll": 2.2483532428741455,
          "dev_kl": 0.01763887857410854,
          "dev_objective": 2.301269878596471
        },
        {
          "epoch": 230,
          "train_objective": 2.1516199111938477,
          "dev_nll": 2.2483251094818115,
          "dev_kl": 0.01764577246438186,
          "dev_objective": 2.301262426874957
        },
        {
          "epoch": 231,
          "train_objective": 2.1516196727752686,
          "dev_nll": 2.248298168182373,
          "dev_kl": 0.01765240545383647,
          "dev_objective": 2.3012553845438823
        },
        {
          "epoch": 232,
          "train_objective": 2.1516189575195312,
          "dev_nll": 2.24827241897583,
          "dev_kl": 0.01765876038764198,
          "dev_objective": 2.301248700138756
        },
        {
          "epoch": 233,
          "train_objective": 2.1516189575195312,
          "dev_nll": 2.2482471466064453,
          "dev_kl": 0.017664878157501656,
          "dev_objective": 2.30124178107895
        },
        {
          "epoch": 234,
          "train_objective": 2.151618480682373,
          "dev_nll": 2.248223066329956,
          "dev_kl": 0.0176707519904378,
          "dev_objective": 2.3012353223012694
        },
        {
          "epoch": 235,
          "train_objective": 2.151618480682373,
          "dev_nll": 2.2482001781463623,
          "dev_kl": 0.017676405942291886,
          "dev_objective": 2.301229395973238
        },
        {
          "epoch": 236,
          "train_objective": 2.151618242263794,
          "dev_nll": 2.248178005218506,
          "dev_kl": 0.01768183635607373,
          "dev_objective": 2.3012235142867272
        },
        {
          "epoch": 237,
          "train_objective": 2.151618003845215,
          "dev_nll": 2.2481565475463867,
          "dev_kl": 0.01768705052018049,
          "dev_objective": 2.301217699106928
        },
        {
          "epoch": 238,
          "train_objective": 2.1516175270080566,
          "dev_nll": 2.248136520385742,
          "dev_kl": 0.017692042289244484,
          "dev_objective": 2.3012126472534757
        },
        {
          "epoch": 239,
          "train_objective": 2.1516175270080566,
          "dev_nll": 2.248117208480835,
          "dev_kl": 0.017696850257291976,
          "dev_objective": 2.3012077592527107
        },
        {
          "epoch": 240,
          "train_objective": 2.1516172885894775,
          "dev_nll": 2.248098373413086,
          "dev_kl": 0.017701443516407088,
          "dev_objective": 2.301202703962307
        },
        {
          "epoch": 241,
          "train_objective": 2.1516172885894775,
          "dev_nll": 2.248080253601074,
          "dev_kl": 0.01770584785633893,
          "dev_objective": 2.301197797170091
        },
        {
          "epoch": 242,
          "train_objective": 2.1516170501708984,
          "dev_nll": 2.248063087463379,
          "dev_kl": 0.01771009496517382,
          "dev_objective": 2.3011933723589
        },
        {
          "epoch": 243,
          "train_objective": 2.1516170501708984,
          "dev_nll": 2.248046875,
          "dev_kl": 0.01771414060990097,
          "dev_objective": 2.301189296829703
        },
        {
          "epoch": 244,
          "train_objective": 2.1516168117523193,
          "dev_nll": 2.2480309009552,
          "dev_kl": 0.017718030457481583,
          "dev_objective": 2.301184992327645
        },
        {
          "epoch": 245,
          "train_objective": 2.1516168117523193,
          "dev_nll": 2.248015880584717,
          "dev_kl": 0.01772176081360686,
          "dev_objective": 2.301181163025537
        },
        {
          "epoch": 246,
          "train_objective": 2.1516165733337402,
          "dev_nll": 2.2480015754699707,
          "dev_kl": 0.017725314803101355,
          "dev_objective": 2.3011775198792748
        },
        {
          "epoch": 247,
          "train_objective": 2.1516165733337402,
          "dev_nll": 2.2479872703552246,
          "dev_kl": 0.01772872830758476,
          "dev_objective": 2.301173455277979
        },
        {
          "epoch": 248,
          "train_objective": 2.151616334915161,
          "dev_nll": 2.247974157333374,
          "dev_kl": 0.0177320022331485,
          "dev_objective": 2.3011701640328197
        },
        {
          "epoch": 249,
          "train_objective": 2.1516165733337402,
          "dev_nll": 2.2479615211486816,
          "dev_kl": 0.01773512953255821,
          "dev_objective": 2.3011669097463563
        },
        {
          "epoch": 250,
          "train_objective": 2.151616334915161,
          "dev_nll": 2.2479496002197266,
          "dev_kl": 0.017738116795601767,
          "dev_objective": 2.301163950606532
        },
        {
          "epoch": 251,
          "train_objective": 2.151616334915161,
          "dev_nll": 2.2479379177093506,
          "dev_kl": 0.017740967643476324,
          "dev_objective": 2.3011608206397796
        },
        {
          "epoch": 252,
          "train_objective": 2.151616334915161,
          "dev_nll": 2.247926712036133,
          "dev_kl": 0.01774370300453513,
          "dev_objective": 2.3011578210497383
        },
        {
          "epoch": 253,
          "train_objective": 2.151616334915161,
          "dev_nll": 2.2479162216186523,
          "dev_kl": 0.01774632700049082,
          "dev_objective": 2.3011552026201247
        },
        {
          "epoch": 254,
          "train_objective": 2.151616334915161,
          "dev_nll": 2.24790620803833,
          "dev_kl": 0.017748820583121064,
          "dev_objective": 2.3011526697876934
        },
        {
          "epoch": 255,
          "train_objective": 2.151616334915161,
          "dev_nll": 2.247896432876587,
          "dev_kl": 0.017751200260634856,
          "dev_objective": 2.3011500336584914
        },
        {
          "epoch": 256,
          "train_objective": 2.151616334915161,
          "dev_nll": 2.247887134552002,
          "dev_kl": 0.017753467083821306,
          "dev_objective": 2.301147535803466
        },
        {
          "epoch": 257,
          "train_objective": 2.151615858078003,
          "dev_nll": 2.2478785514831543,
          "dev_kl": 0.017755642416534923,
          "dev_objective": 2.301145478732759
        },
        {
          "epoch": 258,
          "train_objective": 2.151615858078003,
          "dev_nll": 2.2478702068328857,
          "dev_kl": 0.017757718753156012,
          "dev_objective": 2.3011433630923537
        },
        {
          "epoch": 259,
          "train_objective": 2.151615858078003,
          "dev_nll": 2.2478621006011963,
          "dev_kl": 0.01775969346413002,
          "dev_objective": 2.301141180993586
        },
        {
          "epoch": 260,
          "train_objective": 2.151615858078003,
          "dev_nll": 2.247854471206665,
          "dev_kl": 0.01776157922746103,
          "dev_objective": 2.3011392088890483
        },
        {
          "epoch": 261,
          "train_objective": 2.151615858078003,
          "dev_nll": 2.247847318649292,
          "dev_kl": 0.017763371174711915,
          "dev_objective": 2.301137432173428
        },
        {
          "epoch": 262,
          "train_objective": 2.151615858078003,
          "dev_nll": 2.247840404510498,
          "dev_kl": 0.01776508048762128,
          "dev_objective": 2.301135645973362
        },
        {
          "epoch": 263,
          "train_objective": 2.151615858078003,
          "dev_nll": 2.247833728790283,
          "dev_kl": 0.01776670795973792,
          "dev_objective": 2.301133852669497
        },
        {
          "epoch": 264,
          "train_objective": 2.151615858078003,
          "dev_nll": 2.2478275299072266,
          "dev_kl": 0.01776826066411412,
          "dev_objective": 2.301132311899569
        },
        {
          "epoch": 265,
          "train_objective": 2.151615858078003,
          "dev_nll": 2.24782133102417,
          "dev_kl": 0.017769745671220364,
          "dev_objective": 2.301130568037831
        },
        {
          "epoch": 266,
          "train_objective": 2.151615858078003,
          "dev_nll": 2.2478160858154297,
          "dev_kl": 0.017771134194317122,
          "dev_objective": 2.301129488398381
        },
        {
          "epoch": 267,
          "train_objective": 2.151615858078003,
          "dev_nll": 2.2478106021881104,
          "dev_kl": 0.01777247182009535,
          "dev_objective": 2.3011280176483964
        },
        {
          "epoch": 268,
          "train_objective": 2.151615619659424,
          "dev_nll": 2.24780535697937,
          "dev_kl": 0.01777374834062122,
          "dev_objective": 2.3011266020012338
        },
        {
          "epoch": 269,
          "train_objective": 2.151615619659424,
          "dev_nll": 2.247800350189209,
          "dev_kl": 0.017774945696850585,
          "dev_objective": 2.301125187279761
        },
        {
          "epoch": 270,
          "train_objective": 2.151615858078003,
          "dev_nll": 2.247795820236206,
          "dev_kl": 0.0177760976726976,
          "dev_objective": 2.301124113254299
        },
        {
          "epoch": 271,
          "train_objective": 2.151615858078003,
          "dev_nll": 2.2477915287017822,
          "dev_kl": 0.017777198395760346,
          "dev_objective": 2.301123123889063
        },
        {
          "epoch": 272,
          "train_objective": 2.151615619659424,
          "dev_nll": 2.2477872371673584,
          "dev_kl": 0.017778222940133644,
          "dev_objective": 2.3011219059877592
        },
        {
          "epoch": 273,
          "train_objective": 2.151615619659424,
          "dev_nll": 2.2477831840515137,
          "dev_kl": 0.017779198539844197,
          "dev_objective": 2.3011207796710464
        },
        {
          "epoch": 274,
          "train_objective": 2.151615858078003,
          "dev_nll": 2.247779369354248,
          "dev_kl": 0.017780137892259518,
          "dev_objective": 2.3011197830310266
        },
        {
          "epoch": 275,
          "train_objective": 2.151615858078003,
          "dev_nll": 2.2477757930755615,
          "dev_kl": 0.017781023990063396,
          "dev_objective": 2.3011188650457517
        },
        {
          "epoch": 276,
          "train_objective": 2.151615619659424,
          "dev_nll": 2.247772693634033,
          "dev_kl": 0.017781857233433496,
          "dev_objective": 2.301118265334334
        },
        {
          "epoch": 277,
          "train_objective": 2.151615619659424,
          "dev_nll": 2.247769355773926,
          "dev_kl": 0.017782650279836925,
          "dev_objective": 2.3011173066134365
        },
        {
          "epoch": 278,
          "train_objective": 2.151615858078003,
          "dev_nll": 2.2477662563323975,
          "dev_kl": 0.017783394459735473,
          "dev_objective": 2.301116439711604
        },
        {
          "epoch": 279,
          "train_objective": 2.151615858078003,
          "dev_nll": 2.2477636337280273,
          "dev_kl": 0.017784120246247884,
          "dev_objective": 2.301115994466771
        },
        {
          "epoch": 280,
          "train_objective": 2.151615619659424,
          "dev_nll": 2.2477610111236572,
          "dev_kl": 0.01778478957989606,
          "dev_objective": 2.3011153798633455
        },
        {
          "epoch": 281,
          "train_objective": 2.151615619659424,
          "dev_nll": 2.247758150100708,
          "dev_kl": 0.017785417609341114,
          "dev_objective": 2.3011144029287314
        },
        {
          "epoch": 282,
          "train_objective": 2.151615619659424,
          "dev_nll": 2.247756004333496,
          "dev_kl": 0.017786013635956013,
          "dev_objective": 2.301114045241364
        },
        {
          "epoch": 283,
          "train_objective": 2.151615619659424,
          "dev_nll": 2.247753620147705,
          "dev_kl": 0.017786594138963285,
          "dev_objective": 2.301113402564595
        },
        {
          "epoch": 284,
          "train_objective": 2.151615619659424,
          "dev_nll": 2.247751474380493,
          "dev_kl": 0.017787130712437624,
          "dev_objective": 2.301112866517806
        },
        {
          "epoch": 285,
          "train_objective": 2.151615619659424,
          "dev_nll": 2.2477493286132812,
          "dev_kl": 0.017787639469926005,
          "dev_objective": 2.301112247023059
        },
        {
          "epoch": 286,
          "train_objective": 2.151615619659424,
          "dev_nll": 2.2477476596832275,
          "dev_kl": 0.017788103586715277,
          "dev_objective": 2.3011119704433733
        },
        {
          "epoch": 287,
          "train_objective": 2.151615619659424,
          "dev_nll": 2.2477457523345947,
          "dev_kl": 0.01778856437041184,
          "dev_objective": 2.30111144544583
        },
        {
          "epoch": 288,
          "train_objective": 2.151615619659424,
          "dev_nll": 2.247743844985962,
          "dev_kl": 0.017788989378576873,
          "dev_objective": 2.3011108131216926
        },
        {
          "epoch": 289,
          "train_objective": 2.151615619659424,
          "dev_nll": 2.247742176055908,
          "dev_kl": 0.01778939191788067,
          "dev_objective": 2.3011103518095504
        },
        {
          "epoch": 290,
          "train_objective": 2.151615619659424,
          "dev_nll": 2.2477407455444336,
          "dev_kl": 0.017789766275640315,
          "dev_objective": 2.3011100443713546
        },
        {
          "epoch": 291,
          "train_objective": 2.151615619659424,
          "dev_nll": 2.247739315032959,
          "dev_kl": 0.0177901234723498,
          "dev_objective": 2.301109685450008
        },
        {
          "epoch": 292,
          "train_objective": 2.151615619659424,
          "dev_nll": 2.2477381229400635,
          "dev_kl": 0.017790458331986767,
          "dev_objective": 2.301109497936024
        },
        {
          "epoch": 293,
          "train_objective": 2.151615619659424,
          "dev_nll": 2.2477364540100098,
          "dev_kl": 0.017790767573798452,
          "dev_objective": 2.3011087567314052
        },
        {
          "epoch": 294,
          "train_objective": 2.151615619659424,
          "dev_nll": 2.2477355003356934,
          "dev_kl": 0.017791079101903785,
          "dev_objective": 2.3011087376414046
        },
        {
          "epoch": 295,
          "train_objective": 2.151615619659424,
          "dev_nll": 2.247734546661377,
          "dev_kl": 0.017791349170194384,
          "dev_objective": 2.3011085941719602
        },
        {
          "epoch": 296,
          "train_objective": 2.151615619659424,
          "dev_nll": 2.2477333545684814,
          "dev_kl": 0.01779161818828265,
          "dev_objective": 2.3011082091333295
        },
        {
          "epoch": 297,
          "train_objective": 2.151615619659424,
          "dev_nll": 2.247732400894165,
          "dev_kl": 0.017791859313635337,
          "dev_objective": 2.3011079788350712
        },
        {
          "epoch": 298,
          "train_objective": 2.151615858078003,
          "dev_nll": 2.2477314472198486,
          "dev_kl": 0.017792087936193697,
          "dev_objective": 2.30110771102843
        },
        {
          "epoch": 299,
          "train_objective": 2.151615619659424,
          "dev_nll": 2.2477307319641113,
          "dev_kl": 0.017792300373736407,
          "dev_objective": 2.3011076330853206
        }
      ]
    },
    "constrained_stage_candidates": [
      {
        "kl_lambda": 1.0,
        "best_dev_nll": 2.1564154624938965,
        "best_dev_kl": 0.06217190912444024,
        "best_dev_objective": 2.218587371618337,
        "epochs_run": 300,
        "history": [
          {
            "epoch": 0,
            "train_objective": 2.275939702987671,
            "dev_nll": 2.4434633255004883,
            "dev_kl": 5.084744724069512e-05,
            "dev_objective": 2.443514172947729
          },
          {
            "epoch": 1,
            "train_objective": 2.272906541824341,
            "dev_nll": 2.4422531127929688,
            "dev_kl": 9.244913757532729e-05,
            "dev_objective": 2.442345561930544
          },
          {
            "epoch": 2,
            "train_objective": 2.269986391067505,
            "dev_nll": 2.440032958984375,
            "dev_kl": 0.00014307698429840985,
            "dev_objective": 2.4401760359686735
          },
          {
            "epoch": 3,
            "train_objective": 2.267143964767456,
            "dev_nll": 2.436601161956787,
            "dev_kl": 0.00016439443693490183,
            "dev_objective": 2.436765556393722
          },
          {
            "epoch": 4,
            "train_objective": 2.264281749725342,
            "dev_nll": 2.4325809478759766,
            "dev_kl": 0.0001885954223091117,
            "dev_objective": 2.432769543298286
          },
          {
            "epoch": 5,
            "train_objective": 2.261439085006714,
            "dev_nll": 2.4285199642181396,
            "dev_kl": 0.00024627394020259794,
            "dev_objective": 2.4287662381583424
          },
          {
            "epoch": 6,
            "train_objective": 2.2586638927459717,
            "dev_nll": 2.4248383045196533,
            "dev_kl": 0.0003281856105229141,
            "dev_objective": 2.4251664901301764
          },
          {
            "epoch": 7,
            "train_objective": 2.2559401988983154,
            "dev_nll": 2.421677350997925,
            "dev_kl": 0.0004206101922107102,
            "dev_objective": 2.4220979611901354
          },
          {
            "epoch": 8,
            "train_objective": 2.2532434463500977,
            "dev_nll": 2.4189188480377197,
            "dev_kl": 0.000526810477499713,
            "dev_objective": 2.4194456585152193
          },
          {
            "epoch": 9,
            "train_objective": 2.2505791187286377,
            "dev_nll": 2.416335105895996,
            "dev_kl": 0.0006492986836277733,
            "dev_objective": 2.416984404579624
          },
          {
            "epoch": 10,
            "train_objective": 2.247948169708252,
            "dev_nll": 2.4137556552886963,
            "dev_kl": 0.0007844069220863598,
            "dev_objective": 2.4145400622107824
          },
          {
            "epoch": 11,
            "train_objective": 2.2453484535217285,
            "dev_nll": 2.411116361618042,
            "dev_kl": 0.0009321171658983428,
            "dev_objective": 2.4120484787839405
          },
          {
            "epoch": 12,
            "train_objective": 2.242788076400757,
            "dev_nll": 2.4084134101867676,
            "dev_kl": 0.001094028681343902,
            "dev_objective": 2.4095074388681117
          },
          {
            "epoch": 13,
            "train_objective": 2.240276336669922,
            "dev_nll": 2.4056735038757324,
            "dev_kl": 0.0012673050916947109,
            "dev_objective": 2.4069408089674273
          },
          {
            "epoch": 14,
            "train_objective": 2.2378058433532715,
            "dev_nll": 2.4029107093811035,
            "dev_kl": 0.0014480321405567192,
            "dev_objective": 2.4043587415216603
          },
          {
            "epoch": 15,
            "train_objective": 2.235365152359009,
            "dev_nll": 2.4001052379608154,
            "dev_kl": 0.0016378611910054573,
            "dev_objective": 2.4017430991518207
          },
          {
            "epoch": 16,
            "train_objective": 2.2329540252685547,
            "dev_nll": 2.3972280025482178,
            "dev_kl": 0.001840789082228683,
            "dev_objective": 2.3990687916304463
          },
          {
            "epoch": 17,
            "train_objective": 2.2305798530578613,
            "dev_nll": 2.394268274307251,
            "dev_kl": 0.002057676224613979,
            "dev_objective": 2.396325950531865
          },
          {
            "epoch": 18,
            "train_objective": 2.2282450199127197,
            "dev_nll": 2.3912606239318848,
            "dev_kl": 0.0022864368548917192,
            "dev_objective": 2.3935470607867764
          },
          {
            "epoch": 19,
            "train_objective": 2.2259459495544434,
            "dev_nll": 2.3882977962493896,
            "dev_kl": 0.0025247069396491205,
            "dev_objective": 2.390822503189039
          },
          {
            "epoch": 20,
            "train_objective": 2.223681688308716,
            "dev_nll": 2.385484218597412,
            "dev_kl": 0.002769137839124831,
            "dev_objective": 2.388253356436537
          },
          {
            "epoch": 21,
            "train_objective": 2.2214508056640625,
            "dev_nll": 2.38288950920105,
            "dev_kl": 0.0030153445647644523,
            "dev_objective": 2.385904853765814
          },
          {
            "epoch": 22,
            "train_objective": 2.219249725341797,
            "dev_nll": 2.3805134296417236,
            "dev_kl": 0.0032613689187611828,
            "dev_objective": 2.3837747985604847
          },
          {
            "epoch": 23,
            "train_objective": 2.2170774936676025,
            "dev_nll": 2.3782858848571777,
            "dev_kl": 0.0035098581700426183,
            "dev_objective": 2.3817957430272205
          },
          {
            "epoch": 24,
            "train_objective": 2.2149364948272705,
            "dev_nll": 2.3760926723480225,
            "dev_kl": 0.003764593174221978,
            "dev_objective": 2.3798572655222445
          },
          {
            "epoch": 25,
            "train_objective": 2.212830066680908,
            "dev_nll": 2.373823642730713,
            "dev_kl": 0.004026917714415298,
            "dev_objective": 2.377850560445128
          },
          {
            "epoch": 26,
            "train_objective": 2.2107551097869873,
            "dev_nll": 2.371420383453369,
            "dev_kl": 0.004296927108718533,
            "dev_objective": 2.3757173105620875
          },
          {
            "epoch": 27,
            "train_objective": 2.208707571029663,
            "dev_nll": 2.3689024448394775,
            "dev_kl": 0.004575388067854463,
            "dev_objective": 2.373477832907332
          },
          {
            "epoch": 28,
            "train_objective": 2.2066876888275146,
            "dev_nll": 2.366345167160034,
            "dev_kl": 0.00486239536486767,
            "dev_objective": 2.371207562524902
          },
          {
            "epoch": 29,
            "train_objective": 2.2046968936920166,
            "dev_nll": 2.3638341426849365,
            "dev_kl": 0.005155873681008328,
            "dev_objective": 2.3689900163659448
          },
          {
            "epoch": 30,
            "train_objective": 2.202735662460327,
            "dev_nll": 2.3614261150360107,
            "dev_kl": 0.005452790336705455,
            "dev_objective": 2.366878905372716
          },
          {
            "epoch": 31,
            "train_objective": 2.2008025646209717,
            "dev_nll": 2.3591315746307373,
            "dev_kl": 0.0057509285080971405,
            "dev_objective": 2.3648825031388343
          },
          {
            "epoch": 32,
            "train_objective": 2.198899269104004,
            "dev_nll": 2.3569247722625732,
            "dev_kl": 0.006048609055846276,
            "dev_objective": 2.3629733813184197
          },
          {
            "epoch": 33,
            "train_objective": 2.197023630142212,
            "dev_nll": 2.354771852493286,
            "dev_kl": 0.0063447651134464975,
            "dev_objective": 2.3611166176067324
          },
          {
            "epoch": 34,
            "train_objective": 2.1951746940612793,
            "dev_nll": 2.3526554107666016,
            "dev_kl": 0.006639985031964194,
            "dev_objective": 2.359295395798566
          },
          {
            "epoch": 35,
            "train_objective": 2.193352460861206,
            "dev_nll": 2.3505775928497314,
            "dev_kl": 0.006936314611413118,
            "dev_objective": 2.3575139074611444
          },
          {
            "epoch": 36,
            "train_objective": 2.191558599472046,
            "dev_nll": 2.348543405532837,
            "dev_kl": 0.007235934245346148,
            "dev_objective": 2.355779339778183
          },
          {
            "epoch": 37,
            "train_objective": 2.189793109893799,
            "dev_nll": 2.3465425968170166,
            "dev_kl": 0.0075407797399572206,
            "dev_objective": 2.3540833765569738
          },
          {
            "epoch": 38,
            "train_objective": 2.1880545616149902,
            "dev_nll": 2.34454345703125,
            "dev_kl": 0.007852810228277737,
            "dev_objective": 2.3523962672595276
          },
          {
            "epoch": 39,
            "train_objective": 2.1863417625427246,
            "dev_nll": 2.34251070022583,
            "dev_kl": 0.008172921848404992,
            "dev_objective": 2.350683622074235
          },
          {
            "epoch": 40,
            "train_objective": 2.1846559047698975,
            "dev_nll": 2.340428590774536,
            "dev_kl": 0.008500260520621293,
            "dev_objective": 2.3489288512951574
          },
          {
            "epoch": 41,
            "train_objective": 2.1829957962036133,
            "dev_nll": 2.338317394256592,
            "dev_kl": 0.008832747238146465,
            "dev_objective": 2.347150141494738
          },
          {
            "epoch": 42,
            "train_objective": 2.181361436843872,
            "dev_nll": 2.3362295627593994,
            "dev_kl": 0.009167685952566135,
            "dev_objective": 2.3453972487119654
          },
          {
            "epoch": 43,
            "train_objective": 2.179752826690674,
            "dev_nll": 2.334219217300415,
            "dev_kl": 0.009502233907574743,
            "dev_objective": 2.3437214512079896
          },
          {
            "epoch": 44,
            "train_objective": 2.1781702041625977,
            "dev_nll": 2.332312822341919,
            "dev_kl": 0.009834626087995861,
            "dev_objective": 2.3421474484299147
          },
          {
            "epoch": 45,
            "train_objective": 2.1766109466552734,
            "dev_nll": 2.330493688583374,
            "dev_kl": 0.010165375177166425,
            "dev_objective": 2.3406590637605404
          },
          {
            "epoch": 46,
            "train_objective": 2.1750757694244385,
            "dev_nll": 2.328713893890381,
            "dev_kl": 0.010496740065718768,
            "dev_objective": 2.3392106339560996
          },
          {
            "epoch": 47,
            "train_objective": 2.1735646724700928,
            "dev_nll": 2.3269224166870117,
            "dev_kl": 0.01083131483169235,
            "dev_objective": 2.337753731518704
          },
          {
            "epoch": 48,
            "train_objective": 2.1720774173736572,
            "dev_nll": 2.3250930309295654,
            "dev_kl": 0.011171270783961518,
            "dev_objective": 2.336264301713527
          },
          {
            "epoch": 49,
            "train_objective": 2.1706128120422363,
            "dev_nll": 2.323232889175415,
            "dev_kl": 0.011517837826930543,
            "dev_objective": 2.3347507270023455
          },
          {
            "epoch": 50,
            "train_objective": 2.169170618057251,
            "dev_nll": 2.3213701248168945,
            "dev_kl": 0.01187076908864847,
            "dev_objective": 2.333240893905543
          },
          {
            "epoch": 51,
            "train_objective": 2.167750120162964,
            "dev_nll": 2.319528818130493,
            "dev_kl": 0.01222851604219496,
            "dev_objective": 2.3317573341726883
          },
          {
            "epoch": 52,
            "train_objective": 2.166351079940796,
            "dev_nll": 2.3177173137664795,
            "dev_kl": 0.012588889622425232,
            "dev_objective": 2.3303062033889046
          },
          {
            "epoch": 53,
            "train_objective": 2.164973735809326,
            "dev_nll": 2.315929889678955,
            "dev_kl": 0.012949584237973003,
            "dev_objective": 2.328879473916928
          },
          {
            "epoch": 54,
            "train_objective": 2.163616895675659,
            "dev_nll": 2.314161777496338,
            "dev_kl": 0.01330865943870571,
            "dev_objective": 2.3274704369350436
          },
          {
            "epoch": 55,
            "train_objective": 2.1622800827026367,
            "dev_nll": 2.312417984008789,
            "dev_kl": 0.013665200456612623,
            "dev_objective": 2.3260831844654017
          },
          {
            "epoch": 56,
            "train_objective": 2.1609630584716797,
            "dev_nll": 2.3107106685638428,
            "dev_kl": 0.014019533310690144,
            "dev_objective": 2.324730201874533
          },
          {
            "epoch": 57,
            "train_objective": 2.159665584564209,
            "dev_nll": 2.3090453147888184,
            "dev_kl": 0.014372903015276777,
            "dev_objective": 2.323418217804095
          },
          {
            "epoch": 58,
            "train_objective": 2.1583869457244873,
            "dev_nll": 2.3074090480804443,
            "dev_kl": 0.01472711943619464,
            "dev_objective": 2.3221361675166388
          },
          {
            "epoch": 59,
            "train_objective": 2.1571271419525146,
            "dev_nll": 2.3057751655578613,
            "dev_kl": 0.015083795376525697,
            "dev_objective": 2.320858960934387
          },
          {
            "epoch": 60,
            "train_objective": 2.1558849811553955,
            "dev_nll": 2.304121732711792,
            "dev_kl": 0.015443509469238757,
            "dev_objective": 2.3195652421810307
          },
          {
            "epoch": 61,
            "train_objective": 2.154660940170288,
            "dev_nll": 2.3024463653564453,
            "dev_kl": 0.01580553633539239,
            "dev_objective": 2.3182519016918377
          },
          {
            "epoch": 62,
            "train_objective": 2.153454303741455,
            "dev_nll": 2.3007712364196777,
            "dev_kl": 0.01616802158124272,
            "dev_objective": 2.3169392580009203
          },
          {
            "epoch": 63,
            "train_objective": 2.152264356613159,
            "dev_nll": 2.2991254329681396,
            "dev_kl": 0.01652855774732269,
            "dev_objective": 2.3156539907154623
          },
          {
            "epoch": 64,
            "train_objective": 2.1510913372039795,
            "dev_nll": 2.2975282669067383,
            "dev_kl": 0.016885077235788377,
            "dev_objective": 2.3144133441425265
          },
          {
            "epoch": 65,
            "train_objective": 2.1499340534210205,
            "dev_nll": 2.2959766387939453,
            "dev_kl": 0.01723664977039481,
            "dev_objective": 2.31321328856434
          },
          {
            "epoch": 66,
            "train_objective": 2.1487929821014404,
            "dev_nll": 2.294452428817749,
            "dev_kl": 0.017583647979453446,
            "dev_objective": 2.3120360767972024
          },
          {
            "epoch": 67,
            "train_objective": 2.147667169570923,
            "dev_nll": 2.292937755584717,
            "dev_kl": 0.01792725464545055,
            "dev_objective": 2.3108650102301675
          },
          {
            "epoch": 68,
            "train_objective": 2.146556854248047,
            "dev_nll": 2.291426658630371,
            "dev_kl": 0.018268924839738306,
            "dev_objective": 2.3096955834701096
          },
          {
            "epoch": 69,
            "train_objective": 2.145460605621338,
            "dev_nll": 2.2899234294891357,
            "dev_kl": 0.018609690173405163,
            "dev_objective": 2.308533119662541
          },
          {
            "epoch": 70,
            "train_objective": 2.144379138946533,
            "dev_nll": 2.2884342670440674,
            "dev_kl": 0.018949867653821957,
            "dev_objective": 2.307384134697889
          },
          {
            "epoch": 71,
            "train_objective": 2.1433117389678955,
            "dev_nll": 2.286959409713745,
            "dev_kl": 0.019289015606421257,
            "dev_objective": 2.3062484253201663
          },
          {
            "epoch": 72,
            "train_objective": 2.1422579288482666,
            "dev_nll": 2.285494327545166,
            "dev_kl": 0.019626132069407182,
            "dev_objective": 2.305120459614573
          },
          {
            "epoch": 73,
            "train_objective": 2.1412179470062256,
            "dev_nll": 2.2840380668640137,
            "dev_kl": 0.019959826434064926,
            "dev_objective": 2.3039978932980785
          },
          {
            "epoch": 74,
            "train_objective": 2.140190601348877,
            "dev_nll": 2.2825982570648193,
            "dev_kl": 0.02028882525806811,
            "dev_objective": 2.3028870823228873
          },
          {
            "epoch": 75,
            "train_objective": 2.139176368713379,
            "dev_nll": 2.281186103820801,
            "dev_kl": 0.020612455231340362,
            "dev_objective": 2.3017985590521413
          },
          {
            "epoch": 76,
            "train_objective": 2.138174533843994,
            "dev_nll": 2.279808521270752,
            "dev_kl": 0.02093090294557999,
            "dev_objective": 2.300739424216332
          },
          {
            "epoch": 77,
            "train_objective": 2.1371850967407227,
            "dev_nll": 2.2784576416015625,
            "dev_kl": 0.021245206290792164,
            "dev_objective": 2.2997028478923545
          },
          {
            "epoch": 78,
            "train_objective": 2.1362075805664062,
            "dev_nll": 2.277117967605591,
            "dev_kl": 0.02155681392422036,
            "dev_objective": 2.298674781529811
          },
          {
            "epoch": 79,
            "train_objective": 2.135241985321045,
            "dev_nll": 2.2757771015167236,
            "dev_kl": 0.02186678802911868,
            "dev_objective": 2.297643889545842
          },
          {
            "epoch": 80,
            "train_objective": 2.1342878341674805,
            "dev_nll": 2.2744336128234863,
            "dev_kl": 0.022175505971385828,
            "dev_objective": 2.2966091187948723
          },
          {
            "epoch": 81,
            "train_objective": 2.133345127105713,
            "dev_nll": 2.273097276687622,
            "dev_kl": 0.022482409412341732,
            "dev_objective": 2.295579686099964
          },
          {
            "epoch": 82,
            "train_objective": 2.132413148880005,
            "dev_nll": 2.271780490875244,
            "dev_kl": 0.022786498701832664,
            "dev_objective": 2.294566989577077
          },
          {
            "epoch": 83,
            "train_objective": 2.1314923763275146,
            "dev_nll": 2.2704858779907227,
            "dev_kl": 0.023086802718734683,
            "dev_objective": 2.2935726807094574
          },
          {
            "epoch": 84,
            "train_objective": 2.130582094192505,
            "dev_nll": 2.2692105770111084,
            "dev_kl": 0.02338280101286082,
            "dev_objective": 2.292593378023969
          },
          {
            "epoch": 85,
            "train_objective": 2.1296825408935547,
            "dev_nll": 2.267948865890503,
            "dev_kl": 0.02367455622199134,
            "dev_objective": 2.2916234221124943
          },
          {
            "epoch": 86,
            "train_objective": 2.1287930011749268,
            "dev_nll": 2.2666990756988525,
            "dev_kl": 0.023962573534170646,
            "dev_objective": 2.2906616492330234
          },
          {
            "epoch": 87,
            "train_objective": 2.1279137134552,
            "dev_nll": 2.26546311378479,
            "dev_kl": 0.02424767076140157,
            "dev_objective": 2.2897107845461915
          },
          {
            "epoch": 88,
            "train_objective": 2.127044200897217,
            "dev_nll": 2.264241933822632,
            "dev_kl": 0.02453056632986127,
            "dev_objective": 2.288772500152493
          },
          {
            "epoch": 89,
            "train_objective": 2.1261844635009766,
            "dev_nll": 2.2630300521850586,
            "dev_kl": 0.024811876612206577,
            "dev_objective": 2.287841928797265
          },
          {
            "epoch": 90,
            "train_objective": 2.1253342628479004,
            "dev_nll": 2.2618227005004883,
            "dev_kl": 0.0250916768413698,
            "dev_objective": 2.286914377341858
          },
          {
            "epoch": 91,
            "train_objective": 2.1244938373565674,
            "dev_nll": 2.2606186866760254,
            "dev_kl": 0.02536958527954055,
            "dev_objective": 2.2859882719555658
          },
          {
            "epoch": 92,
            "train_objective": 2.1236624717712402,
            "dev_nll": 2.2594237327575684,
            "dev_kl": 0.025644831067409307,
            "dev_objective": 2.2850685638249777
          },
          {
            "epoch": 93,
            "train_objective": 2.122840404510498,
            "dev_nll": 2.258246421813965,
            "dev_kl": 0.025916702896797834,
            "dev_objective": 2.2841631247107625
          },
          {
            "epoch": 94,
            "train_objective": 2.1220273971557617,
            "dev_nll": 2.257089376449585,
            "dev_kl": 0.0261849054288412,
            "dev_objective": 2.283274281878426
          },
          {
            "epoch": 95,
            "train_objective": 2.121222972869873,
            "dev_nll": 2.2559492588043213,
            "dev_kl": 0.02644973558950193,
            "dev_objective": 2.2823989943938234
          },
          {
            "epoch": 96,
            "train_objective": 2.1204276084899902,
            "dev_nll": 2.2548186779022217,
            "dev_kl": 0.026711889644033246,
            "dev_objective": 2.281530567546255
          },
          {
            "epoch": 97,
            "train_objective": 2.119641065597534,
            "dev_nll": 2.2536933422088623,
            "dev_kl": 0.026972043349110943,
            "dev_objective": 2.280665385557973
          },
          {
            "epoch": 98,
            "train_objective": 2.1188626289367676,
            "dev_nll": 2.2525742053985596,
            "dev_kl": 0.027230566129278048,
            "dev_objective": 2.2798047715278376
          },
          {
            "epoch": 99,
            "train_objective": 2.1180930137634277,
            "dev_nll": 2.25146484375,
            "dev_kl": 0.027487488478542335,
            "dev_objective": 2.2789523322285423
          },
          {
            "epoch": 100,
            "train_objective": 2.1173315048217773,
            "dev_nll": 2.2503671646118164,
            "dev_kl": 0.027742491369867967,
            "dev_objective": 2.2781096559816842
          },
          {
            "epoch": 101,
            "train_objective": 2.1165785789489746,
            "dev_nll": 2.2492799758911133,
            "dev_kl": 0.027995192410138946,
            "dev_objective": 2.2772751683012524
          },
          {
            "epoch": 102,
            "train_objective": 2.1158339977264404,
            "dev_nll": 2.248202085494995,
            "dev_kl": 0.028245223599491685,
            "dev_objective": 2.276447309094487
          },
          {
            "epoch": 103,
            "train_objective": 2.1150972843170166,
            "dev_nll": 2.247135877609253,
            "dev_kl": 0.028492383918708054,
            "dev_objective": 2.275628261527961
          },
          {
            "epoch": 104,
            "train_objective": 2.114368438720703,
            "dev_nll": 2.2460830211639404,
            "dev_kl": 0.028736708543757202,
            "dev_objective": 2.2748197297076977
          },
          {
            "epoch": 105,
            "train_objective": 2.113647937774658,
            "dev_nll": 2.245044231414795,
            "dev_kl": 0.02897853683680296,
            "dev_objective": 2.274022768251598
          },
          {
            "epoch": 106,
            "train_objective": 2.1129350662231445,
            "dev_nll": 2.244016647338867,
            "dev_kl": 0.02921837531222639,
            "dev_objective": 2.2732350226510936
          },
          {
            "epoch": 107,
            "train_objective": 2.112230062484741,
            "dev_nll": 2.242995262145996,
            "dev_kl": 0.029456695852258557,
            "dev_objective": 2.2724519579982547
          },
          {
            "epoch": 108,
            "train_objective": 2.1115329265594482,
            "dev_nll": 2.241978883743286,
            "dev_kl": 0.029693623527794356,
            "dev_objective": 2.2716725072710804
          },
          {
            "epoch": 109,
            "train_objective": 2.1108431816101074,
            "dev_nll": 2.2409698963165283,
            "dev_kl": 0.02992900643444192,
            "dev_objective": 2.2708989027509703
          },
          {
            "epoch": 110,
            "train_objective": 2.110161304473877,
            "dev_nll": 2.2399725914001465,
            "dev_kl": 0.03016241930257116,
            "dev_objective": 2.2701350107027176
          },
          {
            "epoch": 111,
            "train_objective": 2.1094870567321777,
            "dev_nll": 2.238988161087036,
            "dev_kl": 0.030393612475769084,
            "dev_objective": 2.269381773562805
          },
          {
            "epoch": 112,
            "train_objective": 2.1088201999664307,
            "dev_nll": 2.2380149364471436,
            "dev_kl": 0.030622544112350537,
            "dev_objective": 2.268637480559494
          },
          {
            "epoch": 113,
            "train_objective": 2.108160972595215,
            "dev_nll": 2.237051486968994,
            "dev_kl": 0.030849394636818267,
            "dev_objective": 2.2679008816058124
          },
          {
            "epoch": 114,
            "train_objective": 2.107509136199951,
            "dev_nll": 2.2360963821411133,
            "dev_kl": 0.03107446311919522,
            "dev_objective": 2.2671708452603085
          },
          {
            "epoch": 115,
            "train_objective": 2.1068644523620605,
            "dev_nll": 2.2351503372192383,
            "dev_kl": 0.03129807015178695,
            "dev_objective": 2.2664484073710254
          },
          {
            "epoch": 116,
            "train_objective": 2.106227159500122,
            "dev_nll": 2.2342138290405273,
            "dev_kl": 0.03152044535653981,
            "dev_objective": 2.265734274397067
          },
          {
            "epoch": 117,
            "train_objective": 2.1055972576141357,
            "dev_nll": 2.2332851886749268,
            "dev_kl": 0.0317417139261623,
            "dev_objective": 2.265026902601089
          },
          {
            "epoch": 118,
            "train_objective": 2.1049745082855225,
            "dev_nll": 2.23236346244812,
            "dev_kl": 0.031961858218334874,
            "dev_objective": 2.264325320666455
          },
          {
            "epoch": 119,
            "train_objective": 2.1043591499328613,
            "dev_nll": 2.2314493656158447,
            "dev_kl": 0.03218069062788873,
            "dev_objective": 2.2636300562437333
          },
          {
            "epoch": 120,
            "train_objective": 2.103750705718994,
            "dev_nll": 2.2305450439453125,
            "dev_kl": 0.03239799061890564,
            "dev_objective": 2.262943034564218
          },
          {
            "epoch": 121,
            "train_objective": 2.1031494140625,
            "dev_nll": 2.229651927947998,
            "dev_kl": 0.032613740688013364,
            "dev_objective": 2.262265668636011
          },
          {
            "epoch": 122,
            "train_objective": 2.102555274963379,
            "dev_nll": 2.228768825531006,
            "dev_kl": 0.03282805273239876,
            "dev_objective": 2.2615968782634046
          },
          {
            "epoch": 123,
            "train_objective": 2.1019680500030518,
            "dev_nll": 2.2278940677642822,
            "dev_kl": 0.03304125996674561,
            "dev_objective": 2.260935327731028
          },
          {
            "epoch": 124,
            "train_objective": 2.1013879776000977,
            "dev_nll": 2.2270257472991943,
            "dev_kl": 0.03325362755370612,
            "dev_objective": 2.2602793748529004
          },
          {
            "epoch": 125,
            "train_objective": 2.1008145809173584,
            "dev_nll": 2.226163864135742,
            "dev_kl": 0.03346530280795114,
            "dev_objective": 2.2596291669436934
          },
          {
            "epoch": 126,
            "train_objective": 2.100248336791992,
            "dev_nll": 2.2253103256225586,
            "dev_kl": 0.033676264136316136,
            "dev_objective": 2.258986589758875
          },
          {
            "epoch": 127,
            "train_objective": 2.09968900680542,
            "dev_nll": 2.2244653701782227,
            "dev_kl": 0.033886464144738816,
            "dev_objective": 2.2583518343229616
          },
          {
            "epoch": 128,
            "train_objective": 2.0991363525390625,
            "dev_nll": 2.223628044128418,
            "dev_kl": 0.03409579832793585,
            "dev_objective": 2.257723842456354
          },
          {
            "epoch": 129,
            "train_objective": 2.098590612411499,
            "dev_nll": 2.2227985858917236,
            "dev_kl": 0.03430422211996272,
            "dev_objective": 2.257102808011686
          },
          {
            "epoch": 130,
            "train_objective": 2.0980515480041504,
            "dev_nll": 2.2219769954681396,
            "dev_kl": 0.034511721966883936,
            "dev_objective": 2.2564887174350234
          },
          {
            "epoch": 131,
            "train_objective": 2.0975193977355957,
            "dev_nll": 2.2211649417877197,
            "dev_kl": 0.03471842208161815,
            "dev_objective": 2.255883363869338
          },
          {
            "epoch": 132,
            "train_objective": 2.096993923187256,
            "dev_nll": 2.220360517501831,
            "dev_kl": 0.0349244719557558,
            "dev_objective": 2.255284989457587
          },
          {
            "epoch": 133,
            "train_objective": 2.096475124359131,
            "dev_nll": 2.2195632457733154,
            "dev_kl": 0.03513007236746959,
            "dev_objective": 2.254693318140785
          },
          {
            "epoch": 134,
            "train_objective": 2.0959627628326416,
            "dev_nll": 2.2187716960906982,
            "dev_kl": 0.03533533336608783,
            "dev_objective": 2.254107029456786
          },
          {
            "epoch": 135,
            "train_objective": 2.095457077026367,
            "dev_nll": 2.217986583709717,
            "dev_kl": 0.035540230920765505,
            "dev_objective": 2.253526814630482
          },
          {
            "epoch": 136,
            "train_objective": 2.0949580669403076,
            "dev_nll": 2.217209577560425,
            "dev_kl": 0.03574464519178652,
            "dev_objective": 2.2529542227522112
          },
          {
            "epoch": 137,
            "train_objective": 2.0944652557373047,
            "dev_nll": 2.216440439224243,
            "dev_kl": 0.03594850059579908,
            "dev_objective": 2.252388939820042
          },
          {
            "epoch": 138,
            "train_objective": 2.0939791202545166,
            "dev_nll": 2.21567964553833,
            "dev_kl": 0.036151761943925054,
            "dev_objective": 2.251831407482255
          },
          {
            "epoch": 139,
            "train_objective": 2.093499183654785,
            "dev_nll": 2.2149250507354736,
            "dev_kl": 0.036354517102154205,
            "dev_objective": 2.251279567837628
          },
          {
            "epoch": 140,
            "train_objective": 2.0930263996124268,
            "dev_nll": 2.2141780853271484,
            "dev_kl": 0.03655686957321332,
            "dev_objective": 2.250734954900362
          },
          {
            "epoch": 141,
            "train_objective": 2.0925590991973877,
            "dev_nll": 2.213437795639038,
            "dev_kl": 0.0367589102023621,
            "dev_objective": 2.2501967058414003
          },
          {
            "epoch": 142,
            "train_objective": 2.0920984745025635,
            "dev_nll": 2.21270489692688,
            "dev_kl": 0.03696069960701167,
            "dev_objective": 2.2496655965338914
          },
          {
            "epoch": 143,
            "train_objective": 2.091644048690796,
            "dev_nll": 2.211977958679199,
            "dev_kl": 0.037162299369459015,
            "dev_objective": 2.249140258048658
          },
          {
            "epoch": 144,
            "train_objective": 2.091196298599243,
            "dev_nll": 2.2112576961517334,
            "dev_kl": 0.03736365558342509,
            "dev_objective": 2.2486213517351583
          },
          {
            "epoch": 145,
            "train_objective": 2.090754270553589,
            "dev_nll": 2.2105441093444824,
            "dev_kl": 0.03756472171188498,
            "dev_objective": 2.2481088310563675
          },
          {
            "epoch": 146,
            "train_objective": 2.0903186798095703,
            "dev_nll": 2.2098379135131836,
            "dev_kl": 0.037765389630470554,
            "dev_objective": 2.247603303143654
          },
          {
            "epoch": 147,
            "train_objective": 2.08988881111145,
            "dev_nll": 2.209138870239258,
            "dev_kl": 0.03796568757130562,
            "dev_objective": 2.2471045578105633
          },
          {
            "epoch": 148,
            "train_objective": 2.089465379714966,
            "dev_nll": 2.208447217941284,
            "dev_kl": 0.03816571714208206,
            "dev_objective": 2.246612935083366
          },
          {
            "epoch": 149,
            "train_objective": 2.089047908782959,
            "dev_nll": 2.207761287689209,
            "dev_kl": 0.03836553007767502,
            "dev_objective": 2.246126817766884
          },
          {
            "epoch": 150,
            "train_objective": 2.0886363983154297,
            "dev_nll": 2.2070817947387695,
            "dev_kl": 0.038565195803159674,
            "dev_objective": 2.245646990541929
          },
          {
            "epoch": 151,
            "train_objective": 2.088230609893799,
            "dev_nll": 2.2064085006713867,
            "dev_kl": 0.0387647280681009,
            "dev_objective": 2.2451732287394877
          },
          {
            "epoch": 152,
            "train_objective": 2.0878310203552246,
            "dev_nll": 2.205742120742798,
            "dev_kl": 0.03896409993860523,
            "dev_objective": 2.2447062206814032
          },
          {
            "epoch": 153,
            "train_objective": 2.0874369144439697,
            "dev_nll": 2.2050817012786865,
            "dev_kl": 0.03916328231189841,
            "dev_objective": 2.244244983590585
          },
          {
            "epoch": 154,
            "train_objective": 2.0870490074157715,
            "dev_nll": 2.20442795753479,
            "dev_kl": 0.039362233265731655,
            "dev_objective": 2.2437901908005218
          },
          {
            "epoch": 155,
            "train_objective": 2.0866668224334717,
            "dev_nll": 2.203780174255371,
            "dev_kl": 0.039560937653614896,
            "dev_objective": 2.243341111908986
          },
          {
            "epoch": 156,
            "train_objective": 2.086290121078491,
            "dev_nll": 2.2031397819519043,
            "dev_kl": 0.03975943152656856,
            "dev_objective": 2.2428992134784727
          },
          {
            "epoch": 157,
            "train_objective": 2.0859193801879883,
            "dev_nll": 2.202505111694336,
            "dev_kl": 0.03995772107211979,
            "dev_objective": 2.2424628327664555
          },
          {
            "epoch": 158,
            "train_objective": 2.0855538845062256,
            "dev_nll": 2.201876640319824,
            "dev_kl": 0.040155920218210434,
            "dev_objective": 2.2420325605380347
          },
          {
            "epoch": 159,
            "train_objective": 2.0851943492889404,
            "dev_nll": 2.20125412940979,
            "dev_kl": 0.0403540304825231,
            "dev_objective": 2.241608159892313
          },
          {
            "epoch": 160,
            "train_objective": 2.0848400592803955,
            "dev_nll": 2.200637102127075,
            "dev_kl": 0.04055201483817889,
            "dev_objective": 2.2411891169652542
          },
          {
            "epoch": 161,
            "train_objective": 2.08449125289917,
            "dev_nll": 2.200026273727417,
            "dev_kl": 0.04074985961336009,
            "dev_objective": 2.240776133340777
          },
          {
            "epoch": 162,
            "train_objective": 2.0841479301452637,
            "dev_nll": 2.1994218826293945,
            "dev_kl": 0.04094749886732438,
            "dev_objective": 2.240369381496719
          },
          {
            "epoch": 163,
            "train_objective": 2.0838100910186768,
            "dev_nll": 2.1988232135772705,
            "dev_kl": 0.04114495973678253,
            "dev_objective": 2.239968173314053
          },
          {
            "epoch": 164,
            "train_objective": 2.083477258682251,
            "dev_nll": 2.198230504989624,
            "dev_kl": 0.04134223343820879,
            "dev_objective": 2.239572738427833
          },
          {
            "epoch": 165,
            "train_objective": 2.0831499099731445,
            "dev_nll": 2.197643995285034,
            "dev_kl": 0.04153933234791903,
            "dev_objective": 2.2391833276329534
          },
          {
            "epoch": 166,
            "train_objective": 2.0828280448913574,
            "dev_nll": 2.1970627307891846,
            "dev_kl": 0.041736299318421106,
            "dev_objective": 2.2387990301076055
          },
          {
            "epoch": 167,
            "train_objective": 2.0825109481811523,
            "dev_nll": 2.1964874267578125,
            "dev_kl": 0.04193313984577315,
            "dev_objective": 2.2384205666035855
          },
          {
            "epoch": 168,
            "train_objective": 2.0821988582611084,
            "dev_nll": 2.1959173679351807,
            "dev_kl": 0.042129842628949726,
            "dev_objective": 2.2380472105641305
          },
          {
            "epoch": 169,
            "train_objective": 2.081892251968384,
            "dev_nll": 2.195352792739868,
            "dev_kl": 0.04232638066149218,
            "dev_objective": 2.2376791734013604
          },
          {
            "epoch": 170,
            "train_objective": 2.081590175628662,
            "dev_nll": 2.194794178009033,
            "dev_kl": 0.04252271761182665,
            "dev_objective": 2.23731689562086
          },
          {
            "epoch": 171,
            "train_objective": 2.0812933444976807,
            "dev_nll": 2.1942412853240967,
            "dev_kl": 0.04271880226800814,
            "dev_objective": 2.236960087592105
          },
          {
            "epoch": 172,
            "train_objective": 2.0810015201568604,
            "dev_nll": 2.1936941146850586,
            "dev_kl": 0.04291468080822186,
            "dev_objective": 2.2366087954932805
          },
          {
            "epoch": 173,
            "train_objective": 2.080714464187622,
            "dev_nll": 2.1931521892547607,
            "dev_kl": 0.04311032549274739,
            "dev_objective": 2.236262514747508
          },
          {
            "epoch": 174,
            "train_objective": 2.080432176589966,
            "dev_nll": 2.192615270614624,
            "dev_kl": 0.04330577639047401,
            "dev_objective": 2.235921047005098
          },
          {
            "epoch": 175,
            "train_objective": 2.0801546573638916,
            "dev_nll": 2.1920840740203857,
            "dev_kl": 0.0435010030163422,
            "dev_objective": 2.235585077036728
          },
          {
            "epoch": 176,
            "train_objective": 2.0798819065093994,
            "dev_nll": 2.191558599472046,
            "dev_kl": 0.043695989184925565,
            "dev_objective": 2.2352545886569715
          },
          {
            "epoch": 177,
            "train_objective": 2.079613447189331,
            "dev_nll": 2.191037893295288,
            "dev_kl": 0.04389074311456493,
            "dev_objective": 2.234928636409853
          },
          {
            "epoch": 178,
            "train_objective": 2.079349994659424,
            "dev_nll": 2.1905224323272705,
            "dev_kl": 0.04408519897867424,
            "dev_objective": 2.234607631305945
          },
          {
            "epoch": 179,
            "train_objective": 2.0790908336639404,
            "dev_nll": 2.1900124549865723,
            "dev_kl": 0.04427931692137668,
            "dev_objective": 2.234291771907949
          },
          {
            "epoch": 180,
            "train_objective": 2.07883620262146,
            "dev_nll": 2.189507484436035,
            "dev_kl": 0.04447314537878077,
            "dev_objective": 2.2339806298148157
          },
          {
            "epoch": 181,
            "train_objective": 2.0785858631134033,
            "dev_nll": 2.1890084743499756,
            "dev_kl": 0.04466664420649449,
            "dev_objective": 2.2336751185564703
          },
          {
            "epoch": 182,
            "train_objective": 2.0783400535583496,
            "dev_nll": 2.188513994216919,
            "dev_kl": 0.04485982215708411,
            "dev_objective": 2.233373816374003
          },
          {
            "epoch": 183,
            "train_objective": 2.078098773956299,
            "dev_nll": 2.1880245208740234,
            "dev_kl": 0.045052665172636716,
            "dev_objective": 2.23307718604666
          },
          {
            "epoch": 184,
            "train_objective": 2.0778613090515137,
            "dev_nll": 2.18753981590271,
            "dev_kl": 0.04524518392797965,
            "dev_objective": 2.2327849998306895
          },
          {
            "epoch": 185,
            "train_objective": 2.0776283740997314,
            "dev_nll": 2.1870603561401367,
            "dev_kl": 0.04543732607424083,
            "dev_objective": 2.2324976822143774
          },
          {
            "epoch": 186,
            "train_objective": 2.077399492263794,
            "dev_nll": 2.1865859031677246,
            "dev_kl": 0.04562907231998144,
            "dev_objective": 2.232214975487706
          },
          {
            "epoch": 187,
            "train_objective": 2.077174663543701,
            "dev_nll": 2.1861166954040527,
            "dev_kl": 0.04582041615996728,
            "dev_objective": 2.23193711156402
          },
          {
            "epoch": 188,
            "train_objective": 2.076953887939453,
            "dev_nll": 2.185652017593384,
            "dev_kl": 0.046011314113251676,
            "dev_objective": 2.2316633317066357
          },
          {
            "epoch": 189,
            "train_objective": 2.076737403869629,
            "dev_nll": 2.185192584991455,
            "dev_kl": 0.04620178533713765,
            "dev_objective": 2.2313943703285926
          },
          {
            "epoch": 190,
            "train_objective": 2.076524496078491,
            "dev_nll": 2.18473744392395,
            "dev_kl": 0.04639183173088485,
            "dev_objective": 2.231129275654835
          },
          {
            "epoch": 191,
            "train_objective": 2.0763156414031982,
            "dev_nll": 2.1842870712280273,
            "dev_kl": 0.04658142956231454,
            "dev_objective": 2.2308685007903417
          },
          {
            "epoch": 192,
            "train_objective": 2.076110363006592,
            "dev_nll": 2.1838414669036865,
            "dev_kl": 0.046770583323509085,
            "dev_objective": 2.2306120502271956
          },
          {
            "epoch": 193,
            "train_objective": 2.07590913772583,
            "dev_nll": 2.183400869369507,
            "dev_kl": 0.046959240133395315,
            "dev_objective": 2.230360109502902
          },
          {
            "epoch": 194,
            "train_objective": 2.075711727142334,
            "dev_nll": 2.182964563369751,
            "dev_kl": 0.047147408675241864,
            "dev_objective": 2.230111972044993
          },
          {
            "epoch": 195,
            "train_objective": 2.0755176544189453,
            "dev_nll": 2.182533025741577,
            "dev_kl": 0.047335038227174664,
            "dev_objective": 2.229868063968752
          },
          {
            "epoch": 196,
            "train_objective": 2.0753276348114014,
            "dev_nll": 2.1821060180664062,
            "dev_kl": 0.04752213512725693,
            "dev_objective": 2.229628153193663
          },
          {
            "epoch": 197,
            "train_objective": 2.0751407146453857,
            "dev_nll": 2.1816837787628174,
            "dev_kl": 0.04770867931872471,
            "dev_objective": 2.2293924580815423
          },
          {
            "epoch": 198,
            "train_objective": 2.0749576091766357,
            "dev_nll": 2.1812660694122314,
            "dev_kl": 0.047894690480578934,
            "dev_objective": 2.2291607598928103
          },
          {
            "epoch": 199,
            "train_objective": 2.074777841567993,
            "dev_nll": 2.1808524131774902,
            "dev_kl": 0.048080138435668024,
            "dev_objective": 2.228932551613158
          },
          {
            "epoch": 200,
            "train_objective": 2.074601650238037,
            "dev_nll": 2.180443286895752,
            "dev_kl": 0.04826501451480585,
            "dev_objective": 2.228708301410558
          },
          {
            "epoch": 201,
            "train_objective": 2.0744285583496094,
            "dev_nll": 2.1800384521484375,
            "dev_kl": 0.04844928217836798,
            "dev_objective": 2.2284877343268055
          },
          {
            "epoch": 202,
            "train_objective": 2.0742592811584473,
            "dev_nll": 2.179638385772705,
            "dev_kl": 0.0486329218361906,
            "dev_objective": 2.2282713076088956
          },
          {
            "epoch": 203,
            "train_objective": 2.0740928649902344,
            "dev_nll": 2.1792423725128174,
            "dev_kl": 0.048815937894218106,
            "dev_objective": 2.2280583104070355
          },
          {
            "epoch": 204,
            "train_objective": 2.073929786682129,
            "dev_nll": 2.1788504123687744,
            "dev_kl": 0.04899830988870235,
            "dev_objective": 2.2278487222574768
          },
          {
            "epoch": 205,
            "train_objective": 2.073770046234131,
            "dev_nll": 2.1784627437591553,
            "dev_kl": 0.049180010997060306,
            "dev_objective": 2.2276427547562156
          },
          {
            "epoch": 206,
            "train_objective": 2.073612928390503,
            "dev_nll": 2.178079843521118,
            "dev_kl": 0.04936106051571833,
            "dev_objective": 2.2274409040368366
          },
          {
            "epoch": 207,
            "train_objective": 2.0734596252441406,
            "dev_nll": 2.1777007579803467,
            "dev_kl": 0.04954143032744234,
            "dev_objective": 2.227242188307789
          },
          {
            "epoch": 208,
            "train_objective": 2.0733087062835693,
            "dev_nll": 2.177325487136841,
            "dev_kl": 0.04972109692560832,
            "dev_objective": 2.227046584062449
          },
          {
            "epoch": 209,
            "train_objective": 2.0731608867645264,
            "dev_nll": 2.176954984664917,
            "dev_kl": 0.049900049964508655,
            "dev_objective": 2.2268550346294256
          },
          {
            "epoch": 210,
            "train_objective": 2.0730159282684326,
            "dev_nll": 2.1765880584716797,
            "dev_kl": 0.050078273429056526,
            "dev_objective": 2.226666331900736
          },
          {
            "epoch": 211,
            "train_objective": 2.072874069213867,
            "dev_nll": 2.176225185394287,
            "dev_kl": 0.05025575851346554,
            "dev_objective": 2.226480943907753
          },
          {
            "epoch": 212,
            "train_objective": 2.072734832763672,
            "dev_nll": 2.1758668422698975,
            "dev_kl": 0.05043248859569318,
            "dev_objective": 2.2262993308655905
          },
          {
            "epoch": 213,
            "train_objective": 2.072598695755005,
            "dev_nll": 2.1755120754241943,
            "dev_kl": 0.05060845489271976,
            "dev_objective": 2.2261205303169143
          },
          {
            "epoch": 214,
            "train_objective": 2.072465181350708,
            "dev_nll": 2.175161123275757,
            "dev_kl": 0.0507836552097879,
            "dev_objective": 2.2259447784855446
          },
          {
            "epoch": 215,
            "train_objective": 2.0723342895507812,
            "dev_nll": 2.174813985824585,
            "dev_kl": 0.05095805867383587,
            "dev_objective": 2.225772044498421
          },
          {
            "epoch": 216,
            "train_objective": 2.0722060203552246,
            "dev_nll": 2.174470901489258,
            "dev_kl": 0.0511316946330255,
            "dev_objective": 2.2256025961222834
          },
          {
            "epoch": 217,
            "train_objective": 2.072080373764038,
            "dev_nll": 2.174131393432617,
            "dev_kl": 0.051304491694017705,
            "dev_objective": 2.2254358851266347
          },
          {
            "epoch": 218,
            "train_objective": 2.0719573497772217,
            "dev_nll": 2.1737961769104004,
            "dev_kl": 0.05147647592445625,
            "dev_objective": 2.2252726528348568
          },
          {
            "epoch": 219,
            "train_objective": 2.0718369483947754,
            "dev_nll": 2.173464298248291,
            "dev_kl": 0.051647624100892686,
            "dev_objective": 2.2251119223491838
          },
          {
            "epoch": 220,
            "train_objective": 2.07171893119812,
            "dev_nll": 2.1731364727020264,
            "dev_kl": 0.05181792289353795,
            "dev_objective": 2.224954395595564
          },
          {
            "epoch": 221,
            "train_objective": 2.071603298187256,
            "dev_nll": 2.1728122234344482,
            "dev_kl": 0.05198738490200354,
            "dev_objective": 2.224799608336452
          },
          {
            "epoch": 222,
            "train_objective": 2.0714900493621826,
            "dev_nll": 2.1724915504455566,
            "dev_kl": 0.05215595996536825,
            "dev_objective": 2.2246475104109247
          },
          {
            "epoch": 223,
            "train_objective": 2.0713791847229004,
            "dev_nll": 2.1721744537353516,
            "dev_kl": 0.05232368270662846,
            "dev_objective": 2.22449813644198
          },
          {
            "epoch": 224,
            "train_objective": 2.07127046585083,
            "dev_nll": 2.171860694885254,
            "dev_kl": 0.052490532529191114,
            "dev_objective": 2.224351227414445
          },
          {
            "epoch": 225,
            "train_objective": 2.07116436958313,
            "dev_nll": 2.17155122756958,
            "dev_kl": 0.052656476318530154,
            "dev_objective": 2.2242077038881103
          },
          {
            "epoch": 226,
            "train_objective": 2.0710604190826416,
            "dev_nll": 2.1712446212768555,
            "dev_kl": 0.052821515073094724,
            "dev_objective": 2.22406613634995
          },
          {
            "epoch": 227,
            "train_objective": 2.070958375930786,
            "dev_nll": 2.1709418296813965,
            "dev_kl": 0.052985657575435094,
            "dev_objective": 2.2239274872568315
          },
          {
            "epoch": 228,
            "train_objective": 2.0708584785461426,
            "dev_nll": 2.170642375946045,
            "dev_kl": 0.053148878842964015,
            "dev_objective": 2.223791254789009
          },
          {
            "epoch": 229,
            "train_objective": 2.07076096534729,
            "dev_nll": 2.17034649848938,
            "dev_kl": 0.053311173105847105,
            "dev_objective": 2.223657671595227
          },
          {
            "epoch": 230,
            "train_objective": 2.0706653594970703,
            "dev_nll": 2.170053720474243,
            "dev_kl": 0.053472536617435604,
            "dev_objective": 2.2235262570916787
          },
          {
            "epoch": 231,
            "train_objective": 2.0705718994140625,
            "dev_nll": 2.169764518737793,
            "dev_kl": 0.05363295355745058,
            "dev_objective": 2.2233974722952436
          },
          {
            "epoch": 232,
            "train_objective": 2.0704805850982666,
            "dev_nll": 2.16947865486145,
            "dev_kl": 0.05379246500289751,
            "dev_objective": 2.2232711198643478
          },
          {
            "epoch": 233,
            "train_objective": 2.0703909397125244,
            "dev_nll": 2.169196128845215,
            "dev_kl": 0.05395097395915899,
            "dev_objective": 2.223147102804374
          },
          {
            "epoch": 234,
            "train_objective": 2.070303440093994,
            "dev_nll": 2.168916940689087,
            "dev_kl": 0.05410853405426737,
            "dev_objective": 2.223025474743354
          },
          {
            "epoch": 235,
            "train_objective": 2.0702173709869385,
            "dev_nll": 2.168640613555908,
            "dev_kl": 0.054265114699862144,
            "dev_objective": 2.2229057282557703
          },
          {
            "epoch": 236,
            "train_objective": 2.070133686065674,
            "dev_nll": 2.168367862701416,
            "dev_kl": 0.054420732530660085,
            "dev_objective": 2.222788595232076
          },
          {
            "epoch": 237,
            "train_objective": 2.070051431655884,
            "dev_nll": 2.168097972869873,
            "dev_kl": 0.05457538318296429,
            "dev_objective": 2.2226733560528373
          },
          {
            "epoch": 238,
            "train_objective": 2.0699710845947266,
            "dev_nll": 2.1678314208984375,
            "dev_kl": 0.05472902928229286,
            "dev_objective": 2.2225604501807306
          },
          {
            "epoch": 239,
            "train_objective": 2.069892644882202,
            "dev_nll": 2.1675679683685303,
            "dev_kl": 0.05488170573117977,
            "dev_objective": 2.22244967409971
          },
          {
            "epoch": 240,
            "train_objective": 2.0698156356811523,
            "dev_nll": 2.1673076152801514,
            "dev_kl": 0.05503337763554056,
            "dev_objective": 2.222340992915692
          },
          {
            "epoch": 241,
            "train_objective": 2.0697405338287354,
            "dev_nll": 2.167050361633301,
            "dev_kl": 0.055184055074219474,
            "dev_objective": 2.2222344167075203
          },
          {
            "epoch": 242,
            "train_objective": 2.069667100906372,
            "dev_nll": 2.1667957305908203,
            "dev_kl": 0.055333711077588714,
            "dev_objective": 2.222129441668409
          },
          {
            "epoch": 243,
            "train_objective": 2.0695953369140625,
            "dev_nll": 2.1665446758270264,
            "dev_kl": 0.055482386186579996,
            "dev_objective": 2.2220270620136064
          },
          {
            "epoch": 244,
            "train_objective": 2.0695250034332275,
            "dev_nll": 2.1662964820861816,
            "dev_kl": 0.055630029262242565,
            "dev_objective": 2.2219265113484243
          },
          {
            "epoch": 245,
            "train_objective": 2.069455862045288,
            "dev_nll": 2.166050910949707,
            "dev_kl": 0.05577665762205969,
            "dev_objective": 2.2218275685717668
          },
          {
            "epoch": 246,
            "train_objective": 2.0693891048431396,
            "dev_nll": 2.16580867767334,
            "dev_kl": 0.05592227437028346,
            "dev_objective": 2.2217309520436235
          },
          {
            "epoch": 247,
            "train_objective": 2.0693233013153076,
            "dev_nll": 2.1655685901641846,
            "dev_kl": 0.05606687156086405,
            "dev_objective": 2.2216354617250484
          },
          {
            "epoch": 248,
            "train_objective": 2.0692591667175293,
            "dev_nll": 2.1653318405151367,
            "dev_kl": 0.05621043231569216,
            "dev_objective": 2.221542272830829
          },
          {
            "epoch": 249,
            "train_objective": 2.0691962242126465,
            "dev_nll": 2.165097951889038,
            "dev_kl": 0.056352951753304355,
            "dev_objective": 2.2214509036423427
          },
          {
            "epoch": 250,
            "train_objective": 2.0691347122192383,
            "dev_nll": 2.1648666858673096,
            "dev_kl": 0.05649445941268031,
            "dev_objective": 2.2213611452799897
          },
          {
            "epoch": 251,
            "train_objective": 2.069074869155884,
            "dev_nll": 2.164638042449951,
            "dev_kl": 0.05663492722247141,
            "dev_objective": 2.2212729696724227
          },
          {
            "epoch": 252,
            "train_objective": 2.0690159797668457,
            "dev_nll": 2.164412498474121,
            "dev_kl": 0.056774376628914804,
            "dev_objective": 2.2211868751030357
          },
          {
            "epoch": 253,
            "train_objective": 2.0689587593078613,
            "dev_nll": 2.164189577102661,
            "dev_kl": 0.056912761946272615,
            "dev_objective": 2.221102339048934
          },
          {
            "epoch": 254,
            "train_objective": 2.0689027309417725,
            "dev_nll": 2.1639692783355713,
            "dev_kl": 0.05705013551754922,
            "dev_objective": 2.2210194138531203
          },
          {
            "epoch": 255,
            "train_objective": 2.068847894668579,
            "dev_nll": 2.1637516021728516,
            "dev_kl": 0.057186466875963,
            "dev_objective": 2.2209380690488145
          },
          {
            "epoch": 256,
            "train_objective": 2.0687942504882812,
            "dev_nll": 2.163536787033081,
            "dev_kl": 0.05732173926709595,
            "dev_objective": 2.220858526300177
          },
          {
            "epoch": 257,
            "train_objective": 2.068742036819458,
            "dev_nll": 2.1633243560791016,
            "dev_kl": 0.05745598612326918,
            "dev_objective": 2.220780342202371
          },
          {
            "epoch": 258,
            "train_objective": 2.068690776824951,
            "dev_nll": 2.163114309310913,
            "dev_kl": 0.057589188279610334,
            "dev_objective": 2.2207034975905233
          },
          {
            "epoch": 259,
            "train_objective": 2.06864070892334,
            "dev_nll": 2.162907361984253,
            "dev_kl": 0.0577213337490966,
            "dev_objective": 2.2206286957333496
          },
          {
            "epoch": 260,
            "train_objective": 2.068592071533203,
            "dev_nll": 2.1627023220062256,
            "dev_kl": 0.05785245414459026,
            "dev_objective": 2.220554776150816
          },
          {
            "epoch": 261,
            "train_objective": 2.068544387817383,
            "dev_nll": 2.1624999046325684,
            "dev_kl": 0.05798255654630221,
            "dev_objective": 2.2204824611788707
          },
          {
            "epoch": 262,
            "train_objective": 2.068497657775879,
            "dev_nll": 2.162299871444702,
            "dev_kl": 0.058111582484637055,
            "dev_objective": 2.2204114539293394
          },
          {
            "epoch": 263,
            "train_objective": 2.0684521198272705,
            "dev_nll": 2.162102699279785,
            "dev_kl": 0.05823956787043567,
            "dev_objective": 2.2203422671502206
          },
          {
            "epoch": 264,
            "train_objective": 2.0684075355529785,
            "dev_nll": 2.16190767288208,
            "dev_kl": 0.05836652453933399,
            "dev_objective": 2.220274197421414
          },
          {
            "epoch": 265,
            "train_objective": 2.068364381790161,
            "dev_nll": 2.161714792251587,
            "dev_kl": 0.058492448302023416,
            "dev_objective": 2.22020724055361
          },
          {
            "epoch": 266,
            "train_objective": 2.068321943283081,
            "dev_nll": 2.161524534225464,
            "dev_kl": 0.058617318285189776,
            "dev_objective": 2.2201418525106535
          },
          {
            "epoch": 267,
            "train_objective": 2.0682802200317383,
            "dev_nll": 2.161336898803711,
            "dev_kl": 0.058741146314611296,
            "dev_objective": 2.2200780451183224
          },
          {
            "epoch": 268,
            "train_objective": 2.068239688873291,
            "dev_nll": 2.161151170730591,
            "dev_kl": 0.058863963051173356,
            "dev_objective": 2.220015133781764
          },
          {
            "epoch": 269,
            "train_objective": 2.0682003498077393,
            "dev_nll": 2.1609675884246826,
            "dev_kl": 0.05898573390567758,
            "dev_objective": 2.21995332233036
          },
          {
            "epoch": 270,
            "train_objective": 2.0681614875793457,
            "dev_nll": 2.1607866287231445,
            "dev_kl": 0.05910647001292091,
            "dev_objective": 2.2198930987360654
          },
          {
            "epoch": 271,
            "train_objective": 2.0681240558624268,
            "dev_nll": 2.1606078147888184,
            "dev_kl": 0.05922618916355855,
            "dev_objective": 2.2198340039523767
          },
          {
            "epoch": 272,
            "train_objective": 2.068087100982666,
            "dev_nll": 2.160431146621704,
            "dev_kl": 0.05934485001583403,
            "dev_objective": 2.219775996637538
          },
          {
            "epoch": 273,
            "train_objective": 2.0680510997772217,
            "dev_nll": 2.1602566242218018,
            "dev_kl": 0.05946250784660562,
            "dev_objective": 2.2197191320684073
          },
          {
            "epoch": 274,
            "train_objective": 2.0680160522460938,
            "dev_nll": 2.1600844860076904,
            "dev_kl": 0.0595791387221975,
            "dev_objective": 2.219663624729888
          },
          {
            "epoch": 275,
            "train_objective": 2.067981719970703,
            "dev_nll": 2.159914016723633,
            "dev_kl": 0.05969474614586591,
            "dev_objective": 2.2196087628694987
          },
          {
            "epoch": 276,
            "train_objective": 2.067948341369629,
            "dev_nll": 2.1597461700439453,
            "dev_kl": 0.05980934373914234,
            "dev_objective": 2.219555513783088
          },
          {
            "epoch": 277,
            "train_objective": 2.067915439605713,
            "dev_nll": 2.1595799922943115,
            "dev_kl": 0.059922917869464014,
            "dev_objective": 2.2195029101637753
          },
          {
            "epoch": 278,
            "train_objective": 2.0678834915161133,
            "dev_nll": 2.1594161987304688,
            "dev_kl": 0.06003548392712424,
            "dev_objective": 2.219451682657593
          },
          {
            "epoch": 279,
            "train_objective": 2.06785249710083,
            "dev_nll": 2.159254550933838,
            "dev_kl": 0.06014702712291769,
            "dev_objective": 2.2194015780567558
          },
          {
            "epoch": 280,
            "train_objective": 2.067821979522705,
            "dev_nll": 2.15909481048584,
            "dev_kl": 0.060257566628053844,
            "dev_objective": 2.2193523771138937
          },
          {
            "epoch": 281,
            "train_objective": 2.0677921772003174,
            "dev_nll": 2.1589369773864746,
            "dev_kl": 0.060367115875124,
            "dev_objective": 2.2193040932615986
          },
          {
            "epoch": 282,
            "train_objective": 2.067763328552246,
            "dev_nll": 2.158781051635742,
            "dev_kl": 0.06047566462638638,
            "dev_objective": 2.2192567162621284
          },
          {
            "epoch": 283,
            "train_objective": 2.067734956741333,
            "dev_nll": 2.1586272716522217,
            "dev_kl": 0.06058320746946735,
            "dev_objective": 2.219210479121689
          },
          {
            "epoch": 284,
            "train_objective": 2.0677075386047363,
            "dev_nll": 2.158475637435913,
            "dev_kl": 0.060689755798047106,
            "dev_objective": 2.2191653932339603
          },
          {
            "epoch": 285,
            "train_objective": 2.067680597305298,
            "dev_nll": 2.158325433731079,
            "dev_kl": 0.06079534302097595,
            "dev_objective": 2.219120776752055
          },
          {
            "epoch": 286,
            "train_objective": 2.0676541328430176,
            "dev_nll": 2.158177375793457,
            "dev_kl": 0.06089991744515681,
            "dev_objective": 2.219077293238614
          },
          {
            "epoch": 287,
            "train_objective": 2.0676283836364746,
            "dev_nll": 2.1580312252044678,
            "dev_kl": 0.06100351348446096,
            "dev_objective": 2.219034738688929
          },
          {
            "epoch": 288,
            "train_objective": 2.067603588104248,
            "dev_nll": 2.1578869819641113,
            "dev_kl": 0.061106140746438366,
            "dev_objective": 2.2189931227105495
          },
          {
            "epoch": 289,
            "train_objective": 2.0675792694091797,
            "dev_nll": 2.1577441692352295,
            "dev_kl": 0.061207789022216366,
            "dev_objective": 2.218951958257446
          },
          {
            "epoch": 290,
            "train_objective": 2.0675551891326904,
            "dev_nll": 2.1576032638549805,
            "dev_kl": 0.061308501249333215,
            "dev_objective": 2.2189117651043135
          },
          {
            "epoch": 291,
            "train_objective": 2.0675318241119385,
            "dev_nll": 2.1574645042419434,
            "dev_kl": 0.06140820830478333,
            "dev_objective": 2.2188727125467267
          },
          {
            "epoch": 292,
            "train_objective": 2.067509174346924,
            "dev_nll": 2.15732741355896,
            "dev_kl": 0.061506975702227906,
            "dev_objective": 2.218834389261188
          },
          {
            "epoch": 293,
            "train_objective": 2.0674872398376465,
            "dev_nll": 2.1571919918060303,
            "dev_kl": 0.061604793386293516,
            "dev_objective": 2.218796785192324
          },
          {
            "epoch": 294,
            "train_objective": 2.0674655437469482,
            "dev_nll": 2.1570582389831543,
            "dev_kl": 0.06170165760258603,
            "dev_objective": 2.2187598965857402
          },
          {
            "epoch": 295,
            "train_objective": 2.067444324493408,
            "dev_nll": 2.156926393508911,
            "dev_kl": 0.061797575620491235,
            "dev_objective": 2.2187239691294023
          },
          {
            "epoch": 296,
            "train_objective": 2.0674238204956055,
            "dev_nll": 2.1567962169647217,
            "dev_kl": 0.06189254238016738,
            "dev_objective": 2.218688759344889
          },
          {
            "epoch": 297,
            "train_objective": 2.067403554916382,
            "dev_nll": 2.156667470932007,
            "dev_kl": 0.06198660308455733,
            "dev_objective": 2.2186540740165643
          },
          {
            "epoch": 298,
            "train_objective": 2.0673840045928955,
            "dev_nll": 2.1565403938293457,
            "dev_kl": 0.06207971646067416,
            "dev_objective": 2.21862011029002
          },
          {
            "epoch": 299,
            "train_objective": 2.0673649311065674,
            "dev_nll": 2.1564154624938965,
            "dev_kl": 0.06217190912444024,
            "dev_objective": 2.218587371618337
          }
        ]
      },
      {
        "kl_lambda": 3.0,
        "best_dev_nll": 2.247769355773926,
        "best_dev_kl": 0.017782650279836925,
        "best_dev_objective": 2.3011173066134365,
        "epochs_run": 300,
        "history": [
          {
            "epoch": 0,
            "train_objective": 2.275939702987671,
            "dev_nll": 2.4434633255004883,
            "dev_kl": 5.084744724069512e-05,
            "dev_objective": 2.4436158678422104
          },
          {
            "epoch": 1,
            "train_objective": 2.2730655670166016,
            "dev_nll": 2.4415395259857178,
            "dev_kl": 5.5724103382940924e-05,
            "dev_objective": 2.4417066982958664
          },
          {
            "epoch": 2,
            "train_objective": 2.2701456546783447,
            "dev_nll": 2.4381890296936035,
            "dev_kl": 7.968915578672867e-05,
            "dev_objective": 2.4384280971609638
          },
          {
            "epoch": 3,
            "train_objective": 2.2673630714416504,
            "dev_nll": 2.434063673019409,
            "dev_kl": 0.00010668104288279503,
            "dev_objective": 2.4343837161480577
          },
          {
            "epoch": 4,
            "train_objective": 2.264615774154663,
            "dev_nll": 2.4300589561462402,
            "dev_kl": 0.00016375564323865428,
            "dev_objective": 2.430550223075956
          },
          {
            "epoch": 5,
            "train_objective": 2.261965036392212,
            "dev_nll": 2.426750898361206,
            "dev_kl": 0.00024155279677342474,
            "dev_objective": 2.4274755567515265
          },
          {
            "epoch": 6,
            "train_objective": 2.259385108947754,
            "dev_nll": 2.4240880012512207,
            "dev_kl": 0.00032140370609751347,
            "dev_objective": 2.425052212369513
          },
          {
            "epoch": 7,
            "train_objective": 2.256845712661743,
            "dev_nll": 2.4218344688415527,
            "dev_kl": 0.00040530087933861536,
            "dev_objective": 2.4230503714795684
          },
          {
            "epoch": 8,
            "train_objective": 2.254368782043457,
            "dev_nll": 2.4196605682373047,
            "dev_kl": 0.000505348113898846,
            "dev_objective": 2.4211766125790013
          },
          {
            "epoch": 9,
            "train_objective": 2.251990795135498,
            "dev_nll": 2.417212963104248,
            "dev_kl": 0.000620548182092945,
            "dev_objective": 2.419074607650527
          },
          {
            "epoch": 10,
            "train_objective": 2.2496933937072754,
            "dev_nll": 2.414335250854492,
            "dev_kl": 0.0007415612640069148,
            "dev_objective": 2.416559934646513
          },
          {
            "epoch": 11,
            "train_objective": 2.2474329471588135,
            "dev_nll": 2.411123514175415,
            "dev_kl": 0.0008692889506575387,
            "dev_objective": 2.4137313810273877
          },
          {
            "epoch": 12,
            "train_objective": 2.245211124420166,
            "dev_nll": 2.4078001976013184,
            "dev_kl": 0.001011069446224522,
            "dev_objective": 2.410833405939992
          },
          {
            "epoch": 13,
            "train_objective": 2.2430598735809326,
            "dev_nll": 2.4046225547790527,
            "dev_kl": 0.0011659681813105107,
            "dev_objective": 2.4081204593229844
          },
          {
            "epoch": 14,
            "train_objective": 2.240985870361328,
            "dev_nll": 2.401780843734741,
            "dev_kl": 0.0013230819941165992,
            "dev_objective": 2.405750089717091
          },
          {
            "epoch": 15,
            "train_objective": 2.2389631271362305,
            "dev_nll": 2.399313449859619,
            "dev_kl": 0.0014755343985480948,
            "dev_objective": 2.4037400530552633
          },
          {
            "epoch": 16,
            "train_objective": 2.23697566986084,
            "dev_nll": 2.3971219062805176,
            "dev_kl": 0.001626013947902867,
            "dev_objective": 2.4019999481242262
          },
          {
            "epoch": 17,
            "train_objective": 2.2350335121154785,
            "dev_nll": 2.3950440883636475,
            "dev_kl": 0.001778603693544996,
            "dev_objective": 2.4003798994442826
          },
          {
            "epoch": 18,
            "train_objective": 2.2331488132476807,
            "dev_nll": 2.3929221630096436,
            "dev_kl": 0.0019340212664012083,
            "dev_objective": 2.3987242268088473
          },
          {
            "epoch": 19,
            "train_objective": 2.2313177585601807,
            "dev_nll": 2.39066219329834,
            "dev_kl": 0.0020929243740195696,
            "dev_objective": 2.3969409664203987
          },
          {
            "epoch": 20,
            "train_objective": 2.229534149169922,
            "dev_nll": 2.3882670402526855,
            "dev_kl": 0.0022581741861593457,
            "dev_objective": 2.3950415628111634
          },
          {
            "epoch": 21,
            "train_objective": 2.2277989387512207,
            "dev_nll": 2.3858165740966797,
            "dev_kl": 0.0024316578550966487,
            "dev_objective": 2.3931115476619698
          },
          {
            "epoch": 22,
            "train_objective": 2.2261123657226562,
            "dev_nll": 2.383408546447754,
            "dev_kl": 0.002611918630962816,
            "dev_objective": 2.3912443023406422
          },
          {
            "epoch": 23,
            "train_objective": 2.2244701385498047,
            "dev_nll": 2.3811094760894775,
            "dev_kl": 0.00279652579839392,
            "dev_objective": 2.389499053484659
          },
          {
            "epoch": 24,
            "train_objective": 2.222872495651245,
            "dev_nll": 2.378934860229492,
            "dev_kl": 0.002983762639198704,
            "dev_objective": 2.3878861481470883
          },
          {
            "epoch": 25,
            "train_objective": 2.2213244438171387,
            "dev_nll": 2.3768539428710938,
            "dev_kl": 0.0031714349317201506,
            "dev_objective": 2.386368247666254
          },
          {
            "epoch": 26,
            "train_objective": 2.219825506210327,
            "dev_nll": 2.37481951713562,
            "dev_kl": 0.0033565301049043963,
            "dev_objective": 2.3848891074503333
          },
          {
            "epoch": 27,
            "train_objective": 2.218367338180542,
            "dev_nll": 2.3728041648864746,
            "dev_kl": 0.0035380396691600197,
            "dev_objective": 2.383418283893955
          },
          {
            "epoch": 28,
            "train_objective": 2.2169442176818848,
            "dev_nll": 2.3708107471466064,
            "dev_kl": 0.0037181188197850604,
            "dev_objective": 2.3819651036059617
          },
          {
            "epoch": 29,
            "train_objective": 2.2155613899230957,
            "dev_nll": 2.36885929107666,
            "dev_kl": 0.00389960657365361,
            "dev_objective": 2.380558110797621
          },
          {
            "epoch": 30,
            "train_objective": 2.214221239089966,
            "dev_nll": 2.3669590950012207,
            "dev_kl": 0.004084148190691673,
            "dev_objective": 2.3792115395732956
          },
          {
            "epoch": 31,
            "train_objective": 2.212918281555176,
            "dev_nll": 2.36509370803833,
            "dev_kl": 0.004272877586821954,
            "dev_objective": 2.377912340798796
          },
          {
            "epoch": 32,
            "train_objective": 2.2116456031799316,
            "dev_nll": 2.3632242679595947,
            "dev_kl": 0.004466796078451162,
            "dev_objective": 2.3766246561949482
          },
          {
            "epoch": 33,
            "train_objective": 2.210404872894287,
            "dev_nll": 2.361314535140991,
            "dev_kl": 0.004665146176722051,
            "dev_objective": 2.375309973671157
          },
          {
            "epoch": 34,
            "train_objective": 2.209195613861084,
            "dev_nll": 2.3593556880950928,
            "dev_kl": 0.004864778750714087,
            "dev_objective": 2.373950024347235
          },
          {
            "epoch": 35,
            "train_objective": 2.2080163955688477,
            "dev_nll": 2.35738205909729,
            "dev_kl": 0.005061880556299471,
            "dev_objective": 2.3725677007661883
          },
          {
            "epoch": 36,
            "train_objective": 2.206864356994629,
            "dev_nll": 2.3554582595825195,
            "dev_kl": 0.00525323809931926,
            "dev_objective": 2.3712179738804773
          },
          {
            "epoch": 37,
            "train_objective": 2.2057390213012695,
            "dev_nll": 2.353644371032715,
            "dev_kl": 0.005436721367004793,
            "dev_objective": 2.3699545351337292
          },
          {
            "epoch": 38,
            "train_objective": 2.2046377658843994,
            "dev_nll": 2.3519606590270996,
            "dev_kl": 0.005612135709417353,
            "dev_objective": 2.3687970661553517
          },
          {
            "epoch": 39,
            "train_objective": 2.203558921813965,
            "dev_nll": 2.350374698638916,
            "dev_kl": 0.005781772496477295,
            "dev_objective": 2.367720016128348
          },
          {
            "epoch": 40,
            "train_objective": 2.2025022506713867,
            "dev_nll": 2.348816156387329,
            "dev_kl": 0.005948983140349869,
            "dev_objective": 2.366663105808379
          },
          {
            "epoch": 41,
            "train_objective": 2.201467990875244,
            "dev_nll": 2.3472166061401367,
            "dev_kl": 0.006115850626825235,
            "dev_objective": 2.3655641580206126
          },
          {
            "epoch": 42,
            "train_objective": 2.2004528045654297,
            "dev_nll": 2.3455488681793213,
            "dev_kl": 0.006282514699822998,
            "dev_objective": 2.3643964122787904
          },
          {
            "epoch": 43,
            "train_objective": 2.1994552612304688,
            "dev_nll": 2.3438408374786377,
            "dev_kl": 0.006447755448584024,
            "dev_objective": 2.36318410382439
          },
          {
            "epoch": 44,
            "train_objective": 2.1984739303588867,
            "dev_nll": 2.342158079147339,
            "dev_kl": 0.006608877000783856,
            "dev_objective": 2.3619847101496902
          },
          {
            "epoch": 45,
            "train_objective": 2.1975104808807373,
            "dev_nll": 2.340564012527466,
            "dev_kl": 0.006762446133859245,
            "dev_objective": 2.3608513509290434
          },
          {
            "epoch": 46,
            "train_objective": 2.1965627670288086,
            "dev_nll": 2.3390841484069824,
            "dev_kl": 0.006906110997783065,
            "dev_objective": 2.3598024814003318
          },
          {
            "epoch": 47,
            "train_objective": 2.1956286430358887,
            "dev_nll": 2.3376967906951904,
            "dev_kl": 0.007039969479533724,
            "dev_objective": 2.3588166991337918
          },
          {
            "epoch": 48,
            "train_objective": 2.1947081089019775,
            "dev_nll": 2.336350440979004,
            "dev_kl": 0.007166001574660186,
            "dev_objective": 2.3578484457029845
          },
          {
            "epoch": 49,
            "train_objective": 2.1938014030456543,
            "dev_nll": 2.3349993228912354,
            "dev_kl": 0.007286861975913898,
            "dev_objective": 2.356859908818977
          },
          {
            "epoch": 50,
            "train_objective": 2.1929070949554443,
            "dev_nll": 2.333625078201294,
            "dev_kl": 0.007405003426679139,
            "dev_objective": 2.3558400884813313
          },
          {
            "epoch": 51,
            "train_objective": 2.1920254230499268,
            "dev_nll": 2.332242965698242,
            "dev_kl": 0.007521806069088334,
            "dev_objective": 2.354808383905507
          },
          {
            "epoch": 52,
            "train_objective": 2.191155433654785,
            "dev_nll": 2.330881118774414,
            "dev_kl": 0.007637054406410654,
            "dev_objective": 2.353792281993646
          },
          {
            "epoch": 53,
            "train_objective": 2.1902968883514404,
            "dev_nll": 2.329559803009033,
            "dev_kl": 0.007749568373612654,
            "dev_objective": 2.352808508129871
          },
          {
            "epoch": 54,
            "train_objective": 2.1894495487213135,
            "dev_nll": 2.3282787799835205,
            "dev_kl": 0.007857987087317593,
            "dev_objective": 2.3518527412454735
          },
          {
            "epoch": 55,
            "train_objective": 2.1886134147644043,
            "dev_nll": 2.3270254135131836,
            "dev_kl": 0.007961194309539297,
            "dev_objective": 2.3509089964418015
          },
          {
            "epoch": 56,
            "train_objective": 2.187788486480713,
            "dev_nll": 2.3257877826690674,
            "dev_kl": 0.008058807937261244,
            "dev_objective": 2.349964206480851
          },
          {
            "epoch": 57,
            "train_objective": 2.186973810195923,
            "dev_nll": 2.3245677947998047,
            "dev_kl": 0.008151499444906105,
            "dev_objective": 2.349022293134523
          },
          {
            "epoch": 58,
            "train_objective": 2.1861696243286133,
            "dev_nll": 2.323374032974243,
            "dev_kl": 0.008240702928179093,
            "dev_objective": 2.3480961417587802
          },
          {
            "epoch": 59,
            "train_objective": 2.1853764057159424,
            "dev_nll": 2.322211742401123,
            "dev_kl": 0.008328001409902372,
            "dev_objective": 2.34719574663083
          },
          {
            "epoch": 60,
            "train_objective": 2.184593439102173,
            "dev_nll": 2.3210701942443848,
            "dev_kl": 0.008414738538821468,
            "dev_objective": 2.3463144098608493
          },
          {
            "epoch": 61,
            "train_objective": 2.183821201324463,
            "dev_nll": 2.319930076599121,
            "dev_kl": 0.008501574546126874,
            "dev_objective": 2.3454348002375016
          },
          {
            "epoch": 62,
            "train_objective": 2.1830592155456543,
            "dev_nll": 2.3187777996063232,
            "dev_kl": 0.008588098164182156,
            "dev_objective": 2.3445420940988697
          },
          {
            "epoch": 63,
            "train_objective": 2.182307720184326,
            "dev_nll": 2.317617654800415,
            "dev_kl": 0.008673168365813552,
            "dev_objective": 2.3436371598978556
          },
          {
            "epoch": 64,
            "train_objective": 2.1815664768218994,
            "dev_nll": 2.3164734840393066,
            "dev_kl": 0.00875538066376917,
            "dev_objective": 2.3427396260306144
          },
          {
            "epoch": 65,
            "train_objective": 2.180835723876953,
            "dev_nll": 2.315370559692383,
            "dev_kl": 0.008833934279767076,
            "dev_objective": 2.341872362531684
          },
          {
            "epoch": 66,
            "train_objective": 2.1801159381866455,
            "dev_nll": 2.3143181800842285,
            "dev_kl": 0.00890899555463787,
            "dev_objective": 2.3410451667481422
          },
          {
            "epoch": 67,
            "train_objective": 2.179405927658081,
            "dev_nll": 2.3133018016815186,
            "dev_kl": 0.008981851050198348,
            "dev_objective": 2.3402473548321137
          },
          {
            "epoch": 68,
            "train_objective": 2.1787068843841553,
            "dev_nll": 2.3122923374176025,
            "dev_kl": 0.009054126986278964,
            "dev_objective": 2.3394547183764396
          },
          {
            "epoch": 69,
            "train_objective": 2.17801833152771,
            "dev_nll": 2.3112683296203613,
            "dev_kl": 0.009126938012007984,
            "dev_objective": 2.338649143656385
          },
          {
            "epoch": 70,
            "train_objective": 2.177340269088745,
            "dev_nll": 2.3102293014526367,
            "dev_kl": 0.009200481111850334,
            "dev_objective": 2.337830744788188
          },
          {
            "epoch": 71,
            "train_objective": 2.176673412322998,
            "dev_nll": 2.309194803237915,
            "dev_kl": 0.00927406664484278,
            "dev_objective": 2.3370170031724435
          },
          {
            "epoch": 72,
            "train_objective": 2.1760165691375732,
            "dev_nll": 2.308187961578369,
            "dev_kl": 0.009346560674701675,
            "dev_objective": 2.336227643602474
          },
          {
            "epoch": 73,
            "train_objective": 2.175370931625366,
            "dev_nll": 2.307218313217163,
            "dev_kl": 0.009417221415670581,
            "dev_objective": 2.3354699774641747
          },
          {
            "epoch": 74,
            "train_objective": 2.1747357845306396,
            "dev_nll": 2.3062775135040283,
            "dev_kl": 0.00948604845677525,
            "dev_objective": 2.334735658874354
          },
          {
            "epoch": 75,
            "train_objective": 2.1741111278533936,
            "dev_nll": 2.305349111557007,
            "dev_kl": 0.009553768940320643,
            "dev_objective": 2.334010418377969
          },
          {
            "epoch": 76,
            "train_objective": 2.1734976768493652,
            "dev_nll": 2.304419755935669,
            "dev_kl": 0.009621388933268346,
            "dev_objective": 2.333283922735474
          },
          {
            "epoch": 77,
            "train_objective": 2.1728947162628174,
            "dev_nll": 2.30349063873291,
            "dev_kl": 0.00968973910975394,
            "dev_objective": 2.332559856062172
          },
          {
            "epoch": 78,
            "train_objective": 2.172302484512329,
            "dev_nll": 2.3025684356689453,
            "dev_kl": 0.009759148458303366,
            "dev_objective": 2.3318458810438556
          },
          {
            "epoch": 79,
            "train_objective": 2.1717209815979004,
            "dev_nll": 2.301658868789673,
            "dev_kl": 0.009829514665808904,
            "dev_objective": 2.3311474127870997
          },
          {
            "epoch": 80,
            "train_objective": 2.1711502075195312,
            "dev_nll": 2.300762414932251,
            "dev_kl": 0.009900395053973039,
            "dev_objective": 2.3304636000941703
          },
          {
            "epoch": 81,
            "train_objective": 2.1705901622772217,
            "dev_nll": 2.2998733520507812,
            "dev_kl": 0.009971333652379878,
            "dev_objective": 2.3297873530079207
          },
          {
            "epoch": 82,
            "train_objective": 2.1700408458709717,
            "dev_nll": 2.2989916801452637,
            "dev_kl": 0.01004204618889602,
            "dev_objective": 2.3291178187119517
          },
          {
            "epoch": 83,
            "train_objective": 2.169502019882202,
            "dev_nll": 2.298121452331543,
            "dev_kl": 0.010112542695776116,
            "dev_objective": 2.328459080418871
          },
          {
            "epoch": 84,
            "train_objective": 2.1689741611480713,
            "dev_nll": 2.297267436981201,
            "dev_kl": 0.010183219427187484,
            "dev_objective": 2.3278170952627635
          },
          {
            "epoch": 85,
            "train_objective": 2.168456554412842,
            "dev_nll": 2.2964282035827637,
            "dev_kl": 0.010254669065151604,
            "dev_objective": 2.3271922107782186
          },
          {
            "epoch": 86,
            "train_objective": 2.1679494380950928,
            "dev_nll": 2.2955963611602783,
            "dev_kl": 0.01032741280036017,
            "dev_objective": 2.326578599561359
          },
          {
            "epoch": 87,
            "train_objective": 2.167452812194824,
            "dev_nll": 2.294762134552002,
            "dev_kl": 0.010401622702286863,
            "dev_objective": 2.3259670026588624
          },
          {
            "epoch": 88,
            "train_objective": 2.166966438293457,
            "dev_nll": 2.293924570083618,
            "dev_kl": 0.010477006447716474,
            "dev_objective": 2.3253555894267675
          },
          {
            "epoch": 89,
            "train_objective": 2.1664907932281494,
            "dev_nll": 2.2930920124053955,
            "dev_kl": 0.010553056853114544,
            "dev_objective": 2.324751182964739
          },
          {
            "epoch": 90,
            "train_objective": 2.166024923324585,
            "dev_nll": 2.2922754287719727,
            "dev_kl": 0.010629255237055928,
            "dev_objective": 2.3241631944831402
          },
          {
            "epoch": 91,
            "train_objective": 2.165569543838501,
            "dev_nll": 2.2914795875549316,
            "dev_kl": 0.010705522318711436,
            "dev_objective": 2.323596154511066
          },
          {
            "epoch": 92,
            "train_objective": 2.1651244163513184,
            "dev_nll": 2.290698289871216,
            "dev_kl": 0.010782111743361794,
            "dev_objective": 2.3230446251013013
          },
          {
            "epoch": 93,
            "train_objective": 2.164689064025879,
            "dev_nll": 2.2899210453033447,
            "dev_kl": 0.01085954057036302,
            "dev_objective": 2.322499667014434
          },
          {
            "epoch": 94,
            "train_objective": 2.164263963699341,
            "dev_nll": 2.2891414165496826,
            "dev_kl": 0.010938195707504131,
            "dev_objective": 2.321956003672195
          },
          {
            "epoch": 95,
            "train_objective": 2.1638481616973877,
            "dev_nll": 2.2883617877960205,
            "dev_kl": 0.01101805410707452,
            "dev_objective": 2.321415950117244
          },
          {
            "epoch": 96,
            "train_objective": 2.163442611694336,
            "dev_nll": 2.2875897884368896,
            "dev_kl": 0.01109880170183568,
            "dev_objective": 2.3208861935423966
          },
          {
            "epoch": 97,
            "train_objective": 2.1630468368530273,
            "dev_nll": 2.286831855773926,
            "dev_kl": 0.011180037089352187,
            "dev_objective": 2.3203719670419822
          },
          {
            "epoch": 98,
            "train_objective": 2.1626601219177246,
            "dev_nll": 2.2860872745513916,
            "dev_kl": 0.011261465098575554,
            "dev_objective": 2.3198716698471182
          },
          {
            "epoch": 99,
            "train_objective": 2.162283420562744,
            "dev_nll": 2.2853522300720215,
            "dev_kl": 0.011343034019098981,
            "dev_objective": 2.3193813321293186
          },
          {
            "epoch": 100,
            "train_objective": 2.1619160175323486,
            "dev_nll": 2.28462290763855,
            "dev_kl": 0.01142491294828482,
            "dev_objective": 2.3188976464834044
          },
          {
            "epoch": 101,
            "train_objective": 2.161557674407959,
            "dev_nll": 2.2838997840881348,
            "dev_kl": 0.011507316417273908,
            "dev_objective": 2.3184217333399566
          },
          {
            "epoch": 102,
            "train_objective": 2.1612091064453125,
            "dev_nll": 2.2831850051879883,
            "dev_kl": 0.011590415967504904,
            "dev_objective": 2.317956253090503
          },
          {
            "epoch": 103,
            "train_objective": 2.1608688831329346,
            "dev_nll": 2.2824788093566895,
            "dev_kl": 0.011674207719718856,
            "dev_objective": 2.317501432515846
          },
          {
            "epoch": 104,
            "train_objective": 2.1605381965637207,
            "dev_nll": 2.2817797660827637,
            "dev_kl": 0.011758542722682544,
            "dev_objective": 2.3170553942508114
          },
          {
            "epoch": 105,
            "train_objective": 2.1602160930633545,
            "dev_nll": 2.2810873985290527,
            "dev_kl": 0.011843181366730864,
            "dev_objective": 2.316616942629245
          },
          {
            "epoch": 106,
            "train_objective": 2.159902572631836,
            "dev_nll": 2.2804019451141357,
            "dev_kl": 0.011927865535037727,
            "dev_objective": 2.316185541719249
          },
          {
            "epoch": 107,
            "train_objective": 2.159597635269165,
            "dev_nll": 2.2797276973724365,
            "dev_kl": 0.012012512011889128,
            "dev_objective": 2.315765233408104
          },
          {
            "epoch": 108,
            "train_objective": 2.159301519393921,
            "dev_nll": 2.279066324234009,
            "dev_kl": 0.012097204804934248,
            "dev_objective": 2.3153579386488117
          },
          {
            "epoch": 109,
            "train_objective": 2.159013509750366,
            "dev_nll": 2.278414726257324,
            "dev_kl": 0.012182127242399034,
            "dev_objective": 2.314961107984521
          },
          {
            "epoch": 110,
            "train_objective": 2.15873384475708,
            "dev_nll": 2.277768850326538,
            "dev_kl": 0.012267462067763019,
            "dev_objective": 2.314571236529827
          },
          {
            "epoch": 111,
            "train_objective": 2.1584625244140625,
            "dev_nll": 2.2771265506744385,
            "dev_kl": 0.01235314841101025,
            "dev_objective": 2.314185995907469
          },
          {
            "epoch": 112,
            "train_objective": 2.158198833465576,
            "dev_nll": 2.276489019393921,
            "dev_kl": 0.012439060983641895,
            "dev_objective": 2.3138062023448467
          },
          {
            "epoch": 113,
            "train_objective": 2.1579430103302,
            "dev_nll": 2.275861978530884,
            "dev_kl": 0.012524897040616306,
            "dev_objective": 2.3134366696527326
          },
          {
            "epoch": 114,
            "train_objective": 2.1576952934265137,
            "dev_nll": 2.275247812271118,
            "dev_kl": 0.012610506154575683,
            "dev_objective": 2.3130793307348454
          },
          {
            "epoch": 115,
            "train_objective": 2.1574547290802,
            "dev_nll": 2.2746448516845703,
            "dev_kl": 0.012695846377379982,
            "dev_objective": 2.31273239081671
          },
          {
            "epoch": 116,
            "train_objective": 2.157222032546997,
            "dev_nll": 2.2740495204925537,
            "dev_kl": 0.012781026619948887,
            "dev_objective": 2.3123926003524002
          },
          {
            "epoch": 117,
            "train_objective": 2.156996250152588,
            "dev_nll": 2.2734599113464355,
            "dev_kl": 0.012866161896718334,
            "dev_objective": 2.3120583970365907
          },
          {
            "epoch": 118,
            "train_objective": 2.156777858734131,
            "dev_nll": 2.2728769779205322,
            "dev_kl": 0.012951255624997313,
            "dev_objective": 2.311730744795524
          },
          {
            "epoch": 119,
            "train_objective": 2.1565661430358887,
            "dev_nll": 2.2723026275634766,
            "dev_kl": 0.01303620292801974,
            "dev_objective": 2.311411236347536
          },
          {
            "epoch": 120,
            "train_objective": 2.1563618183135986,
            "dev_nll": 2.2717387676239014,
            "dev_kl": 0.013120849900780461,
            "dev_objective": 2.311101317326243
          },
          {
            "epoch": 121,
            "train_objective": 2.1561641693115234,
            "dev_nll": 2.2711846828460693,
            "dev_kl": 0.01320501446231916,
            "dev_objective": 2.310799726233027
          },
          {
            "epoch": 122,
            "train_objective": 2.155972957611084,
            "dev_nll": 2.2706387042999268,
            "dev_kl": 0.01328863509550707,
            "dev_objective": 2.310504609586448
          },
          {
            "epoch": 123,
            "train_objective": 2.1557881832122803,
            "dev_nll": 2.2701022624969482,
            "dev_kl": 0.01337170154122378,
            "dev_objective": 2.3102173671206194
          },
          {
            "epoch": 124,
            "train_objective": 2.1556098461151123,
            "dev_nll": 2.2695751190185547,
            "dev_kl": 0.013454288831355606,
            "dev_objective": 2.3099379855126214
          },
          {
            "epoch": 125,
            "train_objective": 2.155437707901001,
            "dev_nll": 2.269057273864746,
            "dev_kl": 0.013536432457693726,
            "dev_objective": 2.3096665712378273
          },
          {
            "epoch": 126,
            "train_objective": 2.155271530151367,
            "dev_nll": 2.268547534942627,
            "dev_kl": 0.013618146635038894,
            "dev_objective": 2.3094019748477437
          },
          {
            "epoch": 127,
            "train_objective": 2.155111074447632,
            "dev_nll": 2.268044948577881,
            "dev_kl": 0.013699356528817472,
            "dev_objective": 2.3091430181643333
          },
          {
            "epoch": 128,
            "train_objective": 2.154956817626953,
            "dev_nll": 2.267549991607666,
            "dev_kl": 0.01377995840037681,
            "dev_objective": 2.3088898668087965
          },
          {
            "epoch": 129,
            "train_objective": 2.1548080444335938,
            "dev_nll": 2.2670652866363525,
            "dev_kl": 0.013859825406964978,
            "dev_objective": 2.3086447628572473
          },
          {
            "epoch": 130,
            "train_objective": 2.1546645164489746,
            "dev_nll": 2.2665903568267822,
            "dev_kl": 0.013938928026119913,
            "dev_objective": 2.308407140905142
          },
          {
            "epoch": 131,
            "train_objective": 2.154526472091675,
            "dev_nll": 2.266125202178955,
            "dev_kl": 0.014017326907085062,
            "dev_objective": 2.3081771829002102
          },
          {
            "epoch": 132,
            "train_objective": 2.1543936729431152,
            "dev_nll": 2.265667676925659,
            "dev_kl": 0.014095091875494672,
            "dev_objective": 2.307952952552143
          },
          {
            "epoch": 133,
            "train_objective": 2.1542656421661377,
            "dev_nll": 2.26521635055542,
            "dev_kl": 0.014172241198315122,
            "dev_objective": 2.307733074150365
          },
          {
            "epoch": 134,
            "train_objective": 2.1541428565979004,
            "dev_nll": 2.264772653579712,
            "dev_kl": 0.014248750779335106,
            "dev_objective": 2.3075189059177172
          },
          {
            "epoch": 135,
            "train_objective": 2.154024600982666,
            "dev_nll": 2.2643377780914307,
            "dev_kl": 0.014324489635152033,
            "dev_objective": 2.307311246996887
          },
          {
            "epoch": 136,
            "train_objective": 2.1539108753204346,
            "dev_nll": 2.2639119625091553,
            "dev_kl": 0.014399364966412842,
            "dev_objective": 2.307110057408394
          },
          {
            "epoch": 137,
            "train_objective": 2.153801918029785,
            "dev_nll": 2.263495445251465,
            "dev_kl": 0.014473374285972245,
            "dev_objective": 2.3069155681093814
          },
          {
            "epoch": 138,
            "train_objective": 2.1536972522735596,
            "dev_nll": 2.2630865573883057,
            "dev_kl": 0.0145464989616284,
            "dev_objective": 2.3067260542731907
          },
          {
            "epoch": 139,
            "train_objective": 2.153596878051758,
            "dev_nll": 2.2626850605010986,
            "dev_kl": 0.01461880608164187,
            "dev_objective": 2.3065414787460243
          },
          {
            "epoch": 140,
            "train_objective": 2.15350079536438,
            "dev_nll": 2.262291431427002,
            "dev_kl": 0.014690274863765338,
            "dev_objective": 2.306362256018298
          },
          {
            "epoch": 141,
            "train_objective": 2.1534082889556885,
            "dev_nll": 2.261906147003174,
            "dev_kl": 0.014760910154725406,
            "dev_objective": 2.30618887746735
          },
          {
            "epoch": 142,
            "train_objective": 2.153319835662842,
            "dev_nll": 2.261528253555298,
            "dev_kl": 0.014830643815589756,
            "dev_objective": 2.306020185002067
          },
          {
            "epoch": 143,
            "train_objective": 2.1532349586486816,
            "dev_nll": 2.2611582279205322,
            "dev_kl": 0.014899435618468898,
            "dev_objective": 2.305856534775939
          },
          {
            "epoch": 144,
            "train_objective": 2.153153896331787,
            "dev_nll": 2.260795831680298,
            "dev_kl": 0.014967224509452917,
            "dev_objective": 2.3056975052086566
          },
          {
            "epoch": 145,
            "train_objective": 2.153076410293579,
            "dev_nll": 2.260441541671753,
            "dev_kl": 0.015034015584293934,
            "dev_objective": 2.305543588424635
          },
          {
            "epoch": 146,
            "train_objective": 2.1530020236968994,
            "dev_nll": 2.2600953578948975,
            "dev_kl": 0.015099848534279568,
            "dev_objective": 2.3053949034977363
          },
          {
            "epoch": 147,
            "train_objective": 2.152930974960327,
            "dev_nll": 2.2597568035125732,
            "dev_kl": 0.015164755689071288,
            "dev_objective": 2.305251070579787
          },
          {
            "epoch": 148,
            "train_objective": 2.1528632640838623,
            "dev_nll": 2.2594244480133057,
            "dev_kl": 0.015228729378049461,
            "dev_objective": 2.3051106361474543
          },
          {
            "epoch": 149,
            "train_objective": 2.1527981758117676,
            "dev_nll": 2.259099006652832,
            "dev_kl": 0.015291778895311102,
            "dev_objective": 2.3049743433387655
          },
          {
            "epoch": 150,
            "train_objective": 2.1527364253997803,
            "dev_nll": 2.2587804794311523,
            "dev_kl": 0.015353833500651694,
            "dev_objective": 2.3048419799331072
          },
          {
            "epoch": 151,
            "train_objective": 2.152677297592163,
            "dev_nll": 2.258470058441162,
            "dev_kl": 0.015414856408003084,
            "dev_objective": 2.3047146276651715
          },
          {
            "epoch": 152,
            "train_objective": 2.152621030807495,
            "dev_nll": 2.258166790008545,
            "dev_kl": 0.01547487643150699,
            "dev_objective": 2.304591419303066
          },
          {
            "epoch": 153,
            "train_objective": 2.1525673866271973,
            "dev_nll": 2.2578704357147217,
            "dev_kl": 0.01553391999791089,
            "dev_objective": 2.3044721957084544
          },
          {
            "epoch": 154,
            "train_objective": 2.1525158882141113,
            "dev_nll": 2.257580280303955,
            "dev_kl": 0.015591995649071665,
            "dev_objective": 2.30435626725117
          },
          {
            "epoch": 155,
            "train_objective": 2.1524670124053955,
            "dev_nll": 2.257296085357666,
            "dev_kl": 0.01564912372827342,
            "dev_objective": 2.304243456542486
          },
          {
            "epoch": 156,
            "train_objective": 2.15242075920105,
            "dev_nll": 2.257018804550171,
            "dev_kl": 0.015705282118189293,
            "dev_objective": 2.304134650904739
          },
          {
            "epoch": 157,
            "train_objective": 2.152376413345337,
            "dev_nll": 2.2567479610443115,
            "dev_kl": 0.01576043967865952,
            "dev_objective": 2.30402928008029
          },
          {
            "epoch": 158,
            "train_objective": 2.152334451675415,
            "dev_nll": 2.256484031677246,
            "dev_kl": 0.015814590281802193,
            "dev_objective": 2.3039278025226526
          },
          {
            "epoch": 159,
            "train_objective": 2.152294158935547,
            "dev_nll": 2.256225824356079,
            "dev_kl": 0.01586771555382931,
            "dev_objective": 2.303828971017567
          },
          {
            "epoch": 160,
            "train_objective": 2.1522562503814697,
            "dev_nll": 2.255974054336548,
            "dev_kl": 0.015919869627865527,
            "dev_objective": 2.3037336632201444
          },
          {
            "epoch": 161,
            "train_objective": 2.152219772338867,
            "dev_nll": 2.255728244781494,
            "dev_kl": 0.015971025711018404,
            "dev_objective": 2.3036413219145495
          },
          {
            "epoch": 162,
            "train_objective": 2.1521856784820557,
            "dev_nll": 2.255488634109497,
            "dev_kl": 0.016021238353958675,
            "dev_objective": 2.303552349171373
          },
          {
            "epoch": 163,
            "train_objective": 2.1521530151367188,
            "dev_nll": 2.2552542686462402,
            "dev_kl": 0.01607048960924599,
            "dev_objective": 2.303465737473978
          },
          {
            "epoch": 164,
            "train_objective": 2.1521222591400146,
            "dev_nll": 2.255025625228882,
            "dev_kl": 0.01611874410903716,
            "dev_objective": 2.3033818575559932
          },
          {
            "epoch": 165,
            "train_objective": 2.152092695236206,
            "dev_nll": 2.25480318069458,
            "dev_kl": 0.016166023452833835,
            "dev_objective": 2.3033012510530817
          },
          {
            "epoch": 166,
            "train_objective": 2.152064800262451,
            "dev_nll": 2.2545859813690186,
            "dev_kl": 0.016212314523257984,
            "dev_objective": 2.3032229249387925
          },
          {
            "epoch": 167,
            "train_objective": 2.152038335800171,
            "dev_nll": 2.2543745040893555,
            "dev_kl": 0.016257663011445753,
            "dev_objective": 2.3031474931236926
          },
          {
            "epoch": 168,
            "train_objective": 2.1520133018493652,
            "dev_nll": 2.2541682720184326,
            "dev_kl": 0.016302051655187708,
            "dev_objective": 2.303074426983996
          },
          {
            "epoch": 169,
            "train_objective": 2.151989698410034,
            "dev_nll": 2.253967046737671,
            "dev_kl": 0.016345544339269363,
            "dev_objective": 2.303003679755479
          },
          {
            "epoch": 170,
            "train_objective": 2.1519672870635986,
            "dev_nll": 2.2537708282470703,
            "dev_kl": 0.01638811438345827,
            "dev_objective": 2.3029351713974453
          },
          {
            "epoch": 171,
            "train_objective": 2.1519460678100586,
            "dev_nll": 2.25357985496521,
            "dev_kl": 0.01642975354456388,
            "dev_objective": 2.3028691155989014
          },
          {
            "epoch": 172,
            "train_objective": 2.151926040649414,
            "dev_nll": 2.25339412689209,
            "dev_kl": 0.016470455528061364,
            "dev_objective": 2.302805493476274
          },
          {
            "epoch": 173,
            "train_objective": 2.151907444000244,
            "dev_nll": 2.2532131671905518,
            "dev_kl": 0.016510254766011888,
            "dev_objective": 2.3027439314885876
          },
          {
            "epoch": 174,
            "train_objective": 2.1518890857696533,
            "dev_nll": 2.2530369758605957,
            "dev_kl": 0.01654915826927003,
            "dev_objective": 2.302684450668406
          },
          {
            "epoch": 175,
            "train_objective": 2.151872396469116,
            "dev_nll": 2.2528653144836426,
            "dev_kl": 0.0165871739406993,
            "dev_objective": 2.3026268363057403
          },
          {
            "epoch": 176,
            "train_objective": 2.1518566608428955,
            "dev_nll": 2.2526981830596924,
            "dev_kl": 0.016624333504883144,
            "dev_objective": 2.302571183574342
          },
          {
            "epoch": 177,
            "train_objective": 2.151841402053833,
            "dev_nll": 2.252535343170166,
            "dev_kl": 0.016660633703718158,
            "dev_objective": 2.3025172442813204
          },
          {
            "epoch": 178,
            "train_objective": 2.151827096939087,
            "dev_nll": 2.2523772716522217,
            "dev_kl": 0.016696075568630005,
            "dev_objective": 2.302465498358112
          },
          {
            "epoch": 179,
            "train_objective": 2.1518139839172363,
            "dev_nll": 2.252223014831543,
            "dev_kl": 0.01673063952576711,
            "dev_objective": 2.302414933408844
          },
          {
            "epoch": 180,
            "train_objective": 2.151801109313965,
            "dev_nll": 2.2520735263824463,
            "dev_kl": 0.016764369526020846,
            "dev_objective": 2.3023666349605088
          },
          {
            "epoch": 181,
            "train_objective": 2.1517891883850098,
            "dev_nll": 2.2519280910491943,
            "dev_kl": 0.016797275400970268,
            "dev_objective": 2.302319917252105
          },
          {
            "epoch": 182,
            "train_objective": 2.151777982711792,
            "dev_nll": 2.251786470413208,
            "dev_kl": 0.016829373828518474,
            "dev_objective": 2.3022745918987635
          },
          {
            "epoch": 183,
            "train_objective": 2.1517674922943115,
            "dev_nll": 2.2516486644744873,
            "dev_kl": 0.01686068678757311,
            "dev_objective": 2.3022307248372065
          },
          {
            "epoch": 184,
            "train_objective": 2.1517577171325684,
            "dev_nll": 2.2515149116516113,
            "dev_kl": 0.016891189748064556,
            "dev_objective": 2.302188480895805
          },
          {
            "epoch": 185,
            "train_objective": 2.1517481803894043,
            "dev_nll": 2.251384973526001,
            "dev_kl": 0.016920926879867047,
            "dev_objective": 2.302147754165602
          },
          {
            "epoch": 186,
            "train_objective": 2.1517395973205566,
            "dev_nll": 2.2512588500976562,
            "dev_kl": 0.016949867911711,
            "dev_objective": 2.302108453832789
          },
          {
            "epoch": 187,
            "train_objective": 2.151731252670288,
            "dev_nll": 2.251136302947998,
            "dev_kl": 0.016978060097772547,
            "dev_objective": 2.302070483241316
          },
          {
            "epoch": 188,
            "train_objective": 2.1517233848571777,
            "dev_nll": 2.2510173320770264,
            "dev_kl": 0.01700551015516882,
            "dev_objective": 2.3020338625425327
          },
          {
            "epoch": 189,
            "train_objective": 2.151716470718384,
            "dev_nll": 2.250901937484741,
            "dev_kl": 0.01703223842888556,
            "dev_objective": 2.301998652771398
          },
          {
            "epoch": 190,
            "train_objective": 2.15170955657959,
            "dev_nll": 2.2507898807525635,
            "dev_kl": 0.017058248647733688,
            "dev_objective": 2.3019646266957645
          },
          {
            "epoch": 191,
            "train_objective": 2.151703119277954,
            "dev_nll": 2.250680685043335,
            "dev_kl": 0.017083528801688976,
            "dev_objective": 2.3019312714484017
          },
          {
            "epoch": 192,
            "train_objective": 2.1516971588134766,
            "dev_nll": 2.250575304031372,
            "dev_kl": 0.017108111298336053,
            "dev_objective": 2.3018996379263803
          },
          {
            "epoch": 193,
            "train_objective": 2.1516916751861572,
            "dev_nll": 2.2504727840423584,
            "dev_kl": 0.017132014789826972,
            "dev_objective": 2.3018688284118394
          },
          {
            "epoch": 194,
            "train_objective": 2.151686191558838,
            "dev_nll": 2.250373601913452,
            "dev_kl": 0.017155244180978645,
            "dev_objective": 2.301839334456388
          },
          {
            "epoch": 195,
            "train_objective": 2.151681423187256,
            "dev_nll": 2.250277280807495,
            "dev_kl": 0.017177806604693965,
            "dev_objective": 2.301810700621577
          },
          {
            "epoch": 196,
            "train_objective": 2.151676893234253,
            "dev_nll": 2.2501838207244873,
            "dev_kl": 0.017199754934652797,
            "dev_objective": 2.3017830855284456
          },
          {
            "epoch": 197,
            "train_objective": 2.151672601699829,
            "dev_nll": 2.250093698501587,
            "dev_kl": 0.01722105420166401,
            "dev_objective": 2.301756861106579
          },
          {
            "epoch": 198,
            "train_objective": 2.1516685485839844,
            "dev_nll": 2.2500057220458984,
            "dev_kl": 0.01724171510866126,
            "dev_objective": 2.3017308673718824
          },
          {
            "epoch": 199,
            "train_objective": 2.1516647338867188,
            "dev_nll": 2.2499208450317383,
            "dev_kl": 0.01726178152204093,
            "dev_objective": 2.301706189597861
          },
          {
            "epoch": 200,
            "train_objective": 2.1516611576080322,
            "dev_nll": 2.2498388290405273,
            "dev_kl": 0.017281244821788277,
            "dev_objective": 2.301682563505892
          },
          {
            "epoch": 201,
            "train_objective": 2.151658296585083,
            "dev_nll": 2.2497591972351074,
            "dev_kl": 0.017300109981489745,
            "dev_objective": 2.301659527179577
          },
          {
            "epoch": 202,
            "train_objective": 2.1516549587249756,
            "dev_nll": 2.2496819496154785,
            "dev_kl": 0.01731842887766693,
            "dev_objective": 2.3016372362484794
          },
          {
            "epoch": 203,
            "train_objective": 2.1516520977020264,
            "dev_nll": 2.249607563018799,
            "dev_kl": 0.01733618571280761,
            "dev_objective": 2.3016161201572216
          },
          {
            "epoch": 204,
            "train_objective": 2.1516494750976562,
            "dev_nll": 2.249535322189331,
            "dev_kl": 0.017353385887080578,
            "dev_objective": 2.301595479850573
          },
          {
            "epoch": 205,
            "train_objective": 2.1516470909118652,
            "dev_nll": 2.2494654655456543,
            "dev_kl": 0.017370038373971306,
            "dev_objective": 2.3015755806675684
          },
          {
            "epoch": 206,
            "train_objective": 2.151644706726074,
            "dev_nll": 2.2493979930877686,
            "dev_kl": 0.017386175819880126,
            "dev_objective": 2.301556520547409
          },
          {
            "epoch": 207,
            "train_objective": 2.151642322540283,
            "dev_nll": 2.2493326663970947,
            "dev_kl": 0.01740180388315498,
            "dev_objective": 2.3015380780465597
          },
          {
            "epoch": 208,
            "train_objective": 2.1516406536102295,
            "dev_nll": 2.249269485473633,
            "dev_kl": 0.01741693052416292,
            "dev_objective": 2.3015202770461216
          },
          {
            "epoch": 209,
            "train_objective": 2.1516385078430176,
            "dev_nll": 2.249208688735962,
            "dev_kl": 0.01743156829252257,
            "dev_objective": 2.3015033936135296
          },
          {
            "epoch": 210,
            "train_objective": 2.151637077331543,
            "dev_nll": 2.249150037765503,
            "dev_kl": 0.01744573367273739,
            "dev_objective": 2.3014872387837153
          },
          {
            "epoch": 211,
            "train_objective": 2.15163516998291,
            "dev_nll": 2.2490928173065186,
            "dev_kl": 0.017459429006844256,
            "dev_objective": 2.3014711043270513
          },
          {
            "epoch": 212,
            "train_objective": 2.1516337394714355,
            "dev_nll": 2.249037742614746,
            "dev_kl": 0.01747266469864107,
            "dev_objective": 2.301455736710669
          },
          {
            "epoch": 213,
            "train_objective": 2.15163254737854,
            "dev_nll": 2.2489850521087646,
            "dev_kl": 0.017485453579161737,
            "dev_objective": 2.3014414128462497
          },
          {
            "epoch": 214,
            "train_objective": 2.1516313552856445,
            "dev_nll": 2.248933792114258,
            "dev_kl": 0.017497817362093503,
            "dev_objective": 2.3014272442005383
          },
          {
            "epoch": 215,
            "train_objective": 2.15162992477417,
            "dev_nll": 2.248884439468384,
            "dev_kl": 0.017509768909451762,
            "dev_objective": 2.301413746196739
          },
          {
            "epoch": 216,
            "train_objective": 2.1516292095184326,
            "dev_nll": 2.2488362789154053,
            "dev_kl": 0.017521316879508725,
            "dev_objective": 2.3014002295539315
          },
          {
            "epoch": 217,
            "train_objective": 2.151628017425537,
            "dev_nll": 2.2487905025482178,
            "dev_kl": 0.017532466619271755,
            "dev_objective": 2.301387902406033
          },
          {
            "epoch": 218,
            "train_objective": 2.1516268253326416,
            "dev_nll": 2.248746156692505,
            "dev_kl": 0.017543218229313366,
            "dev_objective": 2.301375811380445
          },
          {
            "epoch": 219,
            "train_objective": 2.1516261100769043,
            "dev_nll": 2.2487034797668457,
            "dev_kl": 0.017553594224497624,
            "dev_objective": 2.3013642624403388
          },
          {
            "epoch": 220,
            "train_objective": 2.151625156402588,
            "dev_nll": 2.248662233352661,
            "dev_kl": 0.01756361085602792,
            "dev_objective": 2.301353065920745
          },
          {
            "epoch": 221,
            "train_objective": 2.1516246795654297,
            "dev_nll": 2.248622179031372,
            "dev_kl": 0.017573280437406334,
            "dev_objective": 2.3013420203435913
          },
          {
            "epoch": 222,
            "train_objective": 2.1516237258911133,
            "dev_nll": 2.248584032058716,
            "dev_kl": 0.01758259515413703,
            "dev_objective": 2.301331817521127
          },
          {
            "epoch": 223,
            "train_objective": 2.151623249053955,
            "dev_nll": 2.248547315597534,
            "dev_kl": 0.01759157958593043,
            "dev_objective": 2.3013220543553254
          },
          {
            "epoch": 224,
            "train_objective": 2.1516225337982178,
            "dev_nll": 2.248511791229248,
            "dev_kl": 0.017600218173620598,
            "dev_objective": 2.30131244575011
          },
          {
            "epoch": 225,
            "train_objective": 2.1516220569610596,
            "dev_nll": 2.2484774589538574,
            "dev_kl": 0.01760855589447836,
            "dev_objective": 2.3013031266372925
          },
          {
            "epoch": 226,
            "train_objective": 2.1516213417053223,
            "dev_nll": 2.2484443187713623,
            "dev_kl": 0.017616567162950823,
            "dev_objective": 2.301294020260215
          },
          {
            "epoch": 227,
            "train_objective": 2.151621103286743,
            "dev_nll": 2.2484130859375,
            "dev_kl": 0.017624289411727542,
            "dev_objective": 2.3012859541726827
          },
          {
            "epoch": 228,
            "train_objective": 2.151620626449585,
            "dev_nll": 2.248382568359375,
            "dev_kl": 0.017631730604226768,
            "dev_objective": 2.3012777601720553
          },
          {
            "epoch": 229,
            "train_objective": 2.1516201496124268,
            "dev_nll": 2.2483532428741455,
            "dev_kl": 0.01763887857410854,
            "dev_objective": 2.301269878596471
          },
          {
            "epoch": 230,
            "train_objective": 2.1516199111938477,
            "dev_nll": 2.2483251094818115,
            "dev_kl": 0.01764577246438186,
            "dev_objective": 2.301262426874957
          },
          {
            "epoch": 231,
            "train_objective": 2.1516196727752686,
            "dev_nll": 2.248298168182373,
            "dev_kl": 0.01765240545383647,
            "dev_objective": 2.3012553845438823
          },
          {
            "epoch": 232,
            "train_objective": 2.1516189575195312,
            "dev_nll": 2.24827241897583,
            "dev_kl": 0.01765876038764198,
            "dev_objective": 2.301248700138756
          },
          {
            "epoch": 233,
            "train_objective": 2.1516189575195312,
            "dev_nll": 2.2482471466064453,
            "dev_kl": 0.017664878157501656,
            "dev_objective": 2.30124178107895
          },
          {
            "epoch": 234,
            "train_objective": 2.151618480682373,
            "dev_nll": 2.248223066329956,
            "dev_kl": 0.0176707519904378,
            "dev_objective": 2.3012353223012694
          },
          {
            "epoch": 235,
            "train_objective": 2.151618480682373,
            "dev_nll": 2.2482001781463623,
            "dev_kl": 0.017676405942291886,
            "dev_objective": 2.301229395973238
          },
          {
            "epoch": 236,
            "train_objective": 2.151618242263794,
            "dev_nll": 2.248178005218506,
            "dev_kl": 0.01768183635607373,
            "dev_objective": 2.3012235142867272
          },
          {
            "epoch": 237,
            "train_objective": 2.151618003845215,
            "dev_nll": 2.2481565475463867,
            "dev_kl": 0.01768705052018049,
            "dev_objective": 2.301217699106928
          },
          {
            "epoch": 238,
            "train_objective": 2.1516175270080566,
            "dev_nll": 2.248136520385742,
            "dev_kl": 0.017692042289244484,
            "dev_objective": 2.3012126472534757
          },
          {
            "epoch": 239,
            "train_objective": 2.1516175270080566,
            "dev_nll": 2.248117208480835,
            "dev_kl": 0.017696850257291976,
            "dev_objective": 2.3012077592527107
          },
          {
            "epoch": 240,
            "train_objective": 2.1516172885894775,
            "dev_nll": 2.248098373413086,
            "dev_kl": 0.017701443516407088,
            "dev_objective": 2.301202703962307
          },
          {
            "epoch": 241,
            "train_objective": 2.1516172885894775,
            "dev_nll": 2.248080253601074,
            "dev_kl": 0.01770584785633893,
            "dev_objective": 2.301197797170091
          },
          {
            "epoch": 242,
            "train_objective": 2.1516170501708984,
            "dev_nll": 2.248063087463379,
            "dev_kl": 0.01771009496517382,
            "dev_objective": 2.3011933723589
          },
          {
            "epoch": 243,
            "train_objective": 2.1516170501708984,
            "dev_nll": 2.248046875,
            "dev_kl": 0.01771414060990097,
            "dev_objective": 2.301189296829703
          },
          {
            "epoch": 244,
            "train_objective": 2.1516168117523193,
            "dev_nll": 2.2480309009552,
            "dev_kl": 0.017718030457481583,
            "dev_objective": 2.301184992327645
          },
          {
            "epoch": 245,
            "train_objective": 2.1516168117523193,
            "dev_nll": 2.248015880584717,
            "dev_kl": 0.01772176081360686,
            "dev_objective": 2.301181163025537
          },
          {
            "epoch": 246,
            "train_objective": 2.1516165733337402,
            "dev_nll": 2.2480015754699707,
            "dev_kl": 0.017725314803101355,
            "dev_objective": 2.3011775198792748
          },
          {
            "epoch": 247,
            "train_objective": 2.1516165733337402,
            "dev_nll": 2.2479872703552246,
            "dev_kl": 0.01772872830758476,
            "dev_objective": 2.301173455277979
          },
          {
            "epoch": 248,
            "train_objective": 2.151616334915161,
            "dev_nll": 2.247974157333374,
            "dev_kl": 0.0177320022331485,
            "dev_objective": 2.3011701640328197
          },
          {
            "epoch": 249,
            "train_objective": 2.1516165733337402,
            "dev_nll": 2.2479615211486816,
            "dev_kl": 0.01773512953255821,
            "dev_objective": 2.3011669097463563
          },
          {
            "epoch": 250,
            "train_objective": 2.151616334915161,
            "dev_nll": 2.2479496002197266,
            "dev_kl": 0.017738116795601767,
            "dev_objective": 2.301163950606532
          },
          {
            "epoch": 251,
            "train_objective": 2.151616334915161,
            "dev_nll": 2.2479379177093506,
            "dev_kl": 0.017740967643476324,
            "dev_objective": 2.3011608206397796
          },
          {
            "epoch": 252,
            "train_objective": 2.151616334915161,
            "dev_nll": 2.247926712036133,
            "dev_kl": 0.01774370300453513,
            "dev_objective": 2.3011578210497383
          },
          {
            "epoch": 253,
            "train_objective": 2.151616334915161,
            "dev_nll": 2.2479162216186523,
            "dev_kl": 0.01774632700049082,
            "dev_objective": 2.3011552026201247
          },
          {
            "epoch": 254,
            "train_objective": 2.151616334915161,
            "dev_nll": 2.24790620803833,
            "dev_kl": 0.017748820583121064,
            "dev_objective": 2.3011526697876934
          },
          {
            "epoch": 255,
            "train_objective": 2.151616334915161,
            "dev_nll": 2.247896432876587,
            "dev_kl": 0.017751200260634856,
            "dev_objective": 2.3011500336584914
          },
          {
            "epoch": 256,
            "train_objective": 2.151616334915161,
            "dev_nll": 2.247887134552002,
            "dev_kl": 0.017753467083821306,
            "dev_objective": 2.301147535803466
          },
          {
            "epoch": 257,
            "train_objective": 2.151615858078003,
            "dev_nll": 2.2478785514831543,
            "dev_kl": 0.017755642416534923,
            "dev_objective": 2.301145478732759
          },
          {
            "epoch": 258,
            "train_objective": 2.151615858078003,
            "dev_nll": 2.2478702068328857,
            "dev_kl": 0.017757718753156012,
            "dev_objective": 2.3011433630923537
          },
          {
            "epoch": 259,
            "train_objective": 2.151615858078003,
            "dev_nll": 2.2478621006011963,
            "dev_kl": 0.01775969346413002,
            "dev_objective": 2.301141180993586
          },
          {
            "epoch": 260,
            "train_objective": 2.151615858078003,
            "dev_nll": 2.247854471206665,
            "dev_kl": 0.01776157922746103,
            "dev_objective": 2.3011392088890483
          },
          {
            "epoch": 261,
            "train_objective": 2.151615858078003,
            "dev_nll": 2.247847318649292,
            "dev_kl": 0.017763371174711915,
            "dev_objective": 2.301137432173428
          },
          {
            "epoch": 262,
            "train_objective": 2.151615858078003,
            "dev_nll": 2.247840404510498,
            "dev_kl": 0.01776508048762128,
            "dev_objective": 2.301135645973362
          },
          {
            "epoch": 263,
            "train_objective": 2.151615858078003,
            "dev_nll": 2.247833728790283,
            "dev_kl": 0.01776670795973792,
            "dev_objective": 2.301133852669497
          },
          {
            "epoch": 264,
            "train_objective": 2.151615858078003,
            "dev_nll": 2.2478275299072266,
            "dev_kl": 0.01776826066411412,
            "dev_objective": 2.301132311899569
          },
          {
            "epoch": 265,
            "train_objective": 2.151615858078003,
            "dev_nll": 2.24782133102417,
            "dev_kl": 0.017769745671220364,
            "dev_objective": 2.301130568037831
          },
          {
            "epoch": 266,
            "train_objective": 2.151615858078003,
            "dev_nll": 2.2478160858154297,
            "dev_kl": 0.017771134194317122,
            "dev_objective": 2.301129488398381
          },
          {
            "epoch": 267,
            "train_objective": 2.151615858078003,
            "dev_nll": 2.2478106021881104,
            "dev_kl": 0.01777247182009535,
            "dev_objective": 2.3011280176483964
          },
          {
            "epoch": 268,
            "train_objective": 2.151615619659424,
            "dev_nll": 2.24780535697937,
            "dev_kl": 0.01777374834062122,
            "dev_objective": 2.3011266020012338
          },
          {
            "epoch": 269,
            "train_objective": 2.151615619659424,
            "dev_nll": 2.247800350189209,
            "dev_kl": 0.017774945696850585,
            "dev_objective": 2.301125187279761
          },
          {
            "epoch": 270,
            "train_objective": 2.151615858078003,
            "dev_nll": 2.247795820236206,
            "dev_kl": 0.0177760976726976,
            "dev_objective": 2.301124113254299
          },
          {
            "epoch": 271,
            "train_objective": 2.151615858078003,
            "dev_nll": 2.2477915287017822,
            "dev_kl": 0.017777198395760346,
            "dev_objective": 2.301123123889063
          },
          {
            "epoch": 272,
            "train_objective": 2.151615619659424,
            "dev_nll": 2.2477872371673584,
            "dev_kl": 0.017778222940133644,
            "dev_objective": 2.3011219059877592
          },
          {
            "epoch": 273,
            "train_objective": 2.151615619659424,
            "dev_nll": 2.2477831840515137,
            "dev_kl": 0.017779198539844197,
            "dev_objective": 2.3011207796710464
          },
          {
            "epoch": 274,
            "train_objective": 2.151615858078003,
            "dev_nll": 2.247779369354248,
            "dev_kl": 0.017780137892259518,
            "dev_objective": 2.3011197830310266
          },
          {
            "epoch": 275,
            "train_objective": 2.151615858078003,
            "dev_nll": 2.2477757930755615,
            "dev_kl": 0.017781023990063396,
            "dev_objective": 2.3011188650457517
          },
          {
            "epoch": 276,
            "train_objective": 2.151615619659424,
            "dev_nll": 2.247772693634033,
            "dev_kl": 0.017781857233433496,
            "dev_objective": 2.301118265334334
          },
          {
            "epoch": 277,
            "train_objective": 2.151615619659424,
            "dev_nll": 2.247769355773926,
            "dev_kl": 0.017782650279836925,
            "dev_objective": 2.3011173066134365
          },
          {
            "epoch": 278,
            "train_objective": 2.151615858078003,
            "dev_nll": 2.2477662563323975,
            "dev_kl": 0.017783394459735473,
            "dev_objective": 2.301116439711604
          },
          {
            "epoch": 279,
            "train_objective": 2.151615858078003,
            "dev_nll": 2.2477636337280273,
            "dev_kl": 0.017784120246247884,
            "dev_objective": 2.301115994466771
          },
          {
            "epoch": 280,
            "train_objective": 2.151615619659424,
            "dev_nll": 2.2477610111236572,
            "dev_kl": 0.01778478957989606,
            "dev_objective": 2.3011153798633455
          },
          {
            "epoch": 281,
            "train_objective": 2.151615619659424,
            "dev_nll": 2.247758150100708,
            "dev_kl": 0.017785417609341114,
            "dev_objective": 2.3011144029287314
          },
          {
            "epoch": 282,
            "train_objective": 2.151615619659424,
            "dev_nll": 2.247756004333496,
            "dev_kl": 0.017786013635956013,
            "dev_objective": 2.301114045241364
          },
          {
            "epoch": 283,
            "train_objective": 2.151615619659424,
            "dev_nll": 2.247753620147705,
            "dev_kl": 0.017786594138963285,
            "dev_objective": 2.301113402564595
          },
          {
            "epoch": 284,
            "train_objective": 2.151615619659424,
            "dev_nll": 2.247751474380493,
            "dev_kl": 0.017787130712437624,
            "dev_objective": 2.301112866517806
          },
          {
            "epoch": 285,
            "train_objective": 2.151615619659424,
            "dev_nll": 2.2477493286132812,
            "dev_kl": 0.017787639469926005,
            "dev_objective": 2.301112247023059
          },
          {
            "epoch": 286,
            "train_objective": 2.151615619659424,
            "dev_nll": 2.2477476596832275,
            "dev_kl": 0.017788103586715277,
            "dev_objective": 2.3011119704433733
          },
          {
            "epoch": 287,
            "train_objective": 2.151615619659424,
            "dev_nll": 2.2477457523345947,
            "dev_kl": 0.01778856437041184,
            "dev_objective": 2.30111144544583
          },
          {
            "epoch": 288,
            "train_objective": 2.151615619659424,
            "dev_nll": 2.247743844985962,
            "dev_kl": 0.017788989378576873,
            "dev_objective": 2.3011108131216926
          },
          {
            "epoch": 289,
            "train_objective": 2.151615619659424,
            "dev_nll": 2.247742176055908,
            "dev_kl": 0.01778939191788067,
            "dev_objective": 2.3011103518095504
          },
          {
            "epoch": 290,
            "train_objective": 2.151615619659424,
            "dev_nll": 2.2477407455444336,
            "dev_kl": 0.017789766275640315,
            "dev_objective": 2.3011100443713546
          },
          {
            "epoch": 291,
            "train_objective": 2.151615619659424,
            "dev_nll": 2.247739315032959,
            "dev_kl": 0.0177901234723498,
            "dev_objective": 2.301109685450008
          },
          {
            "epoch": 292,
            "train_objective": 2.151615619659424,
            "dev_nll": 2.2477381229400635,
            "dev_kl": 0.017790458331986767,
            "dev_objective": 2.301109497936024
          },
          {
            "epoch": 293,
            "train_objective": 2.151615619659424,
            "dev_nll": 2.2477364540100098,
            "dev_kl": 0.017790767573798452,
            "dev_objective": 2.3011087567314052
          },
          {
            "epoch": 294,
            "train_objective": 2.151615619659424,
            "dev_nll": 2.2477355003356934,
            "dev_kl": 0.017791079101903785,
            "dev_objective": 2.3011087376414046
          },
          {
            "epoch": 295,
            "train_objective": 2.151615619659424,
            "dev_nll": 2.247734546661377,
            "dev_kl": 0.017791349170194384,
            "dev_objective": 2.3011085941719602
          },
          {
            "epoch": 296,
            "train_objective": 2.151615619659424,
            "dev_nll": 2.2477333545684814,
            "dev_kl": 0.01779161818828265,
            "dev_objective": 2.3011082091333295
          },
          {
            "epoch": 297,
            "train_objective": 2.151615619659424,
            "dev_nll": 2.247732400894165,
            "dev_kl": 0.017791859313635337,
            "dev_objective": 2.3011079788350712
          },
          {
            "epoch": 298,
            "train_objective": 2.151615858078003,
            "dev_nll": 2.2477314472198486,
            "dev_kl": 0.017792087936193697,
            "dev_objective": 2.30110771102843
          },
          {
            "epoch": 299,
            "train_objective": 2.151615619659424,
            "dev_nll": 2.2477307319641113,
            "dev_kl": 0.017792300373736407,
            "dev_objective": 2.3011076330853206
          }
        ]
      },
      {
        "kl_lambda": 10.0,
        "best_dev_nll": 2.336313247680664,
        "best_dev_kl": 0.0032811469571008217,
        "best_dev_objective": 2.369124717251672,
        "epochs_run": 162,
        "history": [
          {
            "epoch": 0,
            "train_objective": 2.27593994140625,
            "dev_nll": 2.4434633255004883,
            "dev_kl": 5.084744724069512e-05,
            "dev_objective": 2.4439717999728954
          },
          {
            "epoch": 1,
            "train_objective": 2.273622512817383,
            "dev_nll": 2.440009355545044,
            "dev_kl": 2.7063178777098074e-05,
            "dev_objective": 2.440279987332815
          },
          {
            "epoch": 2,
            "train_objective": 2.270368814468384,
            "dev_nll": 2.4363465309143066,
            "dev_kl": 7.574137073113948e-05,
            "dev_objective": 2.437103944621618
          },
          {
            "epoch": 3,
            "train_objective": 2.2681286334991455,
            "dev_nll": 2.43300461769104,
            "dev_kl": 0.00012638671845552967,
            "dev_objective": 2.4342684848755956
          },
          {
            "epoch": 4,
            "train_objective": 2.2659263610839844,
            "dev_nll": 2.4302525520324707,
            "dev_kl": 0.00016048996932230722,
            "dev_objective": 2.4318574517256937
          },
          {
            "epoch": 5,
            "train_objective": 2.26353120803833,
            "dev_nll": 2.427855968475342,
            "dev_kl": 0.00019928483728900545,
            "dev_objective": 2.429848816848232
          },
          {
            "epoch": 6,
            "train_objective": 2.261309862136841,
            "dev_nll": 2.425595760345459,
            "dev_kl": 0.00025559960170451837,
            "dev_objective": 2.4281517563625044
          },
          {
            "epoch": 7,
            "train_objective": 2.25944185256958,
            "dev_nll": 2.4232277870178223,
            "dev_kl": 0.0003242429005431111,
            "dev_objective": 2.426470216023253
          },
          {
            "epoch": 8,
            "train_objective": 2.257769823074341,
            "dev_nll": 2.4206271171569824,
            "dev_kl": 0.00039662303700630045,
            "dev_objective": 2.4245933475270456
          },
          {
            "epoch": 9,
            "train_objective": 2.256082773208618,
            "dev_nll": 2.4178671836853027,
            "dev_kl": 0.00047484417141717015,
            "dev_objective": 2.4226156253994744
          },
          {
            "epoch": 10,
            "train_objective": 2.2544050216674805,
            "dev_nll": 2.4150936603546143,
            "dev_kl": 0.0005644811521264156,
            "dev_objective": 2.4207384718758784
          },
          {
            "epoch": 11,
            "train_objective": 2.2528741359710693,
            "dev_nll": 2.4124631881713867,
            "dev_kl": 0.0006633262837860985,
            "dev_objective": 2.419096451009248
          },
          {
            "epoch": 12,
            "train_objective": 2.2515430450439453,
            "dev_nll": 2.410094738006592,
            "dev_kl": 0.0007598261805293489,
            "dev_objective": 2.4176929998118855
          },
          {
            "epoch": 13,
            "train_objective": 2.250332832336426,
            "dev_nll": 2.408010721206665,
            "dev_kl": 0.0008432184153676762,
            "dev_objective": 2.416442905360342
          },
          {
            "epoch": 14,
            "train_objective": 2.2491414546966553,
            "dev_nll": 2.406155586242676,
            "dev_kl": 0.000912301248395271,
            "dev_objective": 2.4152785987266285
          },
          {
            "epoch": 15,
            "train_objective": 2.2479586601257324,
            "dev_nll": 2.4044406414031982,
            "dev_kl": 0.0009736090849459757,
            "dev_objective": 2.414176732252658
          },
          {
            "epoch": 16,
            "train_objective": 2.246842384338379,
            "dev_nll": 2.402764320373535,
            "dev_kl": 0.00103457154675139,
            "dev_objective": 2.413110035841049
          },
          {
            "epoch": 17,
            "train_objective": 2.2458267211914062,
            "dev_nll": 2.4010398387908936,
            "dev_kl": 0.0010986382324429747,
            "dev_objective": 2.4120262211153234
          },
          {
            "epoch": 18,
            "train_objective": 2.2448761463165283,
            "dev_nll": 2.399231433868408,
            "dev_kl": 0.0011653272416761837,
            "dev_objective": 2.41088470628517
          },
          {
            "epoch": 19,
            "train_objective": 2.2439277172088623,
            "dev_nll": 2.3973634243011475,
            "dev_kl": 0.0012333191930778294,
            "dev_objective": 2.4096966162319258
          },
          {
            "epoch": 20,
            "train_objective": 2.2429592609405518,
            "dev_nll": 2.3954920768737793,
            "dev_kl": 0.0013018229651460124,
            "dev_objective": 2.4085103065252396
          },
          {
            "epoch": 21,
            "train_objective": 2.2420008182525635,
            "dev_nll": 2.393683671951294,
            "dev_kl": 0.0013686969984020483,
            "dev_objective": 2.4073706419353145
          },
          {
            "epoch": 22,
            "train_objective": 2.2410848140716553,
            "dev_nll": 2.3919906616210938,
            "dev_kl": 0.0014292222164635127,
            "dev_objective": 2.406282883785729
          },
          {
            "epoch": 23,
            "train_objective": 2.240205764770508,
            "dev_nll": 2.3904430866241455,
            "dev_kl": 0.0014780667767016922,
            "dev_objective": 2.4052237543911623
          },
          {
            "epoch": 24,
            "train_objective": 2.2393298149108887,
            "dev_nll": 2.3890440464019775,
            "dev_kl": 0.0015131883340091595,
            "dev_objective": 2.404175929742069
          },
          {
            "epoch": 25,
            "train_objective": 2.2384390830993652,
            "dev_nll": 2.3877739906311035,
            "dev_kl": 0.001537305959514455,
            "dev_objective": 2.403147050226248
          },
          {
            "epoch": 26,
            "train_objective": 2.2375478744506836,
            "dev_nll": 2.3865981101989746,
            "dev_kl": 0.0015555417121504433,
            "dev_objective": 2.402153527320479
          },
          {
            "epoch": 27,
            "train_objective": 2.2366809844970703,
            "dev_nll": 2.385474443435669,
            "dev_kl": 0.0015720224917224127,
            "dev_objective": 2.401194668352893
          },
          {
            "epoch": 28,
            "train_objective": 2.2358412742614746,
            "dev_nll": 2.384361982345581,
            "dev_kl": 0.0015887484953582903,
            "dev_objective": 2.400249467299164
          },
          {
            "epoch": 29,
            "train_objective": 2.2350106239318848,
            "dev_nll": 2.3832342624664307,
            "dev_kl": 0.0016064597108314984,
            "dev_objective": 2.3992988595747455
          },
          {
            "epoch": 30,
            "train_objective": 2.2341761589050293,
            "dev_nll": 2.3820860385894775,
            "dev_kl": 0.0016254274199919536,
            "dev_objective": 2.398340312789397
          },
          {
            "epoch": 31,
            "train_objective": 2.233348846435547,
            "dev_nll": 2.3809356689453125,
            "dev_kl": 0.001644903347046385,
            "dev_objective": 2.3973847024157764
          },
          {
            "epoch": 32,
            "train_objective": 2.232546329498291,
            "dev_nll": 2.3798155784606934,
            "dev_kl": 0.0016626691354289388,
            "dev_objective": 2.3964422698149828
          },
          {
            "epoch": 33,
            "train_objective": 2.231771945953369,
            "dev_nll": 2.3787589073181152,
            "dev_kl": 0.0016761800174971276,
            "dev_objective": 2.3955207074930867
          },
          {
            "epoch": 34,
            "train_objective": 2.2310142517089844,
            "dev_nll": 2.37778377532959,
            "dev_kl": 0.0016846000836531242,
            "dev_objective": 2.3946297761661213
          },
          {
            "epoch": 35,
            "train_objective": 2.2302656173706055,
            "dev_nll": 2.3768808841705322,
            "dev_kl": 0.0016896509113716856,
            "dev_objective": 2.393777393284249
          },
          {
            "epoch": 36,
            "train_objective": 2.2295329570770264,
            "dev_nll": 2.3760154247283936,
            "dev_kl": 0.0016945296281905499,
            "dev_objective": 2.392960721010299
          },
          {
            "epoch": 37,
            "train_objective": 2.2288262844085693,
            "dev_nll": 2.3751413822174072,
            "dev_kl": 0.0017018743317514177,
            "dev_objective": 2.392160125534921
          },
          {
            "epoch": 38,
            "train_objective": 2.2281479835510254,
            "dev_nll": 2.374222755432129,
            "dev_kl": 0.0017129159978433181,
            "dev_objective": 2.3913519154105622
          },
          {
            "epoch": 39,
            "train_objective": 2.2274885177612305,
            "dev_nll": 2.3732516765594482,
            "dev_kl": 0.0017275714638550022,
            "dev_objective": 2.390527391197998
          },
          {
            "epoch": 40,
            "train_objective": 2.226844310760498,
            "dev_nll": 2.372251033782959,
            "dev_kl": 0.0017450806738657598,
            "dev_objective": 2.3897018405216164
          },
          {
            "epoch": 41,
            "train_objective": 2.22622013092041,
            "dev_nll": 2.371260166168213,
            "dev_kl": 0.0017638622568131636,
            "dev_objective": 2.3888987887363444
          },
          {
            "epoch": 42,
            "train_objective": 2.2256224155426025,
            "dev_nll": 2.3703174591064453,
            "dev_kl": 0.0017819954667380267,
            "dev_objective": 2.3881374137738254
          },
          {
            "epoch": 43,
            "train_objective": 2.225048303604126,
            "dev_nll": 2.3694396018981934,
            "dev_kl": 0.0017981872584759031,
            "dev_objective": 2.3874214744829523
          },
          {
            "epoch": 44,
            "train_objective": 2.2244925498962402,
            "dev_nll": 2.368616819381714,
            "dev_kl": 0.001812657759376546,
            "dev_objective": 2.386743396975479
          },
          {
            "epoch": 45,
            "train_objective": 2.2239527702331543,
            "dev_nll": 2.3678207397460938,
            "dev_kl": 0.0018270824270838338,
            "dev_objective": 2.3860915640169322
          },
          {
            "epoch": 46,
            "train_objective": 2.223433017730713,
            "dev_nll": 2.3670172691345215,
            "dev_kl": 0.0018434067700464738,
            "dev_objective": 2.3854513368349863
          },
          {
            "epoch": 47,
            "train_objective": 2.222935914993286,
            "dev_nll": 2.366182804107666,
            "dev_kl": 0.0018629174058244849,
            "dev_objective": 2.384811978165911
          },
          {
            "epoch": 48,
            "train_objective": 2.2224583625793457,
            "dev_nll": 2.3653111457824707,
            "dev_kl": 0.0018860117509780872,
            "dev_objective": 2.3841712632922514
          },
          {
            "epoch": 49,
            "train_objective": 2.221996307373047,
            "dev_nll": 2.3644115924835205,
            "dev_kl": 0.0019123508967705647,
            "dev_objective": 2.3835351014512263
          },
          {
            "epoch": 50,
            "train_objective": 2.221550703048706,
            "dev_nll": 2.363502264022827,
            "dev_kl": 0.001940989899125153,
            "dev_objective": 2.382912163014079
          },
          {
            "epoch": 51,
            "train_objective": 2.2211239337921143,
            "dev_nll": 2.3626022338867188,
            "dev_kl": 0.001970590305532941,
            "dev_objective": 2.382308136942048
          },
          {
            "epoch": 52,
            "train_objective": 2.2207159996032715,
            "dev_nll": 2.361724853515625,
            "dev_kl": 0.0019999605663014656,
            "dev_objective": 2.3817244591786397
          },
          {
            "epoch": 53,
            "train_objective": 2.2203240394592285,
            "dev_nll": 2.3608744144439697,
            "dev_kl": 0.002028777507363092,
            "dev_objective": 2.3811621895176005
          },
          {
            "epoch": 54,
            "train_objective": 2.21994686126709,
            "dev_nll": 2.3600454330444336,
            "dev_kl": 0.0020576755572208993,
            "dev_objective": 2.3806221886166425
          },
          {
            "epoch": 55,
            "train_objective": 2.21958589553833,
            "dev_nll": 2.359225034713745,
            "dev_kl": 0.002087643814188449,
            "dev_objective": 2.3801014728556296
          },
          {
            "epoch": 56,
            "train_objective": 2.219242572784424,
            "dev_nll": 2.3583993911743164,
            "dev_kl": 0.0021194356918532585,
            "dev_objective": 2.379593748092849
          },
          {
            "epoch": 57,
            "train_objective": 2.218914747238159,
            "dev_nll": 2.3575587272644043,
            "dev_kl": 0.002153306186975838,
            "dev_objective": 2.3790917891341627
          },
          {
            "epoch": 58,
            "train_objective": 2.218601703643799,
            "dev_nll": 2.356705665588379,
            "dev_kl": 0.0021889016286642743,
            "dev_objective": 2.3785946818750214
          },
          {
            "epoch": 59,
            "train_objective": 2.2183034420013428,
            "dev_nll": 2.3558549880981445,
            "dev_kl": 0.0022253564049107455,
            "dev_objective": 2.378108552147252
          },
          {
            "epoch": 60,
            "train_objective": 2.2180206775665283,
            "dev_nll": 2.35502552986145,
            "dev_kl": 0.0022615434642918237,
            "dev_objective": 2.3776409645043683
          },
          {
            "epoch": 61,
            "train_objective": 2.2177534103393555,
            "dev_nll": 2.354231119155884,
            "dev_kl": 0.00229669679866205,
            "dev_objective": 2.3771980871425042
          },
          {
            "epoch": 62,
            "train_objective": 2.2175002098083496,
            "dev_nll": 2.3534727096557617,
            "dev_kl": 0.0023308022261018424,
            "dev_objective": 2.37678073191678
          },
          {
            "epoch": 63,
            "train_objective": 2.2172601222991943,
            "dev_nll": 2.3527374267578125,
            "dev_kl": 0.0023645285038964496,
            "dev_objective": 2.376382711796777
          },
          {
            "epoch": 64,
            "train_objective": 2.2170345783233643,
            "dev_nll": 2.352008104324341,
            "dev_kl": 0.0023986485416424975,
            "dev_objective": 2.375994589740766
          },
          {
            "epoch": 65,
            "train_objective": 2.216823101043701,
            "dev_nll": 2.3512752056121826,
            "dev_kl": 0.0024336506928721653,
            "dev_objective": 2.375611712540904
          },
          {
            "epoch": 66,
            "train_objective": 2.2166242599487305,
            "dev_nll": 2.3505403995513916,
            "dev_kl": 0.002469407878724298,
            "dev_objective": 2.3752344783386348
          },
          {
            "epoch": 67,
            "train_objective": 2.216437816619873,
            "dev_nll": 2.3498170375823975,
            "dev_kl": 0.002505299645738359,
            "dev_objective": 2.3748700340397813
          },
          {
            "epoch": 68,
            "train_objective": 2.21626353263855,
            "dev_nll": 2.349121570587158,
            "dev_kl": 0.00254038224468579,
            "dev_objective": 2.374525393034016
          },
          {
            "epoch": 69,
            "train_objective": 2.2161011695861816,
            "dev_nll": 2.348464012145996,
            "dev_kl": 0.0025739107567526462,
            "dev_objective": 2.3742031197135227
          },
          {
            "epoch": 70,
            "train_objective": 2.2159500122070312,
            "dev_nll": 2.347843647003174,
            "dev_kl": 0.002605640908159917,
            "dev_objective": 2.373900056084773
          },
          {
            "epoch": 71,
            "train_objective": 2.2158098220825195,
            "dev_nll": 2.347252368927002,
            "dev_kl": 0.002635967044933486,
            "dev_objective": 2.373612039376337
          },
          {
            "epoch": 72,
            "train_objective": 2.215679168701172,
            "dev_nll": 2.3466811180114746,
            "dev_kl": 0.002665521637129953,
            "dev_objective": 2.373336334382774
          },
          {
            "epoch": 73,
            "train_objective": 2.2155587673187256,
            "dev_nll": 2.346123218536377,
            "dev_kl": 0.0026948216150524404,
            "dev_objective": 2.3730714346869015
          },
          {
            "epoch": 74,
            "train_objective": 2.2154476642608643,
            "dev_nll": 2.3455777168273926,
            "dev_kl": 0.0027239778353305155,
            "dev_objective": 2.3728174951806977
          },
          {
            "epoch": 75,
            "train_objective": 2.2153451442718506,
            "dev_nll": 2.345048666000366,
            "dev_kl": 0.0027526952795567687,
            "dev_objective": 2.372575618795934
          },
          {
            "epoch": 76,
            "train_objective": 2.2152507305145264,
            "dev_nll": 2.344542980194092,
            "dev_kl": 0.0027804120587138787,
            "dev_objective": 2.3723471007812305
          },
          {
            "epoch": 77,
            "train_objective": 2.2151644229888916,
            "dev_nll": 2.344064950942993,
            "dev_kl": 0.002806600854653645,
            "dev_objective": 2.3721309594895295
          },
          {
            "epoch": 78,
            "train_objective": 2.215085029602051,
            "dev_nll": 2.343618392944336,
            "dev_kl": 0.002831077964812369,
            "dev_objective": 2.3719291725924596
          },
          {
            "epoch": 79,
            "train_objective": 2.215012788772583,
            "dev_nll": 2.3431999683380127,
            "dev_kl": 0.0028540938505425256,
            "dev_objective": 2.371740906843438
          },
          {
            "epoch": 80,
            "train_objective": 2.214946746826172,
            "dev_nll": 2.3428032398223877,
            "dev_kl": 0.002876193885567186,
            "dev_objective": 2.3715651786780594
          },
          {
            "epoch": 81,
            "train_objective": 2.2148866653442383,
            "dev_nll": 2.3424201011657715,
            "dev_kl": 0.0028978389259244125,
            "dev_objective": 2.371398490425016
          },
          {
            "epoch": 82,
            "train_objective": 2.2148327827453613,
            "dev_nll": 2.342045307159424,
            "dev_kl": 0.002919221655078687,
            "dev_objective": 2.3712375237102106
          },
          {
            "epoch": 83,
            "train_objective": 2.2147836685180664,
            "dev_nll": 2.3416807651519775,
            "dev_kl": 0.0029401660617476145,
            "dev_objective": 2.371082425769454
          },
          {
            "epoch": 84,
            "train_objective": 2.2147395610809326,
            "dev_nll": 2.3413333892822266,
            "dev_kl": 0.002960251677758342,
            "dev_objective": 2.37093590605981
          },
          {
            "epoch": 85,
            "train_objective": 2.2146999835968018,
            "dev_nll": 2.3410096168518066,
            "dev_kl": 0.002979126859959398,
            "dev_objective": 2.3708008854514007
          },
          {
            "epoch": 86,
            "train_objective": 2.2146644592285156,
            "dev_nll": 2.340710401535034,
            "dev_kl": 0.0029966969337516685,
            "dev_objective": 2.370677370872551
          },
          {
            "epoch": 87,
            "train_objective": 2.214632749557495,
            "dev_nll": 2.340430974960327,
            "dev_kl": 0.00301319266752891,
            "dev_objective": 2.3705629016356164
          },
          {
            "epoch": 88,
            "train_objective": 2.2146048545837402,
            "dev_nll": 2.3401646614074707,
            "dev_kl": 0.003029068645197009,
            "dev_objective": 2.370455347859441
          },
          {
            "epoch": 89,
            "train_objective": 2.2145800590515137,
            "dev_nll": 2.3399057388305664,
            "dev_kl": 0.0030446438268559323,
            "dev_objective": 2.3703521770991256
          },
          {
            "epoch": 90,
            "train_objective": 2.2145583629608154,
            "dev_nll": 2.339653730392456,
            "dev_kl": 0.0030599797095742214,
            "dev_objective": 2.3702535274881984
          },
          {
            "epoch": 91,
            "train_objective": 2.214538812637329,
            "dev_nll": 2.339411973953247,
            "dev_kl": 0.0030748740740994935,
            "dev_objective": 2.370160714694242
          },
          {
            "epoch": 92,
            "train_objective": 2.214522361755371,
            "dev_nll": 2.3391849994659424,
            "dev_kl": 0.0030890549295720356,
            "dev_objective": 2.3700755487616627
          },
          {
            "epoch": 93,
            "train_objective": 2.214507579803467,
            "dev_nll": 2.3389732837677,
            "dev_kl": 0.0031023156156768364,
            "dev_objective": 2.3699964399244684
          },
          {
            "epoch": 94,
            "train_objective": 2.2144954204559326,
            "dev_nll": 2.338775634765625,
            "dev_kl": 0.003114716777080532,
            "dev_objective": 2.3699228025364305
          },
          {
            "epoch": 95,
            "train_objective": 2.214484214782715,
            "dev_nll": 2.3385894298553467,
            "dev_kl": 0.0031264787968329102,
            "dev_objective": 2.3698542178236757
          },
          {
            "epoch": 96,
            "train_objective": 2.21447491645813,
            "dev_nll": 2.3384106159210205,
            "dev_kl": 0.003137882869439988,
            "dev_objective": 2.3697894446154204
          },
          {
            "epoch": 97,
            "train_objective": 2.2144672870635986,
            "dev_nll": 2.3382372856140137,
            "dev_kl": 0.0031490728715946334,
            "dev_objective": 2.36972801432996
          },
          {
            "epoch": 98,
            "train_objective": 2.214460611343384,
            "dev_nll": 2.3380703926086426,
            "dev_kl": 0.0031600364501143978,
            "dev_objective": 2.3696707571097866
          },
          {
            "epoch": 99,
            "train_objective": 2.2144548892974854,
            "dev_nll": 2.337911367416382,
            "dev_kl": 0.0031705374718923496,
            "dev_objective": 2.3696167421353054
          },
          {
            "epoch": 100,
            "train_objective": 2.2144505977630615,
            "dev_nll": 2.3377630710601807,
            "dev_kl": 0.0031803407518964377,
            "dev_objective": 2.369566478579145
          },
          {
            "epoch": 101,
            "train_objective": 2.214446544647217,
            "dev_nll": 2.3376271724700928,
            "dev_kl": 0.0031893886663613468,
            "dev_objective": 2.369521059133706
          },
          {
            "epoch": 102,
            "train_objective": 2.2144434452056885,
            "dev_nll": 2.33750319480896,
            "dev_kl": 0.003197753619162775,
            "dev_objective": 2.369480731000588
          },
          {
            "epoch": 103,
            "train_objective": 2.2144412994384766,
            "dev_nll": 2.3373875617980957,
            "dev_kl": 0.0032056226745842123,
            "dev_objective": 2.3694437885439377
          },
          {
            "epoch": 104,
            "train_objective": 2.2144389152526855,
            "dev_nll": 2.3372769355773926,
            "dev_kl": 0.0032132166406001724,
            "dev_objective": 2.3694091019833943
          },
          {
            "epoch": 105,
            "train_objective": 2.214437246322632,
            "dev_nll": 2.3371691703796387,
            "dev_kl": 0.003220604335212791,
            "dev_objective": 2.3693752137317667
          },
          {
            "epoch": 106,
            "train_objective": 2.2144362926483154,
            "dev_nll": 2.337066650390625,
            "dev_kl": 0.0032276694059140527,
            "dev_objective": 2.3693433444497654
          },
          {
            "epoch": 107,
            "train_objective": 2.214435338973999,
            "dev_nll": 2.3369719982147217,
            "dev_kl": 0.003234263448927865,
            "dev_objective": 2.3693146327040004
          },
          {
            "epoch": 108,
            "train_objective": 2.214434862136841,
            "dev_nll": 2.336886167526245,
            "dev_kl": 0.0032402447920298247,
            "dev_objective": 2.3692886154465436
          },
          {
            "epoch": 109,
            "train_objective": 2.2144346237182617,
            "dev_nll": 2.3368096351623535,
            "dev_kl": 0.0032456088677668784,
            "dev_objective": 2.369265723840022
          },
          {
            "epoch": 110,
            "train_objective": 2.2144339084625244,
            "dev_nll": 2.3367397785186768,
            "dev_kl": 0.003250529923295084,
            "dev_objective": 2.3692450777516276
          },
          {
            "epoch": 111,
            "train_objective": 2.2144339084625244,
            "dev_nll": 2.3366751670837402,
            "dev_kl": 0.0032550960679086968,
            "dev_objective": 2.3692261277628273
          },
          {
            "epoch": 112,
            "train_objective": 2.2144336700439453,
            "dev_nll": 2.3366143703460693,
            "dev_kl": 0.003259389543106203,
            "dev_objective": 2.3692082657771314
          },
          {
            "epoch": 113,
            "train_objective": 2.2144339084625244,
            "dev_nll": 2.3365585803985596,
            "dev_kl": 0.0032633728822827014,
            "dev_objective": 2.3691923092213867
          },
          {
            "epoch": 114,
            "train_objective": 2.2144343852996826,
            "dev_nll": 2.3365094661712646,
            "dev_kl": 0.0032669392984966943,
            "dev_objective": 2.3691788591562317
          },
          {
            "epoch": 115,
            "train_objective": 2.2144343852996826,
            "dev_nll": 2.3364670276641846,
            "dev_kl": 0.0032699950626274878,
            "dev_objective": 2.3691669782904596
          },
          {
            "epoch": 116,
            "train_objective": 2.2144346237182617,
            "dev_nll": 2.3364315032958984,
            "dev_kl": 0.0032725791183287173,
            "dev_objective": 2.3691572944791854
          },
          {
            "epoch": 117,
            "train_objective": 2.214434862136841,
            "dev_nll": 2.3364012241363525,
            "dev_kl": 0.0032747472298891105,
            "dev_objective": 2.3691486964352437
          },
          {
            "epoch": 118,
            "train_objective": 2.214434862136841,
            "dev_nll": 2.3363747596740723,
            "dev_kl": 0.003276656645480656,
            "dev_objective": 2.369141326128879
          },
          {
            "epoch": 119,
            "train_objective": 2.21443510055542,
            "dev_nll": 2.3363513946533203,
            "dev_kl": 0.003278384268601404,
            "dev_objective": 2.3691352373393344
          },
          {
            "epoch": 120,
            "train_objective": 2.214435577392578,
            "dev_nll": 2.3363308906555176,
            "dev_kl": 0.0032798990904695765,
            "dev_objective": 2.3691298815602133
          },
          {
            "epoch": 121,
            "train_objective": 2.214435577392578,
            "dev_nll": 2.336313247680664,
            "dev_kl": 0.0032811469571008217,
            "dev_objective": 2.369124717251672
          },
          {
            "epoch": 122,
            "train_objective": 2.214435577392578,
            "dev_nll": 2.33630108833313,
            "dev_kl": 0.0032820324407317283,
            "dev_objective": 2.369121412740447
          },
          {
            "epoch": 123,
            "train_objective": 2.214435577392578,
            "dev_nll": 2.336293935775757,
            "dev_kl": 0.0032825837537412525,
            "dev_objective": 2.3691197733131695
          },
          {
            "epoch": 124,
            "train_objective": 2.214435577392578,
            "dev_nll": 2.3362908363342285,
            "dev_kl": 0.003282833846594346,
            "dev_objective": 2.369119174800172
          },
          {
            "epoch": 125,
            "train_objective": 2.2144358158111572,
            "dev_nll": 2.3362908363342285,
            "dev_kl": 0.0032828896179536615,
            "dev_objective": 2.369119732513765
          },
          {
            "epoch": 126,
            "train_objective": 2.2144358158111572,
            "dev_nll": 2.336291551589966,
            "dev_kl": 0.003282839508668281,
            "dev_objective": 2.3691199466766486
          },
          {
            "epoch": 127,
            "train_objective": 2.2144358158111572,
            "dev_nll": 2.336293935775757,
            "dev_kl": 0.003282708559914505,
            "dev_objective": 2.369121021374902
          },
          {
            "epoch": 128,
            "train_objective": 2.2144358158111572,
            "dev_nll": 2.3362977504730225,
            "dev_kl": 0.003282453005604405,
            "dev_objective": 2.3691222805290666
          },
          {
            "epoch": 129,
            "train_objective": 2.2144358158111572,
            "dev_nll": 2.336304187774658,
            "dev_kl": 0.0032820138486356646,
            "dev_objective": 2.369124326261015
          },
          {
            "epoch": 130,
            "train_objective": 2.2144358158111572,
            "dev_nll": 2.336312770843506,
            "dev_kl": 0.0032814097092400078,
            "dev_objective": 2.369126867935906
          },
          {
            "epoch": 131,
            "train_objective": 2.214435577392578,
            "dev_nll": 2.3363230228424072,
            "dev_kl": 0.003280690398065828,
            "dev_objective": 2.3691299268230654
          },
          {
            "epoch": 132,
            "train_objective": 2.214435577392578,
            "dev_nll": 2.336333751678467,
            "dev_kl": 0.0032799213590072713,
            "dev_objective": 2.3691329652685393
          },
          {
            "epoch": 133,
            "train_objective": 2.214435577392578,
            "dev_nll": 2.3363447189331055,
            "dev_kl": 0.0032791179292842336,
            "dev_objective": 2.369135898225948
          },
          {
            "epoch": 134,
            "train_objective": 2.214435338973999,
            "dev_nll": 2.3363561630249023,
            "dev_kl": 0.003278324775472415,
            "dev_objective": 2.3691394107796264
          },
          {
            "epoch": 135,
            "train_objective": 2.214435577392578,
            "dev_nll": 2.3363680839538574,
            "dev_kl": 0.0032774921044678666,
            "dev_objective": 2.369143004998536
          },
          {
            "epoch": 136,
            "train_objective": 2.214435338973999,
            "dev_nll": 2.336380958557129,
            "dev_kl": 0.0032765666651210913,
            "dev_objective": 2.36914662520834
          },
          {
            "epoch": 137,
            "train_objective": 2.214435338973999,
            "dev_nll": 2.336395263671875,
            "dev_kl": 0.0032755914025983657,
            "dev_objective": 2.3691511776978587
          },
          {
            "epoch": 138,
            "train_objective": 2.21443510055542,
            "dev_nll": 2.336409330368042,
            "dev_kl": 0.003274573209930696,
            "dev_objective": 2.3691550624673487
          },
          {
            "epoch": 139,
            "train_objective": 2.21443510055542,
            "dev_nll": 2.336423397064209,
            "dev_kl": 0.0032735835916208734,
            "dev_objective": 2.369159232980418
          },
          {
            "epoch": 140,
            "train_objective": 2.21443510055542,
            "dev_nll": 2.3364365100860596,
            "dev_kl": 0.0032726442677226113,
            "dev_objective": 2.369162952763286
          },
          {
            "epoch": 141,
            "train_objective": 2.214434862136841,
            "dev_nll": 2.336449384689331,
            "dev_kl": 0.003271741127572304,
            "dev_objective": 2.369166795965054
          },
          {
            "epoch": 142,
            "train_objective": 2.214434862136841,
            "dev_nll": 2.3364622592926025,
            "dev_kl": 0.0032708446384980736,
            "dev_objective": 2.3691707056775835
          },
          {
            "epoch": 143,
            "train_objective": 2.2144346237182617,
            "dev_nll": 2.336474657058716,
            "dev_kl": 0.0032699355614010618,
            "dev_objective": 2.3691740126727265
          },
          {
            "epoch": 144,
            "train_objective": 2.214434862136841,
            "dev_nll": 2.3364882469177246,
            "dev_kl": 0.0032690005439602126,
            "dev_objective": 2.369178252357327
          },
          {
            "epoch": 145,
            "train_objective": 2.2144343852996826,
            "dev_nll": 2.3365015983581543,
            "dev_kl": 0.0032680814766213335,
            "dev_objective": 2.3691824131243675
          },
          {
            "epoch": 146,
            "train_objective": 2.2144346237182617,
            "dev_nll": 2.3365139961242676,
            "dev_kl": 0.0032672059381682983,
            "dev_objective": 2.3691860555059505
          },
          {
            "epoch": 147,
            "train_objective": 2.2144346237182617,
            "dev_nll": 2.3365259170532227,
            "dev_kl": 0.0032663692397745174,
            "dev_objective": 2.369189609450968
          },
          {
            "epoch": 148,
            "train_objective": 2.2144346237182617,
            "dev_nll": 2.3365373611450195,
            "dev_kl": 0.003265583558283153,
            "dev_objective": 2.369193196727851
          },
          {
            "epoch": 149,
            "train_objective": 2.2144343852996826,
            "dev_nll": 2.336548328399658,
            "dev_kl": 0.003264818358231071,
            "dev_objective": 2.369196511981969
          },
          {
            "epoch": 150,
            "train_objective": 2.2144343852996826,
            "dev_nll": 2.336559772491455,
            "dev_kl": 0.003264042453837089,
            "dev_objective": 2.369200197029826
          },
          {
            "epoch": 151,
            "train_objective": 2.2144343852996826,
            "dev_nll": 2.3365707397460938,
            "dev_kl": 0.0032632703241981817,
            "dev_objective": 2.3692034429880757
          },
          {
            "epoch": 152,
            "train_objective": 2.2144343852996826,
            "dev_nll": 2.336581230163574,
            "dev_kl": 0.0032625357045265356,
            "dev_objective": 2.3692065872088395
          },
          {
            "epoch": 153,
            "train_objective": 2.2144343852996826,
            "dev_nll": 2.3365912437438965,
            "dev_kl": 0.003261839711036197,
            "dev_objective": 2.3692096408542587
          },
          {
            "epoch": 154,
            "train_objective": 2.2144343852996826,
            "dev_nll": 2.3366005420684814,
            "dev_kl": 0.0032611989301820415,
            "dev_objective": 2.369212531370302
          },
          {
            "epoch": 155,
            "train_objective": 2.2144339084625244,
            "dev_nll": 2.336609363555908,
            "dev_kl": 0.0032605822668096327,
            "dev_objective": 2.3692151862240047
          },
          {
            "epoch": 156,
            "train_objective": 2.2144343852996826,
            "dev_nll": 2.3366177082061768,
            "dev_kl": 0.0032599873553525896,
            "dev_objective": 2.3692175817597025
          },
          {
            "epoch": 157,
            "train_objective": 2.2144343852996826,
            "dev_nll": 2.3366265296936035,
            "dev_kl": 0.003259387453820842,
            "dev_objective": 2.369220404231812
          },
          {
            "epoch": 158,
            "train_objective": 2.2144339084625244,
            "dev_nll": 2.336634874343872,
            "dev_kl": 0.0032588114896908893,
            "dev_objective": 2.369222989240781
          },
          {
            "epoch": 159,
            "train_objective": 2.2144339084625244,
            "dev_nll": 2.3366427421569824,
            "dev_kl": 0.0032582734056045264,
            "dev_objective": 2.369225476213028
          },
          {
            "epoch": 160,
            "train_objective": 2.2144339084625244,
            "dev_nll": 2.3366498947143555,
            "dev_kl": 0.0032577696007255355,
            "dev_objective": 2.3692275907216107
          },
          {
            "epoch": 161,
            "train_objective": 2.2144339084625244,
            "dev_nll": 2.3366565704345703,
            "dev_kl": 0.0032573088591004397,
            "dev_objective": 2.369229659025575
          }
        ]
      }
    ]
  },
  "evaluation": {
    "conditions": {
      "plain": {
        "count": 444,
        "top1_accuracy": 0.41216216216216217,
        "mean_expert_probability": 0.2290831718497872,
        "mean_nll": 2.349925525583745,
        "mean_reciprocal_rank": 0.520948696329047,
        "mean_entropy": 2.1880674877011024,
        "mean_kl_from_plain": 0.0,
        "ece": 0.09610184126004978,
        "mean_confidence": 0.3707238307373749,
        "skill_selected_rate": 0.0,
        "mean_rho": 0.0
      },
      "evolved_skill": {
        "count": 444,
        "top1_accuracy": 0.3918918918918919,
        "mean_expert_probability": 0.18401847164113042,
        "mean_nll": 2.254237740833115,
        "mean_reciprocal_rank": 0.515010150460076,
        "mean_entropy": 2.4518860495305277,
        "mean_kl_from_plain": 0.22429254525529876,
        "ece": 0.11653219772553122,
        "mean_confidence": 0.2753596941663607,
        "skill_selected_rate": 1.0,
        "mean_rho": 1.0
      },
      "mismatched_skill": {
        "count": 444,
        "top1_accuracy": 0.3310810810810811,
        "mean_expert_probability": 0.16205528420280782,
        "mean_nll": 2.4214618883728942,
        "mean_reciprocal_rank": 0.47079747274816125,
        "mean_entropy": 2.484923688678054,
        "mean_kl_from_plain": 0.21671312209638255,
        "ece": 0.0705824945424054,
        "mean_confidence": 0.27007031726004843,
        "skill_selected_rate": 1.0,
        "mean_rho": 1.0
      },
      "convex_skill_gate": {
        "count": 444,
        "top1_accuracy": 0.43243243243243246,
        "mean_expert_probability": 0.2444593663912619,
        "mean_nll": 2.202999994798345,
        "mean_reciprocal_rank": 0.5399768384550148,
        "mean_entropy": 2.159030762073156,
        "mean_kl_from_plain": 0.07537054337392275,
        "ece": 0.11237677111214883,
        "mean_confidence": 0.3679994441199679,
        "skill_selected_rate": 0.34234234234234234,
        "mean_rho": 0.4283920192067419
      },
      "stage_calibration_head": {
        "count": 444,
        "top1_accuracy": 0.5022522522522522,
        "mean_expert_probability": 0.32192299367601956,
        "mean_nll": 1.8428952786863202,
        "mean_reciprocal_rank": 0.6183647700323058,
        "mean_entropy": 1.9672249157552246,
        "mean_kl_from_plain": 0.27017197258112546,
        "ece": 0.0849519272141897,
        "mean_confidence": 0.43017438357813403,
        "skill_selected_rate": 0.0,
        "mean_rho": 0.0
      },
      "signed_logic_repair_head": {
        "count": 444,
        "top1_accuracy": 0.5247747747747747,
        "mean_expert_probability": 0.34836804570875607,
        "mean_nll": 1.7115481417183356,
        "mean_reciprocal_rank": 0.6415919368168995,
        "mean_entropy": 1.8925464633214582,
        "mean_kl_from_plain": 0.42250831125656496,
        "ece": 0.09279154685770605,
        "mean_confidence": 0.4536978019283967,
        "skill_selected_rate": 0.38738738738738737,
        "mean_rho": 0.46567183701863707
      },
      "signed_logic_repair_trust_region": {
        "count": 444,
        "top1_accuracy": 0.4166666666666667,
        "mean_expert_probability": 0.26032133242283184,
        "mean_nll": 2.0732536705839126,
        "mean_reciprocal_rank": 0.5516571662571292,
        "mean_entropy": 2.1271389307336763,
        "mean_kl_from_plain": 0.0438494084923117,
        "ece": 0.08334477774396137,
        "mean_confidence": 0.3791564256456253,
        "skill_selected_rate": 0.5608108108108109,
        "mean_rho": 0.6171109399879938
      },
      "constrained_logic_repair_head": {
        "count": 444,
        "top1_accuracy": 0.4617117117117117,
        "mean_expert_probability": 0.26038055407221067,
        "mean_nll": 2.0177181666803894,
        "mean_reciprocal_rank": 0.5849526327762798,
        "mean_entropy": 2.1540077419297115,
        "mean_kl_from_plain": 0.036042664151364485,
        "ece": 0.09096654051461733,
        "mean_confidence": 0.3740452523636925,
        "skill_selected_rate": 0.0,
        "mean_rho": 0.04346394698255641
      },
      "constrained_stage_calibration_head": {
        "count": 444,
        "top1_accuracy": 0.44819819819819817,
        "mean_expert_probability": 0.25679356561735617,
        "mean_nll": 2.070678712195564,
        "mean_reciprocal_rank": 0.5743275282009467,
        "mean_entropy": 2.1615205572263614,
        "mean_kl_from_plain": 0.028298836028314015,
        "ece": 0.08222640445036393,
        "mean_confidence": 0.37258880402523653,
        "skill_selected_rate": 0.0,
        "mean_rho": 0.0
      }
    },
    "alpha_statistics": {
      "convex_skill_gate": {
        "mean": 0.4283920192067419,
        "min": 0.10568299144506454,
        "max": 0.9987329840660095,
        "negative_rate": 0.0
      },
      "stage_calibration_head": {
        "mean": 0.0,
        "min": 0.0,
        "max": 0.0,
        "negative_rate": 0.0
      },
      "signed_logic_repair_head": {
        "mean": 0.46567183701863707,
        "min": -0.10802347958087921,
        "max": 1.515743374824524,
        "negative_rate": 0.01126126126126126
      },
      "signed_logic_repair_trust_region": {
        "mean": 0.6171109399879938,
        "min": 0.06631137803196907,
        "max": 1.0,
        "negative_rate": 0.0
      },
      "constrained_logic_repair_head": {
        "mean": 0.04346394698255641,
        "min": -0.06975699216127396,
        "max": 0.38292381167411804,
        "negative_rate": 0.35135135135135137
      },
      "constrained_stage_calibration_head": {
        "mean": 0.0,
        "min": 0.0,
        "max": 0.0,
        "negative_rate": 0.0
      }
    },
    "by_action_verb": {
      "clean": {
        "plain": {
          "count": 6,
          "accuracy": 1.0
        },
        "evolved_skill": {
          "count": 6,
          "accuracy": 1.0
        },
        "mismatched_skill": {
          "count": 6,
          "accuracy": 1.0
        },
        "convex_skill_gate": {
          "count": 6,
          "accuracy": 1.0
        },
        "stage_calibration_head": {
          "count": 6,
          "accuracy": 1.0
        },
        "signed_logic_repair_head": {
          "count": 6,
          "accuracy": 1.0
        },
        "signed_logic_repair_trust_region": {
          "count": 6,
          "accuracy": 1.0
        },
        "constrained_logic_repair_head": {
          "count": 6,
          "accuracy": 1.0
        },
        "constrained_stage_calibration_head": {
          "count": 6,
          "accuracy": 1.0
        }
      },
      "close": {
        "plain": {
          "count": 56,
          "accuracy": 0.0
        },
        "evolved_skill": {
          "count": 56,
          "accuracy": 0.017857142857142856
        },
        "mismatched_skill": {
          "count": 56,
          "accuracy": 0.0
        },
        "convex_skill_gate": {
          "count": 56,
          "accuracy": 0.0
        },
        "stage_calibration_head": {
          "count": 56,
          "accuracy": 0.7678571428571429
        },
        "signed_logic_repair_head": {
          "count": 56,
          "accuracy": 0.9464285714285714
        },
        "signed_logic_repair_trust_region": {
          "count": 56,
          "accuracy": 0.017857142857142856
        },
        "constrained_logic_repair_head": {
          "count": 56,
          "accuracy": 0.375
        },
        "constrained_stage_calibration_head": {
          "count": 56,
          "accuracy": 0.26785714285714285
        }
      },
      "cool": {
        "plain": {
          "count": 7,
          "accuracy": 1.0
        },
        "evolved_skill": {
          "count": 7,
          "accuracy": 0.8571428571428571
        },
        "mismatched_skill": {
          "count": 7,
          "accuracy": 1.0
        },
        "convex_skill_gate": {
          "count": 7,
          "accuracy": 1.0
        },
        "stage_calibration_head": {
          "count": 7,
          "accuracy": 0.5714285714285714
        },
        "signed_logic_repair_head": {
          "count": 7,
          "accuracy": 0.42857142857142855
        },
        "signed_logic_repair_trust_region": {
          "count": 7,
          "accuracy": 1.0
        },
        "constrained_logic_repair_head": {
          "count": 7,
          "accuracy": 1.0
        },
        "constrained_stage_calibration_head": {
          "count": 7,
          "accuracy": 1.0
        }
      },
      "examine": {
        "plain": {
          "count": 1,
          "accuracy": 0.0
        },
        "evolved_skill": {
          "count": 1,
          "accuracy": 1.0
        },
        "mismatched_skill": {
          "count": 1,
          "accuracy": 0.0
        },
        "convex_skill_gate": {
          "count": 1,
          "accuracy": 0.0
        },
        "stage_calibration_head": {
          "count": 1,
          "accuracy": 0.0
        },
        "signed_logic_repair_head": {
          "count": 1,
          "accuracy": 0.0
        },
        "signed_logic_repair_trust_region": {
          "count": 1,
          "accuracy": 0.0
        },
        "constrained_logic_repair_head": {
          "count": 1,
          "accuracy": 0.0
        },
        "constrained_stage_calibration_head": {
          "count": 1,
          "accuracy": 0.0
        }
      },
      "go": {
        "plain": {
          "count": 238,
          "accuracy": 0.22268907563025211
        },
        "evolved_skill": {
          "count": 238,
          "accuracy": 0.18487394957983194
        },
        "mismatched_skill": {
          "count": 238,
          "accuracy": 0.11764705882352941
        },
        "convex_skill_gate": {
          "count": 238,
          "accuracy": 0.23529411764705882
        },
        "stage_calibration_head": {
          "count": 238,
          "accuracy": 0.19747899159663865
        },
        "signed_logic_repair_head": {
          "count": 238,
          "accuracy": 0.21008403361344538
        },
        "signed_logic_repair_trust_region": {
          "count": 238,
          "accuracy": 0.226890756302521
        },
        "constrained_logic_repair_head": {
          "count": 238,
          "accuracy": 0.22268907563025211
        },
        "constrained_stage_calibration_head": {
          "count": 238,
          "accuracy": 0.21428571428571427
        }
      },
      "heat": {
        "plain": {
          "count": 6,
          "accuracy": 0.3333333333333333
        },
        "evolved_skill": {
          "count": 6,
          "accuracy": 0.3333333333333333
        },
        "mismatched_skill": {
          "count": 6,
          "accuracy": 0.16666666666666666
        },
        "convex_skill_gate": {
          "count": 6,
          "accuracy": 0.3333333333333333
        },
        "stage_calibration_head": {
          "count": 6,
          "accuracy": 1.0
        },
        "signed_logic_repair_head": {
          "count": 6,
          "accuracy": 0.8333333333333334
        },
        "signed_logic_repair_trust_region": {
          "count": 6,
          "accuracy": 0.5
        },
        "constrained_logic_repair_head": {
          "count": 6,
          "accuracy": 0.5
        },
        "constrained_stage_calibration_head": {
          "count": 6,
          "accuracy": 0.5
        }
      },
      "move": {
        "plain": {
          "count": 31,
          "accuracy": 0.967741935483871
        },
        "evolved_skill": {
          "count": 31,
          "accuracy": 1.0
        },
        "mismatched_skill": {
          "count": 31,
          "accuracy": 0.967741935483871
        },
        "convex_skill_gate": {
          "count": 31,
          "accuracy": 1.0
        },
        "stage_calibration_head": {
          "count": 31,
          "accuracy": 0.8064516129032258
        },
        "signed_logic_repair_head": {
          "count": 31,
          "accuracy": 0.8387096774193549
        },
        "signed_logic_repair_trust_region": {
          "count": 31,
          "accuracy": 0.967741935483871
        },
        "constrained_logic_repair_head": {
          "count": 31,
          "accuracy": 0.9354838709677419
        },
        "constrained_stage_calibration_head": {
          "count": 31,
          "accuracy": 0.967741935483871
        }
      },
      "open": {
        "plain": {
          "count": 62,
          "accuracy": 0.8870967741935484
        },
        "evolved_skill": {
          "count": 62,
          "accuracy": 0.8225806451612904
        },
        "mismatched_skill": {
          "count": 62,
          "accuracy": 0.7258064516129032
        },
        "convex_skill_gate": {
          "count": 62,
          "accuracy": 0.9354838709677419
        },
        "stage_calibration_head": {
          "count": 62,
          "accuracy": 0.9838709677419355
        },
        "signed_logic_repair_head": {
          "count": 62,
          "accuracy": 0.967741935483871
        },
        "signed_logic_repair_trust_region": {
          "count": 62,
          "accuracy": 0.9032258064516129
        },
        "constrained_logic_repair_head": {
          "count": 62,
          "accuracy": 0.9032258064516129
        },
        "constrained_stage_calibration_head": {
          "count": 62,
          "accuracy": 0.9193548387096774
        }
      },
      "take": {
        "plain": {
          "count": 34,
          "accuracy": 0.8823529411764706
        },
        "evolved_skill": {
          "count": 34,
          "accuracy": 0.8823529411764706
        },
        "mismatched_skill": {
          "count": 34,
          "accuracy": 0.8823529411764706
        },
        "convex_skill_gate": {
          "count": 34,
          "accuracy": 0.8823529411764706
        },
        "stage_calibration_head": {
          "count": 34,
          "accuracy": 0.8235294117647058
        },
        "signed_logic_repair_head": {
          "count": 34,
          "accuracy": 0.7941176470588235
        },
        "signed_logic_repair_trust_region": {
          "count": 34,
          "accuracy": 0.8235294117647058
        },
        "constrained_logic_repair_head": {
          "count": 34,
          "accuracy": 0.8823529411764706
        },
        "constrained_stage_calibration_head": {
          "count": 34,
          "accuracy": 0.8823529411764706
        }
      },
      "use": {
        "plain": {
          "count": 3,
          "accuracy": 0.0
        },
        "evolved_skill": {
          "count": 3,
          "accuracy": 0.6666666666666666
        },
        "mismatched_skill": {
          "count": 3,
          "accuracy": 0.0
        },
        "convex_skill_gate": {
          "count": 3,
          "accuracy": 0.6666666666666666
        },
        "stage_calibration_head": {
          "count": 3,
          "accuracy": 1.0
        },
        "signed_logic_repair_head": {
          "count": 3,
          "accuracy": 1.0
        },
        "signed_logic_repair_trust_region": {
          "count": 3,
          "accuracy": 0.0
        },
        "constrained_logic_repair_head": {
          "count": 3,
          "accuracy": 0.0
        },
        "constrained_stage_calibration_head": {
          "count": 3,
          "accuracy": 0.0
        }
      }
    },
    "by_task_type": {
      "look_at_obj_in_light": {
        "plain": {
          "count": 52,
          "accuracy": 0.07692307692307693
        },
        "evolved_skill": {
          "count": 52,
          "accuracy": 0.23076923076923078
        },
        "mismatched_skill": {
          "count": 52,
          "accuracy": 0.038461538461538464
        },
        "convex_skill_gate": {
          "count": 52,
          "accuracy": 0.19230769230769232
        },
        "stage_calibration_head": {
          "count": 52,
          "accuracy": 0.34615384615384615
        },
        "signed_logic_repair_head": {
          "count": 52,
          "accuracy": 0.46153846153846156
        },
        "signed_logic_repair_trust_region": {
          "count": 52,
          "accuracy": 0.09615384615384616
        },
        "constrained_logic_repair_head": {
          "count": 52,
          "accuracy": 0.09615384615384616
        },
        "constrained_stage_calibration_head": {
          "count": 52,
          "accuracy": 0.11538461538461539
        }
      },
      "pick_and_place_simple": {
        "plain": {
          "count": 85,
          "accuracy": 0.5294117647058824
        },
        "evolved_skill": {
          "count": 85,
          "accuracy": 0.5529411764705883
        },
        "mismatched_skill": {
          "count": 85,
          "accuracy": 0.49411764705882355
        },
        "convex_skill_gate": {
          "count": 85,
          "accuracy": 0.5411764705882353
        },
        "stage_calibration_head": {
          "count": 85,
          "accuracy": 0.611764705882353
        },
        "signed_logic_repair_head": {
          "count": 85,
          "accuracy": 0.6470588235294118
        },
        "signed_logic_repair_trust_region": {
          "count": 85,
          "accuracy": 0.5411764705882353
        },
        "constrained_logic_repair_head": {
          "count": 85,
          "accuracy": 0.5764705882352941
        },
        "constrained_stage_calibration_head": {
          "count": 85,
          "accuracy": 0.5529411764705883
        }
      },
      "pick_clean_then_place_in_recep": {
        "plain": {
          "count": 80,
          "accuracy": 0.5
        },
        "evolved_skill": {
          "count": 80,
          "accuracy": 0.4
        },
        "mismatched_skill": {
          "count": 80,
          "accuracy": 0.4125
        },
        "convex_skill_gate": {
          "count": 80,
          "accuracy": 0.525
        },
        "stage_calibration_head": {
          "count": 80,
          "accuracy": 0.6
        },
        "signed_logic_repair_head": {
          "count": 80,
          "accuracy": 0.5625
        },
        "signed_logic_repair_trust_region": {
          "count": 80,
          "accuracy": 0.45
        },
        "constrained_logic_repair_head": {
          "count": 80,
          "accuracy": 0.575
        },
        "constrained_stage_calibration_head": {
          "count": 80,
          "accuracy": 0.5625
        }
      },
      "pick_cool_then_place_in_recep": {
        "plain": {
          "count": 92,
          "accuracy": 0.4673913043478261
        },
        "evolved_skill": {
          "count": 92,
          "accuracy": 0.43478260869565216
        },
        "mismatched_skill": {
          "count": 92,
          "accuracy": 0.33695652173913043
        },
        "convex_skill_gate": {
          "count": 92,
          "accuracy": 0.43478260869565216
        },
        "stage_calibration_head": {
          "count": 92,
          "accuracy": 0.4782608695652174
        },
        "signed_logic_repair_head": {
          "count": 92,
          "accuracy": 0.4673913043478261
        },
        "signed_logic_repair_trust_region": {
          "count": 92,
          "accuracy": 0.4673913043478261
        },
        "constrained_logic_repair_head": {
          "count": 92,
          "accuracy": 0.5217391304347826
        },
        "constrained_stage_calibration_head": {
          "count": 92,
          "accuracy": 0.4891304347826087
        }
      },
      "pick_heat_then_place_in_recep": {
        "plain": {
          "count": 111,
          "accuracy": 0.35135135135135137
        },
        "evolved_skill": {
          "count": 111,
          "accuracy": 0.3153153153153153
        },
        "mismatched_skill": {
          "count": 111,
          "accuracy": 0.27927927927927926
        },
        "convex_skill_gate": {
          "count": 111,
          "accuracy": 0.36936936936936937
        },
        "stage_calibration_head": {
          "count": 111,
          "accuracy": 0.44144144144144143
        },
        "signed_logic_repair_head": {
          "count": 111,
          "accuracy": 0.4954954954954955
        },
        "signed_logic_repair_trust_region": {
          "count": 111,
          "accuracy": 0.38738738738738737
        },
        "constrained_logic_repair_head": {
          "count": 111,
          "accuracy": 0.40540540540540543
        },
        "constrained_stage_calibration_head": {
          "count": 111,
          "accuracy": 0.3963963963963964
        }
      },
      "pick_two_obj_and_place": {
        "plain": {
          "count": 24,
          "accuracy": 0.5
        },
        "evolved_skill": {
          "count": 24,
          "accuracy": 0.3333333333333333
        },
        "mismatched_skill": {
          "count": 24,
          "accuracy": 0.3333333333333333
        },
        "convex_skill_gate": {
          "count": 24,
          "accuracy": 0.5416666666666666
        },
        "stage_calibration_head": {
          "count": 24,
          "accuracy": 0.5
        },
        "signed_logic_repair_head": {
          "count": 24,
          "accuracy": 0.4583333333333333
        },
        "signed_logic_repair_trust_region": {
          "count": 24,
          "accuracy": 0.5
        },
        "constrained_logic_repair_head": {
          "count": 24,
          "accuracy": 0.5
        },
        "constrained_stage_calibration_head": {
          "count": 24,
          "accuracy": 0.5
        }
      }
    }
  },
  "additional_evaluations": {
    "valid_unseen": {
      "conditions": {
        "plain": {
          "count": 527,
          "top1_accuracy": 0.31688804554079697,
          "mean_expert_probability": 0.17699650128502786,
          "mean_nll": 2.5786684621881166,
          "mean_reciprocal_rank": 0.45558479737918295,
          "mean_entropy": 2.271644636621059,
          "mean_kl_from_plain": 0.0,
          "ece": 0.0719584231697857,
          "mean_confidence": 0.34546721665863744,
          "skill_selected_rate": 0.0,
          "mean_rho": 0.0
        },
        "evolved_skill": {
          "count": 527,
          "top1_accuracy": 0.3036053130929791,
          "mean_expert_probability": 0.15494058478757938,
          "mean_nll": 2.4313875036784753,
          "mean_reciprocal_rank": 0.4547576928587782,
          "mean_entropy": 2.517219552392073,
          "mean_kl_from_plain": 0.20540533799844204,
          "ece": 0.07156362572589454,
          "mean_confidence": 0.26232595374167983,
          "skill_selected_rate": 1.0,
          "mean_rho": 1.0
        },
        "mismatched_skill": {
          "count": 527,
          "top1_accuracy": 0.2637571157495256,
          "mean_expert_probability": 0.14001516802492683,
          "mean_nll": 2.575151098384055,
          "mean_reciprocal_rank": 0.4142610508692241,
          "mean_entropy": 2.4905667822998887,
          "mean_kl_from_plain": 0.1773070187035743,
          "ece": 0.10417048033659101,
          "mean_confidence": 0.27316134673255216,
          "skill_selected_rate": 1.0,
          "mean_rho": 1.0
        },
        "convex_skill_gate": {
          "count": 527,
          "top1_accuracy": 0.3301707779886148,
          "mean_expert_probability": 0.1957873370130838,
          "mean_nll": 2.4467285217839154,
          "mean_reciprocal_rank": 0.47126540636418596,
          "mean_entropy": 2.2195474688649406,
          "mean_kl_from_plain": 0.060657406027872375,
          "ece": 0.053180752261992405,
          "mean_confidence": 0.3525034910813681,
          "skill_selected_rate": 0.2713472485768501,
          "mean_rho": 0.3918074435877845
        },
        "stage_calibration_head": {
          "count": 527,
          "top1_accuracy": 0.4155597722960152,
          "mean_expert_probability": 0.2533855116535137,
          "mean_nll": 2.1674463826786723,
          "mean_reciprocal_rank": 0.549164908780481,
          "mean_entropy": 2.0953129775949404,
          "mean_kl_from_plain": 0.22768182073403026,
          "ece": 0.048921086120311395,
          "mean_confidence": 0.40485632904510116,
          "skill_selected_rate": 0.0,
          "mean_rho": 0.0
        },
        "signed_logic_repair_head": {
          "count": 527,
          "top1_accuracy": 0.42314990512333966,
          "mean_expert_probability": 0.2753399995801108,
          "mean_nll": 2.0566622819610307,
          "mean_reciprocal_rank": 0.5617553659274703,
          "mean_entropy": 2.010955438427839,
          "mean_kl_from_plain": 0.3692441435718107,
          "ece": 0.06293396329404734,
          "mean_confidence": 0.42925325276390197,
          "skill_selected_rate": 0.31309297912713474,
          "mean_rho": 0.43700670164504374
        },
        "signed_logic_repair_trust_region": {
          "count": 527,
          "top1_accuracy": 0.32827324478178366,
          "mean_expert_probability": 0.20652243928883077,
          "mean_nll": 2.324290402999503,
          "mean_reciprocal_rank": 0.4882947472843391,
          "mean_entropy": 2.2011563389418924,
          "mean_kl_from_plain": 0.04432147915918642,
          "ece": 0.0454079000671629,
          "mean_confidence": 0.3603693965886078,
          "skill_selected_rate": 0.6413662239089184,
          "mean_rho": 0.6620111187488774
        },
        "constrained_logic_repair_head": {
          "count": 527,
          "top1_accuracy": 0.3548387096774194,
          "mean_expert_probability": 0.20264109994012658,
          "mean_nll": 2.314256137910693,
          "mean_reciprocal_rank": 0.5130508748368603,
          "mean_entropy": 2.2418896828475896,
          "mean_kl_from_plain": 0.02950159121321097,
          "ece": 0.049230208235176064,
          "mean_confidence": 0.34916643309186035,
          "skill_selected_rate": 0.0,
          "mean_rho": 0.033490523508841796
        },
        "constrained_stage_calibration_head": {
          "count": 527,
          "top1_accuracy": 0.3586337760910816,
          "mean_expert_probability": 0.1984109396455797,
          "mean_nll": 2.361522110434293,
          "mean_reciprocal_rank": 0.5067493973991098,
          "mean_entropy": 2.2524700129167856,
          "mean_kl_from_plain": 0.02342808710931857,
          "ece": 0.051404567848912223,
          "mean_confidence": 0.3479166562320838,
          "skill_selected_rate": 0.0,
          "mean_rho": 0.0
        }
      },
      "alpha_statistics": {
        "convex_skill_gate": {
          "mean": 0.3918074435877845,
          "min": 0.1043257787823677,
          "max": 0.9915739893913269,
          "negative_rate": 0.0
        },
        "stage_calibration_head": {
          "mean": 0.0,
          "min": 0.0,
          "max": 0.0,
          "negative_rate": 0.0
        },
        "signed_logic_repair_head": {
          "mean": 0.43700670164504374,
          "min": -0.17157727479934692,
          "max": 1.5320756435394287,
          "negative_rate": 0.04554079696394687
        },
        "signed_logic_repair_trust_region": {
          "mean": 0.6620111187488774,
          "min": 0.06390104070305824,
          "max": 1.0,
          "negative_rate": 0.0
        },
        "constrained_logic_repair_head": {
          "mean": 0.033490523508841796,
          "min": -0.06622184813022614,
          "max": 0.49368178844451904,
          "negative_rate": 0.4819734345351044
        },
        "constrained_stage_calibration_head": {
          "mean": 0.0,
          "min": 0.0,
          "max": 0.0,
          "negative_rate": 0.0
        }
      },
      "by_action_verb": {
        "clean": {
          "plain": {
            "count": 11,
            "accuracy": 1.0
          },
          "evolved_skill": {
            "count": 11,
            "accuracy": 1.0
          },
          "mismatched_skill": {
            "count": 11,
            "accuracy": 1.0
          },
          "convex_skill_gate": {
            "count": 11,
            "accuracy": 1.0
          },
          "stage_calibration_head": {
            "count": 11,
            "accuracy": 1.0
          },
          "signed_logic_repair_head": {
            "count": 11,
            "accuracy": 1.0
          },
          "signed_logic_repair_trust_region": {
            "count": 11,
            "accuracy": 1.0
          },
          "constrained_logic_repair_head": {
            "count": 11,
            "accuracy": 1.0
          },
          "constrained_stage_calibration_head": {
            "count": 11,
            "accuracy": 1.0
          }
        },
        "close": {
          "plain": {
            "count": 48,
            "accuracy": 0.0
          },
          "evolved_skill": {
            "count": 48,
            "accuracy": 0.0
          },
          "mismatched_skill": {
            "count": 48,
            "accuracy": 0.0
          },
          "convex_skill_gate": {
            "count": 48,
            "accuracy": 0.0
          },
          "stage_calibration_head": {
            "count": 48,
            "accuracy": 0.875
          },
          "signed_logic_repair_head": {
            "count": 48,
            "accuracy": 0.9375
          },
          "signed_logic_repair_trust_region": {
            "count": 48,
            "accuracy": 0.0
          },
          "constrained_logic_repair_head": {
            "count": 48,
            "accuracy": 0.2916666666666667
          },
          "constrained_stage_calibration_head": {
            "count": 48,
            "accuracy": 0.2916666666666667
          }
        },
        "cool": {
          "plain": {
            "count": 7,
            "accuracy": 1.0
          },
          "evolved_skill": {
            "count": 7,
            "accuracy": 1.0
          },
          "mismatched_skill": {
            "count": 7,
            "accuracy": 1.0
          },
          "convex_skill_gate": {
            "count": 7,
            "accuracy": 1.0
          },
          "stage_calibration_head": {
            "count": 7,
            "accuracy": 0.7142857142857143
          },
          "signed_logic_repair_head": {
            "count": 7,
            "accuracy": 0.7142857142857143
          },
          "signed_logic_repair_trust_region": {
            "count": 7,
            "accuracy": 1.0
          },
          "constrained_logic_repair_head": {
            "count": 7,
            "accuracy": 1.0
          },
          "constrained_stage_calibration_head": {
            "count": 7,
            "accuracy": 1.0
          }
        },
        "examine": {
          "plain": {
            "count": 2,
            "accuracy": 0.0
          },
          "evolved_skill": {
            "count": 2,
            "accuracy": 0.0
          },
          "mismatched_skill": {
            "count": 2,
            "accuracy": 0.0
          },
          "convex_skill_gate": {
            "count": 2,
            "accuracy": 0.0
          },
          "stage_calibration_head": {
            "count": 2,
            "accuracy": 0.0
          },
          "signed_logic_repair_head": {
            "count": 2,
            "accuracy": 0.0
          },
          "signed_logic_repair_trust_region": {
            "count": 2,
            "accuracy": 0.0
          },
          "constrained_logic_repair_head": {
            "count": 2,
            "accuracy": 0.0
          },
          "constrained_stage_calibration_head": {
            "count": 2,
            "accuracy": 0.0
          }
        },
        "go": {
          "plain": {
            "count": 330,
            "accuracy": 0.14242424242424243
          },
          "evolved_skill": {
            "count": 330,
            "accuracy": 0.14545454545454545
          },
          "mismatched_skill": {
            "count": 330,
            "accuracy": 0.09393939393939393
          },
          "convex_skill_gate": {
            "count": 330,
            "accuracy": 0.14545454545454545
          },
          "stage_calibration_head": {
            "count": 330,
            "accuracy": 0.1303030303030303
          },
          "signed_logic_repair_head": {
            "count": 330,
            "accuracy": 0.14545454545454545
          },
          "signed_logic_repair_trust_region": {
            "count": 330,
            "accuracy": 0.14545454545454545
          },
          "constrained_logic_repair_head": {
            "count": 330,
            "accuracy": 0.14242424242424243
          },
          "constrained_stage_calibration_head": {
            "count": 330,
            "accuracy": 0.14545454545454545
          }
        },
        "heat": {
          "plain": {
            "count": 4,
            "accuracy": 0.0
          },
          "evolved_skill": {
            "count": 4,
            "accuracy": 0.0
          },
          "mismatched_skill": {
            "count": 4,
            "accuracy": 0.5
          },
          "convex_skill_gate": {
            "count": 4,
            "accuracy": 0.0
          },
          "stage_calibration_head": {
            "count": 4,
            "accuracy": 1.0
          },
          "signed_logic_repair_head": {
            "count": 4,
            "accuracy": 1.0
          },
          "signed_logic_repair_trust_region": {
            "count": 4,
            "accuracy": 0.25
          },
          "constrained_logic_repair_head": {
            "count": 4,
            "accuracy": 0.25
          },
          "constrained_stage_calibration_head": {
            "count": 4,
            "accuracy": 0.5
          }
        },
        "move": {
          "plain": {
            "count": 29,
            "accuracy": 0.9655172413793104
          },
          "evolved_skill": {
            "count": 29,
            "accuracy": 0.9655172413793104
          },
          "mismatched_skill": {
            "count": 29,
            "accuracy": 0.9655172413793104
          },
          "convex_skill_gate": {
            "count": 29,
            "accuracy": 0.9655172413793104
          },
          "stage_calibration_head": {
            "count": 29,
            "accuracy": 0.896551724137931
          },
          "signed_logic_repair_head": {
            "count": 29,
            "accuracy": 0.8620689655172413
          },
          "signed_logic_repair_trust_region": {
            "count": 29,
            "accuracy": 0.9655172413793104
          },
          "constrained_logic_repair_head": {
            "count": 29,
            "accuracy": 0.9655172413793104
          },
          "constrained_stage_calibration_head": {
            "count": 29,
            "accuracy": 0.9655172413793104
          }
        },
        "open": {
          "plain": {
            "count": 55,
            "accuracy": 0.8
          },
          "evolved_skill": {
            "count": 55,
            "accuracy": 0.6
          },
          "mismatched_skill": {
            "count": 55,
            "accuracy": 0.5818181818181818
          },
          "convex_skill_gate": {
            "count": 55,
            "accuracy": 0.8545454545454545
          },
          "stage_calibration_head": {
            "count": 55,
            "accuracy": 1.0
          },
          "signed_logic_repair_head": {
            "count": 55,
            "accuracy": 1.0
          },
          "signed_logic_repair_trust_region": {
            "count": 55,
            "accuracy": 0.9454545454545454
          },
          "constrained_logic_repair_head": {
            "count": 55,
            "accuracy": 0.9272727272727272
          },
          "constrained_stage_calibration_head": {
            "count": 55,
            "accuracy": 0.9454545454545454
          }
        },
        "take": {
          "plain": {
            "count": 35,
            "accuracy": 0.8571428571428571
          },
          "evolved_skill": {
            "count": 35,
            "accuracy": 0.8571428571428571
          },
          "mismatched_skill": {
            "count": 35,
            "accuracy": 0.8
          },
          "convex_skill_gate": {
            "count": 35,
            "accuracy": 0.8857142857142857
          },
          "stage_calibration_head": {
            "count": 35,
            "accuracy": 0.7714285714285715
          },
          "signed_logic_repair_head": {
            "count": 35,
            "accuracy": 0.6857142857142857
          },
          "signed_logic_repair_trust_region": {
            "count": 35,
            "accuracy": 0.7428571428571429
          },
          "constrained_logic_repair_head": {
            "count": 35,
            "accuracy": 0.7714285714285715
          },
          "constrained_stage_calibration_head": {
            "count": 35,
            "accuracy": 0.7714285714285715
          }
        },
        "use": {
          "plain": {
            "count": 6,
            "accuracy": 0.0
          },
          "evolved_skill": {
            "count": 6,
            "accuracy": 0.5
          },
          "mismatched_skill": {
            "count": 6,
            "accuracy": 0.0
          },
          "convex_skill_gate": {
            "count": 6,
            "accuracy": 0.3333333333333333
          },
          "stage_calibration_head": {
            "count": 6,
            "accuracy": 1.0
          },
          "signed_logic_repair_head": {
            "count": 6,
            "accuracy": 1.0
          },
          "signed_logic_repair_trust_region": {
            "count": 6,
            "accuracy": 0.0
          },
          "constrained_logic_repair_head": {
            "count": 6,
            "accuracy": 0.16666666666666666
          },
          "constrained_stage_calibration_head": {
            "count": 6,
            "accuracy": 0.0
          }
        }
      },
      "by_task_type": {
        "look_at_obj_in_light": {
          "plain": {
            "count": 93,
            "accuracy": 0.07526881720430108
          },
          "evolved_skill": {
            "count": 93,
            "accuracy": 0.17204301075268819
          },
          "mismatched_skill": {
            "count": 93,
            "accuracy": 0.053763440860215055
          },
          "convex_skill_gate": {
            "count": 93,
            "accuracy": 0.16129032258064516
          },
          "stage_calibration_head": {
            "count": 93,
            "accuracy": 0.27956989247311825
          },
          "signed_logic_repair_head": {
            "count": 93,
            "accuracy": 0.3333333333333333
          },
          "signed_logic_repair_trust_region": {
            "count": 93,
            "accuracy": 0.12903225806451613
          },
          "constrained_logic_repair_head": {
            "count": 93,
            "accuracy": 0.13978494623655913
          },
          "constrained_stage_calibration_head": {
            "count": 93,
            "accuracy": 0.12903225806451613
          }
        },
        "pick_and_place_simple": {
          "plain": {
            "count": 42,
            "accuracy": 0.40476190476190477
          },
          "evolved_skill": {
            "count": 42,
            "accuracy": 0.4523809523809524
          },
          "mismatched_skill": {
            "count": 42,
            "accuracy": 0.42857142857142855
          },
          "convex_skill_gate": {
            "count": 42,
            "accuracy": 0.42857142857142855
          },
          "stage_calibration_head": {
            "count": 42,
            "accuracy": 0.42857142857142855
          },
          "signed_logic_repair_head": {
            "count": 42,
            "accuracy": 0.4523809523809524
          },
          "signed_logic_repair_trust_region": {
            "count": 42,
            "accuracy": 0.42857142857142855
          },
          "constrained_logic_repair_head": {
            "count": 42,
            "accuracy": 0.40476190476190477
          },
          "constrained_stage_calibration_head": {
            "count": 42,
            "accuracy": 0.40476190476190477
          }
        },
        "pick_clean_then_place_in_recep": {
          "plain": {
            "count": 184,
            "accuracy": 0.3532608695652174
          },
          "evolved_skill": {
            "count": 184,
            "accuracy": 0.33152173913043476
          },
          "mismatched_skill": {
            "count": 184,
            "accuracy": 0.32065217391304346
          },
          "convex_skill_gate": {
            "count": 184,
            "accuracy": 0.358695652173913
          },
          "stage_calibration_head": {
            "count": 184,
            "accuracy": 0.44565217391304346
          },
          "signed_logic_repair_head": {
            "count": 184,
            "accuracy": 0.45652173913043476
          },
          "signed_logic_repair_trust_region": {
            "count": 184,
            "accuracy": 0.3804347826086957
          },
          "constrained_logic_repair_head": {
            "count": 184,
            "accuracy": 0.3804347826086957
          },
          "constrained_stage_calibration_head": {
            "count": 184,
            "accuracy": 0.3967391304347826
          }
        },
        "pick_cool_then_place_in_recep": {
          "plain": {
            "count": 119,
            "accuracy": 0.4369747899159664
          },
          "evolved_skill": {
            "count": 119,
            "accuracy": 0.35294117647058826
          },
          "mismatched_skill": {
            "count": 119,
            "accuracy": 0.2689075630252101
          },
          "convex_skill_gate": {
            "count": 119,
            "accuracy": 0.4117647058823529
          },
          "stage_calibration_head": {
            "count": 119,
            "accuracy": 0.5210084033613446
          },
          "signed_logic_repair_head": {
            "count": 119,
            "accuracy": 0.4957983193277311
          },
          "signed_logic_repair_trust_region": {
            "count": 119,
            "accuracy": 0.40336134453781514
          },
          "constrained_logic_repair_head": {
            "count": 119,
            "accuracy": 0.4789915966386555
          },
          "constrained_stage_calibration_head": {
            "count": 119,
            "accuracy": 0.47058823529411764
          }
        },
        "pick_heat_then_place_in_recep": {
          "plain": {
            "count": 68,
            "accuracy": 0.3088235294117647
          },
          "evolved_skill": {
            "count": 68,
            "accuracy": 0.23529411764705882
          },
          "mismatched_skill": {
            "count": 68,
            "accuracy": 0.2647058823529412
          },
          "convex_skill_gate": {
            "count": 68,
            "accuracy": 0.3088235294117647
          },
          "stage_calibration_head": {
            "count": 68,
            "accuracy": 0.35294117647058826
          },
          "signed_logic_repair_head": {
            "count": 68,
            "accuracy": 0.36764705882352944
          },
          "signed_logic_repair_trust_region": {
            "count": 68,
            "accuracy": 0.27941176470588236
          },
          "constrained_logic_repair_head": {
            "count": 68,
            "accuracy": 0.3382352941176471
          },
          "constrained_stage_calibration_head": {
            "count": 68,
            "accuracy": 0.3382352941176471
          }
        },
        "pick_two_obj_and_place": {
          "plain": {
            "count": 21,
            "accuracy": 0.23809523809523808
          },
          "evolved_skill": {
            "count": 21,
            "accuracy": 0.2857142857142857
          },
          "mismatched_skill": {
            "count": 21,
            "accuracy": 0.3333333333333333
          },
          "convex_skill_gate": {
            "count": 21,
            "accuracy": 0.23809523809523808
          },
          "stage_calibration_head": {
            "count": 21,
            "accuracy": 0.3333333333333333
          },
          "signed_logic_repair_head": {
            "count": 21,
            "accuracy": 0.23809523809523808
          },
          "signed_logic_repair_trust_region": {
            "count": 21,
            "accuracy": 0.2857142857142857
          },
          "constrained_logic_repair_head": {
            "count": 21,
            "accuracy": 0.3333333333333333
          },
          "constrained_stage_calibration_head": {
            "count": 21,
            "accuracy": 0.38095238095238093
          }
        }
      }
    }
  }
}
