{
  "seed": 911,
  "parameter_counts": {
    "convex_skill_gate": 110,
    "stage_calibration_head": 16,
    "signed_logic_repair_head": 175,
    "constrained_logic_repair_head": 175,
    "constrained_stage_calibration_head": 16
  },
  "data": {
    "train_decisions": 469,
    "dev_decisions": 129,
    "eval_decisions": 444,
    "train_episodes": 38,
    "dev_episodes": 9,
    "eval_episodes": 33,
    "train_gold_verbs": {
      "go": 277,
      "take": 41,
      "cool": 4,
      "open": 50,
      "close": 40,
      "move": 35,
      "heat": 8,
      "use": 5,
      "clean": 8,
      "examine": 1
    }
  },
  "training": {
    "convex_skill_gate": {
      "kl_lambda": 0.0,
      "best_dev_nll": 2.3054473400115967,
      "best_dev_kl": 0.03579050640200171,
      "best_dev_objective": 2.3054473400115967,
      "epochs_run": 75,
      "history": [
        {
          "epoch": 0,
          "train_objective": 2.2551310062408447,
          "dev_nll": 2.3244595527648926,
          "dev_kl": 0.04782010949317857,
          "dev_objective": 2.3244595527648926
        },
        {
          "epoch": 1,
          "train_objective": 2.2507214546203613,
          "dev_nll": 2.321896553039551,
          "dev_kl": 0.04147188290376072,
          "dev_objective": 2.321896553039551
        },
        {
          "epoch": 2,
          "train_objective": 2.2469840049743652,
          "dev_nll": 2.3199222087860107,
          "dev_kl": 0.03632798215172203,
          "dev_objective": 2.3199222087860107
        },
        {
          "epoch": 3,
          "train_objective": 2.2438137531280518,
          "dev_nll": 2.318427324295044,
          "dev_kl": 0.032353963147011375,
          "dev_objective": 2.318427324295044
        },
        {
          "epoch": 4,
          "train_objective": 2.2411046028137207,
          "dev_nll": 2.3172366619110107,
          "dev_kl": 0.029580460747617277,
          "dev_objective": 2.3172366619110107
        },
        {
          "epoch": 5,
          "train_objective": 2.2387006282806396,
          "dev_nll": 2.3161845207214355,
          "dev_kl": 0.027869899461204693,
          "dev_objective": 2.3161845207214355
        },
        {
          "epoch": 6,
          "train_objective": 2.2364628314971924,
          "dev_nll": 2.3151652812957764,
          "dev_kl": 0.02702212371762351,
          "dev_objective": 2.3151652812957764
        },
        {
          "epoch": 7,
          "train_objective": 2.2343153953552246,
          "dev_nll": 2.31412410736084,
          "dev_kl": 0.026857332945548634,
          "dev_objective": 2.31412410736084
        },
        {
          "epoch": 8,
          "train_objective": 2.2322378158569336,
          "dev_nll": 2.3130459785461426,
          "dev_kl": 0.027222083572861412,
          "dev_objective": 2.3130459785461426
        },
        {
          "epoch": 9,
          "train_objective": 2.230243682861328,
          "dev_nll": 2.3119468688964844,
          "dev_kl": 0.027974080417103083,
          "dev_objective": 2.3119468688964844
        },
        {
          "epoch": 10,
          "train_objective": 2.2283642292022705,
          "dev_nll": 2.310865879058838,
          "dev_kl": 0.028973110680749942,
          "dev_objective": 2.310865879058838
        },
        {
          "epoch": 11,
          "train_objective": 2.2266316413879395,
          "dev_nll": 2.3098461627960205,
          "dev_kl": 0.030088477139902668,
          "dev_objective": 2.3098461627960205
        },
        {
          "epoch": 12,
          "train_objective": 2.2250657081604004,
          "dev_nll": 2.3089263439178467,
          "dev_kl": 0.031206333470104854,
          "dev_objective": 2.3089263439178467
        },
        {
          "epoch": 13,
          "train_objective": 2.2236690521240234,
          "dev_nll": 2.3081376552581787,
          "dev_kl": 0.03223601449461466,
          "dev_objective": 2.3081376552581787
        },
        {
          "epoch": 14,
          "train_objective": 2.2224280834198,
          "dev_nll": 2.3074984550476074,
          "dev_kl": 0.03312161875448313,
          "dev_objective": 2.3074984550476074
        },
        {
          "epoch": 15,
          "train_objective": 2.2213218212127686,
          "dev_nll": 2.307018756866455,
          "dev_kl": 0.03384005866201176,
          "dev_objective": 2.307018756866455
        },
        {
          "epoch": 16,
          "train_objective": 2.2203307151794434,
          "dev_nll": 2.3067023754119873,
          "dev_kl": 0.034392812789251756,
          "dev_objective": 2.3067023754119873
        },
        {
          "epoch": 17,
          "train_objective": 2.2194392681121826,
          "dev_nll": 2.306546926498413,
          "dev_kl": 0.03479799568515935,
          "dev_objective": 2.306546926498413
        },
        {
          "epoch": 18,
          "train_objective": 2.2186365127563477,
          "dev_nll": 2.30654239654541,
          "dev_kl": 0.03508363608198688,
          "dev_objective": 2.30654239654541
        },
        {
          "epoch": 19,
          "train_objective": 2.2179148197174072,
          "dev_nll": 2.3066694736480713,
          "dev_kl": 0.035281980486023566,
          "dev_objective": 2.3066694736480713
        },
        {
          "epoch": 20,
          "train_objective": 2.2172679901123047,
          "dev_nll": 2.306896924972534,
          "dev_kl": 0.035424676180506744,
          "dev_objective": 2.306896924972534
        },
        {
          "epoch": 21,
          "train_objective": 2.216689109802246,
          "dev_nll": 2.3071818351745605,
          "dev_kl": 0.03553932558117045,
          "dev_objective": 2.3071818351745605
        },
        {
          "epoch": 22,
          "train_objective": 2.2161684036254883,
          "dev_nll": 2.30747389793396,
          "dev_kl": 0.035646971282657494,
          "dev_objective": 2.30747389793396
        },
        {
          "epoch": 23,
          "train_objective": 2.215693235397339,
          "dev_nll": 2.307718515396118,
          "dev_kl": 0.03576078531584998,
          "dev_objective": 2.307718515396118
        },
        {
          "epoch": 24,
          "train_objective": 2.215250015258789,
          "dev_nll": 2.3078689575195312,
          "dev_kl": 0.03588574198471715,
          "dev_objective": 2.3078689575195312
        },
        {
          "epoch": 25,
          "train_objective": 2.214824914932251,
          "dev_nll": 2.3078935146331787,
          "dev_kl": 0.036019475627040796,
          "dev_objective": 2.3078935146331787
        },
        {
          "epoch": 26,
          "train_objective": 2.2144088745117188,
          "dev_nll": 2.3077821731567383,
          "dev_kl": 0.036154053863426745,
          "dev_objective": 2.3077821731567383
        },
        {
          "epoch": 27,
          "train_objective": 2.213995933532715,
          "dev_nll": 2.3075449466705322,
          "dev_kl": 0.036277766747385726,
          "dev_objective": 2.3075449466705322
        },
        {
          "epoch": 28,
          "train_objective": 2.2135870456695557,
          "dev_nll": 2.3072116374969482,
          "dev_kl": 0.036376904120466624,
          "dev_objective": 2.3072116374969482
        },
        {
          "epoch": 29,
          "train_objective": 2.213183879852295,
          "dev_nll": 2.3068230152130127,
          "dev_kl": 0.03643705628003723,
          "dev_objective": 2.3068230152130127
        },
        {
          "epoch": 30,
          "train_objective": 2.2127904891967773,
          "dev_nll": 2.3064236640930176,
          "dev_kl": 0.03644452544015854,
          "dev_objective": 2.3064236640930176
        },
        {
          "epoch": 31,
          "train_objective": 2.2124099731445312,
          "dev_nll": 2.3060567378997803,
          "dev_kl": 0.036387979987893226,
          "dev_objective": 2.3060567378997803
        },
        {
          "epoch": 32,
          "train_objective": 2.2120437622070312,
          "dev_nll": 2.3057572841644287,
          "dev_kl": 0.03626018276170993,
          "dev_objective": 2.3057572841644287
        },
        {
          "epoch": 33,
          "train_objective": 2.2116920948028564,
          "dev_nll": 2.3055496215820312,
          "dev_kl": 0.03605946869221191,
          "dev_objective": 2.3055496215820312
        },
        {
          "epoch": 34,
          "train_objective": 2.211354970932007,
          "dev_nll": 2.3054473400115967,
          "dev_kl": 0.03579050640200171,
          "dev_objective": 2.3054473400115967
        },
        {
          "epoch": 35,
          "train_objective": 2.211033344268799,
          "dev_nll": 2.3054513931274414,
          "dev_kl": 0.03546426089592422,
          "dev_objective": 2.3054513931274414
        },
        {
          "epoch": 36,
          "train_objective": 2.2107274532318115,
          "dev_nll": 2.305551290512085,
          "dev_kl": 0.03509676654357463,
          "dev_objective": 2.305551290512085
        },
        {
          "epoch": 37,
          "train_objective": 2.210439920425415,
          "dev_nll": 2.3057265281677246,
          "dev_kl": 0.034707657243810995,
          "dev_objective": 2.3057265281677246
        },
        {
          "epoch": 38,
          "train_objective": 2.2101707458496094,
          "dev_nll": 2.3059494495391846,
          "dev_kl": 0.03431790204657343,
          "dev_objective": 2.3059494495391846
        },
        {
          "epoch": 39,
          "train_objective": 2.209921360015869,
          "dev_nll": 2.3061888217926025,
          "dev_kl": 0.033947768252046935,
          "dev_objective": 2.3061888217926025
        },
        {
          "epoch": 40,
          "train_objective": 2.209690570831299,
          "dev_nll": 2.306413412094116,
          "dev_kl": 0.03361484785600342,
          "dev_objective": 2.306413412094116
        },
        {
          "epoch": 41,
          "train_objective": 2.2094757556915283,
          "dev_nll": 2.306597948074341,
          "dev_kl": 0.033332417766895696,
          "dev_objective": 2.306597948074341
        },
        {
          "epoch": 42,
          "train_objective": 2.2092740535736084,
          "dev_nll": 2.306725025177002,
          "dev_kl": 0.03310850167614516,
          "dev_objective": 2.306725025177002
        },
        {
          "epoch": 43,
          "train_objective": 2.2090818881988525,
          "dev_nll": 2.306788444519043,
          "dev_kl": 0.032945343838326,
          "dev_objective": 2.306788444519043
        },
        {
          "epoch": 44,
          "train_objective": 2.2088966369628906,
          "dev_nll": 2.3067939281463623,
          "dev_kl": 0.03283971734886426,
          "dev_objective": 2.3067939281463623
        },
        {
          "epoch": 45,
          "train_objective": 2.2087149620056152,
          "dev_nll": 2.306755542755127,
          "dev_kl": 0.0327837683744151,
          "dev_objective": 2.306755542755127
        },
        {
          "epoch": 46,
          "train_objective": 2.2085351943969727,
          "dev_nll": 2.3066940307617188,
          "dev_kl": 0.03276639988252446,
          "dev_objective": 2.3066940307617188
        },
        {
          "epoch": 47,
          "train_objective": 2.2083547115325928,
          "dev_nll": 2.3066325187683105,
          "dev_kl": 0.032775086100761915,
          "dev_objective": 2.3066325187683105
        },
        {
          "epoch": 48,
          "train_objective": 2.208172559738159,
          "dev_nll": 2.3065927028656006,
          "dev_kl": 0.032798020282846896,
          "dev_objective": 2.3065927028656006
        },
        {
          "epoch": 49,
          "train_objective": 2.207986354827881,
          "dev_nll": 2.3065905570983887,
          "dev_kl": 0.03282593732768337,
          "dev_objective": 2.3065905570983887
        },
        {
          "epoch": 50,
          "train_objective": 2.2077953815460205,
          "dev_nll": 2.306633949279785,
          "dev_kl": 0.03285381402423273,
          "dev_objective": 2.306633949279785
        },
        {
          "epoch": 51,
          "train_objective": 2.2075984477996826,
          "dev_nll": 2.3067212104797363,
          "dev_kl": 0.032881637841152646,
          "dev_objective": 2.3067212104797363
        },
        {
          "epoch": 52,
          "train_objective": 2.207395076751709,
          "dev_nll": 2.3068394660949707,
          "dev_kl": 0.032914530011182726,
          "dev_objective": 2.3068394660949707
        },
        {
          "epoch": 53,
          "train_objective": 2.2071874141693115,
          "dev_nll": 2.3069660663604736,
          "dev_kl": 0.03296192623440234,
          "dev_objective": 2.3069660663604736
        },
        {
          "epoch": 54,
          "train_objective": 2.2069764137268066,
          "dev_nll": 2.3070716857910156,
          "dev_kl": 0.033035784666498674,
          "dev_objective": 2.3070716857910156
        },
        {
          "epoch": 55,
          "train_objective": 2.2067627906799316,
          "dev_nll": 2.307124614715576,
          "dev_kl": 0.03314810449730374,
          "dev_objective": 2.307124614715576
        },
        {
          "epoch": 56,
          "train_objective": 2.2065467834472656,
          "dev_nll": 2.3071022033691406,
          "dev_kl": 0.03330746431863874,
          "dev_objective": 2.3071022033691406
        },
        {
          "epoch": 57,
          "train_objective": 2.2063283920288086,
          "dev_nll": 2.306997299194336,
          "dev_kl": 0.03351575670431751,
          "dev_objective": 2.306997299194336
        },
        {
          "epoch": 58,
          "train_objective": 2.206106424331665,
          "dev_nll": 2.3068246841430664,
          "dev_kl": 0.03376626268086969,
          "dev_objective": 2.3068246841430664
        },
        {
          "epoch": 59,
          "train_objective": 2.205880641937256,
          "dev_nll": 2.30661940574646,
          "dev_kl": 0.03404382881239172,
          "dev_objective": 2.30661940574646
        },
        {
          "epoch": 60,
          "train_objective": 2.20565128326416,
          "dev_nll": 2.3064262866973877,
          "dev_kl": 0.034327528423218186,
          "dev_objective": 2.3064262866973877
        },
        {
          "epoch": 61,
          "train_objective": 2.205418586730957,
          "dev_nll": 2.3062925338745117,
          "dev_kl": 0.034594948198682404,
          "dev_objective": 2.3062925338745117
        },
        {
          "epoch": 62,
          "train_objective": 2.2051825523376465,
          "dev_nll": 2.3062539100646973,
          "dev_kl": 0.03482710073211107,
          "dev_objective": 2.3062539100646973
        },
        {
          "epoch": 63,
          "train_objective": 2.2049410343170166,
          "dev_nll": 2.306328773498535,
          "dev_kl": 0.035012782166004466,
          "dev_objective": 2.306328773498535
        },
        {
          "epoch": 64,
          "train_objective": 2.2046940326690674,
          "dev_nll": 2.3065147399902344,
          "dev_kl": 0.03515127618786294,
          "dev_objective": 2.3065147399902344
        },
        {
          "epoch": 65,
          "train_objective": 2.204441547393799,
          "dev_nll": 2.3067896366119385,
          "dev_kl": 0.035252098806289045,
          "dev_objective": 2.3067896366119385
        },
        {
          "epoch": 66,
          "train_objective": 2.2041854858398438,
          "dev_nll": 2.307116985321045,
          "dev_kl": 0.03533198202909656,
          "dev_objective": 2.307116985321045
        },
        {
          "epoch": 67,
          "train_objective": 2.203927755355835,
          "dev_nll": 2.307455539703369,
          "dev_kl": 0.03540988391366347,
          "dev_objective": 2.307455539703369
        },
        {
          "epoch": 68,
          "train_objective": 2.203669548034668,
          "dev_nll": 2.307769536972046,
          "dev_kl": 0.03550146442347083,
          "dev_objective": 2.307769536972046
        },
        {
          "epoch": 69,
          "train_objective": 2.203411102294922,
          "dev_nll": 2.3080403804779053,
          "dev_kl": 0.035614595224163964,
          "dev_objective": 2.3080403804779053
        },
        {
          "epoch": 70,
          "train_objective": 2.203152656555176,
          "dev_nll": 2.3082692623138428,
          "dev_kl": 0.0357472807405401,
          "dev_objective": 2.3082692623138428
        },
        {
          "epoch": 71,
          "train_objective": 2.2028942108154297,
          "dev_nll": 2.3084752559661865,
          "dev_kl": 0.03588873334770459,
          "dev_objective": 2.3084752559661865
        },
        {
          "epoch": 72,
          "train_objective": 2.2026355266571045,
          "dev_nll": 2.308685779571533,
          "dev_kl": 0.03602395903828099,
          "dev_objective": 2.308685779571533
        },
        {
          "epoch": 73,
          "train_objective": 2.2023749351501465,
          "dev_nll": 2.308922290802002,
          "dev_kl": 0.036140501455858697,
          "dev_objective": 2.308922290802002
        },
        {
          "epoch": 74,
          "train_objective": 2.2021124362945557,
          "dev_nll": 2.3091893196105957,
          "dev_kl": 0.03623439917203703,
          "dev_objective": 2.3091893196105957
        }
      ]
    },
    "stage_calibration_head": {
      "kl_lambda": 0.0,
      "best_dev_nll": 2.1195626258850098,
      "best_dev_kl": 0.2034173705388364,
      "best_dev_objective": 2.1195626258850098,
      "epochs_run": 300,
      "history": [
        {
          "epoch": 0,
          "train_objective": 2.296180009841919,
          "dev_nll": 2.362933874130249,
          "dev_kl": 0.00012972246306811193,
          "dev_objective": 2.362933874130249
        },
        {
          "epoch": 1,
          "train_objective": 2.2924647331237793,
          "dev_nll": 2.360830307006836,
          "dev_kl": 0.000470103168622735,
          "dev_objective": 2.360830307006836
        },
        {
          "epoch": 2,
          "train_objective": 2.2889652252197266,
          "dev_nll": 2.35901141166687,
          "dev_kl": 0.0008552866085890911,
          "dev_objective": 2.35901141166687
        },
        {
          "epoch": 3,
          "train_objective": 2.2855966091156006,
          "dev_nll": 2.3573720455169678,
          "dev_kl": 0.001172911413212473,
          "dev_objective": 2.3573720455169678
        },
        {
          "epoch": 4,
          "train_objective": 2.2822794914245605,
          "dev_nll": 2.3558404445648193,
          "dev_kl": 0.001441167085205905,
          "dev_objective": 2.3558404445648193
        },
        {
          "epoch": 5,
          "train_objective": 2.2790117263793945,
          "dev_nll": 2.354383945465088,
          "dev_kl": 0.0016971832477891918,
          "dev_objective": 2.354383945465088
        },
        {
          "epoch": 6,
          "train_objective": 2.2758097648620605,
          "dev_nll": 2.352965831756592,
          "dev_kl": 0.0019635879736964036,
          "dev_objective": 2.352965831756592
        },
        {
          "epoch": 7,
          "train_objective": 2.272679090499878,
          "dev_nll": 2.3515334129333496,
          "dev_kl": 0.0022456594961677324,
          "dev_objective": 2.3515334129333496
        },
        {
          "epoch": 8,
          "train_objective": 2.26960825920105,
          "dev_nll": 2.3500237464904785,
          "dev_kl": 0.002531929589900939,
          "dev_objective": 2.3500237464904785
        },
        {
          "epoch": 9,
          "train_objective": 2.266570806503296,
          "dev_nll": 2.348396062850952,
          "dev_kl": 0.0028031953492485234,
          "dev_objective": 2.348396062850952
        },
        {
          "epoch": 10,
          "train_objective": 2.2635412216186523,
          "dev_nll": 2.346644639968872,
          "dev_kl": 0.0030464006390678875,
          "dev_objective": 2.346644639968872
        },
        {
          "epoch": 11,
          "train_objective": 2.260509490966797,
          "dev_nll": 2.3447885513305664,
          "dev_kl": 0.0032589841102044163,
          "dev_objective": 2.3447885513305664
        },
        {
          "epoch": 12,
          "train_objective": 2.2574782371520996,
          "dev_nll": 2.3428566455841064,
          "dev_kl": 0.003445166788540434,
          "dev_objective": 2.3428566455841064
        },
        {
          "epoch": 13,
          "train_objective": 2.254455327987671,
          "dev_nll": 2.340879201889038,
          "dev_kl": 0.0036109674840627687,
          "dev_objective": 2.340879201889038
        },
        {
          "epoch": 14,
          "train_objective": 2.2514500617980957,
          "dev_nll": 2.3388829231262207,
          "dev_kl": 0.0037607338733866434,
          "dev_objective": 2.3388829231262207
        },
        {
          "epoch": 15,
          "train_objective": 2.2484681606292725,
          "dev_nll": 2.336890935897827,
          "dev_kl": 0.0038966298639835687,
          "dev_objective": 2.336890935897827
        },
        {
          "epoch": 16,
          "train_objective": 2.2455124855041504,
          "dev_nll": 2.334918260574341,
          "dev_kl": 0.004020877707480676,
          "dev_objective": 2.334918260574341
        },
        {
          "epoch": 17,
          "train_objective": 2.2425830364227295,
          "dev_nll": 2.3329756259918213,
          "dev_kl": 0.004138947333220046,
          "dev_objective": 2.3329756259918213
        },
        {
          "epoch": 18,
          "train_objective": 2.2396786212921143,
          "dev_nll": 2.3310678005218506,
          "dev_kl": 0.004260640171971967,
          "dev_objective": 2.3310678005218506
        },
        {
          "epoch": 19,
          "train_objective": 2.236799955368042,
          "dev_nll": 2.329195261001587,
          "dev_kl": 0.0043982736607959365,
          "dev_objective": 2.329195261001587
        },
        {
          "epoch": 20,
          "train_objective": 2.2339470386505127,
          "dev_nll": 2.3273561000823975,
          "dev_kl": 0.0045636636171175905,
          "dev_objective": 2.3273561000823975
        },
        {
          "epoch": 21,
          "train_objective": 2.2311198711395264,
          "dev_nll": 2.325545072555542,
          "dev_kl": 0.004765748392425969,
          "dev_objective": 2.325545072555542
        },
        {
          "epoch": 22,
          "train_objective": 2.2283167839050293,
          "dev_nll": 2.3237555027008057,
          "dev_kl": 0.0050098009607411715,
          "dev_objective": 2.3237555027008057
        },
        {
          "epoch": 23,
          "train_objective": 2.225534677505493,
          "dev_nll": 2.3219821453094482,
          "dev_kl": 0.00529777663471105,
          "dev_objective": 2.3219821453094482
        },
        {
          "epoch": 24,
          "train_objective": 2.222770929336548,
          "dev_nll": 2.320222854614258,
          "dev_kl": 0.005629304152337632,
          "dev_objective": 2.320222854614258
        },
        {
          "epoch": 25,
          "train_objective": 2.2200229167938232,
          "dev_nll": 2.3184781074523926,
          "dev_kl": 0.006002433377393889,
          "dev_objective": 2.3184781074523926
        },
        {
          "epoch": 26,
          "train_objective": 2.217291831970215,
          "dev_nll": 2.3167521953582764,
          "dev_kl": 0.006413654445006346,
          "dev_objective": 2.3167521953582764
        },
        {
          "epoch": 27,
          "train_objective": 2.2145793437957764,
          "dev_nll": 2.315049648284912,
          "dev_kl": 0.006857500265825309,
          "dev_objective": 2.315049648284912
        },
        {
          "epoch": 28,
          "train_objective": 2.2118868827819824,
          "dev_nll": 2.3133747577667236,
          "dev_kl": 0.007326352231785684,
          "dev_objective": 2.3133747577667236
        },
        {
          "epoch": 29,
          "train_objective": 2.2092175483703613,
          "dev_nll": 2.3117282390594482,
          "dev_kl": 0.007811032345043784,
          "dev_objective": 2.3117282390594482
        },
        {
          "epoch": 30,
          "train_objective": 2.206571578979492,
          "dev_nll": 2.3101086616516113,
          "dev_kl": 0.008302405656607779,
          "dev_objective": 2.3101086616516113
        },
        {
          "epoch": 31,
          "train_objective": 2.203948497772217,
          "dev_nll": 2.30851149559021,
          "dev_kl": 0.008793131229034516,
          "dev_objective": 2.30851149559021
        },
        {
          "epoch": 32,
          "train_objective": 2.201348304748535,
          "dev_nll": 2.3069305419921875,
          "dev_kl": 0.00927899995739319,
          "dev_objective": 2.3069305419921875
        },
        {
          "epoch": 33,
          "train_objective": 2.198770523071289,
          "dev_nll": 2.305358409881592,
          "dev_kl": 0.00975908110660046,
          "dev_objective": 2.305358409881592
        },
        {
          "epoch": 34,
          "train_objective": 2.196214437484741,
          "dev_nll": 2.30378794670105,
          "dev_kl": 0.01023494235967293,
          "dev_objective": 2.30378794670105
        },
        {
          "epoch": 35,
          "train_objective": 2.19368052482605,
          "dev_nll": 2.302212715148926,
          "dev_kl": 0.010709495244858166,
          "dev_objective": 2.302212715148926
        },
        {
          "epoch": 36,
          "train_objective": 2.1911680698394775,
          "dev_nll": 2.300626277923584,
          "dev_kl": 0.011185867705584555,
          "dev_objective": 2.300626277923584
        },
        {
          "epoch": 37,
          "train_objective": 2.188676118850708,
          "dev_nll": 2.2990260124206543,
          "dev_kl": 0.011666721917504747,
          "dev_objective": 2.2990260124206543
        },
        {
          "epoch": 38,
          "train_objective": 2.186204195022583,
          "dev_nll": 2.297412157058716,
          "dev_kl": 0.012153920267668893,
          "dev_objective": 2.297412157058716
        },
        {
          "epoch": 39,
          "train_objective": 2.183751106262207,
          "dev_nll": 2.2957894802093506,
          "dev_kl": 0.012648407807537579,
          "dev_objective": 2.2957894802093506
        },
        {
          "epoch": 40,
          "train_objective": 2.1813178062438965,
          "dev_nll": 2.294163465499878,
          "dev_kl": 0.0131500445332472,
          "dev_objective": 2.294163465499878
        },
        {
          "epoch": 41,
          "train_objective": 2.1789042949676514,
          "dev_nll": 2.2925424575805664,
          "dev_kl": 0.013657792117591052,
          "dev_objective": 2.2925424575805664
        },
        {
          "epoch": 42,
          "train_objective": 2.176511526107788,
          "dev_nll": 2.290933609008789,
          "dev_kl": 0.014170117528257213,
          "dev_objective": 2.290933609008789
        },
        {
          "epoch": 43,
          "train_objective": 2.1741392612457275,
          "dev_nll": 2.2893435955047607,
          "dev_kl": 0.014685731702448093,
          "dev_objective": 2.2893435955047607
        },
        {
          "epoch": 44,
          "train_objective": 2.171787738800049,
          "dev_nll": 2.2877769470214844,
          "dev_kl": 0.01520450308724025,
          "dev_objective": 2.2877769470214844
        },
        {
          "epoch": 45,
          "train_objective": 2.1694560050964355,
          "dev_nll": 2.28623628616333,
          "dev_kl": 0.015727983075627235,
          "dev_objective": 2.28623628616333
        },
        {
          "epoch": 46,
          "train_objective": 2.1671438217163086,
          "dev_nll": 2.2847230434417725,
          "dev_kl": 0.016259317869291634,
          "dev_objective": 2.2847230434417725
        },
        {
          "epoch": 47,
          "train_objective": 2.164850950241089,
          "dev_nll": 2.283236265182495,
          "dev_kl": 0.016802581688641866,
          "dev_objective": 2.283236265182495
        },
        {
          "epoch": 48,
          "train_objective": 2.162576675415039,
          "dev_nll": 2.2817740440368652,
          "dev_kl": 0.01736174706214418,
          "dev_objective": 2.2817740440368652
        },
        {
          "epoch": 49,
          "train_objective": 2.1603212356567383,
          "dev_nll": 2.2803337574005127,
          "dev_kl": 0.017939891473953286,
          "dev_objective": 2.2803337574005127
        },
        {
          "epoch": 50,
          "train_objective": 2.1580843925476074,
          "dev_nll": 2.2789127826690674,
          "dev_kl": 0.0185383909739294,
          "dev_objective": 2.2789127826690674
        },
        {
          "epoch": 51,
          "train_objective": 2.15586519241333,
          "dev_nll": 2.2775089740753174,
          "dev_kl": 0.019156684955517048,
          "dev_objective": 2.2775089740753174
        },
        {
          "epoch": 52,
          "train_objective": 2.1536641120910645,
          "dev_nll": 2.276120901107788,
          "dev_kl": 0.019792279390105617,
          "dev_objective": 2.276120901107788
        },
        {
          "epoch": 53,
          "train_objective": 2.1514804363250732,
          "dev_nll": 2.274747371673584,
          "dev_kl": 0.020441086844598888,
          "dev_objective": 2.274747371673584
        },
        {
          "epoch": 54,
          "train_objective": 2.1493148803710938,
          "dev_nll": 2.273388624191284,
          "dev_kl": 0.021098002896990712,
          "dev_objective": 2.273388624191284
        },
        {
          "epoch": 55,
          "train_objective": 2.147167444229126,
          "dev_nll": 2.2720417976379395,
          "dev_kl": 0.021757822909731734,
          "dev_objective": 2.2720417976379395
        },
        {
          "epoch": 56,
          "train_objective": 2.1450369358062744,
          "dev_nll": 2.2707064151763916,
          "dev_kl": 0.022416147693103655,
          "dev_objective": 2.2707064151763916
        },
        {
          "epoch": 57,
          "train_objective": 2.1429245471954346,
          "dev_nll": 2.2693803310394287,
          "dev_kl": 0.0230702080641144,
          "dev_objective": 2.2693803310394287
        },
        {
          "epoch": 58,
          "train_objective": 2.140828847885132,
          "dev_nll": 2.2680611610412598,
          "dev_kl": 0.02371928343448297,
          "dev_objective": 2.2680611610412598
        },
        {
          "epoch": 59,
          "train_objective": 2.1387500762939453,
          "dev_nll": 2.266746997833252,
          "dev_kl": 0.024364441051147878,
          "dev_objective": 2.266746997833252
        },
        {
          "epoch": 60,
          "train_objective": 2.136687755584717,
          "dev_nll": 2.2654359340667725,
          "dev_kl": 0.02500803829098568,
          "dev_objective": 2.2654359340667725
        },
        {
          "epoch": 61,
          "train_objective": 2.1346421241760254,
          "dev_nll": 2.264126777648926,
          "dev_kl": 0.025652866437850707,
          "dev_objective": 2.264126777648926
        },
        {
          "epoch": 62,
          "train_objective": 2.132612943649292,
          "dev_nll": 2.262819290161133,
          "dev_kl": 0.02630149582743847,
          "dev_objective": 2.262819290161133
        },
        {
          "epoch": 63,
          "train_objective": 2.1305994987487793,
          "dev_nll": 2.26151442527771,
          "dev_kl": 0.026955598634992573,
          "dev_objective": 2.26151442527771
        },
        {
          "epoch": 64,
          "train_objective": 2.1286020278930664,
          "dev_nll": 2.260213613510132,
          "dev_kl": 0.027615954892803704,
          "dev_objective": 2.260213613510132
        },
        {
          "epoch": 65,
          "train_objective": 2.1266205310821533,
          "dev_nll": 2.2589199542999268,
          "dev_kl": 0.028282236632739387,
          "dev_objective": 2.2589199542999268
        },
        {
          "epoch": 66,
          "train_objective": 2.124655246734619,
          "dev_nll": 2.2576351165771484,
          "dev_kl": 0.028953482054874243,
          "dev_objective": 2.2576351165771484
        },
        {
          "epoch": 67,
          "train_objective": 2.1227049827575684,
          "dev_nll": 2.256362199783325,
          "dev_kl": 0.02962858649782923,
          "dev_objective": 2.256362199783325
        },
        {
          "epoch": 68,
          "train_objective": 2.1207706928253174,
          "dev_nll": 2.2551023960113525,
          "dev_kl": 0.03030673667423918,
          "dev_objective": 2.2551023960113525
        },
        {
          "epoch": 69,
          "train_objective": 2.11885142326355,
          "dev_nll": 2.253857135772705,
          "dev_kl": 0.030987905850092513,
          "dev_objective": 2.253857135772705
        },
        {
          "epoch": 70,
          "train_objective": 2.1169474124908447,
          "dev_nll": 2.2526254653930664,
          "dev_kl": 0.031672880516474156,
          "dev_objective": 2.2526254653930664
        },
        {
          "epoch": 71,
          "train_objective": 2.115058183670044,
          "dev_nll": 2.2514073848724365,
          "dev_kl": 0.03236301375513304,
          "dev_objective": 2.2514073848724365
        },
        {
          "epoch": 72,
          "train_objective": 2.1131839752197266,
          "dev_nll": 2.250201463699341,
          "dev_kl": 0.03305980687701078,
          "dev_objective": 2.250201463699341
        },
        {
          "epoch": 73,
          "train_objective": 2.1113243103027344,
          "dev_nll": 2.2490060329437256,
          "dev_kl": 0.033764396417821044,
          "dev_objective": 2.2490060329437256
        },
        {
          "epoch": 74,
          "train_objective": 2.1094794273376465,
          "dev_nll": 2.247819662094116,
          "dev_kl": 0.034477184150303,
          "dev_objective": 2.247819662094116
        },
        {
          "epoch": 75,
          "train_objective": 2.1076488494873047,
          "dev_nll": 2.2466416358947754,
          "dev_kl": 0.035197538388676425,
          "dev_objective": 2.2466416358947754
        },
        {
          "epoch": 76,
          "train_objective": 2.105832815170288,
          "dev_nll": 2.2454707622528076,
          "dev_kl": 0.0359239178771052,
          "dev_objective": 2.2454707622528076
        },
        {
          "epoch": 77,
          "train_objective": 2.1040308475494385,
          "dev_nll": 2.244307041168213,
          "dev_kl": 0.03665413333160817,
          "dev_objective": 2.244307041168213
        },
        {
          "epoch": 78,
          "train_objective": 2.102242946624756,
          "dev_nll": 2.2431492805480957,
          "dev_kl": 0.03738592366160926,
          "dev_objective": 2.2431492805480957
        },
        {
          "epoch": 79,
          "train_objective": 2.1004691123962402,
          "dev_nll": 2.2419981956481934,
          "dev_kl": 0.03811728607957042,
          "dev_objective": 2.2419981956481934
        },
        {
          "epoch": 80,
          "train_objective": 2.0987091064453125,
          "dev_nll": 2.240853786468506,
          "dev_kl": 0.038847148003302114,
          "dev_objective": 2.240853786468506
        },
        {
          "epoch": 81,
          "train_objective": 2.0969626903533936,
          "dev_nll": 2.239715337753296,
          "dev_kl": 0.03957538465001844,
          "dev_objective": 2.239715337753296
        },
        {
          "epoch": 82,
          "train_objective": 2.0952301025390625,
          "dev_nll": 2.2385833263397217,
          "dev_kl": 0.040302897665411404,
          "dev_objective": 2.2385833263397217
        },
        {
          "epoch": 83,
          "train_objective": 2.093510389328003,
          "dev_nll": 2.237457275390625,
          "dev_kl": 0.04103118073025559,
          "dev_objective": 2.237457275390625
        },
        {
          "epoch": 84,
          "train_objective": 2.0918045043945312,
          "dev_nll": 2.2363381385803223,
          "dev_kl": 0.04176195718838956,
          "dev_objective": 2.2363381385803223
        },
        {
          "epoch": 85,
          "train_objective": 2.090111494064331,
          "dev_nll": 2.235225200653076,
          "dev_kl": 0.04249672209049842,
          "dev_objective": 2.235225200653076
        },
        {
          "epoch": 86,
          "train_objective": 2.0884320735931396,
          "dev_nll": 2.2341201305389404,
          "dev_kl": 0.04323635257730015,
          "dev_objective": 2.2341201305389404
        },
        {
          "epoch": 87,
          "train_objective": 2.0867652893066406,
          "dev_nll": 2.2330236434936523,
          "dev_kl": 0.04398104468497715,
          "dev_objective": 2.2330236434936523
        },
        {
          "epoch": 88,
          "train_objective": 2.085111618041992,
          "dev_nll": 2.231936454772949,
          "dev_kl": 0.04473046608117604,
          "dev_objective": 2.231936454772949
        },
        {
          "epoch": 89,
          "train_objective": 2.083470582962036,
          "dev_nll": 2.2308595180511475,
          "dev_kl": 0.045483845861830796,
          "dev_objective": 2.2308595180511475
        },
        {
          "epoch": 90,
          "train_objective": 2.0818419456481934,
          "dev_nll": 2.2297933101654053,
          "dev_kl": 0.04624044620558302,
          "dev_objective": 2.2297933101654053
        },
        {
          "epoch": 91,
          "train_objective": 2.080226182937622,
          "dev_nll": 2.22873854637146,
          "dev_kl": 0.04699975435437938,
          "dev_objective": 2.22873854637146
        },
        {
          "epoch": 92,
          "train_objective": 2.078622579574585,
          "dev_nll": 2.227694511413574,
          "dev_kl": 0.04776168738892519,
          "dev_objective": 2.227694511413574
        },
        {
          "epoch": 93,
          "train_objective": 2.077031373977661,
          "dev_nll": 2.226660966873169,
          "dev_kl": 0.04852650902963193,
          "dev_objective": 2.226660966873169
        },
        {
          "epoch": 94,
          "train_objective": 2.0754523277282715,
          "dev_nll": 2.225637197494507,
          "dev_kl": 0.049294700578050035,
          "dev_objective": 2.225637197494507
        },
        {
          "epoch": 95,
          "train_objective": 2.073885440826416,
          "dev_nll": 2.2246224880218506,
          "dev_kl": 0.0500667454835475,
          "dev_objective": 2.2246224880218506
        },
        {
          "epoch": 96,
          "train_objective": 2.0723302364349365,
          "dev_nll": 2.223616361618042,
          "dev_kl": 0.05084273936010377,
          "dev_objective": 2.223616361618042
        },
        {
          "epoch": 97,
          "train_objective": 2.070786952972412,
          "dev_nll": 2.2226173877716064,
          "dev_kl": 0.05162243409869225,
          "dev_objective": 2.2226173877716064
        },
        {
          "epoch": 98,
          "train_objective": 2.0692555904388428,
          "dev_nll": 2.2216262817382812,
          "dev_kl": 0.052405142407618864,
          "dev_objective": 2.2216262817382812
        },
        {
          "epoch": 99,
          "train_objective": 2.0677359104156494,
          "dev_nll": 2.22064208984375,
          "dev_kl": 0.05318992296432311,
          "dev_objective": 2.22064208984375
        },
        {
          "epoch": 100,
          "train_objective": 2.066227674484253,
          "dev_nll": 2.219665288925171,
          "dev_kl": 0.053975839932203694,
          "dev_objective": 2.219665288925171
        },
        {
          "epoch": 101,
          "train_objective": 2.064730644226074,
          "dev_nll": 2.218695640563965,
          "dev_kl": 0.05476217804830377,
          "dev_objective": 2.218695640563965
        },
        {
          "epoch": 102,
          "train_objective": 2.0632448196411133,
          "dev_nll": 2.217733144760132,
          "dev_kl": 0.05554870078466515,
          "dev_objective": 2.217733144760132
        },
        {
          "epoch": 103,
          "train_objective": 2.061770439147949,
          "dev_nll": 2.21677827835083,
          "dev_kl": 0.0563356361664153,
          "dev_objective": 2.21677827835083
        },
        {
          "epoch": 104,
          "train_objective": 2.060307264328003,
          "dev_nll": 2.2158308029174805,
          "dev_kl": 0.05712361130935624,
          "dev_objective": 2.2158308029174805
        },
        {
          "epoch": 105,
          "train_objective": 2.058854579925537,
          "dev_nll": 2.214890480041504,
          "dev_kl": 0.05791344098717898,
          "dev_objective": 2.214890480041504
        },
        {
          "epoch": 106,
          "train_objective": 2.057413101196289,
          "dev_nll": 2.2139580249786377,
          "dev_kl": 0.058705885790815475,
          "dev_objective": 2.2139580249786377
        },
        {
          "epoch": 107,
          "train_objective": 2.0559825897216797,
          "dev_nll": 2.2130331993103027,
          "dev_kl": 0.059501409827543844,
          "dev_objective": 2.2130331993103027
        },
        {
          "epoch": 108,
          "train_objective": 2.0545623302459717,
          "dev_nll": 2.212116003036499,
          "dev_kl": 0.060300166878394436,
          "dev_objective": 2.212116003036499
        },
        {
          "epoch": 109,
          "train_objective": 2.0531530380249023,
          "dev_nll": 2.211207151412964,
          "dev_kl": 0.06110185768018484,
          "dev_objective": 2.211207151412964
        },
        {
          "epoch": 110,
          "train_objective": 2.0517539978027344,
          "dev_nll": 2.210306167602539,
          "dev_kl": 0.06190604239326808,
          "dev_objective": 2.210306167602539
        },
        {
          "epoch": 111,
          "train_objective": 2.0503652095794678,
          "dev_nll": 2.2094132900238037,
          "dev_kl": 0.0627121517990622,
          "dev_objective": 2.2094132900238037
        },
        {
          "epoch": 112,
          "train_objective": 2.0489869117736816,
          "dev_nll": 2.208528518676758,
          "dev_kl": 0.0635197866354282,
          "dev_objective": 2.208528518676758
        },
        {
          "epoch": 113,
          "train_objective": 2.0476186275482178,
          "dev_nll": 2.207651376724243,
          "dev_kl": 0.0643287188600922,
          "dev_objective": 2.207651376724243
        },
        {
          "epoch": 114,
          "train_objective": 2.0462605953216553,
          "dev_nll": 2.2067816257476807,
          "dev_kl": 0.06513893648859316,
          "dev_objective": 2.2067816257476807
        },
        {
          "epoch": 115,
          "train_objective": 2.044912338256836,
          "dev_nll": 2.205919027328491,
          "dev_kl": 0.06595059358532894,
          "dev_objective": 2.205919027328491
        },
        {
          "epoch": 116,
          "train_objective": 2.043574094772339,
          "dev_nll": 2.2050628662109375,
          "dev_kl": 0.06676385059588148,
          "dev_objective": 2.2050628662109375
        },
        {
          "epoch": 117,
          "train_objective": 2.042245626449585,
          "dev_nll": 2.2042133808135986,
          "dev_kl": 0.06757873188354103,
          "dev_objective": 2.2042133808135986
        },
        {
          "epoch": 118,
          "train_objective": 2.040926694869995,
          "dev_nll": 2.2033700942993164,
          "dev_kl": 0.06839508003493872,
          "dev_objective": 2.2033700942993164
        },
        {
          "epoch": 119,
          "train_objective": 2.0396175384521484,
          "dev_nll": 2.2025325298309326,
          "dev_kl": 0.06921261174932787,
          "dev_objective": 2.2025325298309326
        },
        {
          "epoch": 120,
          "train_objective": 2.038317918777466,
          "dev_nll": 2.2017016410827637,
          "dev_kl": 0.07003092702366268,
          "dev_objective": 2.2017016410827637
        },
        {
          "epoch": 121,
          "train_objective": 2.037027597427368,
          "dev_nll": 2.200876474380493,
          "dev_kl": 0.07084967971006914,
          "dev_objective": 2.200876474380493
        },
        {
          "epoch": 122,
          "train_objective": 2.0357465744018555,
          "dev_nll": 2.2000577449798584,
          "dev_kl": 0.07166864351791785,
          "dev_objective": 2.2000577449798584
        },
        {
          "epoch": 123,
          "train_objective": 2.034475088119507,
          "dev_nll": 2.199244976043701,
          "dev_kl": 0.0724878627382753,
          "dev_objective": 2.199244976043701
        },
        {
          "epoch": 124,
          "train_objective": 2.033212661743164,
          "dev_nll": 2.198439121246338,
          "dev_kl": 0.0733075165866636,
          "dev_objective": 2.198439121246338
        },
        {
          "epoch": 125,
          "train_objective": 2.031959056854248,
          "dev_nll": 2.197638988494873,
          "dev_kl": 0.07412797345530761,
          "dev_objective": 2.197638988494873
        },
        {
          "epoch": 126,
          "train_objective": 2.030714750289917,
          "dev_nll": 2.196845531463623,
          "dev_kl": 0.07494954248013105,
          "dev_objective": 2.196845531463623
        },
        {
          "epoch": 127,
          "train_objective": 2.0294792652130127,
          "dev_nll": 2.196058511734009,
          "dev_kl": 0.07577243474467348,
          "dev_objective": 2.196058511734009
        },
        {
          "epoch": 128,
          "train_objective": 2.028252124786377,
          "dev_nll": 2.195277452468872,
          "dev_kl": 0.07659671456794898,
          "dev_objective": 2.195277452468872
        },
        {
          "epoch": 129,
          "train_objective": 2.0270345211029053,
          "dev_nll": 2.19450306892395,
          "dev_kl": 0.07742220359446496,
          "dev_objective": 2.19450306892395
        },
        {
          "epoch": 130,
          "train_objective": 2.025824785232544,
          "dev_nll": 2.193735361099243,
          "dev_kl": 0.07824864598305159,
          "dev_objective": 2.193735361099243
        },
        {
          "epoch": 131,
          "train_objective": 2.0246241092681885,
          "dev_nll": 2.1929736137390137,
          "dev_kl": 0.07907567167015703,
          "dev_objective": 2.1929736137390137
        },
        {
          "epoch": 132,
          "train_objective": 2.0234317779541016,
          "dev_nll": 2.1922175884246826,
          "dev_kl": 0.07990305449690872,
          "dev_objective": 2.1922175884246826
        },
        {
          "epoch": 133,
          "train_objective": 2.022247791290283,
          "dev_nll": 2.1914680004119873,
          "dev_kl": 0.08073062761849183,
          "dev_objective": 2.1914680004119873
        },
        {
          "epoch": 134,
          "train_objective": 2.0210723876953125,
          "dev_nll": 2.1907243728637695,
          "dev_kl": 0.08155835485320481,
          "dev_objective": 2.1907243728637695
        },
        {
          "epoch": 135,
          "train_objective": 2.0199050903320312,
          "dev_nll": 2.18998646736145,
          "dev_kl": 0.08238626802033319,
          "dev_objective": 2.18998646736145
        },
        {
          "epoch": 136,
          "train_objective": 2.0187461376190186,
          "dev_nll": 2.189253807067871,
          "dev_kl": 0.0832144536958762,
          "dev_objective": 2.189253807067871
        },
        {
          "epoch": 137,
          "train_objective": 2.0175952911376953,
          "dev_nll": 2.1885266304016113,
          "dev_kl": 0.08404290767083335,
          "dev_objective": 2.1885266304016113
        },
        {
          "epoch": 138,
          "train_objective": 2.0164520740509033,
          "dev_nll": 2.187804937362671,
          "dev_kl": 0.08487160158679323,
          "dev_objective": 2.187804937362671
        },
        {
          "epoch": 139,
          "train_objective": 2.01531720161438,
          "dev_nll": 2.1870882511138916,
          "dev_kl": 0.08570036514709134,
          "dev_objective": 2.1870882511138916
        },
        {
          "epoch": 140,
          "train_objective": 2.014190196990967,
          "dev_nll": 2.18637752532959,
          "dev_kl": 0.08652905955127362,
          "dev_objective": 2.18637752532959
        },
        {
          "epoch": 141,
          "train_objective": 2.013070821762085,
          "dev_nll": 2.18567156791687,
          "dev_kl": 0.08735751056801816,
          "dev_objective": 2.18567156791687
        },
        {
          "epoch": 142,
          "train_objective": 2.0119593143463135,
          "dev_nll": 2.1849710941314697,
          "dev_kl": 0.08818569352900855,
          "dev_objective": 2.1849710941314697
        },
        {
          "epoch": 143,
          "train_objective": 2.0108559131622314,
          "dev_nll": 2.1842761039733887,
          "dev_kl": 0.08901361726737012,
          "dev_objective": 2.1842761039733887
        },
        {
          "epoch": 144,
          "train_objective": 2.0097594261169434,
          "dev_nll": 2.1835861206054688,
          "dev_kl": 0.08984141482054725,
          "dev_objective": 2.1835861206054688
        },
        {
          "epoch": 145,
          "train_objective": 2.0086708068847656,
          "dev_nll": 2.1829018592834473,
          "dev_kl": 0.09066918896070804,
          "dev_objective": 2.1829018592834473
        },
        {
          "epoch": 146,
          "train_objective": 2.007589817047119,
          "dev_nll": 2.182222604751587,
          "dev_kl": 0.09149706346351047,
          "dev_objective": 2.182222604751587
        },
        {
          "epoch": 147,
          "train_objective": 2.006516218185425,
          "dev_nll": 2.181548595428467,
          "dev_kl": 0.0923249866053563,
          "dev_objective": 2.181548595428467
        },
        {
          "epoch": 148,
          "train_objective": 2.0054497718811035,
          "dev_nll": 2.180879831314087,
          "dev_kl": 0.09315295237777105,
          "dev_objective": 2.180879831314087
        },
        {
          "epoch": 149,
          "train_objective": 2.0043907165527344,
          "dev_nll": 2.180216073989868,
          "dev_kl": 0.09398077268518017,
          "dev_objective": 2.180216073989868
        },
        {
          "epoch": 150,
          "train_objective": 2.0033390522003174,
          "dev_nll": 2.1795570850372314,
          "dev_kl": 0.09480829265549807,
          "dev_objective": 2.1795570850372314
        },
        {
          "epoch": 151,
          "train_objective": 2.0022943019866943,
          "dev_nll": 2.178903341293335,
          "dev_kl": 0.09563535311874796,
          "dev_objective": 2.178903341293335
        },
        {
          "epoch": 152,
          "train_objective": 2.0012569427490234,
          "dev_nll": 2.1782543659210205,
          "dev_kl": 0.09646181350974582,
          "dev_objective": 2.1782543659210205
        },
        {
          "epoch": 153,
          "train_objective": 2.0002264976501465,
          "dev_nll": 2.177610158920288,
          "dev_kl": 0.09728768579941605,
          "dev_objective": 2.177610158920288
        },
        {
          "epoch": 154,
          "train_objective": 1.999203085899353,
          "dev_nll": 2.1769707202911377,
          "dev_kl": 0.09811296111943792,
          "dev_objective": 2.1769707202911377
        },
        {
          "epoch": 155,
          "train_objective": 1.9981869459152222,
          "dev_nll": 2.1763358116149902,
          "dev_kl": 0.09893766392063884,
          "dev_objective": 2.1763358116149902
        },
        {
          "epoch": 156,
          "train_objective": 1.9971771240234375,
          "dev_nll": 2.1757054328918457,
          "dev_kl": 0.09976181223069845,
          "dev_objective": 2.1757054328918457
        },
        {
          "epoch": 157,
          "train_objective": 1.9961743354797363,
          "dev_nll": 2.175079584121704,
          "dev_kl": 0.10058539666329301,
          "dev_objective": 2.175079584121704
        },
        {
          "epoch": 158,
          "train_objective": 1.9951783418655396,
          "dev_nll": 2.1744580268859863,
          "dev_kl": 0.10140834961902322,
          "dev_objective": 2.1744580268859863
        },
        {
          "epoch": 159,
          "train_objective": 1.9941890239715576,
          "dev_nll": 2.1738414764404297,
          "dev_kl": 0.1022305837480438,
          "dev_objective": 2.1738414764404297
        },
        {
          "epoch": 160,
          "train_objective": 1.99320650100708,
          "dev_nll": 2.1732289791107178,
          "dev_kl": 0.10305206113550884,
          "dev_objective": 2.1732289791107178
        },
        {
          "epoch": 161,
          "train_objective": 1.9922304153442383,
          "dev_nll": 2.1726207733154297,
          "dev_kl": 0.10387273201883171,
          "dev_objective": 2.1726207733154297
        },
        {
          "epoch": 162,
          "train_objective": 1.9912608861923218,
          "dev_nll": 2.1720173358917236,
          "dev_kl": 0.10469261171700533,
          "dev_objective": 2.1720173358917236
        },
        {
          "epoch": 163,
          "train_objective": 1.9902981519699097,
          "dev_nll": 2.1714184284210205,
          "dev_kl": 0.10551173135714043,
          "dev_objective": 2.1714184284210205
        },
        {
          "epoch": 164,
          "train_objective": 1.9893417358398438,
          "dev_nll": 2.170823574066162,
          "dev_kl": 0.10633014054479828,
          "dev_objective": 2.170823574066162
        },
        {
          "epoch": 165,
          "train_objective": 1.988391637802124,
          "dev_nll": 2.1702332496643066,
          "dev_kl": 0.10714786729952248,
          "dev_objective": 2.1702332496643066
        },
        {
          "epoch": 166,
          "train_objective": 1.9874478578567505,
          "dev_nll": 2.169646978378296,
          "dev_kl": 0.10796484904401654,
          "dev_objective": 2.169646978378296
        },
        {
          "epoch": 167,
          "train_objective": 1.9865103960037231,
          "dev_nll": 2.169065237045288,
          "dev_kl": 0.10878107151740353,
          "dev_objective": 2.169065237045288
        },
        {
          "epoch": 168,
          "train_objective": 1.985579013824463,
          "dev_nll": 2.168487310409546,
          "dev_kl": 0.10959641932277009,
          "dev_objective": 2.168487310409546
        },
        {
          "epoch": 169,
          "train_objective": 1.9846540689468384,
          "dev_nll": 2.1679139137268066,
          "dev_kl": 0.11041080106551535,
          "dev_objective": 2.1679139137268066
        },
        {
          "epoch": 170,
          "train_objective": 1.98373544216156,
          "dev_nll": 2.167344570159912,
          "dev_kl": 0.1112241394779024,
          "dev_objective": 2.167344570159912
        },
        {
          "epoch": 171,
          "train_objective": 1.9828226566314697,
          "dev_nll": 2.166779041290283,
          "dev_kl": 0.11203643473545667,
          "dev_objective": 2.166779041290283
        },
        {
          "epoch": 172,
          "train_objective": 1.9819163084030151,
          "dev_nll": 2.166217565536499,
          "dev_kl": 0.11284767383801599,
          "dev_objective": 2.166217565536499
        },
        {
          "epoch": 173,
          "train_objective": 1.9810155630111694,
          "dev_nll": 2.1656603813171387,
          "dev_kl": 0.1136578519236614,
          "dev_objective": 2.1656603813171387
        },
        {
          "epoch": 174,
          "train_objective": 1.9801210165023804,
          "dev_nll": 2.165107011795044,
          "dev_kl": 0.11446699481132593,
          "dev_objective": 2.165107011795044
        },
        {
          "epoch": 175,
          "train_objective": 1.9792325496673584,
          "dev_nll": 2.164557456970215,
          "dev_kl": 0.11527508925312639,
          "dev_objective": 2.164557456970215
        },
        {
          "epoch": 176,
          "train_objective": 1.9783495664596558,
          "dev_nll": 2.1640117168426514,
          "dev_kl": 0.1160821101173412,
          "dev_objective": 2.1640117168426514
        },
        {
          "epoch": 177,
          "train_objective": 1.9774727821350098,
          "dev_nll": 2.1634695529937744,
          "dev_kl": 0.11688802933930456,
          "dev_objective": 2.1634695529937744
        },
        {
          "epoch": 178,
          "train_objective": 1.9766017198562622,
          "dev_nll": 2.1629316806793213,
          "dev_kl": 0.117692807719541,
          "dev_objective": 2.1629316806793213
        },
        {
          "epoch": 179,
          "train_objective": 1.975736379623413,
          "dev_nll": 2.162397861480713,
          "dev_kl": 0.11849642940210323,
          "dev_objective": 2.162397861480713
        },
        {
          "epoch": 180,
          "train_objective": 1.9748767614364624,
          "dev_nll": 2.161867618560791,
          "dev_kl": 0.11929888216654098,
          "dev_objective": 2.161867618560791
        },
        {
          "epoch": 181,
          "train_objective": 1.9740229845046997,
          "dev_nll": 2.1613407135009766,
          "dev_kl": 0.12010017397376715,
          "dev_objective": 2.1613407135009766
        },
        {
          "epoch": 182,
          "train_objective": 1.9731745719909668,
          "dev_nll": 2.160817861557007,
          "dev_kl": 0.1209003137629443,
          "dev_objective": 2.160817861557007
        },
        {
          "epoch": 183,
          "train_objective": 1.9723320007324219,
          "dev_nll": 2.1602985858917236,
          "dev_kl": 0.12169929958253652,
          "dev_objective": 2.1602985858917236
        },
        {
          "epoch": 184,
          "train_objective": 1.9714949131011963,
          "dev_nll": 2.159783363342285,
          "dev_kl": 0.12249710608739406,
          "dev_objective": 2.159783363342285
        },
        {
          "epoch": 185,
          "train_objective": 1.9706634283065796,
          "dev_nll": 2.159271717071533,
          "dev_kl": 0.12329370469665299,
          "dev_objective": 2.159271717071533
        },
        {
          "epoch": 186,
          "train_objective": 1.9698373079299927,
          "dev_nll": 2.1587636470794678,
          "dev_kl": 0.1240890603381671,
          "dev_objective": 2.1587636470794678
        },
        {
          "epoch": 187,
          "train_objective": 1.969016671180725,
          "dev_nll": 2.158259153366089,
          "dev_kl": 0.12488309342627117,
          "dev_objective": 2.158259153366089
        },
        {
          "epoch": 188,
          "train_objective": 1.9682015180587769,
          "dev_nll": 2.1577582359313965,
          "dev_kl": 0.12567581987105916,
          "dev_objective": 2.1577582359313965
        },
        {
          "epoch": 189,
          "train_objective": 1.9673916101455688,
          "dev_nll": 2.1572606563568115,
          "dev_kl": 0.12646716916906584,
          "dev_objective": 2.1572606563568115
        },
        {
          "epoch": 190,
          "train_objective": 1.9665871858596802,
          "dev_nll": 2.156766653060913,
          "dev_kl": 0.12725721461862657,
          "dev_objective": 2.156766653060913
        },
        {
          "epoch": 191,
          "train_objective": 1.9657880067825317,
          "dev_nll": 2.156275987625122,
          "dev_kl": 0.12804585371740423,
          "dev_objective": 2.156275987625122
        },
        {
          "epoch": 192,
          "train_objective": 1.9649940729141235,
          "dev_nll": 2.1557888984680176,
          "dev_kl": 0.12883317139443703,
          "dev_objective": 2.1557888984680176
        },
        {
          "epoch": 193,
          "train_objective": 1.9642055034637451,
          "dev_nll": 2.1553053855895996,
          "dev_kl": 0.12961914502003036,
          "dev_objective": 2.1553053855895996
        },
        {
          "epoch": 194,
          "train_objective": 1.9634219408035278,
          "dev_nll": 2.154824733734131,
          "dev_kl": 0.13040371886373303,
          "dev_objective": 2.154824733734131
        },
        {
          "epoch": 195,
          "train_objective": 1.9626438617706299,
          "dev_nll": 2.154348134994507,
          "dev_kl": 0.13118692729558953,
          "dev_objective": 2.154348134994507
        },
        {
          "epoch": 196,
          "train_objective": 1.9618706703186035,
          "dev_nll": 2.153874635696411,
          "dev_kl": 0.1319687115976067,
          "dev_objective": 2.153874635696411
        },
        {
          "epoch": 197,
          "train_objective": 1.9611029624938965,
          "dev_nll": 2.1534042358398438,
          "dev_kl": 0.1327490495516045,
          "dev_objective": 2.1534042358398438
        },
        {
          "epoch": 198,
          "train_objective": 1.960339903831482,
          "dev_nll": 2.152937650680542,
          "dev_kl": 0.1335279810902944,
          "dev_objective": 2.152937650680542
        },
        {
          "epoch": 199,
          "train_objective": 1.959581971168518,
          "dev_nll": 2.1524736881256104,
          "dev_kl": 0.1343054529554716,
          "dev_objective": 2.1524736881256104
        },
        {
          "epoch": 200,
          "train_objective": 1.9588290452957153,
          "dev_nll": 2.1520135402679443,
          "dev_kl": 0.13508152876698137,
          "dev_objective": 2.1520135402679443
        },
        {
          "epoch": 201,
          "train_objective": 1.9580812454223633,
          "dev_nll": 2.1515564918518066,
          "dev_kl": 0.1358561424246101,
          "dev_objective": 2.1515564918518066
        },
        {
          "epoch": 202,
          "train_objective": 1.9573382139205933,
          "dev_nll": 2.1511025428771973,
          "dev_kl": 0.1366292856148148,
          "dev_objective": 2.1511025428771973
        },
        {
          "epoch": 203,
          "train_objective": 1.9565999507904053,
          "dev_nll": 2.150651454925537,
          "dev_kl": 0.13740094604923628,
          "dev_objective": 2.150651454925537
        },
        {
          "epoch": 204,
          "train_objective": 1.955867052078247,
          "dev_nll": 2.1502044200897217,
          "dev_kl": 0.13817108483297405,
          "dev_objective": 2.1502044200897217
        },
        {
          "epoch": 205,
          "train_objective": 1.9551385641098022,
          "dev_nll": 2.1497600078582764,
          "dev_kl": 0.13893969484190674,
          "dev_objective": 2.1497600078582764
        },
        {
          "epoch": 206,
          "train_objective": 1.954414963722229,
          "dev_nll": 2.1493184566497803,
          "dev_kl": 0.13970676301405477,
          "dev_objective": 2.1493184566497803
        },
        {
          "epoch": 207,
          "train_objective": 1.9536961317062378,
          "dev_nll": 2.1488802433013916,
          "dev_kl": 0.14047228526901598,
          "dev_objective": 2.1488802433013916
        },
        {
          "epoch": 208,
          "train_objective": 1.9529820680618286,
          "dev_nll": 2.1484453678131104,
          "dev_kl": 0.1412362400607058,
          "dev_objective": 2.1484453678131104
        },
        {
          "epoch": 209,
          "train_objective": 1.9522730112075806,
          "dev_nll": 2.1480133533477783,
          "dev_kl": 0.14199863733473783,
          "dev_objective": 2.1480133533477783
        },
        {
          "epoch": 210,
          "train_objective": 1.9515684843063354,
          "dev_nll": 2.1475844383239746,
          "dev_kl": 0.14275947656115162,
          "dev_objective": 2.1475844383239746
        },
        {
          "epoch": 211,
          "train_objective": 1.9508686065673828,
          "dev_nll": 2.147158622741699,
          "dev_kl": 0.14351872540491475,
          "dev_objective": 2.147158622741699
        },
        {
          "epoch": 212,
          "train_objective": 1.9501734972000122,
          "dev_nll": 2.146735668182373,
          "dev_kl": 0.14427641744914016,
          "dev_objective": 2.146735668182373
        },
        {
          "epoch": 213,
          "train_objective": 1.9494826793670654,
          "dev_nll": 2.146315574645996,
          "dev_kl": 0.1450324864171864,
          "dev_objective": 2.146315574645996
        },
        {
          "epoch": 214,
          "train_objective": 1.9487966299057007,
          "dev_nll": 2.1458983421325684,
          "dev_kl": 0.1457869788508162,
          "dev_objective": 2.1458983421325684
        },
        {
          "epoch": 215,
          "train_objective": 1.9481152296066284,
          "dev_nll": 2.145484447479248,
          "dev_kl": 0.14653984435370135,
          "dev_objective": 2.145484447479248
        },
        {
          "epoch": 216,
          "train_objective": 1.9474382400512695,
          "dev_nll": 2.145073175430298,
          "dev_kl": 0.14729109939996354,
          "dev_objective": 2.145073175430298
        },
        {
          "epoch": 217,
          "train_objective": 1.946765661239624,
          "dev_nll": 2.144665241241455,
          "dev_kl": 0.14804071825234105,
          "dev_objective": 2.144665241241455
        },
        {
          "epoch": 218,
          "train_objective": 1.946097731590271,
          "dev_nll": 2.1442596912384033,
          "dev_kl": 0.1487887062253286,
          "dev_objective": 2.1442596912384033
        },
        {
          "epoch": 219,
          "train_objective": 1.9454342126846313,
          "dev_nll": 2.143857479095459,
          "dev_kl": 0.14953504347801028,
          "dev_objective": 2.143857479095459
        },
        {
          "epoch": 220,
          "train_objective": 1.944775104522705,
          "dev_nll": 2.1434576511383057,
          "dev_kl": 0.15027974131801383,
          "dev_objective": 2.1434576511383057
        },
        {
          "epoch": 221,
          "train_objective": 1.9441204071044922,
          "dev_nll": 2.1430611610412598,
          "dev_kl": 0.15102273734559868,
          "dev_objective": 2.1430611610412598
        },
        {
          "epoch": 222,
          "train_objective": 1.9434701204299927,
          "dev_nll": 2.142667055130005,
          "dev_kl": 0.15176407618911994,
          "dev_objective": 2.142667055130005
        },
        {
          "epoch": 223,
          "train_objective": 1.942823886871338,
          "dev_nll": 2.142275810241699,
          "dev_kl": 0.15250373145997662,
          "dev_objective": 2.142275810241699
        },
        {
          "epoch": 224,
          "train_objective": 1.9421823024749756,
          "dev_nll": 2.141887664794922,
          "dev_kl": 0.15324169591650397,
          "dev_objective": 2.141887664794922
        },
        {
          "epoch": 225,
          "train_objective": 1.941544771194458,
          "dev_nll": 2.1415019035339355,
          "dev_kl": 0.1539779378382341,
          "dev_objective": 2.1415019035339355
        },
        {
          "epoch": 226,
          "train_objective": 1.940911889076233,
          "dev_nll": 2.1411192417144775,
          "dev_kl": 0.15471250857628138,
          "dev_objective": 2.1411192417144775
        },
        {
          "epoch": 227,
          "train_objective": 1.9402827024459839,
          "dev_nll": 2.1407389640808105,
          "dev_kl": 0.15544534696026005,
          "dev_objective": 2.1407389640808105
        },
        {
          "epoch": 228,
          "train_objective": 1.9396580457687378,
          "dev_nll": 2.140361785888672,
          "dev_kl": 0.156176425407184,
          "dev_objective": 2.140361785888672
        },
        {
          "epoch": 229,
          "train_objective": 1.939037561416626,
          "dev_nll": 2.139986753463745,
          "dev_kl": 0.15690585784207986,
          "dev_objective": 2.139986753463745
        },
        {
          "epoch": 230,
          "train_objective": 1.9384211301803589,
          "dev_nll": 2.1396148204803467,
          "dev_kl": 0.15763352374936987,
          "dev_objective": 2.1396148204803467
        },
        {
          "epoch": 231,
          "train_objective": 1.9378092288970947,
          "dev_nll": 2.1392455101013184,
          "dev_kl": 0.15835946574698873,
          "dev_objective": 2.1392455101013184
        },
        {
          "epoch": 232,
          "train_objective": 1.9372010231018066,
          "dev_nll": 2.13887882232666,
          "dev_kl": 0.15908367336297213,
          "dev_objective": 2.13887882232666
        },
        {
          "epoch": 233,
          "train_objective": 1.9365969896316528,
          "dev_nll": 2.138514518737793,
          "dev_kl": 0.15980612911336312,
          "dev_objective": 2.138514518737793
        },
        {
          "epoch": 234,
          "train_objective": 1.9359970092773438,
          "dev_nll": 2.138153076171875,
          "dev_kl": 0.1605267959747052,
          "dev_objective": 2.138153076171875
        },
        {
          "epoch": 235,
          "train_objective": 1.9354010820388794,
          "dev_nll": 2.137794256210327,
          "dev_kl": 0.16124574431442013,
          "dev_objective": 2.137794256210327
        },
        {
          "epoch": 236,
          "train_objective": 1.9348092079162598,
          "dev_nll": 2.1374378204345703,
          "dev_kl": 0.16196288482954746,
          "dev_objective": 2.1374378204345703
        },
        {
          "epoch": 237,
          "train_objective": 1.9342215061187744,
          "dev_nll": 2.1370840072631836,
          "dev_kl": 0.162678281369379,
          "dev_objective": 2.1370840072631836
        },
        {
          "epoch": 238,
          "train_objective": 1.9336374998092651,
          "dev_nll": 2.136733055114746,
          "dev_kl": 0.16339188581287442,
          "dev_objective": 2.136733055114746
        },
        {
          "epoch": 239,
          "train_objective": 1.9330575466156006,
          "dev_nll": 2.1363844871520996,
          "dev_kl": 0.16410372340388402,
          "dev_objective": 2.1363844871520996
        },
        {
          "epoch": 240,
          "train_objective": 1.9324814081192017,
          "dev_nll": 2.136037826538086,
          "dev_kl": 0.16481374716544125,
          "dev_objective": 2.136037826538086
        },
        {
          "epoch": 241,
          "train_objective": 1.9319093227386475,
          "dev_nll": 2.1356945037841797,
          "dev_kl": 0.16552197079304173,
          "dev_objective": 2.1356945037841797
        },
        {
          "epoch": 242,
          "train_objective": 1.9313409328460693,
          "dev_nll": 2.1353533267974854,
          "dev_kl": 0.16622842227035678,
          "dev_objective": 2.1353533267974854
        },
        {
          "epoch": 243,
          "train_objective": 1.9307764768600464,
          "dev_nll": 2.135014533996582,
          "dev_kl": 0.16693304621031538,
          "dev_objective": 2.135014533996582
        },
        {
          "epoch": 244,
          "train_objective": 1.930215835571289,
          "dev_nll": 2.134678602218628,
          "dev_kl": 0.16763585077936205,
          "dev_objective": 2.134678602218628
        },
        {
          "epoch": 245,
          "train_objective": 1.9296592473983765,
          "dev_nll": 2.1343445777893066,
          "dev_kl": 0.1683368439907515,
          "dev_objective": 2.1343445777893066
        },
        {
          "epoch": 246,
          "train_objective": 1.92910635471344,
          "dev_nll": 2.1340134143829346,
          "dev_kl": 0.1690360405464303,
          "dev_objective": 2.1340134143829346
        },
        {
          "epoch": 247,
          "train_objective": 1.9285567998886108,
          "dev_nll": 2.1336841583251953,
          "dev_kl": 0.16973339249592007,
          "dev_objective": 2.1336841583251953
        },
        {
          "epoch": 248,
          "train_objective": 1.9280115365982056,
          "dev_nll": 2.133357524871826,
          "dev_kl": 0.17042893979652396,
          "dev_objective": 2.133357524871826
        },
        {
          "epoch": 249,
          "train_objective": 1.9274698495864868,
          "dev_nll": 2.133033514022827,
          "dev_kl": 0.17112266459631328,
          "dev_objective": 2.133033514022827
        },
        {
          "epoch": 250,
          "train_objective": 1.926931619644165,
          "dev_nll": 2.13271164894104,
          "dev_kl": 0.17181452984678877,
          "dev_objective": 2.13271164894104
        },
        {
          "epoch": 251,
          "train_objective": 1.9263972043991089,
          "dev_nll": 2.132392168045044,
          "dev_kl": 0.17250458522830175,
          "dev_objective": 2.132392168045044
        },
        {
          "epoch": 252,
          "train_objective": 1.9258663654327393,
          "dev_nll": 2.132075071334839,
          "dev_kl": 0.17319277051419774,
          "dev_objective": 2.132075071334839
        },
        {
          "epoch": 253,
          "train_objective": 1.9253394603729248,
          "dev_nll": 2.131760358810425,
          "dev_kl": 0.17387915147010907,
          "dev_objective": 2.131760358810425
        },
        {
          "epoch": 254,
          "train_objective": 1.9248156547546387,
          "dev_nll": 2.1314477920532227,
          "dev_kl": 0.17456365434501173,
          "dev_objective": 2.1314477920532227
        },
        {
          "epoch": 255,
          "train_objective": 1.9242956638336182,
          "dev_nll": 2.1311378479003906,
          "dev_kl": 0.1752462926719612,
          "dev_objective": 2.1311378479003906
        },
        {
          "epoch": 256,
          "train_objective": 1.9237794876098633,
          "dev_nll": 2.1308298110961914,
          "dev_kl": 0.1759270800782057,
          "dev_objective": 2.1308298110961914
        },
        {
          "epoch": 257,
          "train_objective": 1.9232665300369263,
          "dev_nll": 2.130524158477783,
          "dev_kl": 0.17660604709422742,
          "dev_objective": 2.130524158477783
        },
        {
          "epoch": 258,
          "train_objective": 1.9227573871612549,
          "dev_nll": 2.130221128463745,
          "dev_kl": 0.1772831043661906,
          "dev_objective": 2.130221128463745
        },
        {
          "epoch": 259,
          "train_objective": 1.9222513437271118,
          "dev_nll": 2.1299197673797607,
          "dev_kl": 0.17795832218796775,
          "dev_objective": 2.1299197673797607
        },
        {
          "epoch": 260,
          "train_objective": 1.9217488765716553,
          "dev_nll": 2.1296210289001465,
          "dev_kl": 0.17863165301427808,
          "dev_objective": 2.1296210289001465
        },
        {
          "epoch": 261,
          "train_objective": 1.9212501049041748,
          "dev_nll": 2.129324197769165,
          "dev_kl": 0.17930313289010277,
          "dev_objective": 2.129324197769165
        },
        {
          "epoch": 262,
          "train_objective": 1.9207549095153809,
          "dev_nll": 2.1290297508239746,
          "dev_kl": 0.17997272650189175,
          "dev_objective": 2.1290297508239746
        },
        {
          "epoch": 263,
          "train_objective": 1.9202628135681152,
          "dev_nll": 2.128737688064575,
          "dev_kl": 0.1806404482639375,
          "dev_objective": 2.128737688064575
        },
        {
          "epoch": 264,
          "train_objective": 1.9197742938995361,
          "dev_nll": 2.1284472942352295,
          "dev_kl": 0.18130631295692487,
          "dev_objective": 2.1284472942352295
        },
        {
          "epoch": 265,
          "train_objective": 1.9192888736724854,
          "dev_nll": 2.128159284591675,
          "dev_kl": 0.18197026556141607,
          "dev_objective": 2.128159284591675
        },
        {
          "epoch": 266,
          "train_objective": 1.918807029724121,
          "dev_nll": 2.127873659133911,
          "dev_kl": 0.18263237973266325,
          "dev_objective": 2.127873659133911
        },
        {
          "epoch": 267,
          "train_objective": 1.9183284044265747,
          "dev_nll": 2.1275899410247803,
          "dev_kl": 0.1832925975419172,
          "dev_objective": 2.1275899410247803
        },
        {
          "epoch": 268,
          "train_objective": 1.9178532361984253,
          "dev_nll": 2.1273083686828613,
          "dev_kl": 0.18395090562950453,
          "dev_objective": 2.1273083686828613
        },
        {
          "epoch": 269,
          "train_objective": 1.9173812866210938,
          "dev_nll": 2.1270289421081543,
          "dev_kl": 0.1846073426152494,
          "dev_objective": 2.1270289421081543
        },
        {
          "epoch": 270,
          "train_objective": 1.91691255569458,
          "dev_nll": 2.126751661300659,
          "dev_kl": 0.1852618944962047,
          "dev_objective": 2.126751661300659
        },
        {
          "epoch": 271,
          "train_objective": 1.9164471626281738,
          "dev_nll": 2.126476287841797,
          "dev_kl": 0.18591457674009754,
          "dev_objective": 2.126476287841797
        },
        {
          "epoch": 272,
          "train_objective": 1.9159849882125854,
          "dev_nll": 2.1262032985687256,
          "dev_kl": 0.18656532487196012,
          "dev_objective": 2.1262032985687256
        },
        {
          "epoch": 273,
          "train_objective": 1.915526032447815,
          "dev_nll": 2.125931978225708,
          "dev_kl": 0.18721422251482456,
          "dev_objective": 2.125931978225708
        },
        {
          "epoch": 274,
          "train_objective": 1.9150700569152832,
          "dev_nll": 2.1256628036499023,
          "dev_kl": 0.18786117942873934,
          "dev_objective": 2.1256628036499023
        },
        {
          "epoch": 275,
          "train_objective": 1.9146175384521484,
          "dev_nll": 2.1253957748413086,
          "dev_kl": 0.18850625217034345,
          "dev_objective": 2.1253957748413086
        },
        {
          "epoch": 276,
          "train_objective": 1.9141680002212524,
          "dev_nll": 2.1251308917999268,
          "dev_kl": 0.18914943202842607,
          "dev_objective": 2.1251308917999268
        },
        {
          "epoch": 277,
          "train_objective": 1.9137217998504639,
          "dev_nll": 2.1248674392700195,
          "dev_kl": 0.18979071643240272,
          "dev_objective": 2.1248674392700195
        },
        {
          "epoch": 278,
          "train_objective": 1.9132786989212036,
          "dev_nll": 2.1246066093444824,
          "dev_kl": 0.1904301369312909,
          "dev_objective": 2.1246066093444824
        },
        {
          "epoch": 279,
          "train_objective": 1.9128384590148926,
          "dev_nll": 2.124347448348999,
          "dev_kl": 0.19106762895411125,
          "dev_objective": 2.124347448348999
        },
        {
          "epoch": 280,
          "train_objective": 1.912401556968689,
          "dev_nll": 2.1240906715393066,
          "dev_kl": 0.1917031981172756,
          "dev_objective": 2.1240906715393066
        },
        {
          "epoch": 281,
          "train_objective": 1.9119675159454346,
          "dev_nll": 2.123835325241089,
          "dev_kl": 0.19233688290379783,
          "dev_objective": 2.123835325241089
        },
        {
          "epoch": 282,
          "train_objective": 1.911536455154419,
          "dev_nll": 2.123581886291504,
          "dev_kl": 0.1929686410663677,
          "dev_objective": 2.123581886291504
        },
        {
          "epoch": 283,
          "train_objective": 1.9111086130142212,
          "dev_nll": 2.12333083152771,
          "dev_kl": 0.19359850268334103,
          "dev_objective": 2.12333083152771
        },
        {
          "epoch": 284,
          "train_objective": 1.9106837511062622,
          "dev_nll": 2.123081684112549,
          "dev_kl": 0.19422647178888197,
          "dev_objective": 2.123081684112549
        },
        {
          "epoch": 285,
          "train_objective": 1.9102617502212524,
          "dev_nll": 2.1228339672088623,
          "dev_kl": 0.1948525427562923,
          "dev_objective": 2.1228339672088623
        },
        {
          "epoch": 286,
          "train_objective": 1.9098424911499023,
          "dev_nll": 2.1225883960723877,
          "dev_kl": 0.19547672453454865,
          "dev_objective": 2.1225883960723877
        },
        {
          "epoch": 287,
          "train_objective": 1.9094264507293701,
          "dev_nll": 2.122344732284546,
          "dev_kl": 0.1960989534390694,
          "dev_objective": 2.122344732284546
        },
        {
          "epoch": 288,
          "train_objective": 1.9090135097503662,
          "dev_nll": 2.122102975845337,
          "dev_kl": 0.19671931176804197,
          "dev_objective": 2.122102975845337
        },
        {
          "epoch": 289,
          "train_objective": 1.9086031913757324,
          "dev_nll": 2.1218631267547607,
          "dev_kl": 0.1973377486500294,
          "dev_objective": 2.1218631267547607
        },
        {
          "epoch": 290,
          "train_objective": 1.9081958532333374,
          "dev_nll": 2.1216249465942383,
          "dev_kl": 0.19795428127696324,
          "dev_objective": 2.1216249465942383
        },
        {
          "epoch": 291,
          "train_objective": 1.9077914953231812,
          "dev_nll": 2.1213884353637695,
          "dev_kl": 0.19856891948658686,
          "dev_objective": 2.1213884353637695
        },
        {
          "epoch": 292,
          "train_objective": 1.9073899984359741,
          "dev_nll": 2.1211540699005127,
          "dev_kl": 0.19918166613702612,
          "dev_objective": 2.1211540699005127
        },
        {
          "epoch": 293,
          "train_objective": 1.9069911241531372,
          "dev_nll": 2.1209216117858887,
          "dev_kl": 0.1997924946605448,
          "dev_objective": 2.1209216117858887
        },
        {
          "epoch": 294,
          "train_objective": 1.9065951108932495,
          "dev_nll": 2.1206905841827393,
          "dev_kl": 0.20040137603244557,
          "dev_objective": 2.1206905841827393
        },
        {
          "epoch": 295,
          "train_objective": 1.906201958656311,
          "dev_nll": 2.1204617023468018,
          "dev_kl": 0.20100838874671798,
          "dev_objective": 2.1204617023468018
        },
        {
          "epoch": 296,
          "train_objective": 1.9058116674423218,
          "dev_nll": 2.120234251022339,
          "dev_kl": 0.20161349836027595,
          "dev_objective": 2.120234251022339
        },
        {
          "epoch": 297,
          "train_objective": 1.9054241180419922,
          "dev_nll": 2.120008707046509,
          "dev_kl": 0.20221669603672282,
          "dev_objective": 2.120008707046509
        },
        {
          "epoch": 298,
          "train_objective": 1.9050391912460327,
          "dev_nll": 2.1197848320007324,
          "dev_kl": 0.20281798547788527,
          "dev_objective": 2.1197848320007324
        },
        {
          "epoch": 299,
          "train_objective": 1.9046571254730225,
          "dev_nll": 2.1195626258850098,
          "dev_kl": 0.2034173705388364,
          "dev_objective": 2.1195626258850098
        }
      ]
    },
    "signed_logic_repair_head": {
      "kl_lambda": 0.0,
      "best_dev_nll": 2.1152472496032715,
      "best_dev_kl": 0.2329559947919938,
      "best_dev_objective": 2.1152472496032715,
      "epochs_run": 300,
      "history": [
        {
          "epoch": 0,
          "train_objective": 2.3598971366882324,
          "dev_nll": 2.3389739990234375,
          "dev_kl": 0.12771029783369497,
          "dev_objective": 2.3389739990234375
        },
        {
          "epoch": 1,
          "train_objective": 2.2721798419952393,
          "dev_nll": 2.3091928958892822,
          "dev_kl": 0.04867602628384998,
          "dev_objective": 2.3091928958892822
        },
        {
          "epoch": 2,
          "train_objective": 2.229379177093506,
          "dev_nll": 2.322050094604492,
          "dev_kl": 0.013733946264233231,
          "dev_objective": 2.322050094604492
        },
        {
          "epoch": 3,
          "train_objective": 2.2348685264587402,
          "dev_nll": 2.341390371322632,
          "dev_kl": 0.010823788464722737,
          "dev_objective": 2.341390371322632
        },
        {
          "epoch": 4,
          "train_objective": 2.2479608058929443,
          "dev_nll": 2.3381340503692627,
          "dev_kl": 0.013014231075247563,
          "dev_objective": 2.3381340503692627
        },
        {
          "epoch": 5,
          "train_objective": 2.2393875122070312,
          "dev_nll": 2.320657253265381,
          "dev_kl": 0.016227335447324583,
          "dev_objective": 2.320657253265381
        },
        {
          "epoch": 6,
          "train_objective": 2.2185564041137695,
          "dev_nll": 2.301966905593872,
          "dev_kl": 0.023742382706128523,
          "dev_objective": 2.301966905593872
        },
        {
          "epoch": 7,
          "train_objective": 2.1985175609588623,
          "dev_nll": 2.2888987064361572,
          "dev_kl": 0.03623932146497952,
          "dev_objective": 2.2888987064361572
        },
        {
          "epoch": 8,
          "train_objective": 2.1855974197387695,
          "dev_nll": 2.2823173999786377,
          "dev_kl": 0.051394128533036904,
          "dev_objective": 2.2823173999786377
        },
        {
          "epoch": 9,
          "train_objective": 2.1799802780151367,
          "dev_nll": 2.279714584350586,
          "dev_kl": 0.06536488778629275,
          "dev_objective": 2.279714584350586
        },
        {
          "epoch": 10,
          "train_objective": 2.1783559322357178,
          "dev_nll": 2.278024435043335,
          "dev_kl": 0.07476498827504269,
          "dev_objective": 2.278024435043335
        },
        {
          "epoch": 11,
          "train_objective": 2.1767170429229736,
          "dev_nll": 2.2754290103912354,
          "dev_kl": 0.0780475590118142,
          "dev_objective": 2.2754290103912354
        },
        {
          "epoch": 12,
          "train_objective": 2.1725244522094727,
          "dev_nll": 2.2717337608337402,
          "dev_kl": 0.07566965248457394,
          "dev_objective": 2.2717337608337402
        },
        {
          "epoch": 13,
          "train_objective": 2.1653928756713867,
          "dev_nll": 2.2678563594818115,
          "dev_kl": 0.06946421300905735,
          "dev_objective": 2.2678563594818115
        },
        {
          "epoch": 14,
          "train_objective": 2.1564910411834717,
          "dev_nll": 2.265087127685547,
          "dev_kl": 0.061774175213433286,
          "dev_objective": 2.265087127685547
        },
        {
          "epoch": 15,
          "train_objective": 2.1476001739501953,
          "dev_nll": 2.264392614364624,
          "dev_kl": 0.05468891914789529,
          "dev_objective": 2.264392614364624
        },
        {
          "epoch": 16,
          "train_objective": 2.140265703201294,
          "dev_nll": 2.2658872604370117,
          "dev_kl": 0.04954053910607977,
          "dev_objective": 2.2658872604370117
        },
        {
          "epoch": 17,
          "train_objective": 2.1351702213287354,
          "dev_nll": 2.2686667442321777,
          "dev_kl": 0.046723603967634975,
          "dev_objective": 2.2686667442321777
        },
        {
          "epoch": 18,
          "train_objective": 2.1319053173065186,
          "dev_nll": 2.2711760997772217,
          "dev_kl": 0.045884843076427664,
          "dev_objective": 2.2711760997772217
        },
        {
          "epoch": 19,
          "train_objective": 2.1293017864227295,
          "dev_nll": 2.271968364715576,
          "dev_kl": 0.04639249063970507,
          "dev_objective": 2.271968364715576
        },
        {
          "epoch": 20,
          "train_objective": 2.1261484622955322,
          "dev_nll": 2.270376682281494,
          "dev_kl": 0.0477962877489482,
          "dev_objective": 2.270376682281494
        },
        {
          "epoch": 21,
          "train_objective": 2.1218338012695312,
          "dev_nll": 2.2666945457458496,
          "dev_kl": 0.05000655774510819,
          "dev_objective": 2.2666945457458496
        },
        {
          "epoch": 22,
          "train_objective": 2.1165385246276855,
          "dev_nll": 2.2618682384490967,
          "dev_kl": 0.05316051977231752,
          "dev_objective": 2.2618682384490967
        },
        {
          "epoch": 23,
          "train_objective": 2.1109819412231445,
          "dev_nll": 2.256983995437622,
          "dev_kl": 0.05734187979323342,
          "dev_objective": 2.256983995437622
        },
        {
          "epoch": 24,
          "train_objective": 2.1059553623199463,
          "dev_nll": 2.2528321743011475,
          "dev_kl": 0.0623490437107204,
          "dev_objective": 2.2528321743011475
        },
        {
          "epoch": 25,
          "train_objective": 2.1019248962402344,
          "dev_nll": 2.249720335006714,
          "dev_kl": 0.0676365992299808,
          "dev_objective": 2.249720335006714
        },
        {
          "epoch": 26,
          "train_objective": 2.0988595485687256,
          "dev_nll": 2.2475366592407227,
          "dev_kl": 0.0724540670337372,
          "dev_objective": 2.2475366592407227
        },
        {
          "epoch": 27,
          "train_objective": 2.0963335037231445,
          "dev_nll": 2.2459802627563477,
          "dev_kl": 0.07610177045124908,
          "dev_objective": 2.2459802627563477
        },
        {
          "epoch": 28,
          "train_objective": 2.0938029289245605,
          "dev_nll": 2.2447941303253174,
          "dev_kl": 0.07816830538068861,
          "dev_objective": 2.2447941303253174
        },
        {
          "epoch": 29,
          "train_objective": 2.0908820629119873,
          "dev_nll": 2.2438931465148926,
          "dev_kl": 0.078643437929798,
          "dev_objective": 2.2438931465148926
        },
        {
          "epoch": 30,
          "train_objective": 2.0874900817871094,
          "dev_nll": 2.2433547973632812,
          "dev_kl": 0.07788040764745353,
          "dev_objective": 2.2433547973632812
        },
        {
          "epoch": 31,
          "train_objective": 2.083833694458008,
          "dev_nll": 2.2433056831359863,
          "dev_kl": 0.07644854623160159,
          "dev_objective": 2.2433056831359863
        },
        {
          "epoch": 32,
          "train_objective": 2.0802600383758545,
          "dev_nll": 2.2437710762023926,
          "dev_kl": 0.07494572953992458,
          "dev_objective": 2.2437710762023926
        },
        {
          "epoch": 33,
          "train_objective": 2.07706618309021,
          "dev_nll": 2.244565963745117,
          "dev_kl": 0.07383864897288844,
          "dev_objective": 2.244565963745117
        },
        {
          "epoch": 34,
          "train_objective": 2.0743484497070312,
          "dev_nll": 2.2452962398529053,
          "dev_kl": 0.07338372227021081,
          "dev_objective": 2.2452962398529053
        },
        {
          "epoch": 35,
          "train_objective": 2.0719659328460693,
          "dev_nll": 2.2454872131347656,
          "dev_kl": 0.07364572203436563,
          "dev_objective": 2.2454872131347656
        },
        {
          "epoch": 36,
          "train_objective": 2.0696375370025635,
          "dev_nll": 2.2447824478149414,
          "dev_kl": 0.07458254520947388,
          "dev_objective": 2.2447824478149414
        },
        {
          "epoch": 37,
          "train_objective": 2.0671164989471436,
          "dev_nll": 2.2430953979492188,
          "dev_kl": 0.07612792422901117,
          "dev_objective": 2.2430953979492188
        },
        {
          "epoch": 38,
          "train_objective": 2.0643298625946045,
          "dev_nll": 2.240633249282837,
          "dev_kl": 0.07821512192328886,
          "dev_objective": 2.240633249282837
        },
        {
          "epoch": 39,
          "train_objective": 2.061398983001709,
          "dev_nll": 2.237781524658203,
          "dev_kl": 0.08073684655837426,
          "dev_objective": 2.237781524658203
        },
        {
          "epoch": 40,
          "train_objective": 2.0585391521453857,
          "dev_nll": 2.234940767288208,
          "dev_kl": 0.08348914255323105,
          "dev_objective": 2.234940767288208
        },
        {
          "epoch": 41,
          "train_objective": 2.0559134483337402,
          "dev_nll": 2.2323930263519287,
          "dev_kl": 0.08615976154024518,
          "dev_objective": 2.2323930263519287
        },
        {
          "epoch": 42,
          "train_objective": 2.0535390377044678,
          "dev_nll": 2.2302703857421875,
          "dev_kl": 0.08838939039368732,
          "dev_objective": 2.2302703857421875
        },
        {
          "epoch": 43,
          "train_objective": 2.051295518875122,
          "dev_nll": 2.22859525680542,
          "dev_kl": 0.08988361542885617,
          "dev_objective": 2.22859525680542
        },
        {
          "epoch": 44,
          "train_objective": 2.0490174293518066,
          "dev_nll": 2.2273521423339844,
          "dev_kl": 0.09051669243535446,
          "dev_objective": 2.2273521423339844
        },
        {
          "epoch": 45,
          "train_objective": 2.0466065406799316,
          "dev_nll": 2.2265241146087646,
          "dev_kl": 0.09037246051526,
          "dev_objective": 2.2265241146087646
        },
        {
          "epoch": 46,
          "train_objective": 2.044081926345825,
          "dev_nll": 2.226079225540161,
          "dev_kl": 0.08970565210970104,
          "dev_objective": 2.226079225540161
        },
        {
          "epoch": 47,
          "train_objective": 2.0415520668029785,
          "dev_nll": 2.225917100906372,
          "dev_kl": 0.08884766601863527,
          "dev_objective": 2.225917100906372
        },
        {
          "epoch": 48,
          "train_objective": 2.039133071899414,
          "dev_nll": 2.2258403301239014,
          "dev_kl": 0.08810447282771501,
          "dev_objective": 2.2258403301239014
        },
        {
          "epoch": 49,
          "train_objective": 2.0368664264678955,
          "dev_nll": 2.2255783081054688,
          "dev_kl": 0.08769072562116811,
          "dev_objective": 2.2255783081054688
        },
        {
          "epoch": 50,
          "train_objective": 2.034698486328125,
          "dev_nll": 2.2248823642730713,
          "dev_kl": 0.0877167847090538,
          "dev_objective": 2.2248823642730713
        },
        {
          "epoch": 51,
          "train_objective": 2.032526969909668,
          "dev_nll": 2.2236292362213135,
          "dev_kl": 0.08821069691041412,
          "dev_objective": 2.2236292362213135
        },
        {
          "epoch": 52,
          "train_objective": 2.030285358428955,
          "dev_nll": 2.2218775749206543,
          "dev_kl": 0.08913860549471637,
          "dev_objective": 2.2218775749206543
        },
        {
          "epoch": 53,
          "train_objective": 2.0279886722564697,
          "dev_nll": 2.219831943511963,
          "dev_kl": 0.09040350566957464,
          "dev_objective": 2.219831943511963
        },
        {
          "epoch": 54,
          "train_objective": 2.02571177482605,
          "dev_nll": 2.217749834060669,
          "dev_kl": 0.09183515205820517,
          "dev_objective": 2.217749834060669
        },
        {
          "epoch": 55,
          "train_objective": 2.0235230922698975,
          "dev_nll": 2.215848207473755,
          "dev_kl": 0.09320343135993263,
          "dev_objective": 2.215848207473755
        },
        {
          "epoch": 56,
          "train_objective": 2.0214316844940186,
          "dev_nll": 2.214259386062622,
          "dev_kl": 0.09427280071400856,
          "dev_objective": 2.214259386062622
        },
        {
          "epoch": 57,
          "train_objective": 2.0193874835968018,
          "dev_nll": 2.2130343914031982,
          "dev_kl": 0.09488140853381781,
          "dev_objective": 2.2130343914031982
        },
        {
          "epoch": 58,
          "train_objective": 2.017329454421997,
          "dev_nll": 2.2121689319610596,
          "dev_kl": 0.0950021004058825,
          "dev_objective": 2.2121689319610596
        },
        {
          "epoch": 59,
          "train_objective": 2.0152361392974854,
          "dev_nll": 2.2116146087646484,
          "dev_kl": 0.09475023887127407,
          "dev_objective": 2.2116146087646484
        },
        {
          "epoch": 60,
          "train_objective": 2.01313853263855,
          "dev_nll": 2.211268663406372,
          "dev_kl": 0.09433542900942554,
          "dev_objective": 2.211268663406372
        },
        {
          "epoch": 61,
          "train_objective": 2.0110859870910645,
          "dev_nll": 2.2109713554382324,
          "dev_kl": 0.09398553731613034,
          "dev_objective": 2.2109713554382324
        },
        {
          "epoch": 62,
          "train_objective": 2.009101152420044,
          "dev_nll": 2.2105326652526855,
          "dev_kl": 0.09388152501625262,
          "dev_objective": 2.2105326652526855
        },
        {
          "epoch": 63,
          "train_objective": 2.007162094116211,
          "dev_nll": 2.2097997665405273,
          "dev_kl": 0.0941249640737913,
          "dev_objective": 2.2097997665405273
        },
        {
          "epoch": 64,
          "train_objective": 2.0052270889282227,
          "dev_nll": 2.208721399307251,
          "dev_kl": 0.09473427780723387,
          "dev_objective": 2.208721399307251
        },
        {
          "epoch": 65,
          "train_objective": 2.00327467918396,
          "dev_nll": 2.207369804382324,
          "dev_kl": 0.09565120674814134,
          "dev_objective": 2.207369804382324
        },
        {
          "epoch": 66,
          "train_objective": 2.0013225078582764,
          "dev_nll": 2.2059051990509033,
          "dev_kl": 0.09674929103330356,
          "dev_objective": 2.2059051990509033
        },
        {
          "epoch": 67,
          "train_objective": 1.9994033575057983,
          "dev_nll": 2.2045063972473145,
          "dev_kl": 0.09785420446866011,
          "dev_objective": 2.2045063972473145
        },
        {
          "epoch": 68,
          "train_objective": 1.9975318908691406,
          "dev_nll": 2.203312873840332,
          "dev_kl": 0.09878763852121178,
          "dev_objective": 2.203312873840332
        },
        {
          "epoch": 69,
          "train_objective": 1.995692253112793,
          "dev_nll": 2.2024013996124268,
          "dev_kl": 0.09942693067642376,
          "dev_objective": 2.2024013996124268
        },
        {
          "epoch": 70,
          "train_objective": 1.9938571453094482,
          "dev_nll": 2.2017805576324463,
          "dev_kl": 0.09975133204919308,
          "dev_objective": 2.2017805576324463
        },
        {
          "epoch": 71,
          "train_objective": 1.9920167922973633,
          "dev_nll": 2.2013983726501465,
          "dev_kl": 0.0998467619588613,
          "dev_objective": 2.2013983726501465
        },
        {
          "epoch": 72,
          "train_objective": 1.9901851415634155,
          "dev_nll": 2.2011449337005615,
          "dev_kl": 0.09986671052743183,
          "dev_objective": 2.2011449337005615
        },
        {
          "epoch": 73,
          "train_objective": 1.9883824586868286,
          "dev_nll": 2.200873851776123,
          "dev_kl": 0.09997262274702043,
          "dev_objective": 2.200873851776123
        },
        {
          "epoch": 74,
          "train_objective": 1.9866119623184204,
          "dev_nll": 2.200446844100952,
          "dev_kl": 0.10028340371123465,
          "dev_objective": 2.200446844100952
        },
        {
          "epoch": 75,
          "train_objective": 1.9848583936691284,
          "dev_nll": 2.1997880935668945,
          "dev_kl": 0.10084953832317346,
          "dev_objective": 2.1997880935668945
        },
        {
          "epoch": 76,
          "train_objective": 1.9831063747406006,
          "dev_nll": 2.198917865753174,
          "dev_kl": 0.10164804636796777,
          "dev_objective": 2.198917865753174
        },
        {
          "epoch": 77,
          "train_objective": 1.9813575744628906,
          "dev_nll": 2.197937488555908,
          "dev_kl": 0.10259125249951269,
          "dev_objective": 2.197937488555908
        },
        {
          "epoch": 78,
          "train_objective": 1.9796268939971924,
          "dev_nll": 2.19698166847229,
          "dev_kl": 0.10354967897599057,
          "dev_objective": 2.19698166847229
        },
        {
          "epoch": 79,
          "train_objective": 1.977921724319458,
          "dev_nll": 2.196167230606079,
          "dev_kl": 0.10439251728225933,
          "dev_objective": 2.196167230606079
        },
        {
          "epoch": 80,
          "train_objective": 1.97623610496521,
          "dev_nll": 2.1955573558807373,
          "dev_kl": 0.1050364003704442,
          "dev_objective": 2.1955573558807373
        },
        {
          "epoch": 81,
          "train_objective": 1.9745585918426514,
          "dev_nll": 2.1951544284820557,
          "dev_kl": 0.10547846857487231,
          "dev_objective": 2.1951544284820557
        },
        {
          "epoch": 82,
          "train_objective": 1.9728858470916748,
          "dev_nll": 2.1948981285095215,
          "dev_kl": 0.10579434255239113,
          "dev_objective": 2.1948981285095215
        },
        {
          "epoch": 83,
          "train_objective": 1.971225619316101,
          "dev_nll": 2.1946847438812256,
          "dev_kl": 0.10610175068858405,
          "dev_objective": 2.1946847438812256
        },
        {
          "epoch": 84,
          "train_objective": 1.9695862531661987,
          "dev_nll": 2.194397211074829,
          "dev_kl": 0.10651194494102122,
          "dev_objective": 2.194397211074829
        },
        {
          "epoch": 85,
          "train_objective": 1.9679646492004395,
          "dev_nll": 2.1939523220062256,
          "dev_kl": 0.10709161142089454,
          "dev_objective": 2.1939523220062256
        },
        {
          "epoch": 86,
          "train_objective": 1.9663527011871338,
          "dev_nll": 2.1933341026306152,
          "dev_kl": 0.10784584090344665,
          "dev_objective": 2.1933341026306152
        },
        {
          "epoch": 87,
          "train_objective": 1.9647482633590698,
          "dev_nll": 2.1926019191741943,
          "dev_kl": 0.10872082653376021,
          "dev_objective": 2.1926019191741943
        },
        {
          "epoch": 88,
          "train_objective": 1.96315598487854,
          "dev_nll": 2.19185733795166,
          "dev_kl": 0.10962341335248346,
          "dev_objective": 2.19185733795166
        },
        {
          "epoch": 89,
          "train_objective": 1.9615814685821533,
          "dev_nll": 2.1912014484405518,
          "dev_kl": 0.11045501888332557,
          "dev_objective": 2.1912014484405518
        },
        {
          "epoch": 90,
          "train_objective": 1.9600220918655396,
          "dev_nll": 2.1906957626342773,
          "dev_kl": 0.11115083634283018,
          "dev_objective": 2.1906957626342773
        },
        {
          "epoch": 91,
          "train_objective": 1.958473563194275,
          "dev_nll": 2.190347194671631,
          "dev_kl": 0.11170599527671471,
          "dev_objective": 2.190347194671631
        },
        {
          "epoch": 92,
          "train_objective": 1.956933856010437,
          "dev_nll": 2.190106153488159,
          "dev_kl": 0.11217430551976774,
          "dev_objective": 2.190106153488159
        },
        {
          "epoch": 93,
          "train_objective": 1.9554065465927124,
          "dev_nll": 2.1898860931396484,
          "dev_kl": 0.11264005453008148,
          "dev_objective": 2.1898860931396484
        },
        {
          "epoch": 94,
          "train_objective": 1.9538949728012085,
          "dev_nll": 2.189598798751831,
          "dev_kl": 0.1131801318788771,
          "dev_objective": 2.189598798751831
        },
        {
          "epoch": 95,
          "train_objective": 1.9523968696594238,
          "dev_nll": 2.1891908645629883,
          "dev_kl": 0.11383462231606245,
          "dev_objective": 2.1891908645629883
        },
        {
          "epoch": 96,
          "train_objective": 1.95090913772583,
          "dev_nll": 2.188666582107544,
          "dev_kl": 0.11459494288469296,
          "dev_objective": 2.188666582107544
        },
        {
          "epoch": 97,
          "train_objective": 1.9494316577911377,
          "dev_nll": 2.188084363937378,
          "dev_kl": 0.1154103800528069,
          "dev_objective": 2.188084363937378
        },
        {
          "epoch": 98,
          "train_objective": 1.9479670524597168,
          "dev_nll": 2.187523603439331,
          "dev_kl": 0.11621013711668667,
          "dev_objective": 2.187523603439331
        },
        {
          "epoch": 99,
          "train_objective": 1.946516752243042,
          "dev_nll": 2.1870503425598145,
          "dev_kl": 0.1169341859793969,
          "dev_objective": 2.1870503425598145
        },
        {
          "epoch": 100,
          "train_objective": 1.9450786113739014,
          "dev_nll": 2.186687707901001,
          "dev_kl": 0.11756025355980666,
          "dev_objective": 2.186687707901001
        },
        {
          "epoch": 101,
          "train_objective": 1.9436508417129517,
          "dev_nll": 2.1864113807678223,
          "dev_kl": 0.11811237942333543,
          "dev_objective": 2.1864113807678223
        },
        {
          "epoch": 102,
          "train_objective": 1.9422341585159302,
          "dev_nll": 2.186159610748291,
          "dev_kl": 0.11864640527989628,
          "dev_objective": 2.186159610748291
        },
        {
          "epoch": 103,
          "train_objective": 1.940830945968628,
          "dev_nll": 2.1858627796173096,
          "dev_kl": 0.11922133468495782,
          "dev_objective": 2.1858627796173096
        },
        {
          "epoch": 104,
          "train_objective": 1.939440369606018,
          "dev_nll": 2.1854724884033203,
          "dev_kl": 0.11987295894082202,
          "dev_objective": 2.1854724884033203
        },
        {
          "epoch": 105,
          "train_objective": 1.9380608797073364,
          "dev_nll": 2.184988498687744,
          "dev_kl": 0.1206000443970308,
          "dev_objective": 2.184988498687744
        },
        {
          "epoch": 106,
          "train_objective": 1.936692237854004,
          "dev_nll": 2.1844522953033447,
          "dev_kl": 0.12136765885845462,
          "dev_objective": 2.1844522953033447
        },
        {
          "epoch": 107,
          "train_objective": 1.9353355169296265,
          "dev_nll": 2.183927297592163,
          "dev_kl": 0.1221243262998471,
          "dev_objective": 2.183927297592163
        },
        {
          "epoch": 108,
          "train_objective": 1.93399178981781,
          "dev_nll": 2.183466672897339,
          "dev_kl": 0.12282675614421681,
          "dev_objective": 2.183466672897339
        },
        {
          "epoch": 109,
          "train_objective": 1.9326597452163696,
          "dev_nll": 2.183089256286621,
          "dev_kl": 0.12346026053392263,
          "dev_objective": 2.183089256286621
        },
        {
          "epoch": 110,
          "train_objective": 1.9313383102416992,
          "dev_nll": 2.1827735900878906,
          "dev_kl": 0.12404419461900527,
          "dev_objective": 2.1827735900878906
        },
        {
          "epoch": 111,
          "train_objective": 1.9300285577774048,
          "dev_nll": 2.182471752166748,
          "dev_kl": 0.12461941260411295,
          "dev_objective": 2.182471752166748
        },
        {
          "epoch": 112,
          "train_objective": 1.9287307262420654,
          "dev_nll": 2.1821303367614746,
          "dev_kl": 0.12522629643754327,
          "dev_objective": 2.1821303367614746
        },
        {
          "epoch": 113,
          "train_objective": 1.927444577217102,
          "dev_nll": 2.1817209720611572,
          "dev_kl": 0.12588538793673695,
          "dev_objective": 2.1817209720611572
        },
        {
          "epoch": 114,
          "train_objective": 1.926169753074646,
          "dev_nll": 2.1812520027160645,
          "dev_kl": 0.12658925791263811,
          "dev_objective": 2.1812520027160645
        },
        {
          "epoch": 115,
          "train_objective": 1.9249058961868286,
          "dev_nll": 2.1807615756988525,
          "dev_kl": 0.12730836224301842,
          "dev_objective": 2.1807615756988525
        },
        {
          "epoch": 116,
          "train_objective": 1.923653483390808,
          "dev_nll": 2.18029522895813,
          "dev_kl": 0.1280074787701574,
          "dev_objective": 2.18029522895813
        },
        {
          "epoch": 117,
          "train_objective": 1.9224129915237427,
          "dev_nll": 2.1798837184906006,
          "dev_kl": 0.1286640746930484,
          "dev_objective": 2.1798837184906006
        },
        {
          "epoch": 118,
          "train_objective": 1.9211833477020264,
          "dev_nll": 2.1795248985290527,
          "dev_kl": 0.12927974613975415,
          "dev_objective": 2.1795248985290527
        },
        {
          "epoch": 119,
          "train_objective": 1.9199644327163696,
          "dev_nll": 2.1791908740997314,
          "dev_kl": 0.1298776764473192,
          "dev_objective": 2.1791908740997314
        },
        {
          "epoch": 120,
          "train_objective": 1.9187567234039307,
          "dev_nll": 2.178840160369873,
          "dev_kl": 0.13048854194105017,
          "dev_objective": 2.178840160369873
        },
        {
          "epoch": 121,
          "train_objective": 1.917560338973999,
          "dev_nll": 2.1784422397613525,
          "dev_kl": 0.13113368394633018,
          "dev_objective": 2.1784422397613525
        },
        {
          "epoch": 122,
          "train_objective": 1.916374683380127,
          "dev_nll": 2.1779937744140625,
          "dev_kl": 0.13181469894137032,
          "dev_objective": 2.1779937744140625
        },
        {
          "epoch": 123,
          "train_objective": 1.9151993989944458,
          "dev_nll": 2.1775193214416504,
          "dev_kl": 0.1325141640430562,
          "dev_objective": 2.1775193214416504
        },
        {
          "epoch": 124,
          "train_objective": 1.9140352010726929,
          "dev_nll": 2.1770551204681396,
          "dev_kl": 0.13320608640652756,
          "dev_objective": 2.1770551204681396
        },
        {
          "epoch": 125,
          "train_objective": 1.9128812551498413,
          "dev_nll": 2.1766302585601807,
          "dev_kl": 0.13387047479564482,
          "dev_objective": 2.1766302585601807
        },
        {
          "epoch": 126,
          "train_objective": 1.9117379188537598,
          "dev_nll": 2.176250457763672,
          "dev_kl": 0.13450406306935836,
          "dev_objective": 2.176250457763672
        },
        {
          "epoch": 127,
          "train_objective": 1.91060471534729,
          "dev_nll": 2.175896406173706,
          "dev_kl": 0.13512067407615078,
          "dev_objective": 2.175896406173706
        },
        {
          "epoch": 128,
          "train_objective": 1.9094820022583008,
          "dev_nll": 2.1755380630493164,
          "dev_kl": 0.1357419244591291,
          "dev_objective": 2.1755380630493164
        },
        {
          "epoch": 129,
          "train_objective": 1.9083691835403442,
          "dev_nll": 2.1751489639282227,
          "dev_kl": 0.13638453202163295,
          "dev_objective": 2.1751489639282227
        },
        {
          "epoch": 130,
          "train_objective": 1.9072664976119995,
          "dev_nll": 2.1747241020202637,
          "dev_kl": 0.13705126168350726,
          "dev_objective": 2.1747241020202637
        },
        {
          "epoch": 131,
          "train_objective": 1.9061733484268188,
          "dev_nll": 2.1742794513702393,
          "dev_kl": 0.13773074825907977,
          "dev_objective": 2.1742794513702393
        },
        {
          "epoch": 132,
          "train_objective": 1.9050898551940918,
          "dev_nll": 2.1738409996032715,
          "dev_kl": 0.13840505978193626,
          "dev_objective": 2.1738409996032715
        },
        {
          "epoch": 133,
          "train_objective": 1.9040160179138184,
          "dev_nll": 2.173429250717163,
          "dev_kl": 0.13906073325508556,
          "dev_objective": 2.173429250717163
        },
        {
          "epoch": 134,
          "train_objective": 1.9029514789581299,
          "dev_nll": 2.173046112060547,
          "dev_kl": 0.1396963309547178,
          "dev_objective": 2.173046112060547
        },
        {
          "epoch": 135,
          "train_objective": 1.901896357536316,
          "dev_nll": 2.1726760864257812,
          "dev_kl": 0.1403224639009771,
          "dev_objective": 2.1726760864257812
        },
        {
          "epoch": 136,
          "train_objective": 1.9008501768112183,
          "dev_nll": 2.172295093536377,
          "dev_kl": 0.1409543228133531,
          "dev_objective": 2.172295093536377
        },
        {
          "epoch": 137,
          "train_objective": 1.8998128175735474,
          "dev_nll": 2.171886920928955,
          "dev_kl": 0.14160215581023647,
          "dev_objective": 2.171886920928955
        },
        {
          "epoch": 138,
          "train_objective": 1.8987846374511719,
          "dev_nll": 2.17145037651062,
          "dev_kl": 0.1422655528786686,
          "dev_objective": 2.17145037651062
        },
        {
          "epoch": 139,
          "train_objective": 1.8977649211883545,
          "dev_nll": 2.17100191116333,
          "dev_kl": 0.1429343061853749,
          "dev_objective": 2.17100191116333
        },
        {
          "epoch": 140,
          "train_objective": 1.8967536687850952,
          "dev_nll": 2.1705615520477295,
          "dev_kl": 0.1435953945448521,
          "dev_objective": 2.1705615520477295
        },
        {
          "epoch": 141,
          "train_objective": 1.8957507610321045,
          "dev_nll": 2.170142650604248,
          "dev_kl": 0.14424081888887308,
          "dev_objective": 2.170142650604248
        },
        {
          "epoch": 142,
          "train_objective": 1.8947560787200928,
          "dev_nll": 2.1697425842285156,
          "dev_kl": 0.14487214643840296,
          "dev_objective": 2.1697425842285156
        },
        {
          "epoch": 143,
          "train_objective": 1.8937695026397705,
          "dev_nll": 2.169346570968628,
          "dev_kl": 0.14549855916046125,
          "dev_objective": 2.169346570968628
        },
        {
          "epoch": 144,
          "train_objective": 1.8927907943725586,
          "dev_nll": 2.1689367294311523,
          "dev_kl": 0.14613048849598498,
          "dev_objective": 2.1689367294311523
        },
        {
          "epoch": 145,
          "train_objective": 1.891819953918457,
          "dev_nll": 2.1685047149658203,
          "dev_kl": 0.14677274981224836,
          "dev_objective": 2.1685047149658203
        },
        {
          "epoch": 146,
          "train_objective": 1.8908565044403076,
          "dev_nll": 2.1680550575256348,
          "dev_kl": 0.14742228427410933,
          "dev_objective": 2.1680550575256348
        },
        {
          "epoch": 147,
          "train_objective": 1.8899006843566895,
          "dev_nll": 2.1676013469696045,
          "dev_kl": 0.14807047187386788,
          "dev_objective": 2.1676013469696045
        },
        {
          "epoch": 148,
          "train_objective": 1.8889520168304443,
          "dev_nll": 2.167156934738159,
          "dev_kl": 0.14870936870069582,
          "dev_objective": 2.167156934738159
        },
        {
          "epoch": 149,
          "train_objective": 1.8880106210708618,
          "dev_nll": 2.1667258739471436,
          "dev_kl": 0.1493366003296403,
          "dev_objective": 2.1667258739471436
        },
        {
          "epoch": 150,
          "train_objective": 1.8870761394500732,
          "dev_nll": 2.1663012504577637,
          "dev_kl": 0.14995646251134517,
          "dev_objective": 2.1663012504577637
        },
        {
          "epoch": 151,
          "train_objective": 1.8861486911773682,
          "dev_nll": 2.1658694744110107,
          "dev_kl": 0.15057654087901,
          "dev_objective": 2.1658694744110107
        },
        {
          "epoch": 152,
          "train_objective": 1.885228157043457,
          "dev_nll": 2.1654212474823,
          "dev_kl": 0.1512023727987106,
          "dev_objective": 2.1654212474823
        },
        {
          "epoch": 153,
          "train_objective": 1.884313941001892,
          "dev_nll": 2.16495680809021,
          "dev_kl": 0.15183390358592883,
          "dev_objective": 2.16495680809021
        },
        {
          "epoch": 154,
          "train_objective": 1.883406162261963,
          "dev_nll": 2.1644842624664307,
          "dev_kl": 0.1524659526072327,
          "dev_objective": 2.1644842624664307
        },
        {
          "epoch": 155,
          "train_objective": 1.8825052976608276,
          "dev_nll": 2.164015769958496,
          "dev_kl": 0.1530920390776077,
          "dev_objective": 2.164015769958496
        },
        {
          "epoch": 156,
          "train_objective": 1.8816102743148804,
          "dev_nll": 2.163558006286621,
          "dev_kl": 0.15370856264476165,
          "dev_objective": 2.163558006286621
        },
        {
          "epoch": 157,
          "train_objective": 1.8807215690612793,
          "dev_nll": 2.1631076335906982,
          "dev_kl": 0.15431714866512505,
          "dev_objective": 2.1631076335906982
        },
        {
          "epoch": 158,
          "train_objective": 1.8798388242721558,
          "dev_nll": 2.162656784057617,
          "dev_kl": 0.1549229058148267,
          "dev_objective": 2.162656784057617
        },
        {
          "epoch": 159,
          "train_objective": 1.8789621591567993,
          "dev_nll": 2.162196159362793,
          "dev_kl": 0.15553074991763677,
          "dev_objective": 2.162196159362793
        },
        {
          "epoch": 160,
          "train_objective": 1.8780912160873413,
          "dev_nll": 2.1617233753204346,
          "dev_kl": 0.1561420337593024,
          "dev_objective": 2.1617233753204346
        },
        {
          "epoch": 161,
          "train_objective": 1.8772258758544922,
          "dev_nll": 2.161243200302124,
          "dev_kl": 0.15675408486276865,
          "dev_objective": 2.161243200302124
        },
        {
          "epoch": 162,
          "train_objective": 1.8763667345046997,
          "dev_nll": 2.160764455795288,
          "dev_kl": 0.15736231681811372,
          "dev_objective": 2.160764455795288
        },
        {
          "epoch": 163,
          "train_objective": 1.8755125999450684,
          "dev_nll": 2.1602933406829834,
          "dev_kl": 0.15796380246404645,
          "dev_objective": 2.1602933406829834
        },
        {
          "epoch": 164,
          "train_objective": 1.874664068222046,
          "dev_nll": 2.159827947616577,
          "dev_kl": 0.1585590672217194,
          "dev_objective": 2.159827947616577
        },
        {
          "epoch": 165,
          "train_objective": 1.8738209009170532,
          "dev_nll": 2.159363269805908,
          "dev_kl": 0.1591516498281339,
          "dev_objective": 2.159363269805908
        },
        {
          "epoch": 166,
          "train_objective": 1.8729832172393799,
          "dev_nll": 2.1588926315307617,
          "dev_kl": 0.15974517331581362,
          "dev_objective": 2.1588926315307617
        },
        {
          "epoch": 167,
          "train_objective": 1.8721507787704468,
          "dev_nll": 2.1584136486053467,
          "dev_kl": 0.16034106765476655,
          "dev_objective": 2.1584136486053467
        },
        {
          "epoch": 168,
          "train_objective": 1.8713231086730957,
          "dev_nll": 2.1579301357269287,
          "dev_kl": 0.16093752563519534,
          "dev_objective": 2.1579301357269287
        },
        {
          "epoch": 169,
          "train_objective": 1.8705006837844849,
          "dev_nll": 2.1574485301971436,
          "dev_kl": 0.16153129956562273,
          "dev_objective": 2.1574485301971436
        },
        {
          "epoch": 170,
          "train_objective": 1.869683027267456,
          "dev_nll": 2.156973361968994,
          "dev_kl": 0.16211998477477088,
          "dev_objective": 2.156973361968994
        },
        {
          "epoch": 171,
          "train_objective": 1.868870496749878,
          "dev_nll": 2.156505823135376,
          "dev_kl": 0.16270386677076534,
          "dev_objective": 2.156505823135376
        },
        {
          "epoch": 172,
          "train_objective": 1.868062973022461,
          "dev_nll": 2.1560404300689697,
          "dev_kl": 0.16328539178425142,
          "dev_objective": 2.1560404300689697
        },
        {
          "epoch": 173,
          "train_objective": 1.8672599792480469,
          "dev_nll": 2.1555724143981934,
          "dev_kl": 0.16386734485236365,
          "dev_objective": 2.1555724143981934
        },
        {
          "epoch": 174,
          "train_objective": 1.8664616346359253,
          "dev_nll": 2.1551008224487305,
          "dev_kl": 0.164450778131366,
          "dev_objective": 2.1551008224487305
        },
        {
          "epoch": 175,
          "train_objective": 1.8656679391860962,
          "dev_nll": 2.1546270847320557,
          "dev_kl": 0.16503451883706244,
          "dev_objective": 2.1546270847320557
        },
        {
          "epoch": 176,
          "train_objective": 1.8648788928985596,
          "dev_nll": 2.1541566848754883,
          "dev_kl": 0.16561629845536957,
          "dev_objective": 2.1541566848754883
        },
        {
          "epoch": 177,
          "train_objective": 1.8640942573547363,
          "dev_nll": 2.1536924839019775,
          "dev_kl": 0.16619451698493357,
          "dev_objective": 2.1536924839019775
        },
        {
          "epoch": 178,
          "train_objective": 1.863313913345337,
          "dev_nll": 2.1532340049743652,
          "dev_kl": 0.16676955179910558,
          "dev_objective": 2.1532340049743652
        },
        {
          "epoch": 179,
          "train_objective": 1.8625379800796509,
          "dev_nll": 2.1527786254882812,
          "dev_kl": 0.16734326249277293,
          "dev_objective": 2.1527786254882812
        },
        {
          "epoch": 180,
          "train_objective": 1.8617662191390991,
          "dev_nll": 2.1523218154907227,
          "dev_kl": 0.16791744794797644,
          "dev_objective": 2.1523218154907227
        },
        {
          "epoch": 181,
          "train_objective": 1.8609988689422607,
          "dev_nll": 2.151862859725952,
          "dev_kl": 0.16849264682653223,
          "dev_objective": 2.151862859725952
        },
        {
          "epoch": 182,
          "train_objective": 1.8602354526519775,
          "dev_nll": 2.151404619216919,
          "dev_kl": 0.1690677069416342,
          "dev_objective": 2.151404619216919
        },
        {
          "epoch": 183,
          "train_objective": 1.8594763278961182,
          "dev_nll": 2.1509504318237305,
          "dev_kl": 0.16964085507314913,
          "dev_objective": 2.1509504318237305
        },
        {
          "epoch": 184,
          "train_objective": 1.8587212562561035,
          "dev_nll": 2.1505019664764404,
          "dev_kl": 0.17021104265654155,
          "dev_objective": 2.1505019664764404
        },
        {
          "epoch": 185,
          "train_objective": 1.857970118522644,
          "dev_nll": 2.1500585079193115,
          "dev_kl": 0.17077872328200314,
          "dev_objective": 2.1500585079193115
        },
        {
          "epoch": 186,
          "train_objective": 1.8572231531143188,
          "dev_nll": 2.1496174335479736,
          "dev_kl": 0.17134534374471436,
          "dev_objective": 2.1496174335479736
        },
        {
          "epoch": 187,
          "train_objective": 1.8564797639846802,
          "dev_nll": 2.1491763591766357,
          "dev_kl": 0.1719119854220875,
          "dev_objective": 2.1491763591766357
        },
        {
          "epoch": 188,
          "train_objective": 1.8557407855987549,
          "dev_nll": 2.1487348079681396,
          "dev_kl": 0.17247880973614926,
          "dev_objective": 2.1487348079681396
        },
        {
          "epoch": 189,
          "train_objective": 1.855005145072937,
          "dev_nll": 2.1482949256896973,
          "dev_kl": 0.173044772941417,
          "dev_objective": 2.1482949256896973
        },
        {
          "epoch": 190,
          "train_objective": 1.8542734384536743,
          "dev_nll": 2.1478588581085205,
          "dev_kl": 0.17360862851316153,
          "dev_objective": 2.1478588581085205
        },
        {
          "epoch": 191,
          "train_objective": 1.8535454273223877,
          "dev_nll": 2.147427558898926,
          "dev_kl": 0.17416999631294217,
          "dev_objective": 2.147427558898926
        },
        {
          "epoch": 192,
          "train_objective": 1.8528213500976562,
          "dev_nll": 2.1470000743865967,
          "dev_kl": 0.17472949707808422,
          "dev_objective": 2.1470000743865967
        },
        {
          "epoch": 193,
          "train_objective": 1.8521007299423218,
          "dev_nll": 2.146573781967163,
          "dev_kl": 0.1752881461595611,
          "dev_objective": 2.146573781967163
        },
        {
          "epoch": 194,
          "train_objective": 1.8513836860656738,
          "dev_nll": 2.1461474895477295,
          "dev_kl": 0.17584655894500803,
          "dev_objective": 2.1461474895477295
        },
        {
          "epoch": 195,
          "train_objective": 1.8506704568862915,
          "dev_nll": 2.145721912384033,
          "dev_kl": 0.17640451492034187,
          "dev_objective": 2.145721912384033
        },
        {
          "epoch": 196,
          "train_objective": 1.8499608039855957,
          "dev_nll": 2.145298719406128,
          "dev_kl": 0.17696109989499167,
          "dev_objective": 2.145298719406128
        },
        {
          "epoch": 197,
          "train_objective": 1.8492546081542969,
          "dev_nll": 2.1448798179626465,
          "dev_kl": 0.17751560316875922,
          "dev_objective": 2.1448798179626465
        },
        {
          "epoch": 198,
          "train_objective": 1.8485522270202637,
          "dev_nll": 2.144465208053589,
          "dev_kl": 0.17806797619735779,
          "dev_objective": 2.144465208053589
        },
        {
          "epoch": 199,
          "train_objective": 1.847853183746338,
          "dev_nll": 2.1440534591674805,
          "dev_kl": 0.17861896723710982,
          "dev_objective": 2.1440534591674805
        },
        {
          "epoch": 200,
          "train_objective": 1.847157597541809,
          "dev_nll": 2.143643379211426,
          "dev_kl": 0.17916932528795199,
          "dev_objective": 2.143643379211426
        },
        {
          "epoch": 201,
          "train_objective": 1.8464655876159668,
          "dev_nll": 2.1432342529296875,
          "dev_kl": 0.1797193148815932,
          "dev_objective": 2.1432342529296875
        },
        {
          "epoch": 202,
          "train_objective": 1.8457770347595215,
          "dev_nll": 2.1428277492523193,
          "dev_kl": 0.1802685661891172,
          "dev_objective": 2.1428277492523193
        },
        {
          "epoch": 203,
          "train_objective": 1.845091700553894,
          "dev_nll": 2.1424245834350586,
          "dev_kl": 0.18081652443827123,
          "dev_objective": 2.1424245834350586
        },
        {
          "epoch": 204,
          "train_objective": 1.8444100618362427,
          "dev_nll": 2.1420257091522217,
          "dev_kl": 0.18136295805461417,
          "dev_objective": 2.1420257091522217
        },
        {
          "epoch": 205,
          "train_objective": 1.8437317609786987,
          "dev_nll": 2.1416313648223877,
          "dev_kl": 0.18190823219601035,
          "dev_objective": 2.1416313648223877
        },
        {
          "epoch": 206,
          "train_objective": 1.8430571556091309,
          "dev_nll": 2.1412391662597656,
          "dev_kl": 0.18245299923587446,
          "dev_objective": 2.1412391662597656
        },
        {
          "epoch": 207,
          "train_objective": 1.8423854112625122,
          "dev_nll": 2.1408493518829346,
          "dev_kl": 0.18299774495639312,
          "dev_objective": 2.1408493518829346
        },
        {
          "epoch": 208,
          "train_objective": 1.84171724319458,
          "dev_nll": 2.1404619216918945,
          "dev_kl": 0.18354246134386043,
          "dev_objective": 2.1404619216918945
        },
        {
          "epoch": 209,
          "train_objective": 1.841052770614624,
          "dev_nll": 2.14007830619812,
          "dev_kl": 0.18408669512574524,
          "dev_objective": 2.14007830619812
        },
        {
          "epoch": 210,
          "train_objective": 1.8403912782669067,
          "dev_nll": 2.1396992206573486,
          "dev_kl": 0.18463018019647562,
          "dev_objective": 2.1396992206573486
        },
        {
          "epoch": 211,
          "train_objective": 1.8397330045700073,
          "dev_nll": 2.139324903488159,
          "dev_kl": 0.18517303270424984,
          "dev_objective": 2.139324903488159
        },
        {
          "epoch": 212,
          "train_objective": 1.8390785455703735,
          "dev_nll": 2.138953924179077,
          "dev_kl": 0.18571570135162088,
          "dev_objective": 2.138953924179077
        },
        {
          "epoch": 213,
          "train_objective": 1.8384270668029785,
          "dev_nll": 2.1385865211486816,
          "dev_kl": 0.18625865786430218,
          "dev_objective": 2.1385865211486816
        },
        {
          "epoch": 214,
          "train_objective": 1.8377792835235596,
          "dev_nll": 2.1382219791412354,
          "dev_kl": 0.18680207069616678,
          "dev_objective": 2.1382219791412354
        },
        {
          "epoch": 215,
          "train_objective": 1.8371343612670898,
          "dev_nll": 2.137861490249634,
          "dev_kl": 0.18734562264163365,
          "dev_objective": 2.137861490249634
        },
        {
          "epoch": 216,
          "train_objective": 1.8364930152893066,
          "dev_nll": 2.137505054473877,
          "dev_kl": 0.18788918164060558,
          "dev_objective": 2.137505054473877
        },
        {
          "epoch": 217,
          "train_objective": 1.8358548879623413,
          "dev_nll": 2.1371536254882812,
          "dev_kl": 0.1884326048180923,
          "dev_objective": 2.1371536254882812
        },
        {
          "epoch": 218,
          "train_objective": 1.835220217704773,
          "dev_nll": 2.1368064880371094,
          "dev_kl": 0.18897622375380854,
          "dev_objective": 2.1368064880371094
        },
        {
          "epoch": 219,
          "train_objective": 1.834588646888733,
          "dev_nll": 2.136462450027466,
          "dev_kl": 0.1895204032013236,
          "dev_objective": 2.136462450027466
        },
        {
          "epoch": 220,
          "train_objective": 1.8339604139328003,
          "dev_nll": 2.136122226715088,
          "dev_kl": 0.1900652723401323,
          "dev_objective": 2.136122226715088
        },
        {
          "epoch": 221,
          "train_objective": 1.833335518836975,
          "dev_nll": 2.1357851028442383,
          "dev_kl": 0.19061071613384772,
          "dev_objective": 2.1357851028442383
        },
        {
          "epoch": 222,
          "train_objective": 1.8327137231826782,
          "dev_nll": 2.1354520320892334,
          "dev_kl": 0.19115643887672312,
          "dev_objective": 2.1354520320892334
        },
        {
          "epoch": 223,
          "train_objective": 1.8320953845977783,
          "dev_nll": 2.1351230144500732,
          "dev_kl": 0.19170232852848695,
          "dev_objective": 2.1351230144500732
        },
        {
          "epoch": 224,
          "train_objective": 1.8314802646636963,
          "dev_nll": 2.134798288345337,
          "dev_kl": 0.1922485234013708,
          "dev_objective": 2.134798288345337
        },
        {
          "epoch": 225,
          "train_objective": 1.830868124961853,
          "dev_nll": 2.134476900100708,
          "dev_kl": 0.1927952281047785,
          "dev_objective": 2.134476900100708
        },
        {
          "epoch": 226,
          "train_objective": 1.8302593231201172,
          "dev_nll": 2.1341586112976074,
          "dev_kl": 0.19334259835728843,
          "dev_objective": 2.1341586112976074
        },
        {
          "epoch": 227,
          "train_objective": 1.8296537399291992,
          "dev_nll": 2.133842945098877,
          "dev_kl": 0.19389052357697903,
          "dev_objective": 2.133842945098877
        },
        {
          "epoch": 228,
          "train_objective": 1.8290513753890991,
          "dev_nll": 2.133531093597412,
          "dev_kl": 0.194438790519859,
          "dev_objective": 2.133531093597412
        },
        {
          "epoch": 229,
          "train_objective": 1.8284521102905273,
          "dev_nll": 2.133222818374634,
          "dev_kl": 0.19498728143498878,
          "dev_objective": 2.133222818374634
        },
        {
          "epoch": 230,
          "train_objective": 1.8278558254241943,
          "dev_nll": 2.132917642593384,
          "dev_kl": 0.1955360484980913,
          "dev_objective": 2.132917642593384
        },
        {
          "epoch": 231,
          "train_objective": 1.8272629976272583,
          "dev_nll": 2.132615089416504,
          "dev_kl": 0.19608525724633952,
          "dev_objective": 2.132615089416504
        },
        {
          "epoch": 232,
          "train_objective": 1.826672911643982,
          "dev_nll": 2.132315158843994,
          "dev_kl": 0.19663500809652168,
          "dev_objective": 2.132315158843994
        },
        {
          "epoch": 233,
          "train_objective": 1.826086163520813,
          "dev_nll": 2.1320176124572754,
          "dev_kl": 0.1971851707862098,
          "dev_objective": 2.1320176124572754
        },
        {
          "epoch": 234,
          "train_objective": 1.8255025148391724,
          "dev_nll": 2.131722927093506,
          "dev_kl": 0.19773565977089858,
          "dev_objective": 2.131722927093506
        },
        {
          "epoch": 235,
          "train_objective": 1.8249214887619019,
          "dev_nll": 2.1314308643341064,
          "dev_kl": 0.19828631846566303,
          "dev_objective": 2.1314308643341064
        },
        {
          "epoch": 236,
          "train_objective": 1.8243439197540283,
          "dev_nll": 2.1311416625976562,
          "dev_kl": 0.19883713186104862,
          "dev_objective": 2.1311416625976562
        },
        {
          "epoch": 237,
          "train_objective": 1.8237695693969727,
          "dev_nll": 2.130854606628418,
          "dev_kl": 0.19938822100011183,
          "dev_objective": 2.130854606628418
        },
        {
          "epoch": 238,
          "train_objective": 1.8231977224349976,
          "dev_nll": 2.1305696964263916,
          "dev_kl": 0.19993972122062778,
          "dev_objective": 2.1305696964263916
        },
        {
          "epoch": 239,
          "train_objective": 1.8226292133331299,
          "dev_nll": 2.130286931991577,
          "dev_kl": 0.20049151028109383,
          "dev_objective": 2.130286931991577
        },
        {
          "epoch": 240,
          "train_objective": 1.8220635652542114,
          "dev_nll": 2.1300060749053955,
          "dev_kl": 0.20104348131765923,
          "dev_objective": 2.1300060749053955
        },
        {
          "epoch": 241,
          "train_objective": 1.8215007781982422,
          "dev_nll": 2.129727602005005,
          "dev_kl": 0.20159551541703616,
          "dev_objective": 2.129727602005005
        },
        {
          "epoch": 242,
          "train_objective": 1.8209412097930908,
          "dev_nll": 2.129451274871826,
          "dev_kl": 0.2021476339635461,
          "dev_objective": 2.129451274871826
        },
        {
          "epoch": 243,
          "train_objective": 1.8203842639923096,
          "dev_nll": 2.1291770935058594,
          "dev_kl": 0.2026999505280062,
          "dev_objective": 2.1291770935058594
        },
        {
          "epoch": 244,
          "train_objective": 1.8198305368423462,
          "dev_nll": 2.1289045810699463,
          "dev_kl": 0.203252465168173,
          "dev_objective": 2.1289045810699463
        },
        {
          "epoch": 245,
          "train_objective": 1.8192791938781738,
          "dev_nll": 2.128633737564087,
          "dev_kl": 0.20380516093253165,
          "dev_objective": 2.128633737564087
        },
        {
          "epoch": 246,
          "train_objective": 1.8187310695648193,
          "dev_nll": 2.1283645629882812,
          "dev_kl": 0.20435789822376976,
          "dev_objective": 2.1283645629882812
        },
        {
          "epoch": 247,
          "train_objective": 1.818185806274414,
          "dev_nll": 2.1280975341796875,
          "dev_kl": 0.20491055635980857,
          "dev_objective": 2.1280975341796875
        },
        {
          "epoch": 248,
          "train_objective": 1.817643404006958,
          "dev_nll": 2.1278324127197266,
          "dev_kl": 0.20546315925181374,
          "dev_objective": 2.1278324127197266
        },
        {
          "epoch": 249,
          "train_objective": 1.817103624343872,
          "dev_nll": 2.1275687217712402,
          "dev_kl": 0.20601576770287613,
          "dev_objective": 2.1275687217712402
        },
        {
          "epoch": 250,
          "train_objective": 1.8165665864944458,
          "dev_nll": 2.1273064613342285,
          "dev_kl": 0.20656840388424869,
          "dev_objective": 2.1273064613342285
        },
        {
          "epoch": 251,
          "train_objective": 1.8160327672958374,
          "dev_nll": 2.1270461082458496,
          "dev_kl": 0.20712100720942714,
          "dev_objective": 2.1270461082458496
        },
        {
          "epoch": 252,
          "train_objective": 1.8155014514923096,
          "dev_nll": 2.126786708831787,
          "dev_kl": 0.20767339083633218,
          "dev_objective": 2.126786708831787
        },
        {
          "epoch": 253,
          "train_objective": 1.8149728775024414,
          "dev_nll": 2.1265294551849365,
          "dev_kl": 0.20822555142952953,
          "dev_objective": 2.1265294551849365
        },
        {
          "epoch": 254,
          "train_objective": 1.814447045326233,
          "dev_nll": 2.1262731552124023,
          "dev_kl": 0.20877751290018476,
          "dev_objective": 2.1262731552124023
        },
        {
          "epoch": 255,
          "train_objective": 1.813923716545105,
          "dev_nll": 2.1260182857513428,
          "dev_kl": 0.20932930230718944,
          "dev_objective": 2.1260182857513428
        },
        {
          "epoch": 256,
          "train_objective": 1.8134033679962158,
          "dev_nll": 2.1257643699645996,
          "dev_kl": 0.20988088846206665,
          "dev_objective": 2.1257643699645996
        },
        {
          "epoch": 257,
          "train_objective": 1.8128855228424072,
          "dev_nll": 2.125511407852173,
          "dev_kl": 0.210432219181874,
          "dev_objective": 2.125511407852173
        },
        {
          "epoch": 258,
          "train_objective": 1.8123705387115479,
          "dev_nll": 2.1252601146698,
          "dev_kl": 0.21098316069547982,
          "dev_objective": 2.1252601146698
        },
        {
          "epoch": 259,
          "train_objective": 1.811858057975769,
          "dev_nll": 2.1250100135803223,
          "dev_kl": 0.21153376686798278,
          "dev_objective": 2.1250100135803223
        },
        {
          "epoch": 260,
          "train_objective": 1.8113479614257812,
          "dev_nll": 2.124760627746582,
          "dev_kl": 0.212083950039548,
          "dev_objective": 2.124760627746582
        },
        {
          "epoch": 261,
          "train_objective": 1.8108408451080322,
          "dev_nll": 2.124512195587158,
          "dev_kl": 0.21263383805405262,
          "dev_objective": 2.124512195587158
        },
        {
          "epoch": 262,
          "train_objective": 1.8103362321853638,
          "dev_nll": 2.124264717102051,
          "dev_kl": 0.21318330211463823,
          "dev_objective": 2.124264717102051
        },
        {
          "epoch": 263,
          "train_objective": 1.8098340034484863,
          "dev_nll": 2.1240181922912598,
          "dev_kl": 0.21373230642675198,
          "dev_objective": 2.1240181922912598
        },
        {
          "epoch": 264,
          "train_objective": 1.8093342781066895,
          "dev_nll": 2.123772621154785,
          "dev_kl": 0.2142808282271374,
          "dev_objective": 2.123772621154785
        },
        {
          "epoch": 265,
          "train_objective": 1.8088374137878418,
          "dev_nll": 2.123528003692627,
          "dev_kl": 0.214828798792852,
          "dev_objective": 2.123528003692627
        },
        {
          "epoch": 266,
          "train_objective": 1.8083425760269165,
          "dev_nll": 2.123284101486206,
          "dev_kl": 0.21537630510509245,
          "dev_objective": 2.123284101486206
        },
        {
          "epoch": 267,
          "train_objective": 1.8078503608703613,
          "dev_nll": 2.1230406761169434,
          "dev_kl": 0.21592332336820605,
          "dev_objective": 2.1230406761169434
        },
        {
          "epoch": 268,
          "train_objective": 1.8073608875274658,
          "dev_nll": 2.122797966003418,
          "dev_kl": 0.21646979215822015,
          "dev_objective": 2.122797966003418
        },
        {
          "epoch": 269,
          "train_objective": 1.8068736791610718,
          "dev_nll": 2.122556209564209,
          "dev_kl": 0.2170156493364263,
          "dev_objective": 2.122556209564209
        },
        {
          "epoch": 270,
          "train_objective": 1.8063888549804688,
          "dev_nll": 2.122314929962158,
          "dev_kl": 0.21756086885467057,
          "dev_objective": 2.122314929962158
        },
        {
          "epoch": 271,
          "train_objective": 1.8059065341949463,
          "dev_nll": 2.1220741271972656,
          "dev_kl": 0.218105479807759,
          "dev_objective": 2.1220741271972656
        },
        {
          "epoch": 272,
          "train_objective": 1.8054262399673462,
          "dev_nll": 2.1218340396881104,
          "dev_kl": 0.2186494313628059,
          "dev_objective": 2.1218340396881104
        },
        {
          "epoch": 273,
          "train_objective": 1.8049485683441162,
          "dev_nll": 2.1215944290161133,
          "dev_kl": 0.2191926997024999,
          "dev_objective": 2.1215944290161133
        },
        {
          "epoch": 274,
          "train_objective": 1.8044732809066772,
          "dev_nll": 2.121354818344116,
          "dev_kl": 0.21973523815241894,
          "dev_objective": 2.121354818344116
        },
        {
          "epoch": 275,
          "train_objective": 1.8040002584457397,
          "dev_nll": 2.1211156845092773,
          "dev_kl": 0.22027697140538646,
          "dev_objective": 2.1211156845092773
        },
        {
          "epoch": 276,
          "train_objective": 1.8035292625427246,
          "dev_nll": 2.1208770275115967,
          "dev_kl": 0.220817974638627,
          "dev_objective": 2.1208770275115967
        },
        {
          "epoch": 277,
          "train_objective": 1.80306077003479,
          "dev_nll": 2.120638608932495,
          "dev_kl": 0.2213580872170454,
          "dev_objective": 2.120638608932495
        },
        {
          "epoch": 278,
          "train_objective": 1.8025944232940674,
          "dev_nll": 2.1204006671905518,
          "dev_kl": 0.22189738824530397,
          "dev_objective": 2.1204006671905518
        },
        {
          "epoch": 279,
          "train_objective": 1.8021302223205566,
          "dev_nll": 2.1201624870300293,
          "dev_kl": 0.22243577677958695,
          "dev_objective": 2.1201624870300293
        },
        {
          "epoch": 280,
          "train_objective": 1.801668405532837,
          "dev_nll": 2.1199238300323486,
          "dev_kl": 0.22297324748464334,
          "dev_objective": 2.1199238300323486
        },
        {
          "epoch": 281,
          "train_objective": 1.8012083768844604,
          "dev_nll": 2.119685649871826,
          "dev_kl": 0.22350971564621658,
          "dev_objective": 2.119685649871826
        },
        {
          "epoch": 282,
          "train_objective": 1.8007506132125854,
          "dev_nll": 2.1194472312927246,
          "dev_kl": 0.2240451301498584,
          "dev_objective": 2.1194472312927246
        },
        {
          "epoch": 283,
          "train_objective": 1.8002949953079224,
          "dev_nll": 2.119208335876465,
          "dev_kl": 0.22457957155136174,
          "dev_objective": 2.119208335876465
        },
        {
          "epoch": 284,
          "train_objective": 1.7998415231704712,
          "dev_nll": 2.118969678878784,
          "dev_kl": 0.2251128746095554,
          "dev_objective": 2.118969678878784
        },
        {
          "epoch": 285,
          "train_objective": 1.7993898391723633,
          "dev_nll": 2.118729591369629,
          "dev_kl": 0.22564510700776597,
          "dev_objective": 2.118729591369629
        },
        {
          "epoch": 286,
          "train_objective": 1.7989401817321777,
          "dev_nll": 2.1184895038604736,
          "dev_kl": 0.2261761031294054,
          "dev_objective": 2.1184895038604736
        },
        {
          "epoch": 287,
          "train_objective": 1.7984925508499146,
          "dev_nll": 2.118248701095581,
          "dev_kl": 0.22670591127329556,
          "dev_objective": 2.118248701095581
        },
        {
          "epoch": 288,
          "train_objective": 1.7980464696884155,
          "dev_nll": 2.118006944656372,
          "dev_kl": 0.22723443828552037,
          "dev_objective": 2.118006944656372
        },
        {
          "epoch": 289,
          "train_objective": 1.7976027727127075,
          "dev_nll": 2.117764711380005,
          "dev_kl": 0.22776170365887788,
          "dev_objective": 2.117764711380005
        },
        {
          "epoch": 290,
          "train_objective": 1.7971605062484741,
          "dev_nll": 2.117520809173584,
          "dev_kl": 0.22828764774540597,
          "dev_objective": 2.117520809173584
        },
        {
          "epoch": 291,
          "train_objective": 1.796720027923584,
          "dev_nll": 2.1172759532928467,
          "dev_kl": 0.22881224035292633,
          "dev_objective": 2.1172759532928467
        },
        {
          "epoch": 292,
          "train_objective": 1.7962816953659058,
          "dev_nll": 2.1170294284820557,
          "dev_kl": 0.2293354214508404,
          "dev_objective": 2.1170294284820557
        },
        {
          "epoch": 293,
          "train_objective": 1.7958446741104126,
          "dev_nll": 2.11678147315979,
          "dev_kl": 0.2298571119200467,
          "dev_objective": 2.11678147315979
        },
        {
          "epoch": 294,
          "train_objective": 1.7954092025756836,
          "dev_nll": 2.1165316104888916,
          "dev_kl": 0.23037738635298588,
          "dev_objective": 2.1165316104888916
        },
        {
          "epoch": 295,
          "train_objective": 1.794975757598877,
          "dev_nll": 2.1162798404693604,
          "dev_kl": 0.23089614382750073,
          "dev_objective": 2.1162798404693604
        },
        {
          "epoch": 296,
          "train_objective": 1.794543743133545,
          "dev_nll": 2.116025686264038,
          "dev_kl": 0.2314134168315881,
          "dev_objective": 2.116025686264038
        },
        {
          "epoch": 297,
          "train_objective": 1.7941126823425293,
          "dev_nll": 2.1157689094543457,
          "dev_kl": 0.23192911617486744,
          "dev_objective": 2.1157689094543457
        },
        {
          "epoch": 298,
          "train_objective": 1.7936838865280151,
          "dev_nll": 2.1155097484588623,
          "dev_kl": 0.23244333417378654,
          "dev_objective": 2.1155097484588623
        },
        {
          "epoch": 299,
          "train_objective": 1.7932559251785278,
          "dev_nll": 2.1152472496032715,
          "dev_kl": 0.2329559947919938,
          "dev_objective": 2.1152472496032715
        }
      ]
    },
    "constrained_logic_repair_head": {
      "kl_lambda": 3.0,
      "best_dev_nll": 2.2193284034729004,
      "best_dev_kl": 0.019850096604859008,
      "best_dev_objective": 2.2788786932874774,
      "epochs_run": 205,
      "history": [
        {
          "epoch": 0,
          "train_objective": 2.4010727405548096,
          "dev_nll": 2.347438335418701,
          "dev_kl": 0.007686904008981281,
          "dev_objective": 2.370499047445645
        },
        {
          "epoch": 1,
          "train_objective": 2.305792808532715,
          "dev_nll": 2.3288567066192627,
          "dev_kl": 0.027215520123041473,
          "dev_objective": 2.4105032669883872
        },
        {
          "epoch": 2,
          "train_objective": 2.3426337242126465,
          "dev_nll": 2.325164556503296,
          "dev_kl": 0.02153694831794164,
          "dev_objective": 2.3897754014571206
        },
        {
          "epoch": 3,
          "train_objective": 2.318873643875122,
          "dev_nll": 2.330219030380249,
          "dev_kl": 0.007983134263745589,
          "dev_objective": 2.354168433171486
        },
        {
          "epoch": 4,
          "train_objective": 2.2786178588867188,
          "dev_nll": 2.345639944076538,
          "dev_kl": 0.0011189034805509494,
          "dev_objective": 2.348996654518191
        },
        {
          "epoch": 5,
          "train_objective": 2.2694406509399414,
          "dev_nll": 2.3597970008850098,
          "dev_kl": 0.0021633993250037213,
          "dev_objective": 2.366287198860021
        },
        {
          "epoch": 6,
          "train_objective": 2.2817001342773438,
          "dev_nll": 2.359236478805542,
          "dev_kl": 0.0032170937990394326,
          "dev_objective": 2.3688877602026603
        },
        {
          "epoch": 7,
          "train_objective": 2.2798945903778076,
          "dev_nll": 2.345283031463623,
          "dev_kl": 0.002601340132771789,
          "dev_objective": 2.3530870518619382
        },
        {
          "epoch": 8,
          "train_objective": 2.262394905090332,
          "dev_nll": 2.327040672302246,
          "dev_kl": 0.003726644116379826,
          "dev_objective": 2.3382206046513856
        },
        {
          "epoch": 9,
          "train_objective": 2.248703718185425,
          "dev_nll": 2.312314987182617,
          "dev_kl": 0.007885451845295885,
          "dev_objective": 2.335971342718505
        },
        {
          "epoch": 10,
          "train_objective": 2.248704433441162,
          "dev_nll": 2.3036141395568848,
          "dev_kl": 0.012148127921467987,
          "dev_objective": 2.340058523321289
        },
        {
          "epoch": 11,
          "train_objective": 2.2541162967681885,
          "dev_nll": 2.3000073432922363,
          "dev_kl": 0.013617383831680586,
          "dev_objective": 2.3408594947872783
        },
        {
          "epoch": 12,
          "train_objective": 2.253971815109253,
          "dev_nll": 2.300511121749878,
          "dev_kl": 0.01211994848585897,
          "dev_objective": 2.336870967207455
        },
        {
          "epoch": 13,
          "train_objective": 2.2466320991516113,
          "dev_nll": 2.3047540187835693,
          "dev_kl": 0.009443947648748669,
          "dev_objective": 2.333085861729815
        },
        {
          "epoch": 14,
          "train_objective": 2.2379653453826904,
          "dev_nll": 2.3116724491119385,
          "dev_kl": 0.007582442536715476,
          "dev_objective": 2.334419776722085
        },
        {
          "epoch": 15,
          "train_objective": 2.234037160873413,
          "dev_nll": 2.318402051925659,
          "dev_kl": 0.007228790705233032,
          "dev_objective": 2.340088424041358
        },
        {
          "epoch": 16,
          "train_objective": 2.235220432281494,
          "dev_nll": 2.3212625980377197,
          "dev_kl": 0.00756156531048852,
          "dev_objective": 2.3439472939691854
        },
        {
          "epoch": 17,
          "train_objective": 2.236337184906006,
          "dev_nll": 2.3184733390808105,
          "dev_kl": 0.007753495721222269,
          "dev_objective": 2.3417338262444773
        },
        {
          "epoch": 18,
          "train_objective": 2.2332985401153564,
          "dev_nll": 2.311326026916504,
          "dev_kl": 0.00808080623843238,
          "dev_objective": 2.335568445631801
        },
        {
          "epoch": 19,
          "train_objective": 2.227565288543701,
          "dev_nll": 2.3027987480163574,
          "dev_kl": 0.009235736645050636,
          "dev_objective": 2.3305059579515093
        },
        {
          "epoch": 20,
          "train_objective": 2.223327398300171,
          "dev_nll": 2.2955281734466553,
          "dev_kl": 0.011153186180957326,
          "dev_objective": 2.3289877319895274
        },
        {
          "epoch": 21,
          "train_objective": 2.22244930267334,
          "dev_nll": 2.2907915115356445,
          "dev_kl": 0.012886962944067755,
          "dev_objective": 2.3294524003678476
        },
        {
          "epoch": 22,
          "train_objective": 2.2230212688446045,
          "dev_nll": 2.28875470161438,
          "dev_kl": 0.01347524585254678,
          "dev_objective": 2.32918043917202
        },
        {
          "epoch": 23,
          "train_objective": 2.2221152782440186,
          "dev_nll": 2.2891483306884766,
          "dev_kl": 0.012703950905833076,
          "dev_objective": 2.3272601834059756
        },
        {
          "epoch": 24,
          "train_objective": 2.2189278602600098,
          "dev_nll": 2.291522979736328,
          "dev_kl": 0.011143621740873556,
          "dev_objective": 2.324953844958949
        },
        {
          "epoch": 25,
          "train_objective": 2.215139627456665,
          "dev_nll": 2.2950100898742676,
          "dev_kl": 0.009627477403291566,
          "dev_objective": 2.3238925220841424
        },
        {
          "epoch": 26,
          "train_objective": 2.21280574798584,
          "dev_nll": 2.2981410026550293,
          "dev_kl": 0.008658354844069542,
          "dev_objective": 2.324116067187238
        },
        {
          "epoch": 27,
          "train_objective": 2.212153434753418,
          "dev_nll": 2.299309253692627,
          "dev_kl": 0.008236038915848164,
          "dev_objective": 2.3240173704401714
        },
        {
          "epoch": 28,
          "train_objective": 2.211548328399658,
          "dev_nll": 2.2976975440979004,
          "dev_kl": 0.008204080624679146,
          "dev_objective": 2.322309785971938
        },
        {
          "epoch": 29,
          "train_objective": 2.2096004486083984,
          "dev_nll": 2.2937798500061035,
          "dev_kl": 0.008577282506207278,
          "dev_objective": 2.3195116975247254
        },
        {
          "epoch": 30,
          "train_objective": 2.206727981567383,
          "dev_nll": 2.28892183303833,
          "dev_kl": 0.00940687303447576,
          "dev_objective": 2.3171424521417574
        },
        {
          "epoch": 31,
          "train_objective": 2.204380989074707,
          "dev_nll": 2.2845420837402344,
          "dev_kl": 0.010468704041180223,
          "dev_objective": 2.315948195863775
        },
        {
          "epoch": 32,
          "train_objective": 2.203230381011963,
          "dev_nll": 2.281545400619507,
          "dev_kl": 0.01127315209294099,
          "dev_objective": 2.31536485689833
        },
        {
          "epoch": 33,
          "train_objective": 2.202575445175171,
          "dev_nll": 2.280259132385254,
          "dev_kl": 0.011411443926202667,
          "dev_objective": 2.3144934641638617
        },
        {
          "epoch": 34,
          "train_objective": 2.2013823986053467,
          "dev_nll": 2.2806084156036377,
          "dev_kl": 0.01085562840268348,
          "dev_objective": 2.313175300811688
        },
        {
          "epoch": 35,
          "train_objective": 2.1994681358337402,
          "dev_nll": 2.28218936920166,
          "dev_kl": 0.009945115098430117,
          "dev_objective": 2.3120247144969506
        },
        {
          "epoch": 36,
          "train_objective": 2.197543144226074,
          "dev_nll": 2.284230947494507,
          "dev_kl": 0.009115878135902634,
          "dev_objective": 2.3115785819022148
        },
        {
          "epoch": 37,
          "train_objective": 2.1962661743164062,
          "dev_nll": 2.285698413848877,
          "dev_kl": 0.008628337851602786,
          "dev_objective": 2.3115834274036855
        },
        {
          "epoch": 38,
          "train_objective": 2.1954691410064697,
          "dev_nll": 2.285710096359253,
          "dev_kl": 0.008522081164491558,
          "dev_objective": 2.3112763398527276
        },
        {
          "epoch": 39,
          "train_objective": 2.1944420337677,
          "dev_nll": 2.2840309143066406,
          "dev_kl": 0.00876119822063375,
          "dev_objective": 2.310314508968542
        },
        {
          "epoch": 40,
          "train_objective": 2.192862033843994,
          "dev_nll": 2.28118896484375,
          "dev_kl": 0.009311829941110801,
          "dev_objective": 2.3091244546670824
        },
        {
          "epoch": 41,
          "train_objective": 2.1911368370056152,
          "dev_nll": 2.2781198024749756,
          "dev_kl": 0.010054795478485062,
          "dev_objective": 2.308284188910431
        },
        {
          "epoch": 42,
          "train_objective": 2.1897873878479004,
          "dev_nll": 2.2756764888763428,
          "dev_kl": 0.01072712754830718,
          "dev_objective": 2.3078578715212643
        },
        {
          "epoch": 43,
          "train_objective": 2.1887905597686768,
          "dev_nll": 2.274348258972168,
          "dev_kl": 0.011047806396318758,
          "dev_objective": 2.3074916781611243
        },
        {
          "epoch": 44,
          "train_objective": 2.18770694732666,
          "dev_nll": 2.274226665496826,
          "dev_kl": 0.010918257768850687,
          "dev_objective": 2.306981438803378
        },
        {
          "epoch": 45,
          "train_objective": 2.1863038539886475,
          "dev_nll": 2.275048017501831,
          "dev_kl": 0.010488704078859656,
          "dev_objective": 2.30651412973841
        },
        {
          "epoch": 46,
          "train_objective": 2.184821844100952,
          "dev_nll": 2.276235342025757,
          "dev_kl": 0.010032766854188354,
          "dev_objective": 2.306333642588322
        },
        {
          "epoch": 47,
          "train_objective": 2.183605194091797,
          "dev_nll": 2.2770349979400635,
          "dev_kl": 0.009763673065652595,
          "dev_objective": 2.3063260171370215
        },
        {
          "epoch": 48,
          "train_objective": 2.1826391220092773,
          "dev_nll": 2.276829242706299,
          "dev_kl": 0.009760290594110915,
          "dev_objective": 2.306110114488632
        },
        {
          "epoch": 49,
          "train_objective": 2.181612014770508,
          "dev_nll": 2.275468587875366,
          "dev_kl": 0.010014708179171926,
          "dev_objective": 2.305512712412882
        },
        {
          "epoch": 50,
          "train_objective": 2.180377960205078,
          "dev_nll": 2.273341655731201,
          "dev_kl": 0.010469230258063044,
          "dev_objective": 2.3047493465053903
        },
        {
          "epoch": 51,
          "train_objective": 2.1791298389434814,
          "dev_nll": 2.2711236476898193,
          "dev_kl": 0.010991139240858918,
          "dev_objective": 2.304097065412396
        },
        {
          "epoch": 52,
          "train_objective": 2.1780734062194824,
          "dev_nll": 2.2694265842437744,
          "dev_kl": 0.011385384122227398,
          "dev_objective": 2.3035827366104566
        },
        {
          "epoch": 53,
          "train_objective": 2.1771352291107178,
          "dev_nll": 2.2685799598693848,
          "dev_kl": 0.011501848437758378,
          "dev_objective": 2.30308550518266
        },
        {
          "epoch": 54,
          "train_objective": 2.17611026763916,
          "dev_nll": 2.2685720920562744,
          "dev_kl": 0.011341865341424538,
          "dev_objective": 2.302597688080548
        },
        {
          "epoch": 55,
          "train_objective": 2.174968957901001,
          "dev_nll": 2.2690789699554443,
          "dev_kl": 0.011049325661390818,
          "dev_objective": 2.3022269469396166
        },
        {
          "epoch": 56,
          "train_objective": 2.1738739013671875,
          "dev_nll": 2.269569158554077,
          "dev_kl": 0.010800411193965494,
          "dev_objective": 2.3019703921359738
        },
        {
          "epoch": 57,
          "train_objective": 2.1729180812835693,
          "dev_nll": 2.2695164680480957,
          "dev_kl": 0.010705694499833496,
          "dev_objective": 2.3016335515475963
        },
        {
          "epoch": 58,
          "train_objective": 2.172001600265503,
          "dev_nll": 2.268669605255127,
          "dev_kl": 0.01079396723229041,
          "dev_objective": 2.3010515069519983
        },
        {
          "epoch": 59,
          "train_objective": 2.1710073947906494,
          "dev_nll": 2.2671849727630615,
          "dev_kl": 0.011034534617359641,
          "dev_objective": 2.3002885766151406
        },
        {
          "epoch": 60,
          "train_objective": 2.169980525970459,
          "dev_nll": 2.2655138969421387,
          "dev_kl": 0.011341240052169896,
          "dev_objective": 2.2995376170986486
        },
        {
          "epoch": 61,
          "train_objective": 2.169034481048584,
          "dev_nll": 2.264146566390991,
          "dev_kl": 0.011586278768584797,
          "dev_objective": 2.2989054026967457
        },
        {
          "epoch": 62,
          "train_objective": 2.168168067932129,
          "dev_nll": 2.263387441635132,
          "dev_kl": 0.011663918982191343,
          "dev_objective": 2.298379198581706
        },
        {
          "epoch": 63,
          "train_objective": 2.167285442352295,
          "dev_nll": 2.2632598876953125,
          "dev_kl": 0.011562066869007048,
          "dev_objective": 2.2979460883023335
        },
        {
          "epoch": 64,
          "train_objective": 2.166358232498169,
          "dev_nll": 2.2635183334350586,
          "dev_kl": 0.01136730443401977,
          "dev_objective": 2.297620246737118
        },
        {
          "epoch": 65,
          "train_objective": 2.165456771850586,
          "dev_nll": 2.2637529373168945,
          "dev_kl": 0.011199528244486468,
          "dev_objective": 2.297351522050354
        },
        {
          "epoch": 66,
          "train_objective": 2.164626359939575,
          "dev_nll": 2.2635788917541504,
          "dev_kl": 0.011143404546883246,
          "dev_objective": 2.2970091053948
        },
        {
          "epoch": 67,
          "train_objective": 2.163818359375,
          "dev_nll": 2.26283597946167,
          "dev_kl": 0.01122449745641581,
          "dev_objective": 2.2965094718309174
        },
        {
          "epoch": 68,
          "train_objective": 2.1629831790924072,
          "dev_nll": 2.261669158935547,
          "dev_kl": 0.011413750806805324,
          "dev_objective": 2.2959104113559627
        },
        {
          "epoch": 69,
          "train_objective": 2.1621508598327637,
          "dev_nll": 2.2604241371154785,
          "dev_kl": 0.011635956638032397,
          "dev_objective": 2.2953320070295757
        },
        {
          "epoch": 70,
          "train_objective": 2.161369562149048,
          "dev_nll": 2.2594470977783203,
          "dev_kl": 0.011797274076181297,
          "dev_objective": 2.2948389200068644
        },
        {
          "epoch": 71,
          "train_objective": 2.160623550415039,
          "dev_nll": 2.2589168548583984,
          "dev_kl": 0.011839319307487025,
          "dev_objective": 2.2944348127808594
        },
        {
          "epoch": 72,
          "train_objective": 2.1598682403564453,
          "dev_nll": 2.258779764175415,
          "dev_kl": 0.011778183041597074,
          "dev_objective": 2.294114313300206
        },
        {
          "epoch": 73,
          "train_objective": 2.159109115600586,
          "dev_nll": 2.2587881088256836,
          "dev_kl": 0.01168896893423787,
          "dev_objective": 2.293855015628397
        },
        {
          "epoch": 74,
          "train_objective": 2.1583824157714844,
          "dev_nll": 2.2586231231689453,
          "dev_kl": 0.011652511755923214,
          "dev_objective": 2.293580658436715
        },
        {
          "epoch": 75,
          "train_objective": 2.157689094543457,
          "dev_nll": 2.258068799972534,
          "dev_kl": 0.011712967874996667,
          "dev_objective": 2.293207703597524
        },
        {
          "epoch": 76,
          "train_objective": 2.156996488571167,
          "dev_nll": 2.2571308612823486,
          "dev_kl": 0.011865938862500525,
          "dev_objective": 2.2927286778698504
        },
        {
          "epoch": 77,
          "train_objective": 2.1563005447387695,
          "dev_nll": 2.2560243606567383,
          "dev_kl": 0.01206447103294515,
          "dev_objective": 2.292217773755574
        },
        {
          "epoch": 78,
          "train_objective": 2.155627727508545,
          "dev_nll": 2.255032777786255,
          "dev_kl": 0.012239456482009616,
          "dev_objective": 2.291751147232284
        },
        {
          "epoch": 79,
          "train_objective": 2.1549835205078125,
          "dev_nll": 2.2543513774871826,
          "dev_kl": 0.012337608860314701,
          "dev_objective": 2.2913642040681266
        },
        {
          "epoch": 80,
          "train_objective": 2.1543467044830322,
          "dev_nll": 2.2539937496185303,
          "dev_kl": 0.01235586765958646,
          "dev_objective": 2.2910613525972896
        },
        {
          "epoch": 81,
          "train_objective": 2.1537115573883057,
          "dev_nll": 2.253796100616455,
          "dev_kl": 0.012340296490989668,
          "dev_objective": 2.290816990089424
        },
        {
          "epoch": 82,
          "train_objective": 2.1530954837799072,
          "dev_nll": 2.25351619720459,
          "dev_kl": 0.012350910810470336,
          "dev_objective": 2.290568929636001
        },
        {
          "epoch": 83,
          "train_objective": 2.152503490447998,
          "dev_nll": 2.252972364425659,
          "dev_kl": 0.012425412743825234,
          "dev_objective": 2.290248602657135
        },
        {
          "epoch": 84,
          "train_objective": 2.1519196033477783,
          "dev_nll": 2.2521533966064453,
          "dev_kl": 0.01256392576552155,
          "dev_objective": 2.28984517390301
        },
        {
          "epoch": 85,
          "train_objective": 2.151339054107666,
          "dev_nll": 2.251216411590576,
          "dev_kl": 0.012732374004012536,
          "dev_objective": 2.289413533602614
        },
        {
          "epoch": 86,
          "train_objective": 2.1507744789123535,
          "dev_nll": 2.250378370285034,
          "dev_kl": 0.01288054463459908,
          "dev_objective": 2.2890200041888313
        },
        {
          "epoch": 87,
          "train_objective": 2.150228500366211,
          "dev_nll": 2.249781608581543,
          "dev_kl": 0.012972119447952065,
          "dev_objective": 2.2886979669253993
        },
        {
          "epoch": 88,
          "train_objective": 2.1496899127960205,
          "dev_nll": 2.2494208812713623,
          "dev_kl": 0.013008715967284949,
          "dev_objective": 2.2884470291732173
        },
        {
          "epoch": 89,
          "train_objective": 2.1491570472717285,
          "dev_nll": 2.2491540908813477,
          "dev_kl": 0.013026418323428261,
          "dev_objective": 2.2882333458516326
        },
        {
          "epoch": 90,
          "train_objective": 2.14863920211792,
          "dev_nll": 2.248791456222534,
          "dev_kl": 0.013068598052558974,
          "dev_objective": 2.287997250380211
        },
        {
          "epoch": 91,
          "train_objective": 2.1481363773345947,
          "dev_nll": 2.2482190132141113,
          "dev_kl": 0.013159096647999718,
          "dev_objective": 2.2876963031581106
        },
        {
          "epoch": 92,
          "train_objective": 2.1476399898529053,
          "dev_nll": 2.247464179992676,
          "dev_kl": 0.013291502815658631,
          "dev_objective": 2.2873386884396516
        },
        {
          "epoch": 93,
          "train_objective": 2.147151231765747,
          "dev_nll": 2.2466702461242676,
          "dev_kl": 0.013434711275189075,
          "dev_objective": 2.286974379949835
        },
        {
          "epoch": 94,
          "train_objective": 2.146676540374756,
          "dev_nll": 2.2459938526153564,
          "dev_kl": 0.013552352622270497,
          "dev_objective": 2.2866509104821677
        },
        {
          "epoch": 95,
          "train_objective": 2.1462128162384033,
          "dev_nll": 2.2455060482025146,
          "dev_kl": 0.013627165216003191,
          "dev_objective": 2.286387543850524
        },
        {
          "epoch": 96,
          "train_objective": 2.1457560062408447,
          "dev_nll": 2.2451531887054443,
          "dev_kl": 0.013672485624082647,
          "dev_objective": 2.2861706455776925
        },
        {
          "epoch": 97,
          "train_objective": 2.1453075408935547,
          "dev_nll": 2.2447993755340576,
          "dev_kl": 0.013720489692081906,
          "dev_objective": 2.2859608446103032
        },
        {
          "epoch": 98,
          "train_objective": 2.144871711730957,
          "dev_nll": 2.2443196773529053,
          "dev_kl": 0.01379866357224943,
          "dev_objective": 2.2857156680696535
        },
        {
          "epoch": 99,
          "train_objective": 2.144444465637207,
          "dev_nll": 2.243683099746704,
          "dev_kl": 0.013913171629370877,
          "dev_objective": 2.285422614634817
        },
        {
          "epoch": 100,
          "train_objective": 2.144023895263672,
          "dev_nll": 2.242969512939453,
          "dev_kl": 0.014046893807492659,
          "dev_objective": 2.285110194361931
        },
        {
          "epoch": 101,
          "train_objective": 2.1436126232147217,
          "dev_nll": 2.2423062324523926,
          "dev_kl": 0.014171614446099703,
          "dev_objective": 2.2848210757906915
        },
        {
          "epoch": 102,
          "train_objective": 2.143211841583252,
          "dev_nll": 2.2417781352996826,
          "dev_kl": 0.014267470461565481,
          "dev_objective": 2.284580546684379
        },
        {
          "epoch": 103,
          "train_objective": 2.1428184509277344,
          "dev_nll": 2.2413759231567383,
          "dev_kl": 0.014337044114936432,
          "dev_objective": 2.2843870555015475
        },
        {
          "epoch": 104,
          "train_objective": 2.14243221282959,
          "dev_nll": 2.241007089614868,
          "dev_kl": 0.01440162133053667,
          "dev_objective": 2.284211953606478
        },
        {
          "epoch": 105,
          "train_objective": 2.142055034637451,
          "dev_nll": 2.2405662536621094,
          "dev_kl": 0.01448427307529577,
          "dev_objective": 2.2840190728879968
        },
        {
          "epoch": 106,
          "train_objective": 2.14168643951416,
          "dev_nll": 2.240010976791382,
          "dev_kl": 0.014593738364958198,
          "dev_objective": 2.2837921918862563
        },
        {
          "epoch": 107,
          "train_objective": 2.141324281692505,
          "dev_nll": 2.239387273788452,
          "dev_kl": 0.01471995476898629,
          "dev_objective": 2.283547138095411
        },
        {
          "epoch": 108,
          "train_objective": 2.140970230102539,
          "dev_nll": 2.23879075050354,
          "dev_kl": 0.014841838526835507,
          "dev_objective": 2.2833162660840465
        },
        {
          "epoch": 109,
          "train_objective": 2.1406240463256836,
          "dev_nll": 2.2382938861846924,
          "dev_kl": 0.014942979541166808,
          "dev_objective": 2.283122824808193
        },
        {
          "epoch": 110,
          "train_objective": 2.1402854919433594,
          "dev_nll": 2.2378957271575928,
          "dev_kl": 0.015023479133920182,
          "dev_objective": 2.2829661645593533
        },
        {
          "epoch": 111,
          "train_objective": 2.139953374862671,
          "dev_nll": 2.23752760887146,
          "dev_kl": 0.015098680275521248,
          "dev_objective": 2.282823649698024
        },
        {
          "epoch": 112,
          "train_objective": 2.1396288871765137,
          "dev_nll": 2.237107515335083,
          "dev_kl": 0.015186293259562651,
          "dev_objective": 2.282666395113771
        },
        {
          "epoch": 113,
          "train_objective": 2.1393120288848877,
          "dev_nll": 2.2366034984588623,
          "dev_kl": 0.01529313287022704,
          "dev_objective": 2.2824828970695434
        },
        {
          "epoch": 114,
          "train_objective": 2.1390013694763184,
          "dev_nll": 2.236051082611084,
          "dev_kl": 0.015411231164593076,
          "dev_objective": 2.2822847761048632
        },
        {
          "epoch": 115,
          "train_objective": 2.138697624206543,
          "dev_nll": 2.2355246543884277,
          "dev_kl": 0.015524531547666,
          "dev_objective": 2.2820982490314257
        },
        {
          "epoch": 116,
          "train_objective": 2.1384010314941406,
          "dev_nll": 2.2350761890411377,
          "dev_kl": 0.015621523762684922,
          "dev_objective": 2.2819407603291926
        },
        {
          "epoch": 117,
          "train_objective": 2.138110876083374,
          "dev_nll": 2.2346975803375244,
          "dev_kl": 0.015703969327787067,
          "dev_objective": 2.2818094883208855
        },
        {
          "epoch": 118,
          "train_objective": 2.137826681137085,
          "dev_nll": 2.2343320846557617,
          "dev_kl": 0.015784526436928976,
          "dev_objective": 2.281685663966549
        },
        {
          "epoch": 119,
          "train_objective": 2.13754940032959,
          "dev_nll": 2.2339210510253906,
          "dev_kl": 0.01587588168534472,
          "dev_objective": 2.281548696081425
        },
        {
          "epoch": 120,
          "train_objective": 2.1372785568237305,
          "dev_nll": 2.233449935913086,
          "dev_kl": 0.015981140098437062,
          "dev_objective": 2.281393356208397
        },
        {
          "epoch": 121,
          "train_objective": 2.1370134353637695,
          "dev_nll": 2.232957124710083,
          "dev_kl": 0.016092103730901614,
          "dev_objective": 2.281233435902788
        },
        {
          "epoch": 122,
          "train_objective": 2.1367545127868652,
          "dev_nll": 2.232499122619629,
          "dev_kl": 0.016196543078277576,
          "dev_objective": 2.281088751854462
        },
        {
          "epoch": 123,
          "train_objective": 2.1365020275115967,
          "dev_nll": 2.2321043014526367,
          "dev_kl": 0.016288247344340378,
          "dev_objective": 2.280969043485658
        },
        {
          "epoch": 124,
          "train_objective": 2.1362552642822266,
          "dev_nll": 2.231752872467041,
          "dev_kl": 0.016371669615943763,
          "dev_objective": 2.2808678813148724
        },
        {
          "epoch": 125,
          "train_objective": 2.136013984680176,
          "dev_nll": 2.231395721435547,
          "dev_kl": 0.01645748295718371,
          "dev_objective": 2.280768170307098
        },
        {
          "epoch": 126,
          "train_objective": 2.1357786655426025,
          "dev_nll": 2.230996608734131,
          "dev_kl": 0.016553397050358413,
          "dev_objective": 2.280656799885206
        },
        {
          "epoch": 127,
          "train_objective": 2.1355490684509277,
          "dev_nll": 2.2305610179901123,
          "dev_kl": 0.016658214725420426,
          "dev_objective": 2.2805356621663737
        },
        {
          "epoch": 128,
          "train_objective": 2.135324716567993,
          "dev_nll": 2.230128526687622,
          "dev_kl": 0.01676345526650476,
          "dev_objective": 2.2804188924871363
        },
        {
          "epoch": 129,
          "train_objective": 2.135106086730957,
          "dev_nll": 2.229736804962158,
          "dev_kl": 0.01686085350071477,
          "dev_objective": 2.2803193654643024
        },
        {
          "epoch": 130,
          "train_objective": 2.134892702102661,
          "dev_nll": 2.2293903827667236,
          "dev_kl": 0.016949308459924952,
          "dev_objective": 2.2802383081464983
        },
        {
          "epoch": 131,
          "train_objective": 2.1346843242645264,
          "dev_nll": 2.2290596961975098,
          "dev_kl": 0.01703520368490469,
          "dev_objective": 2.280165307252224
        },
        {
          "epoch": 132,
          "train_objective": 2.134481191635132,
          "dev_nll": 2.228708267211914,
          "dev_kl": 0.017126405066106642,
          "dev_objective": 2.280087482410234
        },
        {
          "epoch": 133,
          "train_objective": 2.1342833042144775,
          "dev_nll": 2.2283239364624023,
          "dev_kl": 0.017225447770969782,
          "dev_objective": 2.2800002797753116
        },
        {
          "epoch": 134,
          "train_objective": 2.1340901851654053,
          "dev_nll": 2.2279279232025146,
          "dev_kl": 0.017327728216056243,
          "dev_objective": 2.2799111078506833
        },
        {
          "epoch": 135,
          "train_objective": 2.133901834487915,
          "dev_nll": 2.2275540828704834,
          "dev_kl": 0.01742597269715539,
          "dev_objective": 2.2798320009619495
        },
        {
          "epoch": 136,
          "train_objective": 2.133718252182007,
          "dev_nll": 2.227216958999634,
          "dev_kl": 0.017516654537532247,
          "dev_objective": 2.2797669226122306
        },
        {
          "epoch": 137,
          "train_objective": 2.1335391998291016,
          "dev_nll": 2.226903200149536,
          "dev_kl": 0.017602759837570002,
          "dev_objective": 2.279711479662246
        },
        {
          "epoch": 138,
          "train_objective": 2.1333649158477783,
          "dev_nll": 2.22658371925354,
          "dev_kl": 0.01769059248875047,
          "dev_objective": 2.2796554967197915
        },
        {
          "epoch": 139,
          "train_objective": 2.133194923400879,
          "dev_nll": 2.22624135017395,
          "dev_kl": 0.017783886617204796,
          "dev_objective": 2.2795930100255646
        },
        {
          "epoch": 140,
          "train_objective": 2.1330292224884033,
          "dev_nll": 2.225884199142456,
          "dev_kl": 0.01788072004262719,
          "dev_objective": 2.2795263592703376
        },
        {
          "epoch": 141,
          "train_objective": 2.1328680515289307,
          "dev_nll": 2.225538492202759,
          "dev_kl": 0.017975551021184283,
          "dev_objective": 2.2794651452663115
        },
        {
          "epoch": 142,
          "train_objective": 2.1327104568481445,
          "dev_nll": 2.2252211570739746,
          "dev_kl": 0.018064502931232455,
          "dev_objective": 2.279414665867672
        },
        {
          "epoch": 143,
          "train_objective": 2.1325571537017822,
          "dev_nll": 2.2249271869659424,
          "dev_kl": 0.018148662988096476,
          "dev_objective": 2.279373175930232
        },
        {
          "epoch": 144,
          "train_objective": 2.1324076652526855,
          "dev_nll": 2.224635124206543,
          "dev_kl": 0.018232723037430714,
          "dev_objective": 2.2793332933188353
        },
        {
          "epoch": 145,
          "train_objective": 2.1322624683380127,
          "dev_nll": 2.2243282794952393,
          "dev_kl": 0.018320391816448046,
          "dev_objective": 2.2792894549445832
        },
        {
          "epoch": 146,
          "train_objective": 2.132120370864868,
          "dev_nll": 2.224008798599243,
          "dev_kl": 0.01841108966348043,
          "dev_objective": 2.2792420675896845
        },
        {
          "epoch": 147,
          "train_objective": 2.1319823265075684,
          "dev_nll": 2.2236950397491455,
          "dev_kl": 0.018500788272683356,
          "dev_objective": 2.2791974045671957
        },
        {
          "epoch": 148,
          "train_objective": 2.131847620010376,
          "dev_nll": 2.2234034538269043,
          "dev_kl": 0.018586083484069957,
          "dev_objective": 2.2791617042791144
        },
        {
          "epoch": 149,
          "train_objective": 2.13171648979187,
          "dev_nll": 2.2231311798095703,
          "dev_kl": 0.01866727109633877,
          "dev_objective": 2.2791329930985866
        },
        {
          "epoch": 150,
          "train_objective": 2.1315886974334717,
          "dev_nll": 2.22286319732666,
          "dev_kl": 0.018747858755478217,
          "dev_objective": 2.279106773593095
        },
        {
          "epoch": 151,
          "train_objective": 2.1314642429351807,
          "dev_nll": 2.2225852012634277,
          "dev_kl": 0.018830961565840847,
          "dev_objective": 2.27907808596095
        },
        {
          "epoch": 152,
          "train_objective": 2.131342649459839,
          "dev_nll": 2.2222979068756104,
          "dev_kl": 0.018916398963652725,
          "dev_objective": 2.2790471037665685
        },
        {
          "epoch": 153,
          "train_objective": 2.1312243938446045,
          "dev_nll": 2.222014904022217,
          "dev_kl": 0.0190011232237642,
          "dev_objective": 2.2790182736935094
        },
        {
          "epoch": 154,
          "train_objective": 2.1311087608337402,
          "dev_nll": 2.2217483520507812,
          "dev_kl": 0.0190823838121958,
          "dev_objective": 2.278995503487369
        },
        {
          "epoch": 155,
          "train_objective": 2.1309964656829834,
          "dev_nll": 2.221498489379883,
          "dev_kl": 0.019160324090355358,
          "dev_objective": 2.278979461650949
        },
        {
          "epoch": 156,
          "train_objective": 2.1308867931365967,
          "dev_nll": 2.221251964569092,
          "dev_kl": 0.01923764800714228,
          "dev_objective": 2.2789649085905186
        },
        {
          "epoch": 157,
          "train_objective": 2.13077974319458,
          "dev_nll": 2.220998525619507,
          "dev_kl": 0.019316714809297822,
          "dev_objective": 2.2789486700474004
        },
        {
          "epoch": 158,
          "train_objective": 2.1306753158569336,
          "dev_nll": 2.2207393646240234,
          "dev_kl": 0.019397247443697595,
          "dev_objective": 2.2789311069551164
        },
        {
          "epoch": 159,
          "train_objective": 2.1305735111236572,
          "dev_nll": 2.220484733581543,
          "dev_kl": 0.019476837436163207,
          "dev_objective": 2.278915245890033
        },
        {
          "epoch": 160,
          "train_objective": 2.130474328994751,
          "dev_nll": 2.2202446460723877,
          "dev_kl": 0.019553386102712084,
          "dev_objective": 2.278904804380524
        },
        {
          "epoch": 161,
          "train_objective": 2.1303775310516357,
          "dev_nll": 2.2200164794921875,
          "dev_kl": 0.01962723326237598,
          "dev_objective": 2.2788981792793153
        },
        {
          "epoch": 162,
          "train_objective": 2.1302831172943115,
          "dev_nll": 2.2197916507720947,
          "dev_kl": 0.019700556075698587,
          "dev_objective": 2.2788933189991907
        },
        {
          "epoch": 163,
          "train_objective": 2.130190372467041,
          "dev_nll": 2.2195613384246826,
          "dev_kl": 0.019775029843088324,
          "dev_objective": 2.278886427953948
        },
        {
          "epoch": 164,
          "train_objective": 2.1301004886627197,
          "dev_nll": 2.2193284034729004,
          "dev_kl": 0.019850096604859008,
          "dev_objective": 2.2788786932874774
        },
        {
          "epoch": 165,
          "train_objective": 2.1300125122070312,
          "dev_nll": 2.2191014289855957,
          "dev_kl": 0.019923744258441956,
          "dev_objective": 2.2788726617609214
        },
        {
          "epoch": 166,
          "train_objective": 2.1299264430999756,
          "dev_nll": 2.2188873291015625,
          "dev_kl": 0.019994624570019312,
          "dev_objective": 2.2788712028116205
        },
        {
          "epoch": 167,
          "train_objective": 2.129842519760132,
          "dev_nll": 2.218681573867798,
          "dev_kl": 0.02006339301290207,
          "dev_objective": 2.278871752906504
        },
        {
          "epoch": 168,
          "train_objective": 2.129760265350342,
          "dev_nll": 2.218477249145508,
          "dev_kl": 0.020131839022343587,
          "dev_objective": 2.2788727662125385
        },
        {
          "epoch": 169,
          "train_objective": 2.1296803951263428,
          "dev_nll": 2.2182695865631104,
          "dev_kl": 0.02020095342539193,
          "dev_objective": 2.2788724468392862
        },
        {
          "epoch": 170,
          "train_objective": 2.12960147857666,
          "dev_nll": 2.218061923980713,
          "dev_kl": 0.02026990043674415,
          "dev_objective": 2.2788716252909453
        },
        {
          "epoch": 171,
          "train_objective": 2.1295249462127686,
          "dev_nll": 2.2178616523742676,
          "dev_kl": 0.020337068257391337,
          "dev_objective": 2.2788728571464416
        },
        {
          "epoch": 172,
          "train_objective": 2.1294498443603516,
          "dev_nll": 2.2176713943481445,
          "dev_kl": 0.020401834079800823,
          "dev_objective": 2.2788768965875468
        },
        {
          "epoch": 173,
          "train_objective": 2.129376173019409,
          "dev_nll": 2.217487096786499,
          "dev_kl": 0.02046513266125044,
          "dev_objective": 2.2788824947702504
        },
        {
          "epoch": 174,
          "train_objective": 2.1293044090270996,
          "dev_nll": 2.2173025608062744,
          "dev_kl": 0.020528346965677836,
          "dev_objective": 2.2788876017033077
        },
        {
          "epoch": 175,
          "train_objective": 2.1292338371276855,
          "dev_nll": 2.217116355895996,
          "dev_kl": 0.020591790696728774,
          "dev_objective": 2.2788917279861822
        },
        {
          "epoch": 176,
          "train_objective": 2.129164934158325,
          "dev_nll": 2.216933012008667,
          "dev_kl": 0.020654493349499627,
          "dev_objective": 2.2788964920571657
        },
        {
          "epoch": 177,
          "train_objective": 2.1290974617004395,
          "dev_nll": 2.21675705909729,
          "dev_kl": 0.02071528567918107,
          "dev_objective": 2.2789029161348333
        },
        {
          "epoch": 178,
          "train_objective": 2.129031181335449,
          "dev_nll": 2.2165887355804443,
          "dev_kl": 0.02077422318474729,
          "dev_objective": 2.278911405134686
        },
        {
          "epoch": 179,
          "train_objective": 2.1289663314819336,
          "dev_nll": 2.216423273086548,
          "dev_kl": 0.020832332326261718,
          "dev_objective": 2.278920270065333
        },
        {
          "epoch": 180,
          "train_objective": 2.1289026737213135,
          "dev_nll": 2.216257333755493,
          "dev_kl": 0.02089043474095592,
          "dev_objective": 2.278928637978361
        },
        {
          "epoch": 181,
          "train_objective": 2.128840208053589,
          "dev_nll": 2.2160911560058594,
          "dev_kl": 0.02094832258235822,
          "dev_objective": 2.278936123752934
        },
        {
          "epoch": 182,
          "train_objective": 2.128779172897339,
          "dev_nll": 2.2159297466278076,
          "dev_kl": 0.021005004401636388,
          "dev_objective": 2.278944759832717
        },
        {
          "epoch": 183,
          "train_objective": 2.128718852996826,
          "dev_nll": 2.21577525138855,
          "dev_kl": 0.02105993496943554,
          "dev_objective": 2.2789550562968564
        },
        {
          "epoch": 184,
          "train_objective": 2.128659963607788,
          "dev_nll": 2.215625524520874,
          "dev_kl": 0.02111359004629776,
          "dev_objective": 2.2789662946597673
        },
        {
          "epoch": 185,
          "train_objective": 2.1286022663116455,
          "dev_nll": 2.2154769897460938,
          "dev_kl": 0.021166843432543235,
          "dev_objective": 2.2789775200437234
        },
        {
          "epoch": 186,
          "train_objective": 2.1285452842712402,
          "dev_nll": 2.215327739715576,
          "dev_kl": 0.02121996627705417,
          "dev_objective": 2.278987638546739
        },
        {
          "epoch": 187,
          "train_objective": 2.1284894943237305,
          "dev_nll": 2.2151811122894287,
          "dev_kl": 0.02127235297243609,
          "dev_objective": 2.278998171206737
        },
        {
          "epoch": 188,
          "train_objective": 2.128434419631958,
          "dev_nll": 2.2150399684906006,
          "dev_kl": 0.021323307788237756,
          "dev_objective": 2.279009891855314
        },
        {
          "epoch": 189,
          "train_objective": 2.128380537033081,
          "dev_nll": 2.214904308319092,
          "dev_kl": 0.021372853975937984,
          "dev_objective": 2.279022870246906
        },
        {
          "epoch": 190,
          "train_objective": 2.1283273696899414,
          "dev_nll": 2.214770555496216,
          "dev_kl": 0.021421640685420167,
          "dev_objective": 2.279035477552476
        },
        {
          "epoch": 191,
          "train_objective": 2.128275156021118,
          "dev_nll": 2.214637041091919,
          "dev_kl": 0.02147019643186729,
          "dev_objective": 2.2790476303875207
        },
        {
          "epoch": 192,
          "train_objective": 2.1282238960266113,
          "dev_nll": 2.214505195617676,
          "dev_kl": 0.021518235789276228,
          "dev_objective": 2.2790599029855043
        },
        {
          "epoch": 193,
          "train_objective": 2.1281731128692627,
          "dev_nll": 2.21437668800354,
          "dev_kl": 0.0215651669405047,
          "dev_objective": 2.279072188825054
        },
        {
          "epoch": 194,
          "train_objective": 2.1281235218048096,
          "dev_nll": 2.2142536640167236,
          "dev_kl": 0.021610775569908668,
          "dev_objective": 2.2790859907264496
        },
        {
          "epoch": 195,
          "train_objective": 2.1280746459960938,
          "dev_nll": 2.2141332626342773,
          "dev_kl": 0.02165546546448311,
          "dev_objective": 2.2790996590277266
        },
        {
          "epoch": 196,
          "train_objective": 2.1280264854431152,
          "dev_nll": 2.2140140533447266,
          "dev_kl": 0.02169977908307874,
          "dev_objective": 2.2791133905939627
        },
        {
          "epoch": 197,
          "train_objective": 2.127978801727295,
          "dev_nll": 2.213895559310913,
          "dev_kl": 0.021743674198519296,
          "dev_objective": 2.2791265819064708
        },
        {
          "epoch": 198,
          "train_objective": 2.127932071685791,
          "dev_nll": 2.2137796878814697,
          "dev_kl": 0.02178672369065976,
          "dev_objective": 2.279139858953449
        },
        {
          "epoch": 199,
          "train_objective": 2.1278858184814453,
          "dev_nll": 2.2136685848236084,
          "dev_kl": 0.02182858378821334,
          "dev_objective": 2.2791543361882485
        },
        {
          "epoch": 200,
          "train_objective": 2.127840518951416,
          "dev_nll": 2.213559865951538,
          "dev_kl": 0.02186953428954016,
          "dev_objective": 2.2791684688201586
        },
        {
          "epoch": 201,
          "train_objective": 2.127795457839966,
          "dev_nll": 2.2134528160095215,
          "dev_kl": 0.02191001219655091,
          "dev_objective": 2.2791828525991744
        },
        {
          "epoch": 202,
          "train_objective": 2.127751350402832,
          "dev_nll": 2.213346481323242,
          "dev_kl": 0.021950107417069376,
          "dev_objective": 2.2791968035744503
        },
        {
          "epoch": 203,
          "train_objective": 2.1277079582214355,
          "dev_nll": 2.213242530822754,
          "dev_kl": 0.021989513768421037,
          "dev_objective": 2.279211072128017
        },
        {
          "epoch": 204,
          "train_objective": 2.127664566040039,
          "dev_nll": 2.213141918182373,
          "dev_kl": 0.022027939760627932,
          "dev_objective": 2.279225737464257
        }
      ]
    },
    "constrained_candidates": [
      {
        "kl_lambda": 1.0,
        "best_dev_nll": 2.1466522216796875,
        "best_dev_kl": 0.07558981138245427,
        "best_dev_objective": 2.222242033062142,
        "epochs_run": 274,
        "history": [
          {
            "epoch": 0,
            "train_objective": 2.2757201194763184,
            "dev_nll": 2.313819169998169,
            "dev_kl": 0.04565482153516631,
            "dev_objective": 2.3594739915333354
          },
          {
            "epoch": 1,
            "train_objective": 2.298499584197998,
            "dev_nll": 2.3198163509368896,
            "dev_kl": 0.01410866138921706,
            "dev_objective": 2.3339250123261066
          },
          {
            "epoch": 2,
            "train_objective": 2.2576870918273926,
            "dev_nll": 2.3498382568359375,
            "dev_kl": 0.0059838052323519415,
            "dev_objective": 2.3558220620682895
          },
          {
            "epoch": 3,
            "train_objective": 2.2637438774108887,
            "dev_nll": 2.3509156703948975,
            "dev_kl": 0.007152440561551976,
            "dev_objective": 2.3580681109564496
          },
          {
            "epoch": 4,
            "train_objective": 2.260833978652954,
            "dev_nll": 2.3294928073883057,
            "dev_kl": 0.007667700584541082,
            "dev_objective": 2.337160507972847
          },
          {
            "epoch": 5,
            "train_objective": 2.242116928100586,
            "dev_nll": 2.3084371089935303,
            "dev_kl": 0.014128085695994051,
            "dev_objective": 2.3225651946895245
          },
          {
            "epoch": 6,
            "train_objective": 2.2310903072357178,
            "dev_nll": 2.2961626052856445,
            "dev_kl": 0.023421680967615873,
            "dev_objective": 2.3195842862532605
          },
          {
            "epoch": 7,
            "train_objective": 2.230403423309326,
            "dev_nll": 2.2905290126800537,
            "dev_kl": 0.028639692160690768,
            "dev_objective": 2.3191687048407443
          },
          {
            "epoch": 8,
            "train_objective": 2.229501962661743,
            "dev_nll": 2.288553237915039,
            "dev_kl": 0.027710880099185705,
            "dev_objective": 2.316264118014225
          },
          {
            "epoch": 9,
            "train_objective": 2.2226736545562744,
            "dev_nll": 2.2899370193481445,
            "dev_kl": 0.023312497903888885,
            "dev_objective": 2.3132495172520335
          },
          {
            "epoch": 10,
            "train_objective": 2.213348150253296,
            "dev_nll": 2.294771671295166,
            "dev_kl": 0.019120160628348416,
            "dev_objective": 2.3138918319235144
          },
          {
            "epoch": 11,
            "train_objective": 2.2069666385650635,
            "dev_nll": 2.3009426593780518,
            "dev_kl": 0.017202107057105318,
            "dev_objective": 2.318144766435157
          },
          {
            "epoch": 12,
            "train_objective": 2.204935312271118,
            "dev_nll": 2.304344415664673,
            "dev_kl": 0.017361101422769327,
            "dev_objective": 2.3217055170874423
          },
          {
            "epoch": 13,
            "train_objective": 2.20397686958313,
            "dev_nll": 2.3022265434265137,
            "dev_kl": 0.018586126029809084,
            "dev_objective": 2.320812669456323
          },
          {
            "epoch": 14,
            "train_objective": 2.2006983757019043,
            "dev_nll": 2.2953832149505615,
            "dev_kl": 0.02065501723333818,
            "dev_objective": 2.3160382321838995
          },
          {
            "epoch": 15,
            "train_objective": 2.195343494415283,
            "dev_nll": 2.286774158477783,
            "dev_kl": 0.023843228300787913,
            "dev_objective": 2.310617386778571
          },
          {
            "epoch": 16,
            "train_objective": 2.190504312515259,
            "dev_nll": 2.2791385650634766,
            "dev_kl": 0.027863753198775962,
            "dev_objective": 2.3070023182622523
          },
          {
            "epoch": 17,
            "train_objective": 2.1878910064697266,
            "dev_nll": 2.2737841606140137,
            "dev_kl": 0.03158534692362124,
            "dev_objective": 2.305369507537635
          },
          {
            "epoch": 18,
            "train_objective": 2.1867964267730713,
            "dev_nll": 2.270792245864868,
            "dev_kl": 0.03374730102725096,
            "dev_objective": 2.3045395468921193
          },
          {
            "epoch": 19,
            "train_objective": 2.1852574348449707,
            "dev_nll": 2.2698638439178467,
            "dev_kl": 0.03391286560565291,
            "dev_objective": 2.3037767095234996
          },
          {
            "epoch": 20,
            "train_objective": 2.1822853088378906,
            "dev_nll": 2.2707509994506836,
            "dev_kl": 0.032690296796973536,
            "dev_objective": 2.303441296247657
          },
          {
            "epoch": 21,
            "train_objective": 2.1786370277404785,
            "dev_nll": 2.272984743118286,
            "dev_kl": 0.031157140294270403,
            "dev_objective": 2.3041418834125564
          },
          {
            "epoch": 22,
            "train_objective": 2.17567777633667,
            "dev_nll": 2.2754716873168945,
            "dev_kl": 0.030142490952383985,
            "dev_objective": 2.3056141782692787
          },
          {
            "epoch": 23,
            "train_objective": 2.173889636993408,
            "dev_nll": 2.2766761779785156,
            "dev_kl": 0.029915999564298884,
            "dev_objective": 2.3065921775428144
          },
          {
            "epoch": 24,
            "train_objective": 2.172506332397461,
            "dev_nll": 2.275472402572632,
            "dev_kl": 0.030389694578209243,
            "dev_objective": 2.305862097150841
          },
          {
            "epoch": 25,
            "train_objective": 2.1705105304718018,
            "dev_nll": 2.2718756198883057,
            "dev_kl": 0.03146044753379976,
            "dev_objective": 2.3033360674221055
          },
          {
            "epoch": 26,
            "train_objective": 2.1677491664886475,
            "dev_nll": 2.2669239044189453,
            "dev_kl": 0.03306518313511051,
            "dev_objective": 2.2999890875540556
          },
          {
            "epoch": 27,
            "train_objective": 2.164929151535034,
            "dev_nll": 2.261950969696045,
            "dev_kl": 0.034979415088242226,
            "dev_objective": 2.2969303847842872
          },
          {
            "epoch": 28,
            "train_objective": 2.1627211570739746,
            "dev_nll": 2.257936716079712,
            "dev_kl": 0.0367089051080059,
            "dev_objective": 2.2946456211877178
          },
          {
            "epoch": 29,
            "train_objective": 2.1610677242279053,
            "dev_nll": 2.255307197570801,
            "dev_kl": 0.03769315595110489,
            "dev_objective": 2.2930003535219057
          },
          {
            "epoch": 30,
            "train_objective": 2.159367084503174,
            "dev_nll": 2.254096508026123,
            "dev_kl": 0.037671112581769854,
            "dev_objective": 2.2917676206078927
          },
          {
            "epoch": 31,
            "train_objective": 2.157207489013672,
            "dev_nll": 2.2541165351867676,
            "dev_kl": 0.036847756584463716,
            "dev_objective": 2.2909642917712314
          },
          {
            "epoch": 32,
            "train_objective": 2.154778242111206,
            "dev_nll": 2.2549500465393066,
            "dev_kl": 0.035720196213255555,
            "dev_objective": 2.290670242752562
          },
          {
            "epoch": 33,
            "train_objective": 2.1525657176971436,
            "dev_nll": 2.2558958530426025,
            "dev_kl": 0.0347631874714451,
            "dev_objective": 2.2906590405140475
          },
          {
            "epoch": 34,
            "train_objective": 2.150784492492676,
            "dev_nll": 2.256129026412964,
            "dev_kl": 0.03424094609966747,
            "dev_objective": 2.2903699725126314
          },
          {
            "epoch": 35,
            "train_objective": 2.149188995361328,
            "dev_nll": 2.2550880908966064,
            "dev_kl": 0.034226374425419946,
            "dev_objective": 2.2893144653220263
          },
          {
            "epoch": 36,
            "train_objective": 2.147418737411499,
            "dev_nll": 2.2527849674224854,
            "dev_kl": 0.03469799852040199,
            "dev_objective": 2.2874829659428872
          },
          {
            "epoch": 37,
            "train_objective": 2.145416498184204,
            "dev_nll": 2.2497620582580566,
            "dev_kl": 0.03556045585324583,
            "dev_objective": 2.2853225141113023
          },
          {
            "epoch": 38,
            "train_objective": 2.1434404850006104,
            "dev_nll": 2.2467548847198486,
            "dev_kl": 0.036593340316520236,
            "dev_objective": 2.283348225036369
          },
          {
            "epoch": 39,
            "train_objective": 2.1417195796966553,
            "dev_nll": 2.244354009628296,
            "dev_kl": 0.03746023547543256,
            "dev_objective": 2.2818142451037287
          },
          {
            "epoch": 40,
            "train_objective": 2.140195846557617,
            "dev_nll": 2.242856979370117,
            "dev_kl": 0.03785244274213044,
            "dev_objective": 2.2807094221122477
          },
          {
            "epoch": 41,
            "train_objective": 2.1386313438415527,
            "dev_nll": 2.2422921657562256,
            "dev_kl": 0.03767103338325324,
            "dev_objective": 2.2799631991394786
          },
          {
            "epoch": 42,
            "train_objective": 2.1369078159332275,
            "dev_nll": 2.242469549179077,
            "dev_kl": 0.037081026474858614,
            "dev_objective": 2.2795505756539356
          },
          {
            "epoch": 43,
            "train_objective": 2.1351420879364014,
            "dev_nll": 2.242997884750366,
            "dev_kl": 0.03639631229543033,
            "dev_objective": 2.2793941970457965
          },
          {
            "epoch": 44,
            "train_objective": 2.1335103511810303,
            "dev_nll": 2.2433488368988037,
            "dev_kl": 0.03590915941402258,
            "dev_objective": 2.2792579963128263
          },
          {
            "epoch": 45,
            "train_objective": 2.132025718688965,
            "dev_nll": 2.243041753768921,
            "dev_kl": 0.03579128645143883,
            "dev_objective": 2.2788330402203596
          },
          {
            "epoch": 46,
            "train_objective": 2.130544900894165,
            "dev_nll": 2.241879463195801,
            "dev_kl": 0.03608744846685797,
            "dev_objective": 2.277966911662659
          },
          {
            "epoch": 47,
            "train_objective": 2.12896466255188,
            "dev_nll": 2.2400450706481934,
            "dev_kl": 0.0367358080111444,
            "dev_objective": 2.2767808786593378
          },
          {
            "epoch": 48,
            "train_objective": 2.1273410320281982,
            "dev_nll": 2.237978935241699,
            "dev_kl": 0.03757228760785142,
            "dev_objective": 2.2755512228495505
          },
          {
            "epoch": 49,
            "train_objective": 2.1257946491241455,
            "dev_nll": 2.236150026321411,
            "dev_kl": 0.03835458432454183,
            "dev_objective": 2.2745046106459528
          },
          {
            "epoch": 50,
            "train_objective": 2.12434720993042,
            "dev_nll": 2.234875202178955,
            "dev_kl": 0.03885210073614392,
            "dev_objective": 2.273727302915099
          },
          {
            "epoch": 51,
            "train_objective": 2.122908592224121,
            "dev_nll": 2.2342560291290283,
            "dev_kl": 0.03896610321686422,
            "dev_objective": 2.2732221323458925
          },
          {
            "epoch": 52,
            "train_objective": 2.1214096546173096,
            "dev_nll": 2.2341816425323486,
            "dev_kl": 0.03878240446134131,
            "dev_objective": 2.27296404699369
          },
          {
            "epoch": 53,
            "train_objective": 2.1198890209198,
            "dev_nll": 2.234358072280884,
            "dev_kl": 0.03851024309884352,
            "dev_objective": 2.272868315379727
          },
          {
            "epoch": 54,
            "train_objective": 2.1184282302856445,
            "dev_nll": 2.234389305114746,
            "dev_kl": 0.038364399441106374,
            "dev_objective": 2.2727537045558526
          },
          {
            "epoch": 55,
            "train_objective": 2.117036819458008,
            "dev_nll": 2.2339391708374023,
            "dev_kl": 0.038478391624034144,
            "dev_objective": 2.2724175624614364
          },
          {
            "epoch": 56,
            "train_objective": 2.1156511306762695,
            "dev_nll": 2.2328975200653076,
            "dev_kl": 0.03887868175001512,
            "dev_objective": 2.2717762018153227
          },
          {
            "epoch": 57,
            "train_objective": 2.11423397064209,
            "dev_nll": 2.2314348220825195,
            "dev_kl": 0.039491787851542635,
            "dev_objective": 2.270926609934062
          },
          {
            "epoch": 58,
            "train_objective": 2.112821578979492,
            "dev_nll": 2.2298965454101562,
            "dev_kl": 0.040164328196497505,
            "dev_objective": 2.2700608736066537
          },
          {
            "epoch": 59,
            "train_objective": 2.111463785171509,
            "dev_nll": 2.2286252975463867,
            "dev_kl": 0.04071244965903028,
            "dev_objective": 2.269337747205417
          },
          {
            "epoch": 60,
            "train_objective": 2.1101505756378174,
            "dev_nll": 2.2278265953063965,
            "dev_kl": 0.0410055011933193,
            "dev_objective": 2.268832096499716
          },
          {
            "epoch": 61,
            "train_objective": 2.1088359355926514,
            "dev_nll": 2.227508544921875,
            "dev_kl": 0.041035816946081355,
            "dev_objective": 2.2685443618679564
          },
          {
            "epoch": 62,
            "train_objective": 2.107509136199951,
            "dev_nll": 2.2274935245513916,
            "dev_kl": 0.04091693679332849,
            "dev_objective": 2.26841046134472
          },
          {
            "epoch": 63,
            "train_objective": 2.1062045097351074,
            "dev_nll": 2.227480173110962,
            "dev_kl": 0.04081239597330433,
            "dev_objective": 2.268292569084266
          },
          {
            "epoch": 64,
            "train_objective": 2.1049447059631348,
            "dev_nll": 2.2271735668182373,
            "dev_kl": 0.04085290155828346,
            "dev_objective": 2.2680264683765206
          },
          {
            "epoch": 65,
            "train_objective": 2.1037063598632812,
            "dev_nll": 2.2264323234558105,
            "dev_kl": 0.041088966766458956,
            "dev_objective": 2.2675212902222697
          },
          {
            "epoch": 66,
            "train_objective": 2.1024627685546875,
            "dev_nll": 2.225341796875,
            "dev_kl": 0.04148206039324634,
            "dev_objective": 2.266823857268246
          },
          {
            "epoch": 67,
            "train_objective": 2.101224899291992,
            "dev_nll": 2.2241532802581787,
            "dev_kl": 0.041921798069419904,
            "dev_objective": 2.2660750783275985
          },
          {
            "epoch": 68,
            "train_objective": 2.10001802444458,
            "dev_nll": 2.2231457233428955,
            "dev_kl": 0.042271253205258257,
            "dev_objective": 2.2654169765481535
          },
          {
            "epoch": 69,
            "train_objective": 2.09883975982666,
            "dev_nll": 2.2224905490875244,
            "dev_kl": 0.042435558023682055,
            "dev_objective": 2.2649261071112066
          },
          {
            "epoch": 70,
            "train_objective": 2.097667932510376,
            "dev_nll": 2.2221872806549072,
            "dev_kl": 0.042415249920377956,
            "dev_objective": 2.264602530575285
          },
          {
            "epoch": 71,
            "train_objective": 2.096498489379883,
            "dev_nll": 2.222071886062622,
            "dev_kl": 0.04230231149555292,
            "dev_objective": 2.264374197558175
          },
          {
            "epoch": 72,
            "train_objective": 2.0953493118286133,
            "dev_nll": 2.2218940258026123,
            "dev_kl": 0.042222572667452024,
            "dev_objective": 2.264116598470064
          },
          {
            "epoch": 73,
            "train_objective": 2.0942280292510986,
            "dev_nll": 2.221442699432373,
            "dev_kl": 0.042268894863668686,
            "dev_objective": 2.2637115942960415
          },
          {
            "epoch": 74,
            "train_objective": 2.0931198596954346,
            "dev_nll": 2.22066330909729,
            "dev_kl": 0.042462612741424655,
            "dev_objective": 2.2631259218387147
          },
          {
            "epoch": 75,
            "train_objective": 2.0920166969299316,
            "dev_nll": 2.2196810245513916,
            "dev_kl": 0.04274987948827388,
            "dev_objective": 2.2624309040396655
          },
          {
            "epoch": 76,
            "train_objective": 2.0909290313720703,
            "dev_nll": 2.218721866607666,
            "dev_kl": 0.043029301444270696,
            "dev_objective": 2.2617511680519367
          },
          {
            "epoch": 77,
            "train_objective": 2.0898654460906982,
            "dev_nll": 2.2179789543151855,
            "dev_kl": 0.043205437217947354,
            "dev_objective": 2.261184391533133
          },
          {
            "epoch": 78,
            "train_objective": 2.088818073272705,
            "dev_nll": 2.217519760131836,
            "dev_kl": 0.04324429983800176,
            "dev_objective": 2.2607640599698375
          },
          {
            "epoch": 79,
            "train_objective": 2.087778091430664,
            "dev_nll": 2.2172584533691406,
            "dev_kl": 0.043192397590091296,
            "dev_objective": 2.260450850959232
          },
          {
            "epoch": 80,
            "train_objective": 2.08675217628479,
            "dev_nll": 2.217006206512451,
            "dev_kl": 0.04314396974482653,
            "dev_objective": 2.2601501762572775
          },
          {
            "epoch": 81,
            "train_objective": 2.085747241973877,
            "dev_nll": 2.2165768146514893,
            "dev_kl": 0.04318352271315404,
            "dev_objective": 2.2597603373646433
          },
          {
            "epoch": 82,
            "train_objective": 2.0847578048706055,
            "dev_nll": 2.215897798538208,
            "dev_kl": 0.043341676980733525,
            "dev_objective": 2.2592394755189416
          },
          {
            "epoch": 83,
            "train_objective": 2.083777904510498,
            "dev_nll": 2.215047836303711,
            "dev_kl": 0.04358373370469194,
            "dev_objective": 2.258631570008403
          },
          {
            "epoch": 84,
            "train_objective": 2.0828115940093994,
            "dev_nll": 2.214202642440796,
            "dev_kl": 0.043831199030355775,
            "dev_objective": 2.2580338414711516
          },
          {
            "epoch": 85,
            "train_objective": 2.0818636417388916,
            "dev_nll": 2.2135202884674072,
            "dev_kl": 0.044008346771741966,
            "dev_objective": 2.257528635239149
          },
          {
            "epoch": 86,
            "train_objective": 2.080929756164551,
            "dev_nll": 2.2130558490753174,
            "dev_kl": 0.04408921683911061,
            "dev_objective": 2.257145065914428
          },
          {
            "epoch": 87,
            "train_objective": 2.080005407333374,
            "dev_nll": 2.2127304077148438,
            "dev_kl": 0.044112453712764114,
            "dev_objective": 2.2568428614276077
          },
          {
            "epoch": 88,
            "train_objective": 2.079094409942627,
            "dev_nll": 2.2123870849609375,
            "dev_kl": 0.04415247425601219,
            "dev_objective": 2.2565395592169497
          },
          {
            "epoch": 89,
            "train_objective": 2.078199625015259,
            "dev_nll": 2.211886405944824,
            "dev_kl": 0.04427044960406659,
            "dev_objective": 2.2561568555488907
          },
          {
            "epoch": 90,
            "train_objective": 2.0773165225982666,
            "dev_nll": 2.2111966609954834,
            "dev_kl": 0.04447868352759514,
            "dev_objective": 2.2556753445230786
          },
          {
            "epoch": 91,
            "train_objective": 2.076444149017334,
            "dev_nll": 2.2104084491729736,
            "dev_kl": 0.04473645786994837,
            "dev_objective": 2.255144907042922
          },
          {
            "epoch": 92,
            "train_objective": 2.075584650039673,
            "dev_nll": 2.209669589996338,
            "dev_kl": 0.0449770909495825,
            "dev_objective": 2.2546466809459202
          },
          {
            "epoch": 93,
            "train_objective": 2.0747389793395996,
            "dev_nll": 2.2090821266174316,
            "dev_kl": 0.04515192707433806,
            "dev_objective": 2.2542340536917695
          },
          {
            "epoch": 94,
            "train_objective": 2.073904037475586,
            "dev_nll": 2.208643913269043,
            "dev_kl": 0.045262470545406025,
            "dev_objective": 2.253906383814449
          },
          {
            "epoch": 95,
            "train_objective": 2.0730791091918945,
            "dev_nll": 2.2082512378692627,
            "dev_kl": 0.04535626118611039,
            "dev_objective": 2.253607499055373
          },
          {
            "epoch": 96,
            "train_objective": 2.0722665786743164,
            "dev_nll": 2.2077746391296387,
            "dev_kl": 0.045490835967488125,
            "dev_objective": 2.253265475097127
          },
          {
            "epoch": 97,
            "train_objective": 2.0714659690856934,
            "dev_nll": 2.2071468830108643,
            "dev_kl": 0.04569417312235911,
            "dev_objective": 2.2528410561332235
          },
          {
            "epoch": 98,
            "train_objective": 2.070674180984497,
            "dev_nll": 2.206407070159912,
            "dev_kl": 0.04594804586160408,
            "dev_objective": 2.252355116021516
          },
          {
            "epoch": 99,
            "train_objective": 2.0698931217193604,
            "dev_nll": 2.2056684494018555,
            "dev_kl": 0.046202499037716796,
            "dev_objective": 2.2518709484395725
          },
          {
            "epoch": 100,
            "train_objective": 2.0691235065460205,
            "dev_nll": 2.205031394958496,
            "dev_kl": 0.04641163781693191,
            "dev_objective": 2.251443032775428
          },
          {
            "epoch": 101,
            "train_objective": 2.0683631896972656,
            "dev_nll": 2.2045161724090576,
            "dev_kl": 0.046566178864265194,
            "dev_objective": 2.2510823512733227
          },
          {
            "epoch": 102,
            "train_objective": 2.0676119327545166,
            "dev_nll": 2.2040529251098633,
            "dev_kl": 0.04669794220343781,
            "dev_objective": 2.250750867313301
          },
          {
            "epoch": 103,
            "train_objective": 2.0668699741363525,
            "dev_nll": 2.203535795211792,
            "dev_kl": 0.04685322000814761,
            "dev_objective": 2.2503890152199397
          },
          {
            "epoch": 104,
            "train_objective": 2.066138505935669,
            "dev_nll": 2.2029027938842773,
            "dev_kl": 0.04705799361257706,
            "dev_objective": 2.2499607874968546
          },
          {
            "epoch": 105,
            "train_objective": 2.0654146671295166,
            "dev_nll": 2.202181339263916,
            "dev_kl": 0.04730032841664154,
            "dev_objective": 2.2494816676805574
          },
          {
            "epoch": 106,
            "train_objective": 2.064699411392212,
            "dev_nll": 2.2014598846435547,
            "dev_kl": 0.04754135474046447,
            "dev_objective": 2.249001239384019
          },
          {
            "epoch": 107,
            "train_objective": 2.063993453979492,
            "dev_nll": 2.200819969177246,
            "dev_kl": 0.04774545177333635,
            "dev_objective": 2.2485654209505825
          },
          {
            "epoch": 108,
            "train_objective": 2.0632951259613037,
            "dev_nll": 2.200273275375366,
            "dev_kl": 0.04790739730982355,
            "dev_objective": 2.24818067268519
          },
          {
            "epoch": 109,
            "train_objective": 2.0626046657562256,
            "dev_nll": 2.199758768081665,
            "dev_kl": 0.048054545247826236,
            "dev_objective": 2.247813313329491
          },
          {
            "epoch": 110,
            "train_objective": 2.061922550201416,
            "dev_nll": 2.199193000793457,
            "dev_kl": 0.04822305262146532,
            "dev_objective": 2.2474160534149226
          },
          {
            "epoch": 111,
            "train_objective": 2.0612480640411377,
            "dev_nll": 2.1985373497009277,
            "dev_kl": 0.04842930157531717,
            "dev_objective": 2.246966651276245
          },
          {
            "epoch": 112,
            "train_objective": 2.0605804920196533,
            "dev_nll": 2.1978275775909424,
            "dev_kl": 0.048658557805637,
            "dev_objective": 2.2464861353965793
          },
          {
            "epoch": 113,
            "train_objective": 2.0599205493927,
            "dev_nll": 2.1971373558044434,
            "dev_kl": 0.04887856508680988,
            "dev_objective": 2.2460159208912533
          },
          {
            "epoch": 114,
            "train_objective": 2.0592682361602783,
            "dev_nll": 2.1965205669403076,
            "dev_kl": 0.04906653527390616,
            "dev_objective": 2.245587102214214
          },
          {
            "epoch": 115,
            "train_objective": 2.0586225986480713,
            "dev_nll": 2.1959664821624756,
            "dev_kl": 0.04922731791067031,
            "dev_objective": 2.245193800073146
          },
          {
            "epoch": 116,
            "train_objective": 2.057983636856079,
            "dev_nll": 2.195413589477539,
            "dev_kl": 0.04938783984750423,
            "dev_objective": 2.2448014293250433
          },
          {
            "epoch": 117,
            "train_objective": 2.05735182762146,
            "dev_nll": 2.1948039531707764,
            "dev_kl": 0.049573213766264015,
            "dev_objective": 2.2443771669370403
          },
          {
            "epoch": 118,
            "train_objective": 2.0567264556884766,
            "dev_nll": 2.19413161277771,
            "dev_kl": 0.04978623333686688,
            "dev_objective": 2.243917846114577
          },
          {
            "epoch": 119,
            "train_objective": 2.056107997894287,
            "dev_nll": 2.193444013595581,
            "dev_kl": 0.05000674607802558,
            "dev_objective": 2.243450759673607
          },
          {
            "epoch": 120,
            "train_objective": 2.0554957389831543,
            "dev_nll": 2.1927990913391113,
            "dev_kl": 0.05021000990387803,
            "dev_objective": 2.2430091012429894
          },
          {
            "epoch": 121,
            "train_objective": 2.0548901557922363,
            "dev_nll": 2.1922147274017334,
            "dev_kl": 0.05038843921010289,
            "dev_objective": 2.2426031666118362
          },
          {
            "epoch": 122,
            "train_objective": 2.054290533065796,
            "dev_nll": 2.1916563510894775,
            "dev_kl": 0.050557067013136295,
            "dev_objective": 2.242213418102614
          },
          {
            "epoch": 123,
            "train_objective": 2.053697347640991,
            "dev_nll": 2.191071033477783,
            "dev_kl": 0.050738995517567956,
            "dev_objective": 2.241810028995351
          },
          {
            "epoch": 124,
            "train_objective": 2.053110361099243,
            "dev_nll": 2.1904351711273193,
            "dev_kl": 0.05094458525296474,
            "dev_objective": 2.241379756380284
          },
          {
            "epoch": 125,
            "train_objective": 2.0525295734405518,
            "dev_nll": 2.1897735595703125,
            "dev_kl": 0.05116327415588637,
            "dev_objective": 2.240936833726199
          },
          {
            "epoch": 126,
            "train_objective": 2.051954746246338,
            "dev_nll": 2.189134120941162,
            "dev_kl": 0.05137440305593055,
            "dev_objective": 2.2405085239970925
          },
          {
            "epoch": 127,
            "train_objective": 2.0513863563537598,
            "dev_nll": 2.188544511795044,
            "dev_kl": 0.051566559427901525,
            "dev_objective": 2.2401110712229455
          },
          {
            "epoch": 128,
            "train_objective": 2.050823926925659,
            "dev_nll": 2.187985897064209,
            "dev_kl": 0.0517475256378683,
            "dev_objective": 2.239733422702077
          },
          {
            "epoch": 129,
            "train_objective": 2.050266742706299,
            "dev_nll": 2.1874163150787354,
            "dev_kl": 0.05193581534802278,
            "dev_objective": 2.239352130426758
          },
          {
            "epoch": 130,
            "train_objective": 2.049715995788574,
            "dev_nll": 2.1868088245391846,
            "dev_kl": 0.05214286879672445,
            "dev_objective": 2.238951693335909
          },
          {
            "epoch": 131,
            "train_objective": 2.049170970916748,
            "dev_nll": 2.1861770153045654,
            "dev_kl": 0.05236294805505421,
            "dev_objective": 2.2385399633596195
          },
          {
            "epoch": 132,
            "train_objective": 2.0486319065093994,
            "dev_nll": 2.1855592727661133,
            "dev_kl": 0.05257966882700837,
            "dev_objective": 2.2381389415931214
          },
          {
            "epoch": 133,
            "train_objective": 2.0480988025665283,
            "dev_nll": 2.184980869293213,
            "dev_kl": 0.05278231684558902,
            "dev_objective": 2.237763186138802
          },
          {
            "epoch": 134,
            "train_objective": 2.0475711822509766,
            "dev_nll": 2.1844301223754883,
            "dev_kl": 0.052975796747866066,
            "dev_objective": 2.237405919123354
          },
          {
            "epoch": 135,
            "train_objective": 2.047049045562744,
            "dev_nll": 2.183872938156128,
            "dev_kl": 0.05317482358212908,
            "dev_objective": 2.237047761738257
          },
          {
            "epoch": 136,
            "train_objective": 2.0465333461761475,
            "dev_nll": 2.1832873821258545,
            "dev_kl": 0.05338888383622086,
            "dev_objective": 2.236676265962075
          },
          {
            "epoch": 137,
            "train_objective": 2.04602313041687,
            "dev_nll": 2.182685136795044,
            "dev_kl": 0.05361319312197698,
            "dev_objective": 2.236298329917021
          },
          {
            "epoch": 138,
            "train_objective": 2.045518398284912,
            "dev_nll": 2.1820967197418213,
            "dev_kl": 0.053834476995520124,
            "dev_objective": 2.2359311967373414
          },
          {
            "epoch": 139,
            "train_objective": 2.0450191497802734,
            "dev_nll": 2.1815407276153564,
            "dev_kl": 0.05404472127809485,
            "dev_objective": 2.2355854488934512
          },
          {
            "epoch": 140,
            "train_objective": 2.0445261001586914,
            "dev_nll": 2.1810052394866943,
            "dev_kl": 0.05424897829900936,
            "dev_objective": 2.2352542177857035
          },
          {
            "epoch": 141,
            "train_objective": 2.0440382957458496,
            "dev_nll": 2.1804635524749756,
            "dev_kl": 0.05445924519503475,
            "dev_objective": 2.23492279767001
          },
          {
            "epoch": 142,
            "train_objective": 2.0435562133789062,
            "dev_nll": 2.1799001693725586,
            "dev_kl": 0.054681642475545175,
            "dev_objective": 2.234581811848104
          },
          {
            "epoch": 143,
            "train_objective": 2.0430796146392822,
            "dev_nll": 2.1793293952941895,
            "dev_kl": 0.05491046298316918,
            "dev_objective": 2.2342398582773586
          },
          {
            "epoch": 144,
            "train_objective": 2.0426084995269775,
            "dev_nll": 2.1787757873535156,
            "dev_kl": 0.05513489445447633,
            "dev_objective": 2.233910681807992
          },
          {
            "epoch": 145,
            "train_objective": 2.0421431064605713,
            "dev_nll": 2.178248882293701,
            "dev_kl": 0.05535074726627894,
            "dev_objective": 2.23359962955998
          },
          {
            "epoch": 146,
            "train_objective": 2.0416829586029053,
            "dev_nll": 2.177734375,
            "dev_kl": 0.05556453011439059,
            "dev_objective": 2.2332989051143906
          },
          {
            "epoch": 147,
            "train_objective": 2.0412285327911377,
            "dev_nll": 2.1772100925445557,
            "dev_kl": 0.055785543469408914,
            "dev_objective": 2.2329956360139644
          },
          {
            "epoch": 148,
            "train_objective": 2.0407793521881104,
            "dev_nll": 2.1766715049743652,
            "dev_kl": 0.05601571868498658,
            "dev_objective": 2.232687223659352
          },
          {
            "epoch": 149,
            "train_objective": 2.0403356552124023,
            "dev_nll": 2.1761350631713867,
            "dev_kl": 0.05624794058299573,
            "dev_objective": 2.2323830037543826
          },
          {
            "epoch": 150,
            "train_objective": 2.0398972034454346,
            "dev_nll": 2.175618886947632,
            "dev_kl": 0.05647450081765825,
            "dev_objective": 2.23209338776529
          },
          {
            "epoch": 151,
            "train_objective": 2.0394644737243652,
            "dev_nll": 2.1751222610473633,
            "dev_kl": 0.056695645615501805,
            "dev_objective": 2.231817906662865
          },
          {
            "epoch": 152,
            "train_objective": 2.039036750793457,
            "dev_nll": 2.1746280193328857,
            "dev_kl": 0.056918767688781485,
            "dev_objective": 2.231546787021667
          },
          {
            "epoch": 153,
            "train_objective": 2.038614273071289,
            "dev_nll": 2.1741228103637695,
            "dev_kl": 0.05714944962144995,
            "dev_objective": 2.2312722599852193
          },
          {
            "epoch": 154,
            "train_objective": 2.0381972789764404,
            "dev_nll": 2.173612356185913,
            "dev_kl": 0.057385265444542546,
            "dev_objective": 2.2309976216304555
          },
          {
            "epoch": 155,
            "train_objective": 2.037785530090332,
            "dev_nll": 2.1731128692626953,
            "dev_kl": 0.057619088881670735,
            "dev_objective": 2.230731958144366
          },
          {
            "epoch": 156,
            "train_objective": 2.0373785495758057,
            "dev_nll": 2.1726324558258057,
            "dev_kl": 0.057847581114331185,
            "dev_objective": 2.2304800369401367
          },
          {
            "epoch": 157,
            "train_objective": 2.0369770526885986,
            "dev_nll": 2.172161817550659,
            "dev_kl": 0.0580748593246983,
            "dev_objective": 2.2302366768753576
          },
          {
            "epoch": 158,
            "train_objective": 2.036580801010132,
            "dev_nll": 2.171685218811035,
            "dev_kl": 0.0583070380804526,
            "dev_objective": 2.229992256891488
          },
          {
            "epoch": 159,
            "train_objective": 2.036189556121826,
            "dev_nll": 2.1712024211883545,
            "dev_kl": 0.05854477337742037,
            "dev_objective": 2.2297471945657747
          },
          {
            "epoch": 160,
            "train_objective": 2.0358033180236816,
            "dev_nll": 2.170724868774414,
            "dev_kl": 0.05878285007991705,
            "dev_objective": 2.229507718854331
          },
          {
            "epoch": 161,
            "train_objective": 2.0354220867156982,
            "dev_nll": 2.170262575149536,
            "dev_kl": 0.059016798687882205,
            "dev_objective": 2.2292793738374184
          },
          {
            "epoch": 162,
            "train_objective": 2.035045623779297,
            "dev_nll": 2.1698124408721924,
            "dev_kl": 0.059248294264381364,
            "dev_objective": 2.229060735136574
          },
          {
            "epoch": 163,
            "train_objective": 2.0346744060516357,
            "dev_nll": 2.1693613529205322,
            "dev_kl": 0.059482588775658096,
            "dev_objective": 2.2288439416961903
          },
          {
            "epoch": 164,
            "train_objective": 2.0343081951141357,
            "dev_nll": 2.1689045429229736,
            "dev_kl": 0.05972171249229086,
            "dev_objective": 2.2286262554152643
          },
          {
            "epoch": 165,
            "train_objective": 2.0339465141296387,
            "dev_nll": 2.168450117111206,
            "dev_kl": 0.0599621566673091,
            "dev_objective": 2.228412273778515
          },
          {
            "epoch": 166,
            "train_objective": 2.0335898399353027,
            "dev_nll": 2.16800856590271,
            "dev_kl": 0.06019964422886224,
            "dev_objective": 2.228208210131572
          },
          {
            "epoch": 167,
            "train_objective": 2.0332376956939697,
            "dev_nll": 2.1675779819488525,
            "dev_kl": 0.06043455503924295,
            "dev_objective": 2.2280125369880954
          },
          {
            "epoch": 168,
            "train_objective": 2.032890558242798,
            "dev_nll": 2.167149066925049,
            "dev_kl": 0.060671106148727755,
            "dev_objective": 2.2278201730737766
          },
          {
            "epoch": 169,
            "train_objective": 2.032547950744629,
            "dev_nll": 2.1667160987854004,
            "dev_kl": 0.06091162311310281,
            "dev_objective": 2.227627721898503
          },
          {
            "epoch": 170,
            "train_objective": 2.032210111618042,
            "dev_nll": 2.1662845611572266,
            "dev_kl": 0.0611535991693652,
            "dev_objective": 2.227438160326592
          },
          {
            "epoch": 171,
            "train_objective": 2.031876564025879,
            "dev_nll": 2.1658637523651123,
            "dev_kl": 0.0613933128571903,
            "dev_objective": 2.2272570652223025
          },
          {
            "epoch": 172,
            "train_objective": 2.031547784805298,
            "dev_nll": 2.165452718734741,
            "dev_kl": 0.061630808710402184,
            "dev_objective": 2.2270835274451435
          },
          {
            "epoch": 173,
            "train_objective": 2.0312235355377197,
            "dev_nll": 2.165044069290161,
            "dev_kl": 0.06186950692271655,
            "dev_objective": 2.2269135762128776
          },
          {
            "epoch": 174,
            "train_objective": 2.0309038162231445,
            "dev_nll": 2.1646320819854736,
            "dev_kl": 0.06211135795614285,
            "dev_objective": 2.2267434399416164
          },
          {
            "epoch": 175,
            "train_objective": 2.030588388442993,
            "dev_nll": 2.1642227172851562,
            "dev_kl": 0.06235428675178929,
            "dev_objective": 2.2265770040369457
          },
          {
            "epoch": 176,
            "train_objective": 2.0302772521972656,
            "dev_nll": 2.1638224124908447,
            "dev_kl": 0.06259521758075544,
            "dev_objective": 2.2264176300716003
          },
          {
            "epoch": 177,
            "train_objective": 2.029970407485962,
            "dev_nll": 2.163430690765381,
            "dev_kl": 0.06283441591870705,
            "dev_objective": 2.226265106684088
          },
          {
            "epoch": 178,
            "train_objective": 2.029668092727661,
            "dev_nll": 2.1630401611328125,
            "dev_kl": 0.06307476181031545,
            "dev_objective": 2.226114922943128
          },
          {
            "epoch": 179,
            "train_objective": 2.029369592666626,
            "dev_nll": 2.1626482009887695,
            "dev_kl": 0.0633175718172114,
            "dev_objective": 2.225965772805981
          },
          {
            "epoch": 180,
            "train_objective": 2.0290756225585938,
            "dev_nll": 2.162259578704834,
            "dev_kl": 0.06356072926518413,
            "dev_objective": 2.225820307970018
          },
          {
            "epoch": 181,
            "train_objective": 2.028785228729248,
            "dev_nll": 2.161879301071167,
            "dev_kl": 0.06380194607876645,
            "dev_objective": 2.2256812471499337
          },
          {
            "epoch": 182,
            "train_objective": 2.0284993648529053,
            "dev_nll": 2.161505937576294,
            "dev_kl": 0.06404201367097481,
            "dev_objective": 2.2255479512472687
          },
          {
            "epoch": 183,
            "train_objective": 2.0282175540924072,
            "dev_nll": 2.1611328125,
            "dev_kl": 0.06428330146902522,
            "dev_objective": 2.2254161139690254
          },
          {
            "epoch": 184,
            "train_objective": 2.0279393196105957,
            "dev_nll": 2.1607589721679688,
            "dev_kl": 0.06452622660977203,
            "dev_objective": 2.225285198777741
          },
          {
            "epoch": 185,
            "train_objective": 2.027665138244629,
            "dev_nll": 2.1603901386260986,
            "dev_kl": 0.0647686540705058,
            "dev_objective": 2.2251587926966043
          },
          {
            "epoch": 186,
            "train_objective": 2.027395009994507,
            "dev_nll": 2.1600289344787598,
            "dev_kl": 0.06500921431250235,
            "dev_objective": 2.225038148791262
          },
          {
            "epoch": 187,
            "train_objective": 2.0271286964416504,
            "dev_nll": 2.159672260284424,
            "dev_kl": 0.06524919239847465,
            "dev_objective": 2.2249214526828984
          },
          {
            "epoch": 188,
            "train_objective": 2.0268659591674805,
            "dev_nll": 2.159315586090088,
            "dev_kl": 0.06549033087988694,
            "dev_objective": 2.224805916969975
          },
          {
            "epoch": 189,
            "train_objective": 2.026606559753418,
            "dev_nll": 2.1589601039886475,
            "dev_kl": 0.06573211456208612,
            "dev_objective": 2.2246922185507336
          },
          {
            "epoch": 190,
            "train_objective": 2.0263512134552,
            "dev_nll": 2.1586101055145264,
            "dev_kl": 0.0659726246173472,
            "dev_objective": 2.2245827301318735
          },
          {
            "epoch": 191,
            "train_objective": 2.026099443435669,
            "dev_nll": 2.158266544342041,
            "dev_kl": 0.0662115144294275,
            "dev_objective": 2.2244780587714685
          },
          {
            "epoch": 192,
            "train_objective": 2.025851249694824,
            "dev_nll": 2.1579253673553467,
            "dev_kl": 0.06645038721057796,
            "dev_objective": 2.2243757545659246
          },
          {
            "epoch": 193,
            "train_objective": 2.025606155395508,
            "dev_nll": 2.1575844287872314,
            "dev_kl": 0.0666900293002728,
            "dev_objective": 2.2242744580875042
          },
          {
            "epoch": 194,
            "train_objective": 2.025364875793457,
            "dev_nll": 2.1572468280792236,
            "dev_kl": 0.06692920603190167,
            "dev_objective": 2.2241760341111254
          },
          {
            "epoch": 195,
            "train_objective": 2.0251271724700928,
            "dev_nll": 2.1569151878356934,
            "dev_kl": 0.06716664650029856,
            "dev_objective": 2.224081834335992
          },
          {
            "epoch": 196,
            "train_objective": 2.0248923301696777,
            "dev_nll": 2.156587839126587,
            "dev_kl": 0.06740307186860157,
            "dev_objective": 2.2239909109951883
          },
          {
            "epoch": 197,
            "train_objective": 2.024661064147949,
            "dev_nll": 2.156261444091797,
            "dev_kl": 0.06763974744321187,
            "dev_objective": 2.223901191535009
          },
          {
            "epoch": 198,
            "train_objective": 2.024432897567749,
            "dev_nll": 2.1559369564056396,
            "dev_kl": 0.06787638884044953,
            "dev_objective": 2.2238133452460893
          },
          {
            "epoch": 199,
            "train_objective": 2.024207830429077,
            "dev_nll": 2.1556169986724854,
            "dev_kl": 0.06811166891662129,
            "dev_objective": 2.2237286675891066
          },
          {
            "epoch": 200,
            "train_objective": 2.0239861011505127,
            "dev_nll": 2.1553022861480713,
            "dev_kl": 0.06834542474983794,
            "dev_objective": 2.223647710897909
          },
          {
            "epoch": 201,
            "train_objective": 2.0237674713134766,
            "dev_nll": 2.1549899578094482,
            "dev_kl": 0.06857875444702516,
            "dev_objective": 2.2235687122564736
          },
          {
            "epoch": 202,
            "train_objective": 2.0235514640808105,
            "dev_nll": 2.1546785831451416,
            "dev_kl": 0.06881211279501576,
            "dev_objective": 2.2234906959401575
          },
          {
            "epoch": 203,
            "train_objective": 2.023338794708252,
            "dev_nll": 2.1543710231781006,
            "dev_kl": 0.06904451776830148,
            "dev_objective": 2.223415540946402
          },
          {
            "epoch": 204,
            "train_objective": 2.0231289863586426,
            "dev_nll": 2.1540684700012207,
            "dev_kl": 0.06927531748078763,
            "dev_objective": 2.2233437874820083
          },
          {
            "epoch": 205,
            "train_objective": 2.0229218006134033,
            "dev_nll": 2.1537692546844482,
            "dev_kl": 0.069505204572956,
            "dev_objective": 2.223274459257404
          },
          {
            "epoch": 206,
            "train_objective": 2.0227179527282715,
            "dev_nll": 2.1534714698791504,
            "dev_kl": 0.0697349295319715,
            "dev_objective": 2.2232063994111217
          },
          {
            "epoch": 207,
            "train_objective": 2.0225167274475098,
            "dev_nll": 2.1531765460968018,
            "dev_kl": 0.06996399952936196,
            "dev_objective": 2.2231405456261637
          },
          {
            "epoch": 208,
            "train_objective": 2.022318124771118,
            "dev_nll": 2.152885913848877,
            "dev_kl": 0.07019156437771495,
            "dev_objective": 2.223077478226592
          },
          {
            "epoch": 209,
            "train_objective": 2.0221221446990967,
            "dev_nll": 2.152599811553955,
            "dev_kl": 0.07041794605654224,
            "dev_objective": 2.2230177576104975
          },
          {
            "epoch": 210,
            "train_objective": 2.0219290256500244,
            "dev_nll": 2.152315378189087,
            "dev_kl": 0.07064395302603411,
            "dev_objective": 2.222959331215121
          },
          {
            "epoch": 211,
            "train_objective": 2.0217385292053223,
            "dev_nll": 2.1520330905914307,
            "dev_kl": 0.07086944412764941,
            "dev_objective": 2.22290253471908
          },
          {
            "epoch": 212,
            "train_objective": 2.0215506553649902,
            "dev_nll": 2.151754856109619,
            "dev_kl": 0.07109358297415481,
            "dev_objective": 2.222848439083774
          },
          {
            "epoch": 213,
            "train_objective": 2.02136492729187,
            "dev_nll": 2.1514811515808105,
            "dev_kl": 0.07131646533835997,
            "dev_objective": 2.2227976169191703
          },
          {
            "epoch": 214,
            "train_objective": 2.0211822986602783,
            "dev_nll": 2.151209592819214,
            "dev_kl": 0.071538771091159,
            "dev_objective": 2.2227483639103727
          },
          {
            "epoch": 215,
            "train_objective": 2.0210015773773193,
            "dev_nll": 2.150940418243408,
            "dev_kl": 0.07176057485748054,
            "dev_objective": 2.2227009931008888
          },
          {
            "epoch": 216,
            "train_objective": 2.0208234786987305,
            "dev_nll": 2.150675058364868,
            "dev_kl": 0.07198118659227278,
            "dev_objective": 2.222656244957141
          },
          {
            "epoch": 217,
            "train_objective": 2.0206477642059326,
            "dev_nll": 2.150413751602173,
            "dev_kl": 0.07220052896688382,
            "dev_objective": 2.2226142805690565
          },
          {
            "epoch": 218,
            "train_objective": 2.020474433898926,
            "dev_nll": 2.150155544281006,
            "dev_kl": 0.07241920722908406,
            "dev_objective": 2.22257475151009
          },
          {
            "epoch": 219,
            "train_objective": 2.020303726196289,
            "dev_nll": 2.1498992443084717,
            "dev_kl": 0.07263733855946812,
            "dev_objective": 2.22253658286794
          },
          {
            "epoch": 220,
            "train_objective": 2.020134687423706,
            "dev_nll": 2.149646282196045,
            "dev_kl": 0.07285433860365735,
            "dev_objective": 2.2225006207997025
          },
          {
            "epoch": 221,
            "train_objective": 2.019968032836914,
            "dev_nll": 2.1493980884552,
            "dev_kl": 0.07307010476094808,
            "dev_objective": 2.222468193216148
          },
          {
            "epoch": 222,
            "train_objective": 2.019803762435913,
            "dev_nll": 2.1491520404815674,
            "dev_kl": 0.07328515826515103,
            "dev_objective": 2.2224371987467184
          },
          {
            "epoch": 223,
            "train_objective": 2.019641637802124,
            "dev_nll": 2.1489086151123047,
            "dev_kl": 0.07349959901324654,
            "dev_objective": 2.2224082141255512
          },
          {
            "epoch": 224,
            "train_objective": 2.0194814205169678,
            "dev_nll": 2.1486685276031494,
            "dev_kl": 0.07371290365248456,
            "dev_objective": 2.222381431255634
          },
          {
            "epoch": 225,
            "train_objective": 2.0193238258361816,
            "dev_nll": 2.148432731628418,
            "dev_kl": 0.07392504643793255,
            "dev_objective": 2.2223577780663506
          },
          {
            "epoch": 226,
            "train_objective": 2.01916766166687,
            "dev_nll": 2.1481995582580566,
            "dev_kl": 0.07413642593594484,
            "dev_objective": 2.2223359841940016
          },
          {
            "epoch": 227,
            "train_objective": 2.0190138816833496,
            "dev_nll": 2.1479685306549072,
            "dev_kl": 0.07434709336204354,
            "dev_objective": 2.2223156240169506
          },
          {
            "epoch": 228,
            "train_objective": 2.018862009048462,
            "dev_nll": 2.1477415561676025,
            "dev_kl": 0.07455664439588901,
            "dev_objective": 2.2222982005634915
          },
          {
            "epoch": 229,
            "train_objective": 2.018712043762207,
            "dev_nll": 2.147517681121826,
            "dev_kl": 0.07476505102921827,
            "dev_objective": 2.2222827321510445
          },
          {
            "epoch": 230,
            "train_objective": 2.018564224243164,
            "dev_nll": 2.147296905517578,
            "dev_kl": 0.07497268774395072,
            "dev_objective": 2.2222695932615286
          },
          {
            "epoch": 231,
            "train_objective": 2.018418312072754,
            "dev_nll": 2.147078514099121,
            "dev_kl": 0.07517953301498363,
            "dev_objective": 2.2222580471141047
          },
          {
            "epoch": 232,
            "train_objective": 2.0182740688323975,
            "dev_nll": 2.1468636989593506,
            "dev_kl": 0.07538524110866494,
            "dev_objective": 2.2222489400680154
          },
          {
            "epoch": 233,
            "train_objective": 2.018131971359253,
            "dev_nll": 2.1466522216796875,
            "dev_kl": 0.07558981138245427,
            "dev_objective": 2.222242033062142
          },
          {
            "epoch": 234,
            "train_objective": 2.017991781234741,
            "dev_nll": 2.1464433670043945,
            "dev_kl": 0.07579363635632881,
            "dev_objective": 2.2222370033607235
          },
          {
            "epoch": 235,
            "train_objective": 2.017853021621704,
            "dev_nll": 2.1462371349334717,
            "dev_kl": 0.07599659069881652,
            "dev_objective": 2.222233725632288
          },
          {
            "epoch": 236,
            "train_objective": 2.0177161693573,
            "dev_nll": 2.1460344791412354,
            "dev_kl": 0.07619835650403947,
            "dev_objective": 2.2222328356452747
          },
          {
            "epoch": 237,
            "train_objective": 2.0175812244415283,
            "dev_nll": 2.1458349227905273,
            "dev_kl": 0.07639905130996029,
            "dev_objective": 2.2222339741004875
          },
          {
            "epoch": 238,
            "train_objective": 2.0174481868743896,
            "dev_nll": 2.1456375122070312,
            "dev_kl": 0.07659900739659058,
            "dev_objective": 2.222236519603622
          },
          {
            "epoch": 239,
            "train_objective": 2.0173163414001465,
            "dev_nll": 2.1454432010650635,
            "dev_kl": 0.07679798903463539,
            "dev_objective": 2.222241190099699
          },
          {
            "epoch": 240,
            "train_objective": 2.0171866416931152,
            "dev_nll": 2.145252227783203,
            "dev_kl": 0.07699576525609622,
            "dev_objective": 2.2222479930392995
          },
          {
            "epoch": 241,
            "train_objective": 2.0170583724975586,
            "dev_nll": 2.145064115524292,
            "dev_kl": 0.07719258759748335,
            "dev_objective": 2.2222567031217753
          },
          {
            "epoch": 242,
            "train_objective": 2.0169320106506348,
            "dev_nll": 2.1448781490325928,
            "dev_kl": 0.07738859832734447,
            "dev_objective": 2.2222667473599373
          },
          {
            "epoch": 243,
            "train_objective": 2.0168073177337646,
            "dev_nll": 2.144695520401001,
            "dev_kl": 0.0775835291922901,
            "dev_objective": 2.222279049593291
          },
          {
            "epoch": 244,
            "train_objective": 2.016684055328369,
            "dev_nll": 2.1445155143737793,
            "dev_kl": 0.07777729017169092,
            "dev_objective": 2.22229280454547
          },
          {
            "epoch": 245,
            "train_objective": 2.0165624618530273,
            "dev_nll": 2.1443381309509277,
            "dev_kl": 0.07797016291482042,
            "dev_objective": 2.222308293865748
          },
          {
            "epoch": 246,
            "train_objective": 2.01644229888916,
            "dev_nll": 2.144163131713867,
            "dev_kl": 0.07816216116410124,
            "dev_objective": 2.2223252928779686
          },
          {
            "epoch": 247,
            "train_objective": 2.016324043273926,
            "dev_nll": 2.143991470336914,
            "dev_kl": 0.07835299417723057,
            "dev_objective": 2.2223444645141446
          },
          {
            "epoch": 248,
            "train_objective": 2.016207218170166,
            "dev_nll": 2.143822193145752,
            "dev_kl": 0.07854270941195216,
            "dev_objective": 2.222364902557704
          },
          {
            "epoch": 249,
            "train_objective": 2.016091823577881,
            "dev_nll": 2.14365553855896,
            "dev_kl": 0.07873156573623419,
            "dev_objective": 2.222387104295194
          },
          {
            "epoch": 250,
            "train_objective": 2.0159778594970703,
            "dev_nll": 2.143491268157959,
            "dev_kl": 0.07891940102053359,
            "dev_objective": 2.2224106691784926
          },
          {
            "epoch": 251,
            "train_objective": 2.0158655643463135,
            "dev_nll": 2.1433298587799072,
            "dev_kl": 0.07910605948129597,
            "dev_objective": 2.222435918261203
          },
          {
            "epoch": 252,
            "train_objective": 2.0157546997070312,
            "dev_nll": 2.1431710720062256,
            "dev_kl": 0.07929171943430637,
            "dev_objective": 2.222462791440532
          },
          {
            "epoch": 253,
            "train_objective": 2.0156455039978027,
            "dev_nll": 2.1430141925811768,
            "dev_kl": 0.0794764424010014,
            "dev_objective": 2.222490634982178
          },
          {
            "epoch": 254,
            "train_objective": 2.0155372619628906,
            "dev_nll": 2.142860174179077,
            "dev_kl": 0.07966006106458777,
            "dev_objective": 2.222520235243665
          },
          {
            "epoch": 255,
            "train_objective": 2.0154306888580322,
            "dev_nll": 2.1427087783813477,
            "dev_kl": 0.07984249002495131,
            "dev_objective": 2.222551268406299
          },
          {
            "epoch": 256,
            "train_objective": 2.0153257846832275,
            "dev_nll": 2.142559766769409,
            "dev_kl": 0.08002397808600073,
            "dev_objective": 2.22258374485541
          },
          {
            "epoch": 257,
            "train_objective": 2.0152218341827393,
            "dev_nll": 2.1424124240875244,
            "dev_kl": 0.080204416474313,
            "dev_objective": 2.2226168405618374
          },
          {
            "epoch": 258,
            "train_objective": 2.0151193141937256,
            "dev_nll": 2.142268180847168,
            "dev_kl": 0.08038365182127485,
            "dev_objective": 2.222651832668443
          },
          {
            "epoch": 259,
            "train_objective": 2.0150184631347656,
            "dev_nll": 2.1421260833740234,
            "dev_kl": 0.08056183965053669,
            "dev_objective": 2.22268792302456
          },
          {
            "epoch": 260,
            "train_objective": 2.014918804168701,
            "dev_nll": 2.1419858932495117,
            "dev_kl": 0.08073903480905664,
            "dev_objective": 2.222724928058568
          },
          {
            "epoch": 261,
            "train_objective": 2.0148208141326904,
            "dev_nll": 2.141848087310791,
            "dev_kl": 0.08091504579453274,
            "dev_objective": 2.2227631331053237
          },
          {
            "epoch": 262,
            "train_objective": 2.014723539352417,
            "dev_nll": 2.1417129039764404,
            "dev_kl": 0.08108987733938319,
            "dev_objective": 2.2228027813158238
          },
          {
            "epoch": 263,
            "train_objective": 2.0146279335021973,
            "dev_nll": 2.1415793895721436,
            "dev_kl": 0.08126374071305112,
            "dev_objective": 2.2228431302851948
          },
          {
            "epoch": 264,
            "train_objective": 2.014533519744873,
            "dev_nll": 2.1414482593536377,
            "dev_kl": 0.08143643674606732,
            "dev_objective": 2.222884696099705
          },
          {
            "epoch": 265,
            "train_objective": 2.0144402980804443,
            "dev_nll": 2.1413190364837646,
            "dev_kl": 0.08160793075569031,
            "dev_objective": 2.222926967239455
          },
          {
            "epoch": 266,
            "train_objective": 2.0143485069274902,
            "dev_nll": 2.1411921977996826,
            "dev_kl": 0.08177832323451374,
            "dev_objective": 2.2229705210341963
          },
          {
            "epoch": 267,
            "train_objective": 2.0142579078674316,
            "dev_nll": 2.1410672664642334,
            "dev_kl": 0.08194766541971832,
            "dev_objective": 2.223014931883952
          },
          {
            "epoch": 268,
            "train_objective": 2.0141685009002686,
            "dev_nll": 2.140944480895996,
            "dev_kl": 0.08211573454832961,
            "dev_objective": 2.2230602154443257
          },
          {
            "epoch": 269,
            "train_objective": 2.014080286026001,
            "dev_nll": 2.1408233642578125,
            "dev_kl": 0.0822826562514312,
            "dev_objective": 2.2231060205092437
          },
          {
            "epoch": 270,
            "train_objective": 2.013993263244629,
            "dev_nll": 2.1407039165496826,
            "dev_kl": 0.08244850478575443,
            "dev_objective": 2.223152421335437
          },
          {
            "epoch": 271,
            "train_objective": 2.0139076709747314,
            "dev_nll": 2.1405866146087646,
            "dev_kl": 0.08261311899639609,
            "dev_objective": 2.2231997336051608
          },
          {
            "epoch": 272,
            "train_objective": 2.0138230323791504,
            "dev_nll": 2.1404712200164795,
            "dev_kl": 0.08277652167549082,
            "dev_objective": 2.2232477416919703
          },
          {
            "epoch": 273,
            "train_objective": 2.013739585876465,
            "dev_nll": 2.140357494354248,
            "dev_kl": 0.08293882167948656,
            "dev_objective": 2.2232963160337347
          }
        ]
      },
      {
        "kl_lambda": 3.0,
        "best_dev_nll": 2.2193284034729004,
        "best_dev_kl": 0.019850096604859008,
        "best_dev_objective": 2.2788786932874774,
        "epochs_run": 205,
        "history": [
          {
            "epoch": 0,
            "train_objective": 2.4010727405548096,
            "dev_nll": 2.347438335418701,
            "dev_kl": 0.007686904008981281,
            "dev_objective": 2.370499047445645
          },
          {
            "epoch": 1,
            "train_objective": 2.305792808532715,
            "dev_nll": 2.3288567066192627,
            "dev_kl": 0.027215520123041473,
            "dev_objective": 2.4105032669883872
          },
          {
            "epoch": 2,
            "train_objective": 2.3426337242126465,
            "dev_nll": 2.325164556503296,
            "dev_kl": 0.02153694831794164,
            "dev_objective": 2.3897754014571206
          },
          {
            "epoch": 3,
            "train_objective": 2.318873643875122,
            "dev_nll": 2.330219030380249,
            "dev_kl": 0.007983134263745589,
            "dev_objective": 2.354168433171486
          },
          {
            "epoch": 4,
            "train_objective": 2.2786178588867188,
            "dev_nll": 2.345639944076538,
            "dev_kl": 0.0011189034805509494,
            "dev_objective": 2.348996654518191
          },
          {
            "epoch": 5,
            "train_objective": 2.2694406509399414,
            "dev_nll": 2.3597970008850098,
            "dev_kl": 0.0021633993250037213,
            "dev_objective": 2.366287198860021
          },
          {
            "epoch": 6,
            "train_objective": 2.2817001342773438,
            "dev_nll": 2.359236478805542,
            "dev_kl": 0.0032170937990394326,
            "dev_objective": 2.3688877602026603
          },
          {
            "epoch": 7,
            "train_objective": 2.2798945903778076,
            "dev_nll": 2.345283031463623,
            "dev_kl": 0.002601340132771789,
            "dev_objective": 2.3530870518619382
          },
          {
            "epoch": 8,
            "train_objective": 2.262394905090332,
            "dev_nll": 2.327040672302246,
            "dev_kl": 0.003726644116379826,
            "dev_objective": 2.3382206046513856
          },
          {
            "epoch": 9,
            "train_objective": 2.248703718185425,
            "dev_nll": 2.312314987182617,
            "dev_kl": 0.007885451845295885,
            "dev_objective": 2.335971342718505
          },
          {
            "epoch": 10,
            "train_objective": 2.248704433441162,
            "dev_nll": 2.3036141395568848,
            "dev_kl": 0.012148127921467987,
            "dev_objective": 2.340058523321289
          },
          {
            "epoch": 11,
            "train_objective": 2.2541162967681885,
            "dev_nll": 2.3000073432922363,
            "dev_kl": 0.013617383831680586,
            "dev_objective": 2.3408594947872783
          },
          {
            "epoch": 12,
            "train_objective": 2.253971815109253,
            "dev_nll": 2.300511121749878,
            "dev_kl": 0.01211994848585897,
            "dev_objective": 2.336870967207455
          },
          {
            "epoch": 13,
            "train_objective": 2.2466320991516113,
            "dev_nll": 2.3047540187835693,
            "dev_kl": 0.009443947648748669,
            "dev_objective": 2.333085861729815
          },
          {
            "epoch": 14,
            "train_objective": 2.2379653453826904,
            "dev_nll": 2.3116724491119385,
            "dev_kl": 0.007582442536715476,
            "dev_objective": 2.334419776722085
          },
          {
            "epoch": 15,
            "train_objective": 2.234037160873413,
            "dev_nll": 2.318402051925659,
            "dev_kl": 0.007228790705233032,
            "dev_objective": 2.340088424041358
          },
          {
            "epoch": 16,
            "train_objective": 2.235220432281494,
            "dev_nll": 2.3212625980377197,
            "dev_kl": 0.00756156531048852,
            "dev_objective": 2.3439472939691854
          },
          {
            "epoch": 17,
            "train_objective": 2.236337184906006,
            "dev_nll": 2.3184733390808105,
            "dev_kl": 0.007753495721222269,
            "dev_objective": 2.3417338262444773
          },
          {
            "epoch": 18,
            "train_objective": 2.2332985401153564,
            "dev_nll": 2.311326026916504,
            "dev_kl": 0.00808080623843238,
            "dev_objective": 2.335568445631801
          },
          {
            "epoch": 19,
            "train_objective": 2.227565288543701,
            "dev_nll": 2.3027987480163574,
            "dev_kl": 0.009235736645050636,
            "dev_objective": 2.3305059579515093
          },
          {
            "epoch": 20,
            "train_objective": 2.223327398300171,
            "dev_nll": 2.2955281734466553,
            "dev_kl": 0.011153186180957326,
            "dev_objective": 2.3289877319895274
          },
          {
            "epoch": 21,
            "train_objective": 2.22244930267334,
            "dev_nll": 2.2907915115356445,
            "dev_kl": 0.012886962944067755,
            "dev_objective": 2.3294524003678476
          },
          {
            "epoch": 22,
            "train_objective": 2.2230212688446045,
            "dev_nll": 2.28875470161438,
            "dev_kl": 0.01347524585254678,
            "dev_objective": 2.32918043917202
          },
          {
            "epoch": 23,
            "train_objective": 2.2221152782440186,
            "dev_nll": 2.2891483306884766,
            "dev_kl": 0.012703950905833076,
            "dev_objective": 2.3272601834059756
          },
          {
            "epoch": 24,
            "train_objective": 2.2189278602600098,
            "dev_nll": 2.291522979736328,
            "dev_kl": 0.011143621740873556,
            "dev_objective": 2.324953844958949
          },
          {
            "epoch": 25,
            "train_objective": 2.215139627456665,
            "dev_nll": 2.2950100898742676,
            "dev_kl": 0.009627477403291566,
            "dev_objective": 2.3238925220841424
          },
          {
            "epoch": 26,
            "train_objective": 2.21280574798584,
            "dev_nll": 2.2981410026550293,
            "dev_kl": 0.008658354844069542,
            "dev_objective": 2.324116067187238
          },
          {
            "epoch": 27,
            "train_objective": 2.212153434753418,
            "dev_nll": 2.299309253692627,
            "dev_kl": 0.008236038915848164,
            "dev_objective": 2.3240173704401714
          },
          {
            "epoch": 28,
            "train_objective": 2.211548328399658,
            "dev_nll": 2.2976975440979004,
            "dev_kl": 0.008204080624679146,
            "dev_objective": 2.322309785971938
          },
          {
            "epoch": 29,
            "train_objective": 2.2096004486083984,
            "dev_nll": 2.2937798500061035,
            "dev_kl": 0.008577282506207278,
            "dev_objective": 2.3195116975247254
          },
          {
            "epoch": 30,
            "train_objective": 2.206727981567383,
            "dev_nll": 2.28892183303833,
            "dev_kl": 0.00940687303447576,
            "dev_objective": 2.3171424521417574
          },
          {
            "epoch": 31,
            "train_objective": 2.204380989074707,
            "dev_nll": 2.2845420837402344,
            "dev_kl": 0.010468704041180223,
            "dev_objective": 2.315948195863775
          },
          {
            "epoch": 32,
            "train_objective": 2.203230381011963,
            "dev_nll": 2.281545400619507,
            "dev_kl": 0.01127315209294099,
            "dev_objective": 2.31536485689833
          },
          {
            "epoch": 33,
            "train_objective": 2.202575445175171,
            "dev_nll": 2.280259132385254,
            "dev_kl": 0.011411443926202667,
            "dev_objective": 2.3144934641638617
          },
          {
            "epoch": 34,
            "train_objective": 2.2013823986053467,
            "dev_nll": 2.2806084156036377,
            "dev_kl": 0.01085562840268348,
            "dev_objective": 2.313175300811688
          },
          {
            "epoch": 35,
            "train_objective": 2.1994681358337402,
            "dev_nll": 2.28218936920166,
            "dev_kl": 0.009945115098430117,
            "dev_objective": 2.3120247144969506
          },
          {
            "epoch": 36,
            "train_objective": 2.197543144226074,
            "dev_nll": 2.284230947494507,
            "dev_kl": 0.009115878135902634,
            "dev_objective": 2.3115785819022148
          },
          {
            "epoch": 37,
            "train_objective": 2.1962661743164062,
            "dev_nll": 2.285698413848877,
            "dev_kl": 0.008628337851602786,
            "dev_objective": 2.3115834274036855
          },
          {
            "epoch": 38,
            "train_objective": 2.1954691410064697,
            "dev_nll": 2.285710096359253,
            "dev_kl": 0.008522081164491558,
            "dev_objective": 2.3112763398527276
          },
          {
            "epoch": 39,
            "train_objective": 2.1944420337677,
            "dev_nll": 2.2840309143066406,
            "dev_kl": 0.00876119822063375,
            "dev_objective": 2.310314508968542
          },
          {
            "epoch": 40,
            "train_objective": 2.192862033843994,
            "dev_nll": 2.28118896484375,
            "dev_kl": 0.009311829941110801,
            "dev_objective": 2.3091244546670824
          },
          {
            "epoch": 41,
            "train_objective": 2.1911368370056152,
            "dev_nll": 2.2781198024749756,
            "dev_kl": 0.010054795478485062,
            "dev_objective": 2.308284188910431
          },
          {
            "epoch": 42,
            "train_objective": 2.1897873878479004,
            "dev_nll": 2.2756764888763428,
            "dev_kl": 0.01072712754830718,
            "dev_objective": 2.3078578715212643
          },
          {
            "epoch": 43,
            "train_objective": 2.1887905597686768,
            "dev_nll": 2.274348258972168,
            "dev_kl": 0.011047806396318758,
            "dev_objective": 2.3074916781611243
          },
          {
            "epoch": 44,
            "train_objective": 2.18770694732666,
            "dev_nll": 2.274226665496826,
            "dev_kl": 0.010918257768850687,
            "dev_objective": 2.306981438803378
          },
          {
            "epoch": 45,
            "train_objective": 2.1863038539886475,
            "dev_nll": 2.275048017501831,
            "dev_kl": 0.010488704078859656,
            "dev_objective": 2.30651412973841
          },
          {
            "epoch": 46,
            "train_objective": 2.184821844100952,
            "dev_nll": 2.276235342025757,
            "dev_kl": 0.010032766854188354,
            "dev_objective": 2.306333642588322
          },
          {
            "epoch": 47,
            "train_objective": 2.183605194091797,
            "dev_nll": 2.2770349979400635,
            "dev_kl": 0.009763673065652595,
            "dev_objective": 2.3063260171370215
          },
          {
            "epoch": 48,
            "train_objective": 2.1826391220092773,
            "dev_nll": 2.276829242706299,
            "dev_kl": 0.009760290594110915,
            "dev_objective": 2.306110114488632
          },
          {
            "epoch": 49,
            "train_objective": 2.181612014770508,
            "dev_nll": 2.275468587875366,
            "dev_kl": 0.010014708179171926,
            "dev_objective": 2.305512712412882
          },
          {
            "epoch": 50,
            "train_objective": 2.180377960205078,
            "dev_nll": 2.273341655731201,
            "dev_kl": 0.010469230258063044,
            "dev_objective": 2.3047493465053903
          },
          {
            "epoch": 51,
            "train_objective": 2.1791298389434814,
            "dev_nll": 2.2711236476898193,
            "dev_kl": 0.010991139240858918,
            "dev_objective": 2.304097065412396
          },
          {
            "epoch": 52,
            "train_objective": 2.1780734062194824,
            "dev_nll": 2.2694265842437744,
            "dev_kl": 0.011385384122227398,
            "dev_objective": 2.3035827366104566
          },
          {
            "epoch": 53,
            "train_objective": 2.1771352291107178,
            "dev_nll": 2.2685799598693848,
            "dev_kl": 0.011501848437758378,
            "dev_objective": 2.30308550518266
          },
          {
            "epoch": 54,
            "train_objective": 2.17611026763916,
            "dev_nll": 2.2685720920562744,
            "dev_kl": 0.011341865341424538,
            "dev_objective": 2.302597688080548
          },
          {
            "epoch": 55,
            "train_objective": 2.174968957901001,
            "dev_nll": 2.2690789699554443,
            "dev_kl": 0.011049325661390818,
            "dev_objective": 2.3022269469396166
          },
          {
            "epoch": 56,
            "train_objective": 2.1738739013671875,
            "dev_nll": 2.269569158554077,
            "dev_kl": 0.010800411193965494,
            "dev_objective": 2.3019703921359738
          },
          {
            "epoch": 57,
            "train_objective": 2.1729180812835693,
            "dev_nll": 2.2695164680480957,
            "dev_kl": 0.010705694499833496,
            "dev_objective": 2.3016335515475963
          },
          {
            "epoch": 58,
            "train_objective": 2.172001600265503,
            "dev_nll": 2.268669605255127,
            "dev_kl": 0.01079396723229041,
            "dev_objective": 2.3010515069519983
          },
          {
            "epoch": 59,
            "train_objective": 2.1710073947906494,
            "dev_nll": 2.2671849727630615,
            "dev_kl": 0.011034534617359641,
            "dev_objective": 2.3002885766151406
          },
          {
            "epoch": 60,
            "train_objective": 2.169980525970459,
            "dev_nll": 2.2655138969421387,
            "dev_kl": 0.011341240052169896,
            "dev_objective": 2.2995376170986486
          },
          {
            "epoch": 61,
            "train_objective": 2.169034481048584,
            "dev_nll": 2.264146566390991,
            "dev_kl": 0.011586278768584797,
            "dev_objective": 2.2989054026967457
          },
          {
            "epoch": 62,
            "train_objective": 2.168168067932129,
            "dev_nll": 2.263387441635132,
            "dev_kl": 0.011663918982191343,
            "dev_objective": 2.298379198581706
          },
          {
            "epoch": 63,
            "train_objective": 2.167285442352295,
            "dev_nll": 2.2632598876953125,
            "dev_kl": 0.011562066869007048,
            "dev_objective": 2.2979460883023335
          },
          {
            "epoch": 64,
            "train_objective": 2.166358232498169,
            "dev_nll": 2.2635183334350586,
            "dev_kl": 0.01136730443401977,
            "dev_objective": 2.297620246737118
          },
          {
            "epoch": 65,
            "train_objective": 2.165456771850586,
            "dev_nll": 2.2637529373168945,
            "dev_kl": 0.011199528244486468,
            "dev_objective": 2.297351522050354
          },
          {
            "epoch": 66,
            "train_objective": 2.164626359939575,
            "dev_nll": 2.2635788917541504,
            "dev_kl": 0.011143404546883246,
            "dev_objective": 2.2970091053948
          },
          {
            "epoch": 67,
            "train_objective": 2.163818359375,
            "dev_nll": 2.26283597946167,
            "dev_kl": 0.01122449745641581,
            "dev_objective": 2.2965094718309174
          },
          {
            "epoch": 68,
            "train_objective": 2.1629831790924072,
            "dev_nll": 2.261669158935547,
            "dev_kl": 0.011413750806805324,
            "dev_objective": 2.2959104113559627
          },
          {
            "epoch": 69,
            "train_objective": 2.1621508598327637,
            "dev_nll": 2.2604241371154785,
            "dev_kl": 0.011635956638032397,
            "dev_objective": 2.2953320070295757
          },
          {
            "epoch": 70,
            "train_objective": 2.161369562149048,
            "dev_nll": 2.2594470977783203,
            "dev_kl": 0.011797274076181297,
            "dev_objective": 2.2948389200068644
          },
          {
            "epoch": 71,
            "train_objective": 2.160623550415039,
            "dev_nll": 2.2589168548583984,
            "dev_kl": 0.011839319307487025,
            "dev_objective": 2.2944348127808594
          },
          {
            "epoch": 72,
            "train_objective": 2.1598682403564453,
            "dev_nll": 2.258779764175415,
            "dev_kl": 0.011778183041597074,
            "dev_objective": 2.294114313300206
          },
          {
            "epoch": 73,
            "train_objective": 2.159109115600586,
            "dev_nll": 2.2587881088256836,
            "dev_kl": 0.01168896893423787,
            "dev_objective": 2.293855015628397
          },
          {
            "epoch": 74,
            "train_objective": 2.1583824157714844,
            "dev_nll": 2.2586231231689453,
            "dev_kl": 0.011652511755923214,
            "dev_objective": 2.293580658436715
          },
          {
            "epoch": 75,
            "train_objective": 2.157689094543457,
            "dev_nll": 2.258068799972534,
            "dev_kl": 0.011712967874996667,
            "dev_objective": 2.293207703597524
          },
          {
            "epoch": 76,
            "train_objective": 2.156996488571167,
            "dev_nll": 2.2571308612823486,
            "dev_kl": 0.011865938862500525,
            "dev_objective": 2.2927286778698504
          },
          {
            "epoch": 77,
            "train_objective": 2.1563005447387695,
            "dev_nll": 2.2560243606567383,
            "dev_kl": 0.01206447103294515,
            "dev_objective": 2.292217773755574
          },
          {
            "epoch": 78,
            "train_objective": 2.155627727508545,
            "dev_nll": 2.255032777786255,
            "dev_kl": 0.012239456482009616,
            "dev_objective": 2.291751147232284
          },
          {
            "epoch": 79,
            "train_objective": 2.1549835205078125,
            "dev_nll": 2.2543513774871826,
            "dev_kl": 0.012337608860314701,
            "dev_objective": 2.2913642040681266
          },
          {
            "epoch": 80,
            "train_objective": 2.1543467044830322,
            "dev_nll": 2.2539937496185303,
            "dev_kl": 0.01235586765958646,
            "dev_objective": 2.2910613525972896
          },
          {
            "epoch": 81,
            "train_objective": 2.1537115573883057,
            "dev_nll": 2.253796100616455,
            "dev_kl": 0.012340296490989668,
            "dev_objective": 2.290816990089424
          },
          {
            "epoch": 82,
            "train_objective": 2.1530954837799072,
            "dev_nll": 2.25351619720459,
            "dev_kl": 0.012350910810470336,
            "dev_objective": 2.290568929636001
          },
          {
            "epoch": 83,
            "train_objective": 2.152503490447998,
            "dev_nll": 2.252972364425659,
            "dev_kl": 0.012425412743825234,
            "dev_objective": 2.290248602657135
          },
          {
            "epoch": 84,
            "train_objective": 2.1519196033477783,
            "dev_nll": 2.2521533966064453,
            "dev_kl": 0.01256392576552155,
            "dev_objective": 2.28984517390301
          },
          {
            "epoch": 85,
            "train_objective": 2.151339054107666,
            "dev_nll": 2.251216411590576,
            "dev_kl": 0.012732374004012536,
            "dev_objective": 2.289413533602614
          },
          {
            "epoch": 86,
            "train_objective": 2.1507744789123535,
            "dev_nll": 2.250378370285034,
            "dev_kl": 0.01288054463459908,
            "dev_objective": 2.2890200041888313
          },
          {
            "epoch": 87,
            "train_objective": 2.150228500366211,
            "dev_nll": 2.249781608581543,
            "dev_kl": 0.012972119447952065,
            "dev_objective": 2.2886979669253993
          },
          {
            "epoch": 88,
            "train_objective": 2.1496899127960205,
            "dev_nll": 2.2494208812713623,
            "dev_kl": 0.013008715967284949,
            "dev_objective": 2.2884470291732173
          },
          {
            "epoch": 89,
            "train_objective": 2.1491570472717285,
            "dev_nll": 2.2491540908813477,
            "dev_kl": 0.013026418323428261,
            "dev_objective": 2.2882333458516326
          },
          {
            "epoch": 90,
            "train_objective": 2.14863920211792,
            "dev_nll": 2.248791456222534,
            "dev_kl": 0.013068598052558974,
            "dev_objective": 2.287997250380211
          },
          {
            "epoch": 91,
            "train_objective": 2.1481363773345947,
            "dev_nll": 2.2482190132141113,
            "dev_kl": 0.013159096647999718,
            "dev_objective": 2.2876963031581106
          },
          {
            "epoch": 92,
            "train_objective": 2.1476399898529053,
            "dev_nll": 2.247464179992676,
            "dev_kl": 0.013291502815658631,
            "dev_objective": 2.2873386884396516
          },
          {
            "epoch": 93,
            "train_objective": 2.147151231765747,
            "dev_nll": 2.2466702461242676,
            "dev_kl": 0.013434711275189075,
            "dev_objective": 2.286974379949835
          },
          {
            "epoch": 94,
            "train_objective": 2.146676540374756,
            "dev_nll": 2.2459938526153564,
            "dev_kl": 0.013552352622270497,
            "dev_objective": 2.2866509104821677
          },
          {
            "epoch": 95,
            "train_objective": 2.1462128162384033,
            "dev_nll": 2.2455060482025146,
            "dev_kl": 0.013627165216003191,
            "dev_objective": 2.286387543850524
          },
          {
            "epoch": 96,
            "train_objective": 2.1457560062408447,
            "dev_nll": 2.2451531887054443,
            "dev_kl": 0.013672485624082647,
            "dev_objective": 2.2861706455776925
          },
          {
            "epoch": 97,
            "train_objective": 2.1453075408935547,
            "dev_nll": 2.2447993755340576,
            "dev_kl": 0.013720489692081906,
            "dev_objective": 2.2859608446103032
          },
          {
            "epoch": 98,
            "train_objective": 2.144871711730957,
            "dev_nll": 2.2443196773529053,
            "dev_kl": 0.01379866357224943,
            "dev_objective": 2.2857156680696535
          },
          {
            "epoch": 99,
            "train_objective": 2.144444465637207,
            "dev_nll": 2.243683099746704,
            "dev_kl": 0.013913171629370877,
            "dev_objective": 2.285422614634817
          },
          {
            "epoch": 100,
            "train_objective": 2.144023895263672,
            "dev_nll": 2.242969512939453,
            "dev_kl": 0.014046893807492659,
            "dev_objective": 2.285110194361931
          },
          {
            "epoch": 101,
            "train_objective": 2.1436126232147217,
            "dev_nll": 2.2423062324523926,
            "dev_kl": 0.014171614446099703,
            "dev_objective": 2.2848210757906915
          },
          {
            "epoch": 102,
            "train_objective": 2.143211841583252,
            "dev_nll": 2.2417781352996826,
            "dev_kl": 0.014267470461565481,
            "dev_objective": 2.284580546684379
          },
          {
            "epoch": 103,
            "train_objective": 2.1428184509277344,
            "dev_nll": 2.2413759231567383,
            "dev_kl": 0.014337044114936432,
            "dev_objective": 2.2843870555015475
          },
          {
            "epoch": 104,
            "train_objective": 2.14243221282959,
            "dev_nll": 2.241007089614868,
            "dev_kl": 0.01440162133053667,
            "dev_objective": 2.284211953606478
          },
          {
            "epoch": 105,
            "train_objective": 2.142055034637451,
            "dev_nll": 2.2405662536621094,
            "dev_kl": 0.01448427307529577,
            "dev_objective": 2.2840190728879968
          },
          {
            "epoch": 106,
            "train_objective": 2.14168643951416,
            "dev_nll": 2.240010976791382,
            "dev_kl": 0.014593738364958198,
            "dev_objective": 2.2837921918862563
          },
          {
            "epoch": 107,
            "train_objective": 2.141324281692505,
            "dev_nll": 2.239387273788452,
            "dev_kl": 0.01471995476898629,
            "dev_objective": 2.283547138095411
          },
          {
            "epoch": 108,
            "train_objective": 2.140970230102539,
            "dev_nll": 2.23879075050354,
            "dev_kl": 0.014841838526835507,
            "dev_objective": 2.2833162660840465
          },
          {
            "epoch": 109,
            "train_objective": 2.1406240463256836,
            "dev_nll": 2.2382938861846924,
            "dev_kl": 0.014942979541166808,
            "dev_objective": 2.283122824808193
          },
          {
            "epoch": 110,
            "train_objective": 2.1402854919433594,
            "dev_nll": 2.2378957271575928,
            "dev_kl": 0.015023479133920182,
            "dev_objective": 2.2829661645593533
          },
          {
            "epoch": 111,
            "train_objective": 2.139953374862671,
            "dev_nll": 2.23752760887146,
            "dev_kl": 0.015098680275521248,
            "dev_objective": 2.282823649698024
          },
          {
            "epoch": 112,
            "train_objective": 2.1396288871765137,
            "dev_nll": 2.237107515335083,
            "dev_kl": 0.015186293259562651,
            "dev_objective": 2.282666395113771
          },
          {
            "epoch": 113,
            "train_objective": 2.1393120288848877,
            "dev_nll": 2.2366034984588623,
            "dev_kl": 0.01529313287022704,
            "dev_objective": 2.2824828970695434
          },
          {
            "epoch": 114,
            "train_objective": 2.1390013694763184,
            "dev_nll": 2.236051082611084,
            "dev_kl": 0.015411231164593076,
            "dev_objective": 2.2822847761048632
          },
          {
            "epoch": 115,
            "train_objective": 2.138697624206543,
            "dev_nll": 2.2355246543884277,
            "dev_kl": 0.015524531547666,
            "dev_objective": 2.2820982490314257
          },
          {
            "epoch": 116,
            "train_objective": 2.1384010314941406,
            "dev_nll": 2.2350761890411377,
            "dev_kl": 0.015621523762684922,
            "dev_objective": 2.2819407603291926
          },
          {
            "epoch": 117,
            "train_objective": 2.138110876083374,
            "dev_nll": 2.2346975803375244,
            "dev_kl": 0.015703969327787067,
            "dev_objective": 2.2818094883208855
          },
          {
            "epoch": 118,
            "train_objective": 2.137826681137085,
            "dev_nll": 2.2343320846557617,
            "dev_kl": 0.015784526436928976,
            "dev_objective": 2.281685663966549
          },
          {
            "epoch": 119,
            "train_objective": 2.13754940032959,
            "dev_nll": 2.2339210510253906,
            "dev_kl": 0.01587588168534472,
            "dev_objective": 2.281548696081425
          },
          {
            "epoch": 120,
            "train_objective": 2.1372785568237305,
            "dev_nll": 2.233449935913086,
            "dev_kl": 0.015981140098437062,
            "dev_objective": 2.281393356208397
          },
          {
            "epoch": 121,
            "train_objective": 2.1370134353637695,
            "dev_nll": 2.232957124710083,
            "dev_kl": 0.016092103730901614,
            "dev_objective": 2.281233435902788
          },
          {
            "epoch": 122,
            "train_objective": 2.1367545127868652,
            "dev_nll": 2.232499122619629,
            "dev_kl": 0.016196543078277576,
            "dev_objective": 2.281088751854462
          },
          {
            "epoch": 123,
            "train_objective": 2.1365020275115967,
            "dev_nll": 2.2321043014526367,
            "dev_kl": 0.016288247344340378,
            "dev_objective": 2.280969043485658
          },
          {
            "epoch": 124,
            "train_objective": 2.1362552642822266,
            "dev_nll": 2.231752872467041,
            "dev_kl": 0.016371669615943763,
            "dev_objective": 2.2808678813148724
          },
          {
            "epoch": 125,
            "train_objective": 2.136013984680176,
            "dev_nll": 2.231395721435547,
            "dev_kl": 0.01645748295718371,
            "dev_objective": 2.280768170307098
          },
          {
            "epoch": 126,
            "train_objective": 2.1357786655426025,
            "dev_nll": 2.230996608734131,
            "dev_kl": 0.016553397050358413,
            "dev_objective": 2.280656799885206
          },
          {
            "epoch": 127,
            "train_objective": 2.1355490684509277,
            "dev_nll": 2.2305610179901123,
            "dev_kl": 0.016658214725420426,
            "dev_objective": 2.2805356621663737
          },
          {
            "epoch": 128,
            "train_objective": 2.135324716567993,
            "dev_nll": 2.230128526687622,
            "dev_kl": 0.01676345526650476,
            "dev_objective": 2.2804188924871363
          },
          {
            "epoch": 129,
            "train_objective": 2.135106086730957,
            "dev_nll": 2.229736804962158,
            "dev_kl": 0.01686085350071477,
            "dev_objective": 2.2803193654643024
          },
          {
            "epoch": 130,
            "train_objective": 2.134892702102661,
            "dev_nll": 2.2293903827667236,
            "dev_kl": 0.016949308459924952,
            "dev_objective": 2.2802383081464983
          },
          {
            "epoch": 131,
            "train_objective": 2.1346843242645264,
            "dev_nll": 2.2290596961975098,
            "dev_kl": 0.01703520368490469,
            "dev_objective": 2.280165307252224
          },
          {
            "epoch": 132,
            "train_objective": 2.134481191635132,
            "dev_nll": 2.228708267211914,
            "dev_kl": 0.017126405066106642,
            "dev_objective": 2.280087482410234
          },
          {
            "epoch": 133,
            "train_objective": 2.1342833042144775,
            "dev_nll": 2.2283239364624023,
            "dev_kl": 0.017225447770969782,
            "dev_objective": 2.2800002797753116
          },
          {
            "epoch": 134,
            "train_objective": 2.1340901851654053,
            "dev_nll": 2.2279279232025146,
            "dev_kl": 0.017327728216056243,
            "dev_objective": 2.2799111078506833
          },
          {
            "epoch": 135,
            "train_objective": 2.133901834487915,
            "dev_nll": 2.2275540828704834,
            "dev_kl": 0.01742597269715539,
            "dev_objective": 2.2798320009619495
          },
          {
            "epoch": 136,
            "train_objective": 2.133718252182007,
            "dev_nll": 2.227216958999634,
            "dev_kl": 0.017516654537532247,
            "dev_objective": 2.2797669226122306
          },
          {
            "epoch": 137,
            "train_objective": 2.1335391998291016,
            "dev_nll": 2.226903200149536,
            "dev_kl": 0.017602759837570002,
            "dev_objective": 2.279711479662246
          },
          {
            "epoch": 138,
            "train_objective": 2.1333649158477783,
            "dev_nll": 2.22658371925354,
            "dev_kl": 0.01769059248875047,
            "dev_objective": 2.2796554967197915
          },
          {
            "epoch": 139,
            "train_objective": 2.133194923400879,
            "dev_nll": 2.22624135017395,
            "dev_kl": 0.017783886617204796,
            "dev_objective": 2.2795930100255646
          },
          {
            "epoch": 140,
            "train_objective": 2.1330292224884033,
            "dev_nll": 2.225884199142456,
            "dev_kl": 0.01788072004262719,
            "dev_objective": 2.2795263592703376
          },
          {
            "epoch": 141,
            "train_objective": 2.1328680515289307,
            "dev_nll": 2.225538492202759,
            "dev_kl": 0.017975551021184283,
            "dev_objective": 2.2794651452663115
          },
          {
            "epoch": 142,
            "train_objective": 2.1327104568481445,
            "dev_nll": 2.2252211570739746,
            "dev_kl": 0.018064502931232455,
            "dev_objective": 2.279414665867672
          },
          {
            "epoch": 143,
            "train_objective": 2.1325571537017822,
            "dev_nll": 2.2249271869659424,
            "dev_kl": 0.018148662988096476,
            "dev_objective": 2.279373175930232
          },
          {
            "epoch": 144,
            "train_objective": 2.1324076652526855,
            "dev_nll": 2.224635124206543,
            "dev_kl": 0.018232723037430714,
            "dev_objective": 2.2793332933188353
          },
          {
            "epoch": 145,
            "train_objective": 2.1322624683380127,
            "dev_nll": 2.2243282794952393,
            "dev_kl": 0.018320391816448046,
            "dev_objective": 2.2792894549445832
          },
          {
            "epoch": 146,
            "train_objective": 2.132120370864868,
            "dev_nll": 2.224008798599243,
            "dev_kl": 0.01841108966348043,
            "dev_objective": 2.2792420675896845
          },
          {
            "epoch": 147,
            "train_objective": 2.1319823265075684,
            "dev_nll": 2.2236950397491455,
            "dev_kl": 0.018500788272683356,
            "dev_objective": 2.2791974045671957
          },
          {
            "epoch": 148,
            "train_objective": 2.131847620010376,
            "dev_nll": 2.2234034538269043,
            "dev_kl": 0.018586083484069957,
            "dev_objective": 2.2791617042791144
          },
          {
            "epoch": 149,
            "train_objective": 2.13171648979187,
            "dev_nll": 2.2231311798095703,
            "dev_kl": 0.01866727109633877,
            "dev_objective": 2.2791329930985866
          },
          {
            "epoch": 150,
            "train_objective": 2.1315886974334717,
            "dev_nll": 2.22286319732666,
            "dev_kl": 0.018747858755478217,
            "dev_objective": 2.279106773593095
          },
          {
            "epoch": 151,
            "train_objective": 2.1314642429351807,
            "dev_nll": 2.2225852012634277,
            "dev_kl": 0.018830961565840847,
            "dev_objective": 2.27907808596095
          },
          {
            "epoch": 152,
            "train_objective": 2.131342649459839,
            "dev_nll": 2.2222979068756104,
            "dev_kl": 0.018916398963652725,
            "dev_objective": 2.2790471037665685
          },
          {
            "epoch": 153,
            "train_objective": 2.1312243938446045,
            "dev_nll": 2.222014904022217,
            "dev_kl": 0.0190011232237642,
            "dev_objective": 2.2790182736935094
          },
          {
            "epoch": 154,
            "train_objective": 2.1311087608337402,
            "dev_nll": 2.2217483520507812,
            "dev_kl": 0.0190823838121958,
            "dev_objective": 2.278995503487369
          },
          {
            "epoch": 155,
            "train_objective": 2.1309964656829834,
            "dev_nll": 2.221498489379883,
            "dev_kl": 0.019160324090355358,
            "dev_objective": 2.278979461650949
          },
          {
            "epoch": 156,
            "train_objective": 2.1308867931365967,
            "dev_nll": 2.221251964569092,
            "dev_kl": 0.01923764800714228,
            "dev_objective": 2.2789649085905186
          },
          {
            "epoch": 157,
            "train_objective": 2.13077974319458,
            "dev_nll": 2.220998525619507,
            "dev_kl": 0.019316714809297822,
            "dev_objective": 2.2789486700474004
          },
          {
            "epoch": 158,
            "train_objective": 2.1306753158569336,
            "dev_nll": 2.2207393646240234,
            "dev_kl": 0.019397247443697595,
            "dev_objective": 2.2789311069551164
          },
          {
            "epoch": 159,
            "train_objective": 2.1305735111236572,
            "dev_nll": 2.220484733581543,
            "dev_kl": 0.019476837436163207,
            "dev_objective": 2.278915245890033
          },
          {
            "epoch": 160,
            "train_objective": 2.130474328994751,
            "dev_nll": 2.2202446460723877,
            "dev_kl": 0.019553386102712084,
            "dev_objective": 2.278904804380524
          },
          {
            "epoch": 161,
            "train_objective": 2.1303775310516357,
            "dev_nll": 2.2200164794921875,
            "dev_kl": 0.01962723326237598,
            "dev_objective": 2.2788981792793153
          },
          {
            "epoch": 162,
            "train_objective": 2.1302831172943115,
            "dev_nll": 2.2197916507720947,
            "dev_kl": 0.019700556075698587,
            "dev_objective": 2.2788933189991907
          },
          {
            "epoch": 163,
            "train_objective": 2.130190372467041,
            "dev_nll": 2.2195613384246826,
            "dev_kl": 0.019775029843088324,
            "dev_objective": 2.278886427953948
          },
          {
            "epoch": 164,
            "train_objective": 2.1301004886627197,
            "dev_nll": 2.2193284034729004,
            "dev_kl": 0.019850096604859008,
            "dev_objective": 2.2788786932874774
          },
          {
            "epoch": 165,
            "train_objective": 2.1300125122070312,
            "dev_nll": 2.2191014289855957,
            "dev_kl": 0.019923744258441956,
            "dev_objective": 2.2788726617609214
          },
          {
            "epoch": 166,
            "train_objective": 2.1299264430999756,
            "dev_nll": 2.2188873291015625,
            "dev_kl": 0.019994624570019312,
            "dev_objective": 2.2788712028116205
          },
          {
            "epoch": 167,
            "train_objective": 2.129842519760132,
            "dev_nll": 2.218681573867798,
            "dev_kl": 0.02006339301290207,
            "dev_objective": 2.278871752906504
          },
          {
            "epoch": 168,
            "train_objective": 2.129760265350342,
            "dev_nll": 2.218477249145508,
            "dev_kl": 0.020131839022343587,
            "dev_objective": 2.2788727662125385
          },
          {
            "epoch": 169,
            "train_objective": 2.1296803951263428,
            "dev_nll": 2.2182695865631104,
            "dev_kl": 0.02020095342539193,
            "dev_objective": 2.2788724468392862
          },
          {
            "epoch": 170,
            "train_objective": 2.12960147857666,
            "dev_nll": 2.218061923980713,
            "dev_kl": 0.02026990043674415,
            "dev_objective": 2.2788716252909453
          },
          {
            "epoch": 171,
            "train_objective": 2.1295249462127686,
            "dev_nll": 2.2178616523742676,
            "dev_kl": 0.020337068257391337,
            "dev_objective": 2.2788728571464416
          },
          {
            "epoch": 172,
            "train_objective": 2.1294498443603516,
            "dev_nll": 2.2176713943481445,
            "dev_kl": 0.020401834079800823,
            "dev_objective": 2.2788768965875468
          },
          {
            "epoch": 173,
            "train_objective": 2.129376173019409,
            "dev_nll": 2.217487096786499,
            "dev_kl": 0.02046513266125044,
            "dev_objective": 2.2788824947702504
          },
          {
            "epoch": 174,
            "train_objective": 2.1293044090270996,
            "dev_nll": 2.2173025608062744,
            "dev_kl": 0.020528346965677836,
            "dev_objective": 2.2788876017033077
          },
          {
            "epoch": 175,
            "train_objective": 2.1292338371276855,
            "dev_nll": 2.217116355895996,
            "dev_kl": 0.020591790696728774,
            "dev_objective": 2.2788917279861822
          },
          {
            "epoch": 176,
            "train_objective": 2.129164934158325,
            "dev_nll": 2.216933012008667,
            "dev_kl": 0.020654493349499627,
            "dev_objective": 2.2788964920571657
          },
          {
            "epoch": 177,
            "train_objective": 2.1290974617004395,
            "dev_nll": 2.21675705909729,
            "dev_kl": 0.02071528567918107,
            "dev_objective": 2.2789029161348333
          },
          {
            "epoch": 178,
            "train_objective": 2.129031181335449,
            "dev_nll": 2.2165887355804443,
            "dev_kl": 0.02077422318474729,
            "dev_objective": 2.278911405134686
          },
          {
            "epoch": 179,
            "train_objective": 2.1289663314819336,
            "dev_nll": 2.216423273086548,
            "dev_kl": 0.020832332326261718,
            "dev_objective": 2.278920270065333
          },
          {
            "epoch": 180,
            "train_objective": 2.1289026737213135,
            "dev_nll": 2.216257333755493,
            "dev_kl": 0.02089043474095592,
            "dev_objective": 2.278928637978361
          },
          {
            "epoch": 181,
            "train_objective": 2.128840208053589,
            "dev_nll": 2.2160911560058594,
            "dev_kl": 0.02094832258235822,
            "dev_objective": 2.278936123752934
          },
          {
            "epoch": 182,
            "train_objective": 2.128779172897339,
            "dev_nll": 2.2159297466278076,
            "dev_kl": 0.021005004401636388,
            "dev_objective": 2.278944759832717
          },
          {
            "epoch": 183,
            "train_objective": 2.128718852996826,
            "dev_nll": 2.21577525138855,
            "dev_kl": 0.02105993496943554,
            "dev_objective": 2.2789550562968564
          },
          {
            "epoch": 184,
            "train_objective": 2.128659963607788,
            "dev_nll": 2.215625524520874,
            "dev_kl": 0.02111359004629776,
            "dev_objective": 2.2789662946597673
          },
          {
            "epoch": 185,
            "train_objective": 2.1286022663116455,
            "dev_nll": 2.2154769897460938,
            "dev_kl": 0.021166843432543235,
            "dev_objective": 2.2789775200437234
          },
          {
            "epoch": 186,
            "train_objective": 2.1285452842712402,
            "dev_nll": 2.215327739715576,
            "dev_kl": 0.02121996627705417,
            "dev_objective": 2.278987638546739
          },
          {
            "epoch": 187,
            "train_objective": 2.1284894943237305,
            "dev_nll": 2.2151811122894287,
            "dev_kl": 0.02127235297243609,
            "dev_objective": 2.278998171206737
          },
          {
            "epoch": 188,
            "train_objective": 2.128434419631958,
            "dev_nll": 2.2150399684906006,
            "dev_kl": 0.021323307788237756,
            "dev_objective": 2.279009891855314
          },
          {
            "epoch": 189,
            "train_objective": 2.128380537033081,
            "dev_nll": 2.214904308319092,
            "dev_kl": 0.021372853975937984,
            "dev_objective": 2.279022870246906
          },
          {
            "epoch": 190,
            "train_objective": 2.1283273696899414,
            "dev_nll": 2.214770555496216,
            "dev_kl": 0.021421640685420167,
            "dev_objective": 2.279035477552476
          },
          {
            "epoch": 191,
            "train_objective": 2.128275156021118,
            "dev_nll": 2.214637041091919,
            "dev_kl": 0.02147019643186729,
            "dev_objective": 2.2790476303875207
          },
          {
            "epoch": 192,
            "train_objective": 2.1282238960266113,
            "dev_nll": 2.214505195617676,
            "dev_kl": 0.021518235789276228,
            "dev_objective": 2.2790599029855043
          },
          {
            "epoch": 193,
            "train_objective": 2.1281731128692627,
            "dev_nll": 2.21437668800354,
            "dev_kl": 0.0215651669405047,
            "dev_objective": 2.279072188825054
          },
          {
            "epoch": 194,
            "train_objective": 2.1281235218048096,
            "dev_nll": 2.2142536640167236,
            "dev_kl": 0.021610775569908668,
            "dev_objective": 2.2790859907264496
          },
          {
            "epoch": 195,
            "train_objective": 2.1280746459960938,
            "dev_nll": 2.2141332626342773,
            "dev_kl": 0.02165546546448311,
            "dev_objective": 2.2790996590277266
          },
          {
            "epoch": 196,
            "train_objective": 2.1280264854431152,
            "dev_nll": 2.2140140533447266,
            "dev_kl": 0.02169977908307874,
            "dev_objective": 2.2791133905939627
          },
          {
            "epoch": 197,
            "train_objective": 2.127978801727295,
            "dev_nll": 2.213895559310913,
            "dev_kl": 0.021743674198519296,
            "dev_objective": 2.2791265819064708
          },
          {
            "epoch": 198,
            "train_objective": 2.127932071685791,
            "dev_nll": 2.2137796878814697,
            "dev_kl": 0.02178672369065976,
            "dev_objective": 2.279139858953449
          },
          {
            "epoch": 199,
            "train_objective": 2.1278858184814453,
            "dev_nll": 2.2136685848236084,
            "dev_kl": 0.02182858378821334,
            "dev_objective": 2.2791543361882485
          },
          {
            "epoch": 200,
            "train_objective": 2.127840518951416,
            "dev_nll": 2.213559865951538,
            "dev_kl": 0.02186953428954016,
            "dev_objective": 2.2791684688201586
          },
          {
            "epoch": 201,
            "train_objective": 2.127795457839966,
            "dev_nll": 2.2134528160095215,
            "dev_kl": 0.02191001219655091,
            "dev_objective": 2.2791828525991744
          },
          {
            "epoch": 202,
            "train_objective": 2.127751350402832,
            "dev_nll": 2.213346481323242,
            "dev_kl": 0.021950107417069376,
            "dev_objective": 2.2791968035744503
          },
          {
            "epoch": 203,
            "train_objective": 2.1277079582214355,
            "dev_nll": 2.213242530822754,
            "dev_kl": 0.021989513768421037,
            "dev_objective": 2.279211072128017
          },
          {
            "epoch": 204,
            "train_objective": 2.127664566040039,
            "dev_nll": 2.213141918182373,
            "dev_kl": 0.022027939760627932,
            "dev_objective": 2.279225737464257
          }
        ]
      },
      {
        "kl_lambda": 10.0,
        "best_dev_nll": 2.2866275310516357,
        "best_dev_kl": 0.003626452489754243,
        "best_dev_objective": 2.322892055949178,
        "epochs_run": 165,
        "history": [
          {
            "epoch": 0,
            "train_objective": 2.7456605434417725,
            "dev_nll": 2.3774468898773193,
            "dev_kl": 0.007361197842399196,
            "dev_objective": 2.4510588683013115
          },
          {
            "epoch": 1,
            "train_objective": 2.4540154933929443,
            "dev_nll": 2.346473455429077,
            "dev_kl": 0.027298901139175547,
            "dev_objective": 2.6194624668208326
          },
          {
            "epoch": 2,
            "train_objective": 2.5248143672943115,
            "dev_nll": 2.338916540145874,
            "dev_kl": 0.0243742479332461,
            "dev_objective": 2.582659019478335
          },
          {
            "epoch": 3,
            "train_objective": 2.484078884124756,
            "dev_nll": 2.340949535369873,
            "dev_kl": 0.011057950188419348,
            "dev_objective": 2.4515290372540663
          },
          {
            "epoch": 4,
            "train_objective": 2.3613102436065674,
            "dev_nll": 2.3562097549438477,
            "dev_kl": 0.00215792161292512,
            "dev_objective": 2.377788971073099
          },
          {
            "epoch": 5,
            "train_objective": 2.3145251274108887,
            "dev_nll": 2.3729143142700195,
            "dev_kl": 0.002837406010955821,
            "dev_objective": 2.4012883743795777
          },
          {
            "epoch": 6,
            "train_objective": 2.352351427078247,
            "dev_nll": 2.373260736465454,
            "dev_kl": 0.004171144362546272,
            "dev_objective": 2.414972180090917
          },
          {
            "epoch": 7,
            "train_objective": 2.357264757156372,
            "dev_nll": 2.3584370613098145,
            "dev_kl": 0.003275037019842037,
            "dev_objective": 2.391187431508235
          },
          {
            "epoch": 8,
            "train_objective": 2.3195302486419678,
            "dev_nll": 2.339378833770752,
            "dev_kl": 0.003669891551724913,
            "dev_objective": 2.376077749288001
          },
          {
            "epoch": 9,
            "train_objective": 2.2976808547973633,
            "dev_nll": 2.3249011039733887,
            "dev_kl": 0.006233386173913149,
            "dev_objective": 2.38723496571252
          },
          {
            "epoch": 10,
            "train_objective": 2.311216115951538,
            "dev_nll": 2.3174407482147217,
            "dev_kl": 0.008304852669305744,
            "dev_objective": 2.400489274907779
          },
          {
            "epoch": 11,
            "train_objective": 2.3275370597839355,
            "dev_nll": 2.3159234523773193,
            "dev_kl": 0.008050060410245662,
            "dev_objective": 2.396424056479776
          },
          {
            "epoch": 12,
            "train_objective": 2.3218438625335693,
            "dev_nll": 2.319287061691284,
            "dev_kl": 0.00601636456499822,
            "dev_objective": 2.3794507073412663
          },
          {
            "epoch": 13,
            "train_objective": 2.2994518280029297,
            "dev_nll": 2.3265419006347656,
            "dev_kl": 0.00399788590894864,
            "dev_objective": 2.366520759724252
          },
          {
            "epoch": 14,
            "train_objective": 2.280992269515991,
            "dev_nll": 2.3352138996124268,
            "dev_kl": 0.0032813352808043136,
            "dev_objective": 2.36802725242047
          },
          {
            "epoch": 15,
            "train_objective": 2.279583692550659,
            "dev_nll": 2.3410918712615967,
            "dev_kl": 0.0034366247313893077,
            "dev_objective": 2.37545811857549
          },
          {
            "epoch": 16,
            "train_objective": 2.2866132259368896,
            "dev_nll": 2.3410139083862305,
            "dev_kl": 0.0032875784896151702,
            "dev_objective": 2.3738896932823823
          },
          {
            "epoch": 17,
            "train_objective": 2.2854578495025635,
            "dev_nll": 2.335329055786133,
            "dev_kl": 0.0027629894642348858,
            "dev_objective": 2.3629589504284816
          },
          {
            "epoch": 18,
            "train_objective": 2.274155378341675,
            "dev_nll": 2.3270103931427,
            "dev_kl": 0.0027569567324646003,
            "dev_objective": 2.3545799604673463
          },
          {
            "epoch": 19,
            "train_objective": 2.2640528678894043,
            "dev_nll": 2.3193390369415283,
            "dev_kl": 0.0037153490022545214,
            "dev_objective": 2.3564925269640735
          },
          {
            "epoch": 20,
            "train_objective": 2.2637171745300293,
            "dev_nll": 2.3142952919006348,
            "dev_kl": 0.004949050549600028,
            "dev_objective": 2.363785797396635
          },
          {
            "epoch": 21,
            "train_objective": 2.269381523132324,
            "dev_nll": 2.312387466430664,
            "dev_kl": 0.0053946323596462675,
            "dev_objective": 2.366333790027127
          },
          {
            "epoch": 22,
            "train_objective": 2.271306037902832,
            "dev_nll": 2.313365936279297,
            "dev_kl": 0.004706551052430057,
            "dev_objective": 2.3604314468035974
          },
          {
            "epoch": 23,
            "train_objective": 2.2658908367156982,
            "dev_nll": 2.3166420459747314,
            "dev_kl": 0.003440453970812481,
            "dev_objective": 2.351046585682856
          },
          {
            "epoch": 24,
            "train_objective": 2.258211135864258,
            "dev_nll": 2.3210952281951904,
            "dev_kl": 0.0024003552113521604,
            "dev_objective": 2.345098780308712
          },
          {
            "epoch": 25,
            "train_objective": 2.2546074390411377,
            "dev_nll": 2.3249597549438477,
            "dev_kl": 0.0019219773000308364,
            "dev_objective": 2.344179527944156
          },
          {
            "epoch": 26,
            "train_objective": 2.255403518676758,
            "dev_nll": 2.3264691829681396,
            "dev_kl": 0.0017897771407900623,
            "dev_objective": 2.3443669543760404
          },
          {
            "epoch": 27,
            "train_objective": 2.255784273147583,
            "dev_nll": 2.3248729705810547,
            "dev_kl": 0.001745461106576502,
            "dev_objective": 2.3423275816468196
          },
          {
            "epoch": 28,
            "train_objective": 2.252490520477295,
            "dev_nll": 2.3208343982696533,
            "dev_kl": 0.001836924706804548,
            "dev_objective": 2.3392036453376988
          },
          {
            "epoch": 29,
            "train_objective": 2.247431993484497,
            "dev_nll": 2.3159267902374268,
            "dev_kl": 0.002220615322077593,
            "dev_objective": 2.3381329434582026
          },
          {
            "epoch": 30,
            "train_objective": 2.2446939945220947,
            "dev_nll": 2.311749219894409,
            "dev_kl": 0.0027945325224815556,
            "dev_objective": 2.3396945451192246
          },
          {
            "epoch": 31,
            "train_objective": 2.2453954219818115,
            "dev_nll": 2.309316635131836,
            "dev_kl": 0.0031957923810994036,
            "dev_objective": 2.34127455894283
          },
          {
            "epoch": 32,
            "train_objective": 2.2467429637908936,
            "dev_nll": 2.308962106704712,
            "dev_kl": 0.003158699472474526,
            "dev_objective": 2.340549101429457
          },
          {
            "epoch": 33,
            "train_objective": 2.2458932399749756,
            "dev_nll": 2.3104734420776367,
            "dev_kl": 0.0027650155977827907,
            "dev_objective": 2.3381235980554647
          },
          {
            "epoch": 34,
            "train_objective": 2.2431554794311523,
            "dev_nll": 2.3131566047668457,
            "dev_kl": 0.0023251335851102706,
            "dev_objective": 2.3364079406179483
          },
          {
            "epoch": 35,
            "train_objective": 2.240947961807251,
            "dev_nll": 2.315882921218872,
            "dev_kl": 0.0020676207101033898,
            "dev_objective": 2.336559128319906
          },
          {
            "epoch": 36,
            "train_objective": 2.2405107021331787,
            "dev_nll": 2.3174188137054443,
            "dev_kl": 0.001984164243050293,
            "dev_objective": 2.3372604561359474
          },
          {
            "epoch": 37,
            "train_objective": 2.2405521869659424,
            "dev_nll": 2.317019462585449,
            "dev_kl": 0.001970471336938127,
            "dev_objective": 2.3367241759548305
          },
          {
            "epoch": 38,
            "train_objective": 2.2392690181732178,
            "dev_nll": 2.314826250076294,
            "dev_kl": 0.002022802069207451,
            "dev_objective": 2.3350542707683686
          },
          {
            "epoch": 39,
            "train_objective": 2.236765146255493,
            "dev_nll": 2.3117263317108154,
            "dev_kl": 0.0022136531880778774,
            "dev_objective": 2.333862863591594
          },
          {
            "epoch": 40,
            "train_objective": 2.2347042560577393,
            "dev_nll": 2.3088250160217285,
            "dev_kl": 0.002519748746706245,
            "dev_objective": 2.334022503488791
          },
          {
            "epoch": 41,
            "train_objective": 2.2340431213378906,
            "dev_nll": 2.3069591522216797,
            "dev_kl": 0.002773493224242341,
            "dev_objective": 2.334694084464103
          },
          {
            "epoch": 42,
            "train_objective": 2.2339894771575928,
            "dev_nll": 2.3064844608306885,
            "dev_kl": 0.0028139524067171792,
            "dev_objective": 2.3346239848978603
          },
          {
            "epoch": 43,
            "train_objective": 2.2333076000213623,
            "dev_nll": 2.307291030883789,
            "dev_kl": 0.002643016651823265,
            "dev_objective": 2.3337211974020216
          },
          {
            "epoch": 44,
            "train_objective": 2.23193621635437,
            "dev_nll": 2.3088672161102295,
            "dev_kl": 0.00240609326193203,
            "dev_objective": 2.33292814872955
          },
          {
            "epoch": 45,
            "train_objective": 2.230825901031494,
            "dev_nll": 2.3104217052459717,
            "dev_kl": 0.0022422576760498685,
            "dev_objective": 2.3328442820064703
          },
          {
            "epoch": 46,
            "train_objective": 2.2304866313934326,
            "dev_nll": 2.3111560344696045,
            "dev_kl": 0.002186524682198182,
            "dev_objective": 2.3330212812915865
          },
          {
            "epoch": 47,
            "train_objective": 2.230332374572754,
            "dev_nll": 2.3106296062469482,
            "dev_kl": 0.0022117555628317705,
            "dev_objective": 2.332747161875266
          },
          {
            "epoch": 48,
            "train_objective": 2.2296018600463867,
            "dev_nll": 2.3089804649353027,
            "dev_kl": 0.002306558147048877,
            "dev_objective": 2.3320460464057917
          },
          {
            "epoch": 49,
            "train_objective": 2.2284016609191895,
            "dev_nll": 2.306817054748535,
            "dev_kl": 0.002467122795953697,
            "dev_objective": 2.3314882827080723
          },
          {
            "epoch": 50,
            "train_objective": 2.227440357208252,
            "dev_nll": 2.3048853874206543,
            "dev_kl": 0.0026406471210517453,
            "dev_objective": 2.3312918586311717
          },
          {
            "epoch": 51,
            "train_objective": 2.226996660232544,
            "dev_nll": 2.3037450313568115,
            "dev_kl": 0.002735125639700591,
            "dev_objective": 2.3310962877538173
          },
          {
            "epoch": 52,
            "train_objective": 2.2266368865966797,
            "dev_nll": 2.303601026535034,
            "dev_kl": 0.0027010716027386175,
            "dev_objective": 2.33061174256242
          },
          {
            "epoch": 53,
            "train_objective": 2.2259514331817627,
            "dev_nll": 2.30427885055542,
            "dev_kl": 0.0025795376601280614,
            "dev_objective": 2.3300742271567003
          },
          {
            "epoch": 54,
            "train_objective": 2.2251248359680176,
            "dev_nll": 2.30530047416687,
            "dev_kl": 0.0024564690966215057,
            "dev_objective": 2.3298651651330853
          },
          {
            "epoch": 55,
            "train_objective": 2.2245755195617676,
            "dev_nll": 2.3060543537139893,
            "dev_kl": 0.0023861114422352118,
            "dev_objective": 2.3299154681363414
          },
          {
            "epoch": 56,
            "train_objective": 2.2243120670318604,
            "dev_nll": 2.30606746673584,
            "dev_kl": 0.0023726220296261752,
            "dev_objective": 2.3297936870321014
          },
          {
            "epoch": 57,
            "train_objective": 2.2239644527435303,
            "dev_nll": 2.3052332401275635,
            "dev_kl": 0.002407360554049189,
            "dev_objective": 2.3293068456680555
          },
          {
            "epoch": 58,
            "train_objective": 2.223360538482666,
            "dev_nll": 2.3038482666015625,
            "dev_kl": 0.002487212356564394,
            "dev_objective": 2.3287203901672062
          },
          {
            "epoch": 59,
            "train_objective": 2.2227354049682617,
            "dev_nll": 2.302424669265747,
            "dev_kl": 0.0025910759693153324,
            "dev_objective": 2.3283354289589004
          },
          {
            "epoch": 60,
            "train_objective": 2.2223222255706787,
            "dev_nll": 2.3014297485351562,
            "dev_kl": 0.002669562783625605,
            "dev_objective": 2.3281253763714123
          },
          {
            "epoch": 61,
            "train_objective": 2.222020387649536,
            "dev_nll": 2.301095962524414,
            "dev_kl": 0.0026808254156341096,
            "dev_objective": 2.3279042166807553
          },
          {
            "epoch": 62,
            "train_objective": 2.2216098308563232,
            "dev_nll": 2.3013553619384766,
            "dev_kl": 0.002630211866723352,
            "dev_objective": 2.32765748060571
          },
          {
            "epoch": 63,
            "train_objective": 2.221107006072998,
            "dev_nll": 2.301891326904297,
            "dev_kl": 0.0025626292180693203,
            "dev_objective": 2.32751761908499
          },
          {
            "epoch": 64,
            "train_objective": 2.22070574760437,
            "dev_nll": 2.3022732734680176,
            "dev_kl": 0.0025214676318492547,
            "dev_objective": 2.32748794978651
          },
          {
            "epoch": 65,
            "train_objective": 2.2204527854919434,
            "dev_nll": 2.3021557331085205,
            "dev_kl": 0.0025246134558588795,
            "dev_objective": 2.3274018676671093
          },
          {
            "epoch": 66,
            "train_objective": 2.2201924324035645,
            "dev_nll": 2.3014464378356934,
            "dev_kl": 0.002571943613270554,
            "dev_objective": 2.327165873968399
          },
          {
            "epoch": 67,
            "train_objective": 2.219827175140381,
            "dev_nll": 2.3003385066986084,
            "dev_kl": 0.0026538189138013276,
            "dev_objective": 2.3268766958366216
          },
          {
            "epoch": 68,
            "train_objective": 2.2194502353668213,
            "dev_nll": 2.2991902828216553,
            "dev_kl": 0.002746287605676948,
            "dev_objective": 2.326653158878425
          },
          {
            "epoch": 69,
            "train_objective": 2.2191622257232666,
            "dev_nll": 2.2983384132385254,
            "dev_kl": 0.0028145691083677387,
            "dev_objective": 2.3264841043222027
          },
          {
            "epoch": 70,
            "train_objective": 2.218914747238159,
            "dev_nll": 2.29794979095459,
            "dev_kl": 0.0028366498905640137,
            "dev_objective": 2.32631628986023
          },
          {
            "epoch": 71,
            "train_objective": 2.218613624572754,
            "dev_nll": 2.297964572906494,
            "dev_kl": 0.0028216253589660963,
            "dev_objective": 2.326180826496155
          },
          {
            "epoch": 72,
            "train_objective": 2.2182834148406982,
            "dev_nll": 2.2981419563293457,
            "dev_kl": 0.002799412891920295,
            "dev_objective": 2.3261360852485486
          },
          {
            "epoch": 73,
            "train_objective": 2.2180120944976807,
            "dev_nll": 2.2981786727905273,
            "dev_kl": 0.0027952463658934444,
            "dev_objective": 2.3261311364494617
          },
          {
            "epoch": 74,
            "train_objective": 2.217803955078125,
            "dev_nll": 2.297863006591797,
            "dev_kl": 0.002818070912157012,
            "dev_objective": 2.326043715713367
          },
          {
            "epoch": 75,
            "train_objective": 2.2175843715667725,
            "dev_nll": 2.2971808910369873,
            "dev_kl": 0.0028652656001495486,
            "dev_objective": 2.3258335470384828
          },
          {
            "epoch": 76,
            "train_objective": 2.2173314094543457,
            "dev_nll": 2.2963132858276367,
            "dev_kl": 0.00292677555222862,
            "dev_objective": 2.3255810413499227
          },
          {
            "epoch": 77,
            "train_objective": 2.2170960903167725,
            "dev_nll": 2.2955241203308105,
            "dev_kl": 0.0029846039730847935,
            "dev_objective": 2.3253701600616585
          },
          {
            "epoch": 78,
            "train_objective": 2.216902494430542,
            "dev_nll": 2.29502010345459,
            "dev_kl": 0.0030196845131455164,
            "dev_objective": 2.325216948586045
          },
          {
            "epoch": 79,
            "train_objective": 2.2167088985443115,
            "dev_nll": 2.2948551177978516,
            "dev_kl": 0.003025653398331334,
            "dev_objective": 2.3251116517811647
          },
          {
            "epoch": 80,
            "train_objective": 2.2164878845214844,
            "dev_nll": 2.294919729232788,
            "dev_kl": 0.0030137473424488694,
            "dev_objective": 2.325057202657277
          },
          {
            "epoch": 81,
            "train_objective": 2.216270923614502,
            "dev_nll": 2.2950010299682617,
            "dev_kl": 0.0030027524048783782,
            "dev_objective": 2.3250285540170457
          },
          {
            "epoch": 82,
            "train_objective": 2.216087818145752,
            "dev_nll": 2.2948997020721436,
            "dev_kl": 0.0030062087171245366,
            "dev_objective": 2.324961789243389
          },
          {
            "epoch": 83,
            "train_objective": 2.215919017791748,
            "dev_nll": 2.2945306301116943,
            "dev_kl": 0.0030284803432896155,
            "dev_objective": 2.3248154335445905
          },
          {
            "epoch": 84,
            "train_objective": 2.2157375812530518,
            "dev_nll": 2.293962240219116,
            "dev_kl": 0.0030657653562596444,
            "dev_objective": 2.324619893781713
          },
          {
            "epoch": 85,
            "train_objective": 2.2155563831329346,
            "dev_nll": 2.2933671474456787,
            "dev_kl": 0.0031070097810056334,
            "dev_objective": 2.324437245255735
          },
          {
            "epoch": 86,
            "train_objective": 2.2153971195220947,
            "dev_nll": 2.292916774749756,
            "dev_kl": 0.003137946269006104,
            "dev_objective": 2.324296237439817
          },
          {
            "epoch": 87,
            "train_objective": 2.215250253677368,
            "dev_nll": 2.2926948070526123,
            "dev_kl": 0.003150269345835198,
            "dev_objective": 2.324197500510964
          },
          {
            "epoch": 88,
            "train_objective": 2.2150940895080566,
            "dev_nll": 2.2926602363586426,
            "dev_kl": 0.003147898706297982,
            "dev_objective": 2.3241392234216223
          },
          {
            "epoch": 89,
            "train_objective": 2.214935302734375,
            "dev_nll": 2.292677640914917,
            "dev_kl": 0.003143055899187836,
            "dev_objective": 2.3241081999067954
          },
          {
            "epoch": 90,
            "train_objective": 2.2147910594940186,
            "dev_nll": 2.292595386505127,
            "dev_kl": 0.003147060201253359,
            "dev_objective": 2.3240659885176607
          },
          {
            "epoch": 91,
            "train_objective": 2.2146589756011963,
            "dev_nll": 2.2923309803009033,
            "dev_kl": 0.0031647308532856116,
            "dev_objective": 2.3239782888337595
          },
          {
            "epoch": 92,
            "train_objective": 2.214524745941162,
            "dev_nll": 2.29190993309021,
            "dev_kl": 0.003193960086056284,
            "dev_objective": 2.323849533950773
          },
          {
            "epoch": 93,
            "train_objective": 2.2143898010253906,
            "dev_nll": 2.2914462089538574,
            "dev_kl": 0.003227141740268941,
            "dev_objective": 2.323717626356547
          },
          {
            "epoch": 94,
            "train_objective": 2.214265823364258,
            "dev_nll": 2.291069507598877,
            "dev_kl": 0.0032544942164808048,
            "dev_objective": 2.323614449763685
          },
          {
            "epoch": 95,
            "train_objective": 2.214151382446289,
            "dev_nll": 2.2908527851104736,
            "dev_kl": 0.0032698260317917537,
            "dev_objective": 2.323551045428391
          },
          {
            "epoch": 96,
            "train_objective": 2.2140355110168457,
            "dev_nll": 2.2907772064208984,
            "dev_kl": 0.0032747324250183654,
            "dev_objective": 2.323524530671082
          },
          {
            "epoch": 97,
            "train_objective": 2.213918685913086,
            "dev_nll": 2.2907497882843018,
            "dev_kl": 0.0032768167302422153,
            "dev_objective": 2.323517955586724
          },
          {
            "epoch": 98,
            "train_objective": 2.2138094902038574,
            "dev_nll": 2.2906599044799805,
            "dev_kl": 0.0032840116157524953,
            "dev_objective": 2.3235000206375056
          },
          {
            "epoch": 99,
            "train_objective": 2.213707447052002,
            "dev_nll": 2.290445327758789,
            "dev_kl": 0.0033001938095684486,
            "dev_objective": 2.3234472658544734
          },
          {
            "epoch": 100,
            "train_objective": 2.2136056423187256,
            "dev_nll": 2.290123224258423,
            "dev_kl": 0.0033242184290429577,
            "dev_objective": 2.3233654085488524
          },
          {
            "epoch": 101,
            "train_objective": 2.2135050296783447,
            "dev_nll": 2.2897756099700928,
            "dev_kl": 0.0033506385181342837,
            "dev_objective": 2.3232819951514356
          },
          {
            "epoch": 102,
            "train_objective": 2.213411808013916,
            "dev_nll": 2.2894933223724365,
            "dev_kl": 0.0033726681774218616,
            "dev_objective": 2.323220004146655
          },
          {
            "epoch": 103,
            "train_objective": 2.2133238315582275,
            "dev_nll": 2.2893247604370117,
            "dev_kl": 0.003386319303039512,
            "dev_objective": 2.3231879534674067
          },
          {
            "epoch": 104,
            "train_objective": 2.2132363319396973,
            "dev_nll": 2.289250373840332,
            "dev_kl": 0.0033930690312494573,
            "dev_objective": 2.3231810641528265
          },
          {
            "epoch": 105,
            "train_objective": 2.2131505012512207,
            "dev_nll": 2.2891998291015625,
            "dev_kl": 0.003398437988912766,
            "dev_objective": 2.32318420899069
          },
          {
            "epoch": 106,
            "train_objective": 2.213069200515747,
            "dev_nll": 2.2890963554382324,
            "dev_kl": 0.0034078375791477458,
            "dev_objective": 2.32317473122971
          },
          {
            "epoch": 107,
            "train_objective": 2.212991237640381,
            "dev_nll": 2.2889046669006348,
            "dev_kl": 0.0034235817323395507,
            "dev_objective": 2.32314048422403
          },
          {
            "epoch": 108,
            "train_objective": 2.212914228439331,
            "dev_nll": 2.2886481285095215,
            "dev_kl": 0.003444026617893711,
            "dev_objective": 2.3230883946884586
          },
          {
            "epoch": 109,
            "train_objective": 2.212839126586914,
            "dev_nll": 2.2883899211883545,
            "dev_kl": 0.0034647869228659734,
            "dev_objective": 2.3230377904170143
          },
          {
            "epoch": 110,
            "train_objective": 2.212768316268921,
            "dev_nll": 2.2881920337677,
            "dev_kl": 0.0034812515787193696,
            "dev_objective": 2.323004549554894
          },
          {
            "epoch": 111,
            "train_objective": 2.212700128555298,
            "dev_nll": 2.288076877593994,
            "dev_kl": 0.0034916284049648157,
            "dev_objective": 2.3229931616436423
          },
          {
            "epoch": 112,
            "train_objective": 2.2126331329345703,
            "dev_nll": 2.2880189418792725,
            "dev_kl": 0.0034979525474107703,
            "dev_objective": 2.32299846735338
          },
          {
            "epoch": 113,
            "train_objective": 2.2125680446624756,
            "dev_nll": 2.287961483001709,
            "dev_kl": 0.0035043625836080126,
            "dev_objective": 2.323005108837789
          },
          {
            "epoch": 114,
            "train_objective": 2.21250581741333,
            "dev_nll": 2.287856340408325,
            "dev_kl": 0.003514246428304157,
            "dev_objective": 2.3229988046913665
          },
          {
            "epoch": 115,
            "train_objective": 2.2124457359313965,
            "dev_nll": 2.2876906394958496,
            "dev_kl": 0.003528361320188774,
            "dev_objective": 2.3229742526977373
          },
          {
            "epoch": 116,
            "train_objective": 2.2123863697052,
            "dev_nll": 2.2874953746795654,
            "dev_kl": 0.0035446978041265057,
            "dev_objective": 2.3229423527208306
          },
          {
            "epoch": 117,
            "train_objective": 2.212329149246216,
            "dev_nll": 2.287318468093872,
            "dev_kl": 0.0035598277632786003,
            "dev_objective": 2.322916745726658
          },
          {
            "epoch": 118,
            "train_objective": 2.2122740745544434,
            "dev_nll": 2.2871952056884766,
            "dev_kl": 0.0035711233731983735,
            "dev_objective": 2.32290643942046
          },
          {
            "epoch": 119,
            "train_objective": 2.2122206687927246,
            "dev_nll": 2.287125825881958,
            "dev_kl": 0.003578471442546457,
            "dev_objective": 2.3229105403074226
          },
          {
            "epoch": 120,
            "train_objective": 2.212167739868164,
            "dev_nll": 2.2870798110961914,
            "dev_kl": 0.00358422475520886,
            "dev_objective": 2.32292205864828
          },
          {
            "epoch": 121,
            "train_objective": 2.2121171951293945,
            "dev_nll": 2.287015438079834,
            "dev_kl": 0.0035913420693096955,
            "dev_objective": 2.322928858772931
          },
          {
            "epoch": 122,
            "train_objective": 2.2120678424835205,
            "dev_nll": 2.286909341812134,
            "dev_kl": 0.003601427516126608,
            "dev_objective": 2.3229236169733998
          },
          {
            "epoch": 123,
            "train_objective": 2.212019920349121,
            "dev_nll": 2.286769151687622,
            "dev_kl": 0.0036138762193578546,
            "dev_objective": 2.3229079138812008
          },
          {
            "epoch": 124,
            "train_objective": 2.211972713470459,
            "dev_nll": 2.2866275310516357,
            "dev_kl": 0.003626452489754243,
            "dev_objective": 2.322892055949178
          },
          {
            "epoch": 125,
            "train_objective": 2.2119271755218506,
            "dev_nll": 2.2865164279937744,
            "dev_kl": 0.0036367856751443354,
            "dev_objective": 2.322884284745218
          },
          {
            "epoch": 126,
            "train_objective": 2.2118825912475586,
            "dev_nll": 2.2864487171173096,
            "dev_kl": 0.0036439616635826223,
            "dev_objective": 2.3228883337531356
          },
          {
            "epoch": 127,
            "train_objective": 2.211839199066162,
            "dev_nll": 2.286409378051758,
            "dev_kl": 0.0036490319682286995,
            "dev_objective": 2.322899697734045
          },
          {
            "epoch": 128,
            "train_objective": 2.211796522140503,
            "dev_nll": 2.286369562149048,
            "dev_kl": 0.003654147774908807,
            "dev_objective": 2.322911039898136
          },
          {
            "epoch": 129,
            "train_objective": 2.2117550373077393,
            "dev_nll": 2.2863049507141113,
            "dev_kl": 0.0036609108265816025,
            "dev_objective": 2.3229140589799275
          },
          {
            "epoch": 130,
            "train_objective": 2.211714744567871,
            "dev_nll": 2.286212921142578,
            "dev_kl": 0.0036694976837778567,
            "dev_objective": 2.3229078979803566
          },
          {
            "epoch": 131,
            "train_objective": 2.2116751670837402,
            "dev_nll": 2.2861125469207764,
            "dev_kl": 0.003678648492439592,
            "dev_objective": 2.3228990318451723
          },
          {
            "epoch": 132,
            "train_objective": 2.2116363048553467,
            "dev_nll": 2.2860279083251953,
            "dev_kl": 0.003686581464175698,
            "dev_objective": 2.322893722966952
          },
          {
            "epoch": 133,
            "train_objective": 2.2115986347198486,
            "dev_nll": 2.2859745025634766,
            "dev_kl": 0.0036923052547246852,
            "dev_objective": 2.3228975551107234
          },
          {
            "epoch": 134,
            "train_objective": 2.211561918258667,
            "dev_nll": 2.285945415496826,
            "dev_kl": 0.0036962613497920293,
            "dev_objective": 2.3229080289947466
          },
          {
            "epoch": 135,
            "train_objective": 2.2115254402160645,
            "dev_nll": 2.2859206199645996,
            "dev_kl": 0.003699881061094871,
            "dev_objective": 2.3229194305755483
          },
          {
            "epoch": 136,
            "train_objective": 2.2114901542663574,
            "dev_nll": 2.2858805656433105,
            "dev_kl": 0.003704574048341353,
            "dev_objective": 2.3229263061267242
          },
          {
            "epoch": 137,
            "train_objective": 2.2114551067352295,
            "dev_nll": 2.2858192920684814,
            "dev_kl": 0.003710700605784781,
            "dev_objective": 2.3229262981263292
          },
          {
            "epoch": 138,
            "train_objective": 2.211421012878418,
            "dev_nll": 2.2857472896575928,
            "dev_kl": 0.0037175550472077937,
            "dev_objective": 2.322922840129671
          },
          {
            "epoch": 139,
            "train_objective": 2.211388111114502,
            "dev_nll": 2.2856836318969727,
            "dev_kl": 0.0037238404077844147,
            "dev_objective": 2.3229220359748166
          },
          {
            "epoch": 140,
            "train_objective": 2.211355209350586,
            "dev_nll": 2.2856404781341553,
            "dev_kl": 0.0037286886001184454,
            "dev_objective": 2.3229273641353396
          },
          {
            "epoch": 141,
            "train_objective": 2.2113232612609863,
            "dev_nll": 2.285615921020508,
            "dev_kl": 0.0037322355057076775,
            "dev_objective": 2.3229382760775845
          },
          {
            "epoch": 142,
            "train_objective": 2.211292028427124,
            "dev_nll": 2.2855961322784424,
            "dev_kl": 0.0037354554113744245,
            "dev_objective": 2.3229506863921867
          },
          {
            "epoch": 143,
            "train_objective": 2.211261034011841,
            "dev_nll": 2.2855660915374756,
            "dev_kl": 0.0037393774609952306,
            "dev_objective": 2.322959866147428
          },
          {
            "epoch": 144,
            "train_objective": 2.211230993270874,
            "dev_nll": 2.2855207920074463,
            "dev_kl": 0.0037443262619997896,
            "dev_objective": 2.322964054627444
          },
          {
            "epoch": 145,
            "train_objective": 2.2112011909484863,
            "dev_nll": 2.2854673862457275,
            "dev_kl": 0.0037498160904655127,
            "dev_objective": 2.3229655471503827
          },
          {
            "epoch": 146,
            "train_objective": 2.211172342300415,
            "dev_nll": 2.285419225692749,
            "dev_kl": 0.0037549013047331993,
            "dev_objective": 2.322968238740081
          },
          {
            "epoch": 147,
            "train_objective": 2.211143732070923,
            "dev_nll": 2.285386562347412,
            "dev_kl": 0.003758919276856608,
            "dev_objective": 2.322975755115978
          },
          {
            "epoch": 148,
            "train_objective": 2.211115598678589,
            "dev_nll": 2.285367250442505,
            "dev_kl": 0.003761934591281271,
            "dev_objective": 2.322986596355318
          },
          {
            "epoch": 149,
            "train_objective": 2.211088180541992,
            "dev_nll": 2.2853522300720215,
            "dev_kl": 0.003764659211740291,
            "dev_objective": 2.322998822189424
          },
          {
            "epoch": 150,
            "train_objective": 2.2110612392425537,
            "dev_nll": 2.285329580307007,
            "dev_kl": 0.0037678159020823974,
            "dev_objective": 2.323007739327831
          },
          {
            "epoch": 151,
            "train_objective": 2.2110345363616943,
            "dev_nll": 2.28529691696167,
            "dev_kl": 0.0037716404600754783,
            "dev_objective": 2.3230133215624247
          },
          {
            "epoch": 152,
            "train_objective": 2.211008310317993,
            "dev_nll": 2.2852585315704346,
            "dev_kl": 0.00377580098817513,
            "dev_objective": 2.3230165414521857
          },
          {
            "epoch": 153,
            "train_objective": 2.2109827995300293,
            "dev_nll": 2.2852249145507812,
            "dev_kl": 0.003779577283556898,
            "dev_objective": 2.32302068738635
          },
          {
            "epoch": 154,
            "train_objective": 2.2109575271606445,
            "dev_nll": 2.2852022647857666,
            "dev_kl": 0.003782572266530668,
            "dev_objective": 2.323027987451073
          },
          {
            "epoch": 155,
            "train_objective": 2.210932731628418,
            "dev_nll": 2.285189628601074,
            "dev_kl": 0.0037848641454623906,
            "dev_objective": 2.323038270055698
          },
          {
            "epoch": 156,
            "train_objective": 2.2109086513519287,
            "dev_nll": 2.2851781845092773,
            "dev_kl": 0.003787034463503781,
            "dev_objective": 2.323048529144315
          },
          {
            "epoch": 157,
            "train_objective": 2.2108845710754395,
            "dev_nll": 2.285161018371582,
            "dev_kl": 0.0037895502467200255,
            "dev_objective": 2.323056520838782
          },
          {
            "epoch": 158,
            "train_objective": 2.2108609676361084,
            "dev_nll": 2.2851362228393555,
            "dev_kl": 0.0037925727509752695,
            "dev_objective": 2.3230619503491083
          },
          {
            "epoch": 159,
            "train_objective": 2.2108376026153564,
            "dev_nll": 2.285108804702759,
            "dev_kl": 0.003795756292590319,
            "dev_objective": 2.323066367628662
          },
          {
            "epoch": 160,
            "train_objective": 2.210814952850342,
            "dev_nll": 2.2850852012634277,
            "dev_kl": 0.003798606925697676,
            "dev_objective": 2.3230712705204044
          },
          {
            "epoch": 161,
            "train_objective": 2.2107925415039062,
            "dev_nll": 2.2850706577301025,
            "dev_kl": 0.0038009076282226792,
            "dev_objective": 2.3230797340123295
          },
          {
            "epoch": 162,
            "train_objective": 2.21077036857605,
            "dev_nll": 2.2850611209869385,
            "dev_kl": 0.0038027982386560073,
            "dev_objective": 2.3230891033734986
          },
          {
            "epoch": 163,
            "train_objective": 2.2107489109039307,
            "dev_nll": 2.2850515842437744,
            "dev_kl": 0.003804690265644959,
            "dev_objective": 2.323098486900224
          },
          {
            "epoch": 164,
            "train_objective": 2.2107272148132324,
            "dev_nll": 2.2850372791290283,
            "dev_kl": 0.003806919975241451,
            "dev_objective": 2.3231064788814426
          }
        ]
      }
    ],
    "constrained_stage_calibration_head": {
      "kl_lambda": 3.0,
      "best_dev_nll": 2.231534481048584,
      "best_dev_kl": 0.0178512409463935,
      "best_dev_objective": 2.2850882038877645,
      "epochs_run": 186,
      "history": [
        {
          "epoch": 0,
          "train_objective": 2.296180009841919,
          "dev_nll": 2.362933874130249,
          "dev_kl": 0.00012972256188576882,
          "dev_objective": 2.363323041815906
        },
        {
          "epoch": 1,
          "train_objective": 2.2927982807159424,
          "dev_nll": 2.361284017562866,
          "dev_kl": 0.00018443601911430888,
          "dev_objective": 2.361837325620209
        },
        {
          "epoch": 2,
          "train_objective": 2.2895638942718506,
          "dev_nll": 2.3597419261932373,
          "dev_kl": 0.00022942785662328176,
          "dev_objective": 2.3604302097631074
        },
        {
          "epoch": 3,
          "train_objective": 2.286534070968628,
          "dev_nll": 2.3580222129821777,
          "dev_kl": 0.0002817987022044584,
          "dev_objective": 2.358867609088791
        },
        {
          "epoch": 4,
          "train_objective": 2.283620595932007,
          "dev_nll": 2.3560354709625244,
          "dev_kl": 0.00032286421482021697,
          "dev_objective": 2.357004063606985
        },
        {
          "epoch": 5,
          "train_objective": 2.280677318572998,
          "dev_nll": 2.3538906574249268,
          "dev_kl": 0.000367692721477559,
          "dev_objective": 2.3549937355893595
        },
        {
          "epoch": 6,
          "train_objective": 2.2777583599090576,
          "dev_nll": 2.351689577102661,
          "dev_kl": 0.000437173195001209,
          "dev_objective": 2.353001096687665
        },
        {
          "epoch": 7,
          "train_objective": 2.2749428749084473,
          "dev_nll": 2.3495192527770996,
          "dev_kl": 0.000535676462989564,
          "dev_objective": 2.351126282166068
        },
        {
          "epoch": 8,
          "train_objective": 2.272254467010498,
          "dev_nll": 2.347440719604492,
          "dev_kl": 0.0006486874857403938,
          "dev_objective": 2.3493867820617136
        },
        {
          "epoch": 9,
          "train_objective": 2.269652843475342,
          "dev_nll": 2.3454716205596924,
          "dev_kl": 0.0007628401026875142,
          "dev_objective": 2.347760140867755
        },
        {
          "epoch": 10,
          "train_objective": 2.26708984375,
          "dev_nll": 2.343597650527954,
          "dev_kl": 0.0008805572504697498,
          "dev_objective": 2.3462393222793634
        },
        {
          "epoch": 11,
          "train_objective": 2.264565944671631,
          "dev_nll": 2.3417928218841553,
          "dev_kl": 0.0010117485830149714,
          "dev_objective": 2.3448280676332
        },
        {
          "epoch": 12,
          "train_objective": 2.262108564376831,
          "dev_nll": 2.340019464492798,
          "dev_kl": 0.0011627327874366034,
          "dev_objective": 2.3435076628551075
        },
        {
          "epoch": 13,
          "train_objective": 2.259737014770508,
          "dev_nll": 2.3382365703582764,
          "dev_kl": 0.0013319974309277934,
          "dev_objective": 2.3422325626510596
        },
        {
          "epoch": 14,
          "train_objective": 2.2574462890625,
          "dev_nll": 2.3364152908325195,
          "dev_kl": 0.0015124302204470909,
          "dev_objective": 2.3409525814938608
        },
        {
          "epoch": 15,
          "train_objective": 2.255220413208008,
          "dev_nll": 2.3345489501953125,
          "dev_kl": 0.0016959692356483505,
          "dev_objective": 2.3396368579022577
        },
        {
          "epoch": 16,
          "train_objective": 2.2530481815338135,
          "dev_nll": 2.3326499462127686,
          "dev_kl": 0.0018765184005845137,
          "dev_objective": 2.338279501414522
        },
        {
          "epoch": 17,
          "train_objective": 2.2509262561798096,
          "dev_nll": 2.330742359161377,
          "dev_kl": 0.0020506596743208607,
          "dev_objective": 2.3368943381843397
        },
        {
          "epoch": 18,
          "train_objective": 2.2488577365875244,
          "dev_nll": 2.3288543224334717,
          "dev_kl": 0.0022177589437274567,
          "dev_objective": 2.335507599264654
        },
        {
          "epoch": 19,
          "train_objective": 2.2468438148498535,
          "dev_nll": 2.3270070552825928,
          "dev_kl": 0.0023799622408836327,
          "dev_objective": 2.3341469420052436
        },
        {
          "epoch": 20,
          "train_objective": 2.244886636734009,
          "dev_nll": 2.325212240219116,
          "dev_kl": 0.0025422135520277024,
          "dev_objective": 2.332838880875199
        },
        {
          "epoch": 21,
          "train_objective": 2.242985248565674,
          "dev_nll": 2.3234710693359375,
          "dev_kl": 0.0027101212007430374,
          "dev_objective": 2.3316014329381667
        },
        {
          "epoch": 22,
          "train_objective": 2.241136074066162,
          "dev_nll": 2.3217766284942627,
          "dev_kl": 0.0028875344525390962,
          "dev_objective": 2.33043923185188
        },
        {
          "epoch": 23,
          "train_objective": 2.239330530166626,
          "dev_nll": 2.320117235183716,
          "dev_kl": 0.003075911309037632,
          "dev_objective": 2.329344969110829
        },
        {
          "epoch": 24,
          "train_objective": 2.237565040588379,
          "dev_nll": 2.31848406791687,
          "dev_kl": 0.003274748584525407,
          "dev_objective": 2.3283083136704463
        },
        {
          "epoch": 25,
          "train_objective": 2.2358415126800537,
          "dev_nll": 2.3168718814849854,
          "dev_kl": 0.003481067064382468,
          "dev_objective": 2.327315082678133
        },
        {
          "epoch": 26,
          "train_objective": 2.2341654300689697,
          "dev_nll": 2.3152778148651123,
          "dev_kl": 0.0036887298317810216,
          "dev_objective": 2.3263440043604553
        },
        {
          "epoch": 27,
          "train_objective": 2.2325387001037598,
          "dev_nll": 2.3137009143829346,
          "dev_kl": 0.0038899836814493055,
          "dev_objective": 2.3253708654272827
        },
        {
          "epoch": 28,
          "train_objective": 2.2309539318084717,
          "dev_nll": 2.3121416568756104,
          "dev_kl": 0.004079544565246924,
          "dev_objective": 2.324380290571351
        },
        {
          "epoch": 29,
          "train_objective": 2.2294046878814697,
          "dev_nll": 2.310600519180298,
          "dev_kl": 0.00425761401885218,
          "dev_objective": 2.3233733612368543
        },
        {
          "epoch": 30,
          "train_objective": 2.2278895378112793,
          "dev_nll": 2.3090806007385254,
          "dev_kl": 0.004429183668202483,
          "dev_objective": 2.3223681517431327
        },
        {
          "epoch": 31,
          "train_objective": 2.2264113426208496,
          "dev_nll": 2.307584285736084,
          "dev_kl": 0.004600652651013012,
          "dev_objective": 2.321386243689123
        },
        {
          "epoch": 32,
          "train_objective": 2.2249724864959717,
          "dev_nll": 2.3061141967773438,
          "dev_kl": 0.0047768817081065605,
          "dev_objective": 2.3204448419016632
        },
        {
          "epoch": 33,
          "train_objective": 2.2235705852508545,
          "dev_nll": 2.304675579071045,
          "dev_kl": 0.004959770543509805,
          "dev_objective": 2.3195548907015744
        },
        {
          "epoch": 34,
          "train_objective": 2.222201108932495,
          "dev_nll": 2.3032755851745605,
          "dev_kl": 0.005148523307789854,
          "dev_objective": 2.31872115509793
        },
        {
          "epoch": 35,
          "train_objective": 2.2208609580993652,
          "dev_nll": 2.30191969871521,
          "dev_kl": 0.0053402532531443055,
          "dev_objective": 2.317940458474643
        },
        {
          "epoch": 36,
          "train_objective": 2.2195489406585693,
          "dev_nll": 2.300609827041626,
          "dev_kl": 0.005530860057992268,
          "dev_objective": 2.317202407215603
        },
        {
          "epoch": 37,
          "train_objective": 2.218266487121582,
          "dev_nll": 2.2993414402008057,
          "dev_kl": 0.00571649055747503,
          "dev_objective": 2.3164909118732306
        },
        {
          "epoch": 38,
          "train_objective": 2.2170116901397705,
          "dev_nll": 2.2981057167053223,
          "dev_kl": 0.005895055238023949,
          "dev_objective": 2.3157908824193942
        },
        {
          "epoch": 39,
          "train_objective": 2.21578311920166,
          "dev_nll": 2.2968897819519043,
          "dev_kl": 0.00606667796148045,
          "dev_objective": 2.3150898158363455
        },
        {
          "epoch": 40,
          "train_objective": 2.214578628540039,
          "dev_nll": 2.2956833839416504,
          "dev_kl": 0.0062332323931930085,
          "dev_objective": 2.3143830811212296
        },
        {
          "epoch": 41,
          "train_objective": 2.213395595550537,
          "dev_nll": 2.2944822311401367,
          "dev_kl": 0.006397081170837546,
          "dev_objective": 2.3136734746526493
        },
        {
          "epoch": 42,
          "train_objective": 2.212232828140259,
          "dev_nll": 2.293290138244629,
          "dev_kl": 0.006560051204346106,
          "dev_objective": 2.3129702918576673
        },
        {
          "epoch": 43,
          "train_objective": 2.211089849472046,
          "dev_nll": 2.292116403579712,
          "dev_kl": 0.006722679838868465,
          "dev_objective": 2.3122844430963174
        },
        {
          "epoch": 44,
          "train_objective": 2.2099664211273193,
          "dev_nll": 2.29097318649292,
          "dev_kl": 0.006883987023670212,
          "dev_objective": 2.3116251475639307
        },
        {
          "epoch": 45,
          "train_objective": 2.2088623046875,
          "dev_nll": 2.2898690700531006,
          "dev_kl": 0.007042297619429251,
          "dev_objective": 2.3109959629113885
        },
        {
          "epoch": 46,
          "train_objective": 2.2077744007110596,
          "dev_nll": 2.2888059616088867,
          "dev_kl": 0.007196535778686751,
          "dev_objective": 2.310395568944947
        },
        {
          "epoch": 47,
          "train_objective": 2.2067015171051025,
          "dev_nll": 2.2877800464630127,
          "dev_kl": 0.007346954118404465,
          "dev_objective": 2.309820908818226
        },
        {
          "epoch": 48,
          "train_objective": 2.20564341545105,
          "dev_nll": 2.286780595779419,
          "dev_kl": 0.007494578575228103,
          "dev_objective": 2.309264331505103
        },
        {
          "epoch": 49,
          "train_objective": 2.2046008110046387,
          "dev_nll": 2.2857961654663086,
          "dev_kl": 0.007640218101631373,
          "dev_objective": 2.308716819771203
        },
        {
          "epoch": 50,
          "train_objective": 2.203573226928711,
          "dev_nll": 2.284818649291992,
          "dev_kl": 0.007783727647507448,
          "dev_objective": 2.3081698322345146
        },
        {
          "epoch": 51,
          "train_objective": 2.202558994293213,
          "dev_nll": 2.283846139907837,
          "dev_kl": 0.007924091896852623,
          "dev_objective": 2.307618415598395
        },
        {
          "epoch": 52,
          "train_objective": 2.2015576362609863,
          "dev_nll": 2.2828831672668457,
          "dev_kl": 0.008060024545416091,
          "dev_objective": 2.307063240903094
        },
        {
          "epoch": 53,
          "train_objective": 2.2005691528320312,
          "dev_nll": 2.2819366455078125,
          "dev_kl": 0.008190548511956594,
          "dev_objective": 2.3065082910436825
        },
        {
          "epoch": 54,
          "train_objective": 2.1995930671691895,
          "dev_nll": 2.2810134887695312,
          "dev_kl": 0.008315698240744672,
          "dev_objective": 2.3059605834917654
        },
        {
          "epoch": 55,
          "train_objective": 2.198629856109619,
          "dev_nll": 2.280116558074951,
          "dev_kl": 0.00843679832358657,
          "dev_objective": 2.305426953045711
        },
        {
          "epoch": 56,
          "train_objective": 2.197678327560425,
          "dev_nll": 2.279245376586914,
          "dev_kl": 0.008555933628041773,
          "dev_objective": 2.304913177471039
        },
        {
          "epoch": 57,
          "train_objective": 2.1967391967773438,
          "dev_nll": 2.2783946990966797,
          "dev_kl": 0.008674888095282407,
          "dev_objective": 2.304419363382527
        },
        {
          "epoch": 58,
          "train_objective": 2.1958117485046387,
          "dev_nll": 2.277560234069824,
          "dev_kl": 0.008794232134891371,
          "dev_objective": 2.3039429304744985
        },
        {
          "epoch": 59,
          "train_objective": 2.1948952674865723,
          "dev_nll": 2.2767367362976074,
          "dev_kl": 0.008913028464325913,
          "dev_objective": 2.303475821690585
        },
        {
          "epoch": 60,
          "train_objective": 2.193990707397461,
          "dev_nll": 2.275923013687134,
          "dev_kl": 0.009029249734445584,
          "dev_objective": 2.3030107628904704
        },
        {
          "epoch": 61,
          "train_objective": 2.1930978298187256,
          "dev_nll": 2.275118112564087,
          "dev_kl": 0.009140853900029215,
          "dev_objective": 2.3025406742641747
        },
        {
          "epoch": 62,
          "train_objective": 2.192216157913208,
          "dev_nll": 2.274322748184204,
          "dev_kl": 0.009246958285667609,
          "dev_objective": 2.302063623041207
        },
        {
          "epoch": 63,
          "train_objective": 2.1913459300994873,
          "dev_nll": 2.273538112640381,
          "dev_kl": 0.009348407272671805,
          "dev_objective": 2.3015833344583965
        },
        {
          "epoch": 64,
          "train_objective": 2.1904866695404053,
          "dev_nll": 2.272763252258301,
          "dev_kl": 0.009447323581629773,
          "dev_objective": 2.3011052230031903
        },
        {
          "epoch": 65,
          "train_objective": 2.18963885307312,
          "dev_nll": 2.271998643875122,
          "dev_kl": 0.009545884569141249,
          "dev_objective": 2.3006362975825456
        },
        {
          "epoch": 66,
          "train_objective": 2.18880295753479,
          "dev_nll": 2.271244764328003,
          "dev_kl": 0.009645420203550336,
          "dev_objective": 2.300181024938654
        },
        {
          "epoch": 67,
          "train_objective": 2.1879780292510986,
          "dev_nll": 2.270503044128418,
          "dev_kl": 0.009745895095050422,
          "dev_objective": 2.2997407294135694
        },
        {
          "epoch": 68,
          "train_objective": 2.187164545059204,
          "dev_nll": 2.269773483276367,
          "dev_kl": 0.009846188306904131,
          "dev_objective": 2.2993120481970797
        },
        {
          "epoch": 69,
          "train_objective": 2.1863620281219482,
          "dev_nll": 2.269056558609009,
          "dev_kl": 0.009944914903558517,
          "dev_objective": 2.2988913033196843
        },
        {
          "epoch": 70,
          "train_objective": 2.1855716705322266,
          "dev_nll": 2.2683494091033936,
          "dev_kl": 0.01004119765991706,
          "dev_objective": 2.2984730020831448
        },
        {
          "epoch": 71,
          "train_objective": 2.1847925186157227,
          "dev_nll": 2.267648935317993,
          "dev_kl": 0.010135159973964789,
          "dev_objective": 2.2980544152398874
        },
        {
          "epoch": 72,
          "train_objective": 2.184025287628174,
          "dev_nll": 2.2669527530670166,
          "dev_kl": 0.01022779784962181,
          "dev_objective": 2.297636146615882
        },
        {
          "epoch": 73,
          "train_objective": 2.183269500732422,
          "dev_nll": 2.2662596702575684,
          "dev_kl": 0.01032024263061381,
          "dev_objective": 2.2972203981494097
        },
        {
          "epoch": 74,
          "train_objective": 2.182525396347046,
          "dev_nll": 2.265571355819702,
          "dev_kl": 0.010413330113975505,
          "dev_objective": 2.2968113461616286
        },
        {
          "epoch": 75,
          "train_objective": 2.1817924976348877,
          "dev_nll": 2.2648911476135254,
          "dev_kl": 0.010507177202348677,
          "dev_objective": 2.2964126792205715
        },
        {
          "epoch": 76,
          "train_objective": 2.1810717582702637,
          "dev_nll": 2.2642221450805664,
          "dev_kl": 0.010601457285328386,
          "dev_objective": 2.2960265169365517
        },
        {
          "epoch": 77,
          "train_objective": 2.1803629398345947,
          "dev_nll": 2.2635655403137207,
          "dev_kl": 0.010695859837226656,
          "dev_objective": 2.295653119825401
        },
        {
          "epoch": 78,
          "train_objective": 2.1796653270721436,
          "dev_nll": 2.2629201412200928,
          "dev_kl": 0.010790312848172995,
          "dev_objective": 2.2952910797646116
        },
        {
          "epoch": 79,
          "train_objective": 2.1789796352386475,
          "dev_nll": 2.262282371520996,
          "dev_kl": 0.010885116896662472,
          "dev_objective": 2.2949377222109835
        },
        {
          "epoch": 80,
          "train_objective": 2.1783056259155273,
          "dev_nll": 2.2616488933563232,
          "dev_kl": 0.010980532290062022,
          "dev_objective": 2.2945904902265095
        },
        {
          "epoch": 81,
          "train_objective": 2.177643299102783,
          "dev_nll": 2.2610175609588623,
          "dev_kl": 0.011076603541890693,
          "dev_objective": 2.294247371584534
        },
        {
          "epoch": 82,
          "train_objective": 2.1769931316375732,
          "dev_nll": 2.2603886127471924,
          "dev_kl": 0.011173084473450372,
          "dev_objective": 2.2939078661675434
        },
        {
          "epoch": 83,
          "train_objective": 2.17635440826416,
          "dev_nll": 2.2597639560699463,
          "dev_kl": 0.011269654609378456,
          "dev_objective": 2.293572919898082
        },
        {
          "epoch": 84,
          "train_objective": 2.175726890563965,
          "dev_nll": 2.259145975112915,
          "dev_kl": 0.011366262118234624,
          "dev_objective": 2.293244761467619
        },
        {
          "epoch": 85,
          "train_objective": 2.1751115322113037,
          "dev_nll": 2.2585363388061523,
          "dev_kl": 0.011463271377720083,
          "dev_objective": 2.292926152939313
        },
        {
          "epoch": 86,
          "train_objective": 2.1745076179504395,
          "dev_nll": 2.257934808731079,
          "dev_kl": 0.011561260035698295,
          "dev_objective": 2.292618588838174
        },
        {
          "epoch": 87,
          "train_objective": 2.173915386199951,
          "dev_nll": 2.2573390007019043,
          "dev_kl": 0.011660703065667063,
          "dev_objective": 2.2923211098989054
        },
        {
          "epoch": 88,
          "train_objective": 2.1733343601226807,
          "dev_nll": 2.2567479610443115,
          "dev_kl": 0.011761647838961095,
          "dev_objective": 2.2920329045611947
        },
        {
          "epoch": 89,
          "train_objective": 2.1727652549743652,
          "dev_nll": 2.256160259246826,
          "dev_kl": 0.011863645450767065,
          "dev_objective": 2.291751195599127
        },
        {
          "epoch": 90,
          "train_objective": 2.1722071170806885,
          "dev_nll": 2.2555761337280273,
          "dev_kl": 0.01196600561620859,
          "dev_objective": 2.291474150576653
        },
        {
          "epoch": 91,
          "train_objective": 2.1716606616973877,
          "dev_nll": 2.2549962997436523,
          "dev_kl": 0.012068205764616457,
          "dev_objective": 2.291200917037502
        },
        {
          "epoch": 92,
          "train_objective": 2.1711251735687256,
          "dev_nll": 2.2544214725494385,
          "dev_kl": 0.012170307806380771,
          "dev_objective": 2.290932395968581
        },
        {
          "epoch": 93,
          "train_objective": 2.1706011295318604,
          "dev_nll": 2.2538511753082275,
          "dev_kl": 0.012272787182352708,
          "dev_objective": 2.290669536855286
        },
        {
          "epoch": 94,
          "train_objective": 2.170088291168213,
          "dev_nll": 2.2532858848571777,
          "dev_kl": 0.01237629766766859,
          "dev_objective": 2.2904147778601835
        },
        {
          "epoch": 95,
          "train_objective": 2.169586420059204,
          "dev_nll": 2.252725601196289,
          "dev_kl": 0.012481189491281415,
          "dev_objective": 2.290169169670133
        },
        {
          "epoch": 96,
          "train_objective": 2.169095516204834,
          "dev_nll": 2.2521708011627197,
          "dev_kl": 0.01258737544051747,
          "dev_objective": 2.2899329274842724
        },
        {
          "epoch": 97,
          "train_objective": 2.1686151027679443,
          "dev_nll": 2.251621723175049,
          "dev_kl": 0.012694405008724695,
          "dev_objective": 2.289704938201223
        },
        {
          "epoch": 98,
          "train_objective": 2.1681458950042725,
          "dev_nll": 2.2510783672332764,
          "dev_kl": 0.012801769459141823,
          "dev_objective": 2.2894836756107018
        },
        {
          "epoch": 99,
          "train_objective": 2.16768741607666,
          "dev_nll": 2.250539541244507,
          "dev_kl": 0.012909239355105611,
          "dev_objective": 2.2892672593098236
        },
        {
          "epoch": 100,
          "train_objective": 2.1672396659851074,
          "dev_nll": 2.2500057220458984,
          "dev_kl": 0.01301691069639046,
          "dev_objective": 2.28905645413507
        },
        {
          "epoch": 101,
          "train_objective": 2.166801929473877,
          "dev_nll": 2.2494750022888184,
          "dev_kl": 0.0131250565266733,
          "dev_objective": 2.2888501718688383
        },
        {
          "epoch": 102,
          "train_objective": 2.166374921798706,
          "dev_nll": 2.248948097229004,
          "dev_kl": 0.013233908248253982,
          "dev_objective": 2.288649821973766
        },
        {
          "epoch": 103,
          "train_objective": 2.1659581661224365,
          "dev_nll": 2.2484264373779297,
          "dev_kl": 0.013343531493879963,
          "dev_objective": 2.2884570318595694
        },
        {
          "epoch": 104,
          "train_objective": 2.1655514240264893,
          "dev_nll": 2.2479097843170166,
          "dev_kl": 0.013453801245001765,
          "dev_objective": 2.288271188052022
        },
        {
          "epoch": 105,
          "train_objective": 2.1651549339294434,
          "dev_nll": 2.2474002838134766,
          "dev_kl": 0.013564537460586352,
          "dev_objective": 2.2880938961952357
        },
        {
          "epoch": 106,
          "train_objective": 2.1647684574127197,
          "dev_nll": 2.246896743774414,
          "dev_kl": 0.01367566776843182,
          "dev_objective": 2.2879237470797094
        },
        {
          "epoch": 107,
          "train_objective": 2.164391279220581,
          "dev_nll": 2.2463982105255127,
          "dev_kl": 0.013787178548396738,
          "dev_objective": 2.287759746170703
        },
        {
          "epoch": 108,
          "train_objective": 2.164024591445923,
          "dev_nll": 2.245903730392456,
          "dev_kl": 0.013899066630588906,
          "dev_objective": 2.287600930284223
        },
        {
          "epoch": 109,
          "train_objective": 2.1636672019958496,
          "dev_nll": 2.2454135417938232,
          "dev_kl": 0.014011243835534691,
          "dev_objective": 2.2874472733004274
        },
        {
          "epoch": 110,
          "train_objective": 2.1633191108703613,
          "dev_nll": 2.2449276447296143,
          "dev_kl": 0.014123595582807253,
          "dev_objective": 2.2872984314780362
        },
        {
          "epoch": 111,
          "train_objective": 2.162980079650879,
          "dev_nll": 2.2444472312927246,
          "dev_kl": 0.014236013868655794,
          "dev_objective": 2.287155272898692
        },
        {
          "epoch": 112,
          "train_objective": 2.1626505851745605,
          "dev_nll": 2.2439730167388916,
          "dev_kl": 0.014348474761271261,
          "dev_objective": 2.2870184410227052
        },
        {
          "epoch": 113,
          "train_objective": 2.162330150604248,
          "dev_nll": 2.2435050010681152,
          "dev_kl": 0.014461113566448353,
          "dev_objective": 2.2868883417674604
        },
        {
          "epoch": 114,
          "train_objective": 2.1620185375213623,
          "dev_nll": 2.2430427074432373,
          "dev_kl": 0.014574017255174902,
          "dev_objective": 2.286764759208762
        },
        {
          "epoch": 115,
          "train_objective": 2.1617159843444824,
          "dev_nll": 2.242586135864258,
          "dev_kl": 0.014687168513491927,
          "dev_objective": 2.2866476414047336
        },
        {
          "epoch": 116,
          "train_objective": 2.161421537399292,
          "dev_nll": 2.2421345710754395,
          "dev_kl": 0.014800392764384945,
          "dev_objective": 2.2865357493685945
        },
        {
          "epoch": 117,
          "train_objective": 2.1611359119415283,
          "dev_nll": 2.241687774658203,
          "dev_kl": 0.014913422390518533,
          "dev_objective": 2.2864280418297587
        },
        {
          "epoch": 118,
          "train_objective": 2.160858392715454,
          "dev_nll": 2.2412474155426025,
          "dev_kl": 0.015026056336822411,
          "dev_objective": 2.2863255845530697
        },
        {
          "epoch": 119,
          "train_objective": 2.1605896949768066,
          "dev_nll": 2.240812063217163,
          "dev_kl": 0.015138289066744056,
          "dev_objective": 2.286226930417395
        },
        {
          "epoch": 120,
          "train_objective": 2.1603286266326904,
          "dev_nll": 2.2403829097747803,
          "dev_kl": 0.015250232708599787,
          "dev_objective": 2.2861336079005796
        },
        {
          "epoch": 121,
          "train_objective": 2.1600754261016846,
          "dev_nll": 2.239959478378296,
          "dev_kl": 0.015362016724969906,
          "dev_objective": 2.2860455285532058
        },
        {
          "epoch": 122,
          "train_objective": 2.159830093383789,
          "dev_nll": 2.239541530609131,
          "dev_kl": 0.015473663841574786,
          "dev_objective": 2.2859625221338553
        },
        {
          "epoch": 123,
          "train_objective": 2.1595921516418457,
          "dev_nll": 2.2391295433044434,
          "dev_kl": 0.015585044364780169,
          "dev_objective": 2.285884676398784
        },
        {
          "epoch": 124,
          "train_objective": 2.1593620777130127,
          "dev_nll": 2.2387237548828125,
          "dev_kl": 0.015695965654499173,
          "dev_objective": 2.28581165184631
        },
        {
          "epoch": 125,
          "train_objective": 2.1591389179229736,
          "dev_nll": 2.2383241653442383,
          "dev_kl": 0.015806280804931457,
          "dev_objective": 2.2857430077590326
        },
        {
          "epoch": 126,
          "train_objective": 2.158923387527466,
          "dev_nll": 2.2379300594329834,
          "dev_kl": 0.015915919668809377,
          "dev_objective": 2.2856778184394115
        },
        {
          "epoch": 127,
          "train_objective": 2.158714532852173,
          "dev_nll": 2.2375411987304688,
          "dev_kl": 0.01602491418337075,
          "dev_objective": 2.285615941280581
        },
        {
          "epoch": 128,
          "train_objective": 2.158512592315674,
          "dev_nll": 2.2371580600738525,
          "dev_kl": 0.016133314730370697,
          "dev_objective": 2.285558004264965
        },
        {
          "epoch": 129,
          "train_objective": 2.1583173274993896,
          "dev_nll": 2.2367806434631348,
          "dev_kl": 0.01624112283983312,
          "dev_objective": 2.285504011982634
        },
        {
          "epoch": 130,
          "train_objective": 2.1581287384033203,
          "dev_nll": 2.2364091873168945,
          "dev_kl": 0.016348275700576863,
          "dev_objective": 2.285454014418625
        },
        {
          "epoch": 131,
          "train_objective": 2.1579465866088867,
          "dev_nll": 2.23604416847229,
          "dev_kl": 0.016454724772153203,
          "dev_objective": 2.2854083427887497
        },
        {
          "epoch": 132,
          "train_objective": 2.1577703952789307,
          "dev_nll": 2.235685348510742,
          "dev_kl": 0.016560384397511257,
          "dev_objective": 2.285366501703276
        },
        {
          "epoch": 133,
          "train_objective": 2.1576006412506104,
          "dev_nll": 2.2353322505950928,
          "dev_kl": 0.016665269742715767,
          "dev_objective": 2.28532805982324
        },
        {
          "epoch": 134,
          "train_objective": 2.1574366092681885,
          "dev_nll": 2.2349843978881836,
          "dev_kl": 0.016769329270079982,
          "dev_objective": 2.2852923856984235
        },
        {
          "epoch": 135,
          "train_objective": 2.157278537750244,
          "dev_nll": 2.234642267227173,
          "dev_kl": 0.016872513751468785,
          "dev_objective": 2.2852598084815794
        },
        {
          "epoch": 136,
          "train_objective": 2.157125949859619,
          "dev_nll": 2.2343058586120605,
          "dev_kl": 0.016974766904706146,
          "dev_objective": 2.285230159326179
        },
        {
          "epoch": 137,
          "train_objective": 2.1569790840148926,
          "dev_nll": 2.2339751720428467,
          "dev_kl": 0.017076060948881585,
          "dev_objective": 2.2852033548894912
        },
        {
          "epoch": 138,
          "train_objective": 2.1568374633789062,
          "dev_nll": 2.2336506843566895,
          "dev_kl": 0.017176399225295323,
          "dev_objective": 2.2851798820325753
        },
        {
          "epoch": 139,
          "train_objective": 2.15670108795166,
          "dev_nll": 2.2333314418792725,
          "dev_kl": 0.017275829599666465,
          "dev_objective": 2.285158930678272
        },
        {
          "epoch": 140,
          "train_objective": 2.156569719314575,
          "dev_nll": 2.233018159866333,
          "dev_kl": 0.017374361143605386,
          "dev_objective": 2.285141243297149
        },
        {
          "epoch": 141,
          "train_objective": 2.1564433574676514,
          "dev_nll": 2.232710838317871,
          "dev_kl": 0.017471927287429977,
          "dev_objective": 2.285126620180161
        },
        {
          "epoch": 142,
          "train_objective": 2.1563220024108887,
          "dev_nll": 2.232408285140991,
          "dev_kl": 0.01756844174632033,
          "dev_objective": 2.2851136103799523
        },
        {
          "epoch": 143,
          "train_objective": 2.15620493888855,
          "dev_nll": 2.2321114540100098,
          "dev_kl": 0.01766384795562828,
          "dev_objective": 2.2851029978768946
        },
        {
          "epoch": 144,
          "train_objective": 2.156092643737793,
          "dev_nll": 2.231820583343506,
          "dev_kl": 0.0177580992901714,
          "dev_objective": 2.28509488121402
        },
        {
          "epoch": 145,
          "train_objective": 2.155984878540039,
          "dev_nll": 2.231534481048584,
          "dev_kl": 0.0178512409463935,
          "dev_objective": 2.2850882038877645
        },
        {
          "epoch": 146,
          "train_objective": 2.15588116645813,
          "dev_nll": 2.2312538623809814,
          "dev_kl": 0.01794332553891559,
          "dev_objective": 2.2850838389977284
        },
        {
          "epoch": 147,
          "train_objective": 2.1557815074920654,
          "dev_nll": 2.2309787273406982,
          "dev_kl": 0.018034330017588557,
          "dev_objective": 2.285081717393464
        },
        {
          "epoch": 148,
          "train_objective": 2.1556859016418457,
          "dev_nll": 2.2307093143463135,
          "dev_kl": 0.018124244309074694,
          "dev_objective": 2.2850820472735376
        },
        {
          "epoch": 149,
          "train_objective": 2.15559458732605,
          "dev_nll": 2.23044490814209,
          "dev_kl": 0.01821299104309684,
          "dev_objective": 2.2850838812713805
        },
        {
          "epoch": 150,
          "train_objective": 2.1555063724517822,
          "dev_nll": 2.2301852703094482,
          "dev_kl": 0.0183005357781482,
          "dev_objective": 2.285086877643893
        },
        {
          "epoch": 151,
          "train_objective": 2.155421733856201,
          "dev_nll": 2.229931592941284,
          "dev_kl": 0.018386858052149048,
          "dev_objective": 2.2850921670977313
        },
        {
          "epoch": 152,
          "train_objective": 2.155341148376465,
          "dev_nll": 2.229682207107544,
          "dev_kl": 0.01847199874695674,
          "dev_objective": 2.285098203348414
        },
        {
          "epoch": 153,
          "train_objective": 2.155263900756836,
          "dev_nll": 2.229438066482544,
          "dev_kl": 0.01855592675621679,
          "dev_objective": 2.285105846751194
        },
        {
          "epoch": 154,
          "train_objective": 2.1551895141601562,
          "dev_nll": 2.229198694229126,
          "dev_kl": 0.01863867158963401,
          "dev_objective": 2.285114708998028
        },
        {
          "epoch": 155,
          "train_objective": 2.155118942260742,
          "dev_nll": 2.22896409034729,
          "dev_kl": 0.018720206451774194,
          "dev_objective": 2.285124709702613
        },
        {
          "epoch": 156,
          "train_objective": 2.1550509929656982,
          "dev_nll": 2.2287349700927734,
          "dev_kl": 0.018800528684205488,
          "dev_objective": 2.28513655614539
        },
        {
          "epoch": 157,
          "train_objective": 2.1549859046936035,
          "dev_nll": 2.2285103797912598,
          "dev_kl": 0.01887963317147846,
          "dev_objective": 2.285149279305695
        },
        {
          "epoch": 158,
          "train_objective": 2.154923677444458,
          "dev_nll": 2.228290319442749,
          "dev_kl": 0.018957508290955858,
          "dev_objective": 2.2851628443156167
        },
        {
          "epoch": 159,
          "train_objective": 2.1548643112182617,
          "dev_nll": 2.2280752658843994,
          "dev_kl": 0.019034171363647014,
          "dev_objective": 2.2851777799753403
        },
        {
          "epoch": 160,
          "train_objective": 2.1548075675964355,
          "dev_nll": 2.2278640270233154,
          "dev_kl": 0.019109578131311825,
          "dev_objective": 2.285192761417251
        },
        {
          "epoch": 161,
          "train_objective": 2.1547536849975586,
          "dev_nll": 2.2276577949523926,
          "dev_kl": 0.01918374124774303,
          "dev_objective": 2.2852090186956215
        },
        {
          "epoch": 162,
          "train_objective": 2.1547019481658936,
          "dev_nll": 2.2274563312530518,
          "dev_kl": 0.01925665520317943,
          "dev_objective": 2.2852262968625903
        },
        {
          "epoch": 163,
          "train_objective": 2.1546523571014404,
          "dev_nll": 2.2272589206695557,
          "dev_kl": 0.01932834455200386,
          "dev_objective": 2.2852439543255674
        },
        {
          "epoch": 164,
          "train_objective": 2.1546056270599365,
          "dev_nll": 2.2270660400390625,
          "dev_kl": 0.019398836741158956,
          "dev_objective": 2.2852625502625394
        },
        {
          "epoch": 165,
          "train_objective": 2.1545608043670654,
          "dev_nll": 2.226877450942993,
          "dev_kl": 0.019468123237187288,
          "dev_objective": 2.285281820654555
        },
        {
          "epoch": 166,
          "train_objective": 2.154517889022827,
          "dev_nll": 2.2266931533813477,
          "dev_kl": 0.01953618800528835,
          "dev_objective": 2.2853017173972128
        },
        {
          "epoch": 167,
          "train_objective": 2.1544768810272217,
          "dev_nll": 2.2265126705169678,
          "dev_kl": 0.019603012838760075,
          "dev_objective": 2.285321709033248
        },
        {
          "epoch": 168,
          "train_objective": 2.1544382572174072,
          "dev_nll": 2.2263362407684326,
          "dev_kl": 0.019668589237591887,
          "dev_objective": 2.285342008481208
        },
        {
          "epoch": 169,
          "train_objective": 2.1544013023376465,
          "dev_nll": 2.226163864135742,
          "dev_kl": 0.019732967139895852,
          "dev_objective": 2.28536276555543
        },
        {
          "epoch": 170,
          "train_objective": 2.1543660163879395,
          "dev_nll": 2.2259957790374756,
          "dev_kl": 0.0197961490671015,
          "dev_objective": 2.2853842262387802
        },
        {
          "epoch": 171,
          "train_objective": 2.1543326377868652,
          "dev_nll": 2.2258310317993164,
          "dev_kl": 0.019858146478221643,
          "dev_objective": 2.2854054712339815
        },
        {
          "epoch": 172,
          "train_objective": 2.1543004512786865,
          "dev_nll": 2.225670576095581,
          "dev_kl": 0.019918979517393565,
          "dev_objective": 2.2854275146477616
        },
        {
          "epoch": 173,
          "train_objective": 2.1542704105377197,
          "dev_nll": 2.2255136966705322,
          "dev_kl": 0.019978612281883842,
          "dev_objective": 2.285449533516184
        },
        {
          "epoch": 174,
          "train_objective": 2.1542413234710693,
          "dev_nll": 2.225360631942749,
          "dev_kl": 0.020037050366283452,
          "dev_objective": 2.2854717830415994
        },
        {
          "epoch": 175,
          "train_objective": 2.1542141437530518,
          "dev_nll": 2.2252113819122314,
          "dev_kl": 0.02009432153384176,
          "dev_objective": 2.2854943465137567
        },
        {
          "epoch": 176,
          "train_objective": 2.1541881561279297,
          "dev_nll": 2.225065231323242,
          "dev_kl": 0.020150445413174713,
          "dev_objective": 2.2855165675627664
        },
        {
          "epoch": 177,
          "train_objective": 2.1541635990142822,
          "dev_nll": 2.2249228954315186,
          "dev_kl": 0.020205401624832663,
          "dev_objective": 2.2855391003060164
        },
        {
          "epoch": 178,
          "train_objective": 2.1541402339935303,
          "dev_nll": 2.2247838973999023,
          "dev_kl": 0.020259236604653934,
          "dev_objective": 2.285561607213864
        },
        {
          "epoch": 179,
          "train_objective": 2.1541178226470947,
          "dev_nll": 2.2246484756469727,
          "dev_kl": 0.020311922423113787,
          "dev_objective": 2.285584242916314
        },
        {
          "epoch": 180,
          "train_objective": 2.154097080230713,
          "dev_nll": 2.2245161533355713,
          "dev_kl": 0.020363503789787303,
          "dev_objective": 2.2856066647049333
        },
        {
          "epoch": 181,
          "train_objective": 2.1540770530700684,
          "dev_nll": 2.2243874073028564,
          "dev_kl": 0.02041398290889482,
          "dev_objective": 2.285629356029541
        },
        {
          "epoch": 182,
          "train_objective": 2.1540579795837402,
          "dev_nll": 2.224261522293091,
          "dev_kl": 0.020463372943264092,
          "dev_objective": 2.285651641122883
        },
        {
          "epoch": 183,
          "train_objective": 2.1540400981903076,
          "dev_nll": 2.2241389751434326,
          "dev_kl": 0.020511651465799228,
          "dev_objective": 2.28567392954083
        },
        {
          "epoch": 184,
          "train_objective": 2.1540231704711914,
          "dev_nll": 2.2240195274353027,
          "dev_kl": 0.02055887288532162,
          "dev_objective": 2.2856961460912677
        },
        {
          "epoch": 185,
          "train_objective": 2.1540071964263916,
          "dev_nll": 2.223902940750122,
          "dev_kl": 0.020604998500730713,
          "dev_objective": 2.2857179362523143
        }
      ]
    },
    "constrained_stage_candidates": [
      {
        "kl_lambda": 1.0,
        "best_dev_nll": 2.1566545963287354,
        "best_dev_kl": 0.07000503019098546,
        "best_dev_objective": 2.2266596265197207,
        "epochs_run": 300,
        "history": [
          {
            "epoch": 0,
            "train_objective": 2.296180009841919,
            "dev_nll": 2.362933874130249,
            "dev_kl": 0.0001297225605321023,
            "dev_objective": 2.363063596690781
          },
          {
            "epoch": 1,
            "train_objective": 2.2925758361816406,
            "dev_nll": 2.3610000610351562,
            "dev_kl": 0.00033173691399003807,
            "dev_objective": 2.361331797949146
          },
          {
            "epoch": 2,
            "train_objective": 2.289252281188965,
            "dev_nll": 2.359344482421875,
            "dev_kl": 0.0004805509224822817,
            "dev_objective": 2.3598250333443573
          },
          {
            "epoch": 3,
            "train_objective": 2.2860147953033447,
            "dev_nll": 2.357804536819458,
            "dev_kl": 0.0006154921473127559,
            "dev_objective": 2.358420028966771
          },
          {
            "epoch": 4,
            "train_objective": 2.282892942428589,
            "dev_nll": 2.356245994567871,
            "dev_kl": 0.0007514384608578601,
            "dev_objective": 2.356997433028729
          },
          {
            "epoch": 5,
            "train_objective": 2.2798736095428467,
            "dev_nll": 2.3545305728912354,
            "dev_kl": 0.0008746717652994525,
            "dev_objective": 2.355405244656535
          },
          {
            "epoch": 6,
            "train_objective": 2.276883602142334,
            "dev_nll": 2.352630853652954,
            "dev_kl": 0.0009701672681767941,
            "dev_objective": 2.353601020921131
          },
          {
            "epoch": 7,
            "train_objective": 2.273878574371338,
            "dev_nll": 2.3506031036376953,
            "dev_kl": 0.001046454899424557,
            "dev_objective": 2.3516495585371198
          },
          {
            "epoch": 8,
            "train_objective": 2.2708747386932373,
            "dev_nll": 2.3485121726989746,
            "dev_kl": 0.0011215284401316253,
            "dev_objective": 2.349633701139106
          },
          {
            "epoch": 9,
            "train_objective": 2.267906427383423,
            "dev_nll": 2.3464136123657227,
            "dev_kl": 0.0012078375046596277,
            "dev_objective": 2.3476214498703825
          },
          {
            "epoch": 10,
            "train_objective": 2.2649948596954346,
            "dev_nll": 2.344348192214966,
            "dev_kl": 0.0013067614848458373,
            "dev_objective": 2.3456549536998117
          },
          {
            "epoch": 11,
            "train_objective": 2.2621448040008545,
            "dev_nll": 2.3423404693603516,
            "dev_kl": 0.001414205843326455,
            "dev_objective": 2.343754675203678
          },
          {
            "epoch": 12,
            "train_objective": 2.2593436241149902,
            "dev_nll": 2.340395450592041,
            "dev_kl": 0.001530813018280594,
            "dev_objective": 2.3419262636103215
          },
          {
            "epoch": 13,
            "train_objective": 2.256582021713257,
            "dev_nll": 2.338508129119873,
            "dev_kl": 0.0016637788491022174,
            "dev_objective": 2.3401719079689753
          },
          {
            "epoch": 14,
            "train_objective": 2.253856897354126,
            "dev_nll": 2.3366663455963135,
            "dev_kl": 0.0018215278911904267,
            "dev_objective": 2.338487873487504
          },
          {
            "epoch": 15,
            "train_objective": 2.2511680126190186,
            "dev_nll": 2.334851026535034,
            "dev_kl": 0.00200911260572309,
            "dev_objective": 2.3368601391407573
          },
          {
            "epoch": 16,
            "train_objective": 2.248513698577881,
            "dev_nll": 2.333043336868286,
            "dev_kl": 0.0022276859034923114,
            "dev_objective": 2.3352710227717783
          },
          {
            "epoch": 17,
            "train_objective": 2.2458910942077637,
            "dev_nll": 2.331233024597168,
            "dev_kl": 0.002476024817514717,
            "dev_objective": 2.333709049414683
          },
          {
            "epoch": 18,
            "train_objective": 2.243300437927246,
            "dev_nll": 2.329421043395996,
            "dev_kl": 0.002751601535836848,
            "dev_objective": 2.3321726449318327
          },
          {
            "epoch": 19,
            "train_objective": 2.240748167037964,
            "dev_nll": 2.3276150226593018,
            "dev_kl": 0.00304907371218735,
            "dev_objective": 2.330664096371489
          },
          {
            "epoch": 20,
            "train_objective": 2.2382407188415527,
            "dev_nll": 2.3258237838745117,
            "dev_kl": 0.003358616030237154,
            "dev_objective": 2.3291823999047487
          },
          {
            "epoch": 21,
            "train_objective": 2.2357802391052246,
            "dev_nll": 2.32405161857605,
            "dev_kl": 0.00366728329063617,
            "dev_objective": 2.327718901866686
          },
          {
            "epoch": 22,
            "train_objective": 2.2333624362945557,
            "dev_nll": 2.3222975730895996,
            "dev_kl": 0.003963787069177804,
            "dev_objective": 2.3262613601587776
          },
          {
            "epoch": 23,
            "train_objective": 2.2309815883636475,
            "dev_nll": 2.3205552101135254,
            "dev_kl": 0.004243464158602463,
            "dev_objective": 2.324798674272128
          },
          {
            "epoch": 24,
            "train_objective": 2.228632688522339,
            "dev_nll": 2.318817615509033,
            "dev_kl": 0.00450914438503484,
            "dev_objective": 2.323326759894068
          },
          {
            "epoch": 25,
            "train_objective": 2.226315975189209,
            "dev_nll": 2.317075729370117,
            "dev_kl": 0.004768266656405343,
            "dev_objective": 2.3218439960265225
          },
          {
            "epoch": 26,
            "train_objective": 2.224034070968628,
            "dev_nll": 2.3153228759765625,
            "dev_kl": 0.0050290464694330165,
            "dev_objective": 2.3203519224459956
          },
          {
            "epoch": 27,
            "train_objective": 2.221787691116333,
            "dev_nll": 2.313555955886841,
            "dev_kl": 0.00529800731776275,
            "dev_objective": 2.3188539632046035
          },
          {
            "epoch": 28,
            "train_objective": 2.2195754051208496,
            "dev_nll": 2.3117823600769043,
            "dev_kl": 0.005579451244557276,
            "dev_objective": 2.3173618113214616
          },
          {
            "epoch": 29,
            "train_objective": 2.217397689819336,
            "dev_nll": 2.31001353263855,
            "dev_kl": 0.005875002254611026,
            "dev_objective": 2.315888534893161
          },
          {
            "epoch": 30,
            "train_objective": 2.215254306793213,
            "dev_nll": 2.3082668781280518,
            "dev_kl": 0.006183388573929754,
            "dev_objective": 2.3144502667019817
          },
          {
            "epoch": 31,
            "train_objective": 2.2131459712982178,
            "dev_nll": 2.306556463241577,
            "dev_kl": 0.006500721405090605,
            "dev_objective": 2.313057184646668
          },
          {
            "epoch": 32,
            "train_objective": 2.2110700607299805,
            "dev_nll": 2.304891586303711,
            "dev_kl": 0.006822611314024372,
            "dev_objective": 2.3117141976177353
          },
          {
            "epoch": 33,
            "train_objective": 2.209023952484131,
            "dev_nll": 2.3032732009887695,
            "dev_kl": 0.007146660345444066,
            "dev_objective": 2.3104198613342137
          },
          {
            "epoch": 34,
            "train_objective": 2.207005500793457,
            "dev_nll": 2.3016977310180664,
            "dev_kl": 0.007473481430531328,
            "dev_objective": 2.309171212448598
          },
          {
            "epoch": 35,
            "train_objective": 2.2050154209136963,
            "dev_nll": 2.300152540206909,
            "dev_kl": 0.007805556094530219,
            "dev_objective": 2.3079580963014394
          },
          {
            "epoch": 36,
            "train_objective": 2.203054666519165,
            "dev_nll": 2.2986257076263428,
            "dev_kl": 0.00814505700381155,
            "dev_objective": 2.3067707646301545
          },
          {
            "epoch": 37,
            "train_objective": 2.201124429702759,
            "dev_nll": 2.2971043586730957,
            "dev_kl": 0.008492423357738024,
            "dev_objective": 2.305596782030834
          },
          {
            "epoch": 38,
            "train_objective": 2.1992239952087402,
            "dev_nll": 2.2955808639526367,
            "dev_kl": 0.008845848639589525,
            "dev_objective": 2.3044267125922264
          },
          {
            "epoch": 39,
            "train_objective": 2.1973509788513184,
            "dev_nll": 2.294053554534912,
            "dev_kl": 0.00920168386299394,
            "dev_objective": 2.303255238397906
          },
          {
            "epoch": 40,
            "train_objective": 2.1955058574676514,
            "dev_nll": 2.292527437210083,
            "dev_kl": 0.009555258127579163,
            "dev_objective": 2.302082695337662
          },
          {
            "epoch": 41,
            "train_objective": 2.193688154220581,
            "dev_nll": 2.291008472442627,
            "dev_kl": 0.009902007672069378,
            "dev_objective": 2.3009104801146965
          },
          {
            "epoch": 42,
            "train_objective": 2.1918957233428955,
            "dev_nll": 2.289503335952759,
            "dev_kl": 0.01023926399151845,
            "dev_objective": 2.299742599944277
          },
          {
            "epoch": 43,
            "train_objective": 2.190129518508911,
            "dev_nll": 2.288015365600586,
            "dev_kl": 0.010567587345492008,
            "dev_objective": 2.2985829529460777
          },
          {
            "epoch": 44,
            "train_objective": 2.188387870788574,
            "dev_nll": 2.2865467071533203,
            "dev_kl": 0.010890752766118927,
            "dev_objective": 2.2974374599194394
          },
          {
            "epoch": 45,
            "train_objective": 2.1866722106933594,
            "dev_nll": 2.285094976425171,
            "dev_kl": 0.011214273151049982,
            "dev_objective": 2.296309249576221
          },
          {
            "epoch": 46,
            "train_objective": 2.1849825382232666,
            "dev_nll": 2.283658266067505,
            "dev_kl": 0.011543397421230266,
            "dev_objective": 2.295201663488735
          },
          {
            "epoch": 47,
            "train_objective": 2.1833181381225586,
            "dev_nll": 2.2822346687316895,
            "dev_kl": 0.011881470816505915,
            "dev_objective": 2.2941161395481955
          },
          {
            "epoch": 48,
            "train_objective": 2.1816775798797607,
            "dev_nll": 2.28082537651062,
            "dev_kl": 0.012229346190561187,
            "dev_objective": 2.2930547227011813
          },
          {
            "epoch": 49,
            "train_objective": 2.180060625076294,
            "dev_nll": 2.279433488845825,
            "dev_kl": 0.012585385055497809,
            "dev_objective": 2.292018873901323
          },
          {
            "epoch": 50,
            "train_objective": 2.178467035293579,
            "dev_nll": 2.2780630588531494,
            "dev_kl": 0.012946156596281212,
            "dev_objective": 2.2910092154494306
          },
          {
            "epoch": 51,
            "train_objective": 2.1768958568573,
            "dev_nll": 2.2767174243927,
            "dev_kl": 0.013307706130282275,
            "dev_objective": 2.2900251305229826
          },
          {
            "epoch": 52,
            "train_objective": 2.175347328186035,
            "dev_nll": 2.2753944396972656,
            "dev_kl": 0.013666986081254662,
            "dev_objective": 2.2890614257785202
          },
          {
            "epoch": 53,
            "train_objective": 2.173820734024048,
            "dev_nll": 2.2740912437438965,
            "dev_kl": 0.014022852082975035,
            "dev_objective": 2.2881140958268715
          },
          {
            "epoch": 54,
            "train_objective": 2.172316789627075,
            "dev_nll": 2.272801160812378,
            "dev_kl": 0.014375957499290708,
            "dev_objective": 2.2871771183116687
          },
          {
            "epoch": 55,
            "train_objective": 2.1708340644836426,
            "dev_nll": 2.271517753601074,
            "dev_kl": 0.014727809750691576,
            "dev_objective": 2.2862455633517658
          },
          {
            "epoch": 56,
            "train_objective": 2.169372320175171,
            "dev_nll": 2.2702369689941406,
            "dev_kl": 0.01507978463345099,
            "dev_objective": 2.285316753627592
          },
          {
            "epoch": 57,
            "train_objective": 2.167930841445923,
            "dev_nll": 2.2689576148986816,
            "dev_kl": 0.015432382553866378,
            "dev_objective": 2.284389997452548
          },
          {
            "epoch": 58,
            "train_objective": 2.166508913040161,
            "dev_nll": 2.267683506011963,
            "dev_kl": 0.015785154275588922,
            "dev_objective": 2.283468660287552
          },
          {
            "epoch": 59,
            "train_objective": 2.165106773376465,
            "dev_nll": 2.266420364379883,
            "dev_kl": 0.016136981923649332,
            "dev_objective": 2.2825573463035322
          },
          {
            "epoch": 60,
            "train_objective": 2.163724184036255,
            "dev_nll": 2.2651734352111816,
            "dev_kl": 0.01648688379155342,
            "dev_objective": 2.281660319002735
          },
          {
            "epoch": 61,
            "train_objective": 2.162360429763794,
            "dev_nll": 2.263946771621704,
            "dev_kl": 0.016834796259230247,
            "dev_objective": 2.2807815678809344
          },
          {
            "epoch": 62,
            "train_objective": 2.161015033721924,
            "dev_nll": 2.2627415657043457,
            "dev_kl": 0.01718201055489264,
            "dev_objective": 2.2799235762592382
          },
          {
            "epoch": 63,
            "train_objective": 2.1596877574920654,
            "dev_nll": 2.261556386947632,
            "dev_kl": 0.01753068501770482,
            "dev_objective": 2.2790870719653364
          },
          {
            "epoch": 64,
            "train_objective": 2.1583783626556396,
            "dev_nll": 2.260387659072876,
            "dev_kl": 0.017882842521360073,
            "dev_objective": 2.278270501594236
          },
          {
            "epoch": 65,
            "train_objective": 2.157085418701172,
            "dev_nll": 2.259232521057129,
            "dev_kl": 0.01823949049562649,
            "dev_objective": 2.2774720115527556
          },
          {
            "epoch": 66,
            "train_objective": 2.1558096408843994,
            "dev_nll": 2.2580902576446533,
            "dev_kl": 0.018600008464887623,
            "dev_objective": 2.276690266109541
          },
          {
            "epoch": 67,
            "train_objective": 2.154550552368164,
            "dev_nll": 2.2569594383239746,
            "dev_kl": 0.018962360436165372,
            "dev_objective": 2.27592179876014
          },
          {
            "epoch": 68,
            "train_objective": 2.1533074378967285,
            "dev_nll": 2.255842447280884,
            "dev_kl": 0.019323770949064734,
            "dev_objective": 2.2751662182299484
          },
          {
            "epoch": 69,
            "train_objective": 2.1520802974700928,
            "dev_nll": 2.2547385692596436,
            "dev_kl": 0.019681837548711157,
            "dev_objective": 2.2744204068083547
          },
          {
            "epoch": 70,
            "train_objective": 2.1508684158325195,
            "dev_nll": 2.253648519515991,
            "dev_kl": 0.020035330259851217,
            "dev_objective": 2.2736838497758423
          },
          {
            "epoch": 71,
            "train_objective": 2.1496715545654297,
            "dev_nll": 2.252570390701294,
            "dev_kl": 0.02038467338068642,
            "dev_objective": 2.2729550640819802
          },
          {
            "epoch": 72,
            "train_objective": 2.148489475250244,
            "dev_nll": 2.251502275466919,
            "dev_kl": 0.020731431103578602,
            "dev_objective": 2.2722337065704976
          },
          {
            "epoch": 73,
            "train_objective": 2.1473217010498047,
            "dev_nll": 2.2504425048828125,
            "dev_kl": 0.021077421766817712,
            "dev_objective": 2.2715199266496304
          },
          {
            "epoch": 74,
            "train_objective": 2.1461682319641113,
            "dev_nll": 2.2493910789489746,
            "dev_kl": 0.021423912349485524,
            "dev_objective": 2.2708149912984603
          },
          {
            "epoch": 75,
            "train_objective": 2.145028829574585,
            "dev_nll": 2.248349905014038,
            "dev_kl": 0.021771215237207826,
            "dev_objective": 2.270121120251246
          },
          {
            "epoch": 76,
            "train_objective": 2.1439027786254883,
            "dev_nll": 2.247321367263794,
            "dev_kl": 0.022118766247944604,
            "dev_objective": 2.2694401335117385
          },
          {
            "epoch": 77,
            "train_objective": 2.1427900791168213,
            "dev_nll": 2.246307611465454,
            "dev_kl": 0.022465562187550345,
            "dev_objective": 2.2687731736530043
          },
          {
            "epoch": 78,
            "train_objective": 2.141690254211426,
            "dev_nll": 2.245309352874756,
            "dev_kl": 0.022811002431025858,
            "dev_objective": 2.268120355305782
          },
          {
            "epoch": 79,
            "train_objective": 2.1406030654907227,
            "dev_nll": 2.244326114654541,
            "dev_kl": 0.02315496734290225,
            "dev_objective": 2.267481081997443
          },
          {
            "epoch": 80,
            "train_objective": 2.139528751373291,
            "dev_nll": 2.2433557510375977,
            "dev_kl": 0.023497981421357065,
            "dev_objective": 2.2668537324589546
          },
          {
            "epoch": 81,
            "train_objective": 2.1384670734405518,
            "dev_nll": 2.2423946857452393,
            "dev_kl": 0.023840509947297316,
            "dev_objective": 2.2662351956925364
          },
          {
            "epoch": 82,
            "train_objective": 2.1374166011810303,
            "dev_nll": 2.241441488265991,
            "dev_kl": 0.024182605581284076,
            "dev_objective": 2.265624093847275
          },
          {
            "epoch": 83,
            "train_objective": 2.136378288269043,
            "dev_nll": 2.240494966506958,
            "dev_kl": 0.02452363077706347,
            "dev_objective": 2.2650185972840213
          },
          {
            "epoch": 84,
            "train_objective": 2.13535213470459,
            "dev_nll": 2.239555835723877,
            "dev_kl": 0.024862505498932416,
            "dev_objective": 2.264418341222809
          },
          {
            "epoch": 85,
            "train_objective": 2.1343367099761963,
            "dev_nll": 2.238624334335327,
            "dev_kl": 0.025198114347777714,
            "dev_objective": 2.2638224486831047
          },
          {
            "epoch": 86,
            "train_objective": 2.1333327293395996,
            "dev_nll": 2.2377021312713623,
            "dev_kl": 0.02552992184718623,
            "dev_objective": 2.2632320531185486
          },
          {
            "epoch": 87,
            "train_objective": 2.1323401927948,
            "dev_nll": 2.2367894649505615,
            "dev_kl": 0.02585828304358455,
            "dev_objective": 2.262647747994146
          },
          {
            "epoch": 88,
            "train_objective": 2.1313579082489014,
            "dev_nll": 2.2358856201171875,
            "dev_kl": 0.026184216648197638,
            "dev_objective": 2.2620698367653853
          },
          {
            "epoch": 89,
            "train_objective": 2.1303868293762207,
            "dev_nll": 2.234989881515503,
            "dev_kl": 0.026508972938343985,
            "dev_objective": 2.261498854453847
          },
          {
            "epoch": 90,
            "train_objective": 2.1294260025024414,
            "dev_nll": 2.234102487564087,
            "dev_kl": 0.02683340739900997,
            "dev_objective": 2.260935894963097
          },
          {
            "epoch": 91,
            "train_objective": 2.1284756660461426,
            "dev_nll": 2.2332234382629395,
            "dev_kl": 0.027157712041250566,
            "dev_objective": 2.26038115030419
          },
          {
            "epoch": 92,
            "train_objective": 2.127535581588745,
            "dev_nll": 2.2323529720306396,
            "dev_kl": 0.027481358073960425,
            "dev_objective": 2.2598343301046
          },
          {
            "epoch": 93,
            "train_objective": 2.126605987548828,
            "dev_nll": 2.231492280960083,
            "dev_kl": 0.027803469741222442,
            "dev_objective": 2.2592957507013054
          },
          {
            "epoch": 94,
            "train_objective": 2.125685930252075,
            "dev_nll": 2.2306416034698486,
            "dev_kl": 0.028123376198616528,
            "dev_objective": 2.2587649796684652
          },
          {
            "epoch": 95,
            "train_objective": 2.1247758865356445,
            "dev_nll": 2.22979998588562,
            "dev_kl": 0.028440740176065023,
            "dev_objective": 2.2582407260616852
          },
          {
            "epoch": 96,
            "train_objective": 2.123875617980957,
            "dev_nll": 2.2289655208587646,
            "dev_kl": 0.02875576473888941,
            "dev_objective": 2.257721285597654
          },
          {
            "epoch": 97,
            "train_objective": 2.1229848861694336,
            "dev_nll": 2.2281382083892822,
            "dev_kl": 0.029068813064765518,
            "dev_objective": 2.2572070214540476
          },
          {
            "epoch": 98,
            "train_objective": 2.122103452682495,
            "dev_nll": 2.22731614112854,
            "dev_kl": 0.029380142739288104,
            "dev_objective": 2.256696283867828
          },
          {
            "epoch": 99,
            "train_objective": 2.1212317943573,
            "dev_nll": 2.2265005111694336,
            "dev_kl": 0.029689754937214114,
            "dev_objective": 2.2561902661066475
          },
          {
            "epoch": 100,
            "train_objective": 2.1203691959381104,
            "dev_nll": 2.225691318511963,
            "dev_kl": 0.02999738676838086,
            "dev_objective": 2.2556887052803436
          },
          {
            "epoch": 101,
            "train_objective": 2.1195156574249268,
            "dev_nll": 2.2248899936676025,
            "dev_kl": 0.03030283099298488,
            "dev_objective": 2.2551928246605875
          },
          {
            "epoch": 102,
            "train_objective": 2.118671417236328,
            "dev_nll": 2.2240970134735107,
            "dev_kl": 0.030606126340553742,
            "dev_objective": 2.2547031398140644
          },
          {
            "epoch": 103,
            "train_objective": 2.1178362369537354,
            "dev_nll": 2.2233121395111084,
            "dev_kl": 0.03090768152181882,
            "dev_objective": 2.2542198210329274
          },
          {
            "epoch": 104,
            "train_objective": 2.1170098781585693,
            "dev_nll": 2.2225353717803955,
            "dev_kl": 0.03120807435204701,
            "dev_objective": 2.2537434461324426
          },
          {
            "epoch": 105,
            "train_objective": 2.11619234085083,
            "dev_nll": 2.2217659950256348,
            "dev_kl": 0.031507753758499936,
            "dev_objective": 2.2532737487841348
          },
          {
            "epoch": 106,
            "train_objective": 2.1153836250305176,
            "dev_nll": 2.2210030555725098,
            "dev_kl": 0.03180686785530862,
            "dev_objective": 2.2528099234278183
          },
          {
            "epoch": 107,
            "train_objective": 2.114583730697632,
            "dev_nll": 2.2202470302581787,
            "dev_kl": 0.03210511531765652,
            "dev_objective": 2.252352145575835
          },
          {
            "epoch": 108,
            "train_objective": 2.1137924194335938,
            "dev_nll": 2.2194976806640625,
            "dev_kl": 0.03240197462272513,
            "dev_objective": 2.251899655286788
          },
          {
            "epoch": 109,
            "train_objective": 2.113009452819824,
            "dev_nll": 2.2187554836273193,
            "dev_kl": 0.03269698505778075,
            "dev_objective": 2.2514524686851
          },
          {
            "epoch": 110,
            "train_objective": 2.1122353076934814,
            "dev_nll": 2.218019962310791,
            "dev_kl": 0.032989984034387354,
            "dev_objective": 2.2510099463451785
          },
          {
            "epoch": 111,
            "train_objective": 2.1114695072174072,
            "dev_nll": 2.2172906398773193,
            "dev_kl": 0.033281140395145965,
            "dev_objective": 2.250571780272465
          },
          {
            "epoch": 112,
            "train_objective": 2.1107118129730225,
            "dev_nll": 2.216567039489746,
            "dev_kl": 0.033570834190283304,
            "dev_objective": 2.2501378736800293
          },
          {
            "epoch": 113,
            "train_objective": 2.1099631786346436,
            "dev_nll": 2.215848684310913,
            "dev_kl": 0.03385945238658523,
            "dev_objective": 2.2497081366974983
          },
          {
            "epoch": 114,
            "train_objective": 2.109221935272217,
            "dev_nll": 2.2151360511779785,
            "dev_kl": 0.03414715639615157,
            "dev_objective": 2.24928320757413
          },
          {
            "epoch": 115,
            "train_objective": 2.108489513397217,
            "dev_nll": 2.2144296169281006,
            "dev_kl": 0.0344339967942201,
            "dev_objective": 2.2488636137223206
          },
          {
            "epoch": 116,
            "train_objective": 2.1077651977539062,
            "dev_nll": 2.2137296199798584,
            "dev_kl": 0.03471982622674356,
            "dev_objective": 2.248449446206602
          },
          {
            "epoch": 117,
            "train_objective": 2.107048749923706,
            "dev_nll": 2.213036298751831,
            "dev_kl": 0.035004626633328664,
            "dev_objective": 2.2480409253851596
          },
          {
            "epoch": 118,
            "train_objective": 2.1063404083251953,
            "dev_nll": 2.2123496532440186,
            "dev_kl": 0.03528854330165074,
            "dev_objective": 2.2476381965456693
          },
          {
            "epoch": 119,
            "train_objective": 2.105639934539795,
            "dev_nll": 2.2116692066192627,
            "dev_kl": 0.035571674573552876,
            "dev_objective": 2.2472408811928157
          },
          {
            "epoch": 120,
            "train_objective": 2.1049482822418213,
            "dev_nll": 2.210994243621826,
            "dev_kl": 0.035854253624863705,
            "dev_objective": 2.24684849724669
          },
          {
            "epoch": 121,
            "train_objective": 2.1042637825012207,
            "dev_nll": 2.21032452583313,
            "dev_kl": 0.03613620026979249,
            "dev_objective": 2.2464607261029226
          },
          {
            "epoch": 122,
            "train_objective": 2.1035871505737305,
            "dev_nll": 2.209660291671753,
            "dev_kl": 0.03641737830963224,
            "dev_objective": 2.246077669981385
          },
          {
            "epoch": 123,
            "train_objective": 2.102918863296509,
            "dev_nll": 2.209001302719116,
            "dev_kl": 0.036697516687550086,
            "dev_objective": 2.2456988194066665
          },
          {
            "epoch": 124,
            "train_objective": 2.10225772857666,
            "dev_nll": 2.208347797393799,
            "dev_kl": 0.036976531312878556,
            "dev_objective": 2.2453243287066775
          },
          {
            "epoch": 125,
            "train_objective": 2.10160493850708,
            "dev_nll": 2.20770001411438,
            "dev_kl": 0.03725446008173785,
            "dev_objective": 2.244954474196118
          },
          {
            "epoch": 126,
            "train_objective": 2.1009597778320312,
            "dev_nll": 2.207057476043701,
            "dev_kl": 0.037531563298787575,
            "dev_objective": 2.2445890393424888
          },
          {
            "epoch": 127,
            "train_objective": 2.1003217697143555,
            "dev_nll": 2.206420660018921,
            "dev_kl": 0.03780810038722481,
            "dev_objective": 2.2442287604061457
          },
          {
            "epoch": 128,
            "train_objective": 2.0996921062469482,
            "dev_nll": 2.2057886123657227,
            "dev_kl": 0.03808430642635894,
            "dev_objective": 2.2438729187920816
          },
          {
            "epoch": 129,
            "train_objective": 2.099069833755493,
            "dev_nll": 2.2051620483398438,
            "dev_kl": 0.03836017223539791,
            "dev_objective": 2.2435222205752416
          },
          {
            "epoch": 130,
            "train_objective": 2.0984549522399902,
            "dev_nll": 2.204540729522705,
            "dev_kl": 0.038635656448322994,
            "dev_objective": 2.243176385971028
          },
          {
            "epoch": 131,
            "train_objective": 2.0978477001190186,
            "dev_nll": 2.203925132751465,
            "dev_kl": 0.0389105994118984,
            "dev_objective": 2.242835732163363
          },
          {
            "epoch": 132,
            "train_objective": 2.097247838973999,
            "dev_nll": 2.203315258026123,
            "dev_kl": 0.03918496013845519,
            "dev_objective": 2.242500218164578
          },
          {
            "epoch": 133,
            "train_objective": 2.0966553688049316,
            "dev_nll": 2.2027101516723633,
            "dev_kl": 0.039458788197005684,
            "dev_objective": 2.242168939869369
          },
          {
            "epoch": 134,
            "train_objective": 2.0960702896118164,
            "dev_nll": 2.2021102905273438,
            "dev_kl": 0.03973211545669546,
            "dev_objective": 2.2418424059840394
          },
          {
            "epoch": 135,
            "train_objective": 2.0954926013946533,
            "dev_nll": 2.2015151977539062,
            "dev_kl": 0.040005025629390956,
            "dev_objective": 2.241520223383297
          },
          {
            "epoch": 136,
            "train_objective": 2.0949223041534424,
            "dev_nll": 2.2009246349334717,
            "dev_kl": 0.0402774419039921,
            "dev_objective": 2.241202076837464
          },
          {
            "epoch": 137,
            "train_objective": 2.0943593978881836,
            "dev_nll": 2.200338840484619,
            "dev_kl": 0.04054933873613459,
            "dev_objective": 2.240888179220754
          },
          {
            "epoch": 138,
            "train_objective": 2.0938034057617188,
            "dev_nll": 2.1997580528259277,
            "dev_kl": 0.04082066344156818,
            "dev_objective": 2.2405787162674957
          },
          {
            "epoch": 139,
            "train_objective": 2.093255043029785,
            "dev_nll": 2.1991825103759766,
            "dev_kl": 0.04109148431231824,
            "dev_objective": 2.2402739946882946
          },
          {
            "epoch": 140,
            "train_objective": 2.0927133560180664,
            "dev_nll": 2.1986114978790283,
            "dev_kl": 0.04136186860395278,
            "dev_objective": 2.2399733664829813
          },
          {
            "epoch": 141,
            "train_objective": 2.0921790599823,
            "dev_nll": 2.198045492172241,
            "dev_kl": 0.041632010605521935,
            "dev_objective": 2.2396775027777633
          },
          {
            "epoch": 142,
            "train_objective": 2.091651439666748,
            "dev_nll": 2.197484254837036,
            "dev_kl": 0.041901989643689415,
            "dev_objective": 2.2393862444807255
          },
          {
            "epoch": 143,
            "train_objective": 2.0911309719085693,
            "dev_nll": 2.196927785873413,
            "dev_kl": 0.04217171638029945,
            "dev_objective": 2.2390995022537123
          },
          {
            "epoch": 144,
            "train_objective": 2.0906176567077637,
            "dev_nll": 2.196375608444214,
            "dev_kl": 0.04244118657623248,
            "dev_objective": 2.2388167950204463
          },
          {
            "epoch": 145,
            "train_objective": 2.090111255645752,
            "dev_nll": 2.195828676223755,
            "dev_kl": 0.04271024835021632,
            "dev_objective": 2.2385389245739713
          },
          {
            "epoch": 146,
            "train_objective": 2.089611768722534,
            "dev_nll": 2.195286273956299,
            "dev_kl": 0.0429788908583668,
            "dev_objective": 2.2382651648146656
          },
          {
            "epoch": 147,
            "train_objective": 2.0891189575195312,
            "dev_nll": 2.1947481632232666,
            "dev_kl": 0.04324708500136567,
            "dev_objective": 2.237995248224632
          },
          {
            "epoch": 148,
            "train_objective": 2.088632822036743,
            "dev_nll": 2.1942148208618164,
            "dev_kl": 0.04351493875261905,
            "dev_objective": 2.2377297596144357
          },
          {
            "epoch": 149,
            "train_objective": 2.088153600692749,
            "dev_nll": 2.193685531616211,
            "dev_kl": 0.04378246420567094,
            "dev_objective": 2.237467995821882
          },
          {
            "epoch": 150,
            "train_objective": 2.0876808166503906,
            "dev_nll": 2.1931607723236084,
            "dev_kl": 0.04404968360994849,
            "dev_objective": 2.237210455933557
          },
          {
            "epoch": 151,
            "train_objective": 2.087214708328247,
            "dev_nll": 2.1926403045654297,
            "dev_kl": 0.04431657839551579,
            "dev_objective": 2.2369568829609454
          },
          {
            "epoch": 152,
            "train_objective": 2.0867552757263184,
            "dev_nll": 2.192124128341675,
            "dev_kl": 0.04458314694079314,
            "dev_objective": 2.236707275282468
          },
          {
            "epoch": 153,
            "train_objective": 2.0863025188446045,
            "dev_nll": 2.191612958908081,
            "dev_kl": 0.04484940340874226,
            "dev_objective": 2.236462362316823
          },
          {
            "epoch": 154,
            "train_objective": 2.0858559608459473,
            "dev_nll": 2.191106081008911,
            "dev_kl": 0.04511539731039341,
            "dev_objective": 2.2362214783193046
          },
          {
            "epoch": 155,
            "train_objective": 2.085416078567505,
            "dev_nll": 2.190603494644165,
            "dev_kl": 0.04538118897697188,
            "dev_objective": 2.235984683621137
          },
          {
            "epoch": 156,
            "train_objective": 2.084982395172119,
            "dev_nll": 2.190105438232422,
            "dev_kl": 0.04564672866777531,
            "dev_objective": 2.2357521669001974
          },
          {
            "epoch": 157,
            "train_objective": 2.08455491065979,
            "dev_nll": 2.1896111965179443,
            "dev_kl": 0.04591199264366653,
            "dev_objective": 2.235523189161611
          },
          {
            "epoch": 158,
            "train_objective": 2.0841338634490967,
            "dev_nll": 2.1891214847564697,
            "dev_kl": 0.04617693993863523,
            "dev_objective": 2.235298424695105
          },
          {
            "epoch": 159,
            "train_objective": 2.08371901512146,
            "dev_nll": 2.1886355876922607,
            "dev_kl": 0.046441489417406424,
            "dev_objective": 2.235077077109667
          },
          {
            "epoch": 160,
            "train_objective": 2.083310127258301,
            "dev_nll": 2.188154458999634,
            "dev_kl": 0.046705668013995914,
            "dev_objective": 2.2348601270136297
          },
          {
            "epoch": 161,
            "train_objective": 2.0829076766967773,
            "dev_nll": 2.1876771450042725,
            "dev_kl": 0.04696949616628663,
            "dev_objective": 2.234646641170559
          },
          {
            "epoch": 162,
            "train_objective": 2.0825111865997314,
            "dev_nll": 2.187204122543335,
            "dev_kl": 0.04723299608743874,
            "dev_objective": 2.234437118630774
          },
          {
            "epoch": 163,
            "train_objective": 2.082120418548584,
            "dev_nll": 2.186734914779663,
            "dev_kl": 0.04749619946103271,
            "dev_objective": 2.234231114240696
          },
          {
            "epoch": 164,
            "train_objective": 2.081735849380493,
            "dev_nll": 2.186269998550415,
            "dev_kl": 0.047759140460831365,
            "dev_objective": 2.2340291390112466
          },
          {
            "epoch": 165,
            "train_objective": 2.08135724067688,
            "dev_nll": 2.1858091354370117,
            "dev_kl": 0.04802171255925728,
            "dev_objective": 2.233830847996269
          },
          {
            "epoch": 166,
            "train_objective": 2.080984354019165,
            "dev_nll": 2.185352325439453,
            "dev_kl": 0.04828395358615739,
            "dev_objective": 2.2336362790256103
          },
          {
            "epoch": 167,
            "train_objective": 2.0806171894073486,
            "dev_nll": 2.1848998069763184,
            "dev_kl": 0.048545838459388105,
            "dev_objective": 2.2334456454357063
          },
          {
            "epoch": 168,
            "train_objective": 2.0802557468414307,
            "dev_nll": 2.1844513416290283,
            "dev_kl": 0.048807407863397066,
            "dev_objective": 2.233258749492425
          },
          {
            "epoch": 169,
            "train_objective": 2.079899787902832,
            "dev_nll": 2.184006452560425,
            "dev_kl": 0.049068597748098616,
            "dev_objective": 2.2330750503085235
          },
          {
            "epoch": 170,
            "train_objective": 2.079549551010132,
            "dev_nll": 2.183565855026245,
            "dev_kl": 0.049329406122700495,
            "dev_objective": 2.2328952611489457
          },
          {
            "epoch": 171,
            "train_objective": 2.079204797744751,
            "dev_nll": 2.183128833770752,
            "dev_kl": 0.04958981634590318,
            "dev_objective": 2.232718650116655
          },
          {
            "epoch": 172,
            "train_objective": 2.0788657665252686,
            "dev_nll": 2.1826956272125244,
            "dev_kl": 0.049849748443708354,
            "dev_objective": 2.232545375656233
          },
          {
            "epoch": 173,
            "train_objective": 2.0785322189331055,
            "dev_nll": 2.1822667121887207,
            "dev_kl": 0.050109221187071395,
            "dev_objective": 2.232375933375792
          },
          {
            "epoch": 174,
            "train_objective": 2.0782039165496826,
            "dev_nll": 2.1818416118621826,
            "dev_kl": 0.05036824473328554,
            "dev_objective": 2.232209856595468
          },
          {
            "epoch": 175,
            "train_objective": 2.077880859375,
            "dev_nll": 2.181420087814331,
            "dev_kl": 0.05062686519181449,
            "dev_objective": 2.2320469530061455
          },
          {
            "epoch": 176,
            "train_objective": 2.0775630474090576,
            "dev_nll": 2.181002616882324,
            "dev_kl": 0.050885029328213045,
            "dev_objective": 2.2318876462105375
          },
          {
            "epoch": 177,
            "train_objective": 2.0772504806518555,
            "dev_nll": 2.180588483810425,
            "dev_kl": 0.05114275078452102,
            "dev_objective": 2.231731234594946
          },
          {
            "epoch": 178,
            "train_objective": 2.0769429206848145,
            "dev_nll": 2.180178642272949,
            "dev_kl": 0.05140000366696598,
            "dev_objective": 2.231578645939915
          },
          {
            "epoch": 179,
            "train_objective": 2.0766406059265137,
            "dev_nll": 2.17977237701416,
            "dev_kl": 0.05165672486012935,
            "dev_objective": 2.2314291018742893
          },
          {
            "epoch": 180,
            "train_objective": 2.076343297958374,
            "dev_nll": 2.1793696880340576,
            "dev_kl": 0.051912947250499664,
            "dev_objective": 2.231282635284557
          },
          {
            "epoch": 181,
            "train_objective": 2.0760507583618164,
            "dev_nll": 2.1789710521698,
            "dev_kl": 0.052168611013011,
            "dev_objective": 2.2311396631828107
          },
          {
            "epoch": 182,
            "train_objective": 2.07576322555542,
            "dev_nll": 2.1785755157470703,
            "dev_kl": 0.05242372579804812,
            "dev_objective": 2.2309992415451183
          },
          {
            "epoch": 183,
            "train_objective": 2.0754804611206055,
            "dev_nll": 2.1781840324401855,
            "dev_kl": 0.0526783011806232,
            "dev_objective": 2.230862333620809
          },
          {
            "epoch": 184,
            "train_objective": 2.075202703475952,
            "dev_nll": 2.177795886993408,
            "dev_kl": 0.05293223389075025,
            "dev_objective": 2.2307281208841583
          },
          {
            "epoch": 185,
            "train_objective": 2.0749294757843018,
            "dev_nll": 2.1774117946624756,
            "dev_kl": 0.05318557188250332,
            "dev_objective": 2.2305973665449788
          },
          {
            "epoch": 186,
            "train_objective": 2.0746612548828125,
            "dev_nll": 2.1770308017730713,
            "dev_kl": 0.05343829886246109,
            "dev_objective": 2.230469100635532
          },
          {
            "epoch": 187,
            "train_objective": 2.074397325515747,
            "dev_nll": 2.1766533851623535,
            "dev_kl": 0.053690385429212076,
            "dev_objective": 2.2303437705915656
          },
          {
            "epoch": 188,
            "train_objective": 2.0741381645202637,
            "dev_nll": 2.1762800216674805,
            "dev_kl": 0.05394186479284955,
            "dev_objective": 2.23022188646033
          },
          {
            "epoch": 189,
            "train_objective": 2.073883056640625,
            "dev_nll": 2.1759095191955566,
            "dev_kl": 0.05419270430290855,
            "dev_objective": 2.230102223498465
          },
          {
            "epoch": 190,
            "train_objective": 2.0736327171325684,
            "dev_nll": 2.1755428314208984,
            "dev_kl": 0.05444287271546822,
            "dev_objective": 2.2299857041363667
          },
          {
            "epoch": 191,
            "train_objective": 2.0733866691589355,
            "dev_nll": 2.1751794815063477,
            "dev_kl": 0.05469234567067889,
            "dev_objective": 2.2298718271770266
          },
          {
            "epoch": 192,
            "train_objective": 2.0731449127197266,
            "dev_nll": 2.1748199462890625,
            "dev_kl": 0.05494108209401133,
            "dev_objective": 2.229761028383074
          },
          {
            "epoch": 193,
            "train_objective": 2.0729076862335205,
            "dev_nll": 2.1744630336761475,
            "dev_kl": 0.055189121887550326,
            "dev_objective": 2.2296521555636977
          },
          {
            "epoch": 194,
            "train_objective": 2.072674512863159,
            "dev_nll": 2.174110174179077,
            "dev_kl": 0.05543639324842357,
            "dev_objective": 2.2295465674275006
          },
          {
            "epoch": 195,
            "train_objective": 2.0724453926086426,
            "dev_nll": 2.173760414123535,
            "dev_kl": 0.05568291124361639,
            "dev_objective": 2.2294433253671517
          },
          {
            "epoch": 196,
            "train_objective": 2.0722203254699707,
            "dev_nll": 2.1734142303466797,
            "dev_kl": 0.05592865390836644,
            "dev_objective": 2.229342884255046
          },
          {
            "epoch": 197,
            "train_objective": 2.0719993114471436,
            "dev_nll": 2.1730711460113525,
            "dev_kl": 0.05617361899209028,
            "dev_objective": 2.229244765003443
          },
          {
            "epoch": 198,
            "train_objective": 2.0717825889587402,
            "dev_nll": 2.172731637954712,
            "dev_kl": 0.05641777623063964,
            "dev_objective": 2.2291494141853514
          },
          {
            "epoch": 199,
            "train_objective": 2.0715692043304443,
            "dev_nll": 2.1723949909210205,
            "dev_kl": 0.056661119611704606,
            "dev_objective": 2.229056110532725
          },
          {
            "epoch": 200,
            "train_objective": 2.0713603496551514,
            "dev_nll": 2.1720616817474365,
            "dev_kl": 0.05690364323352471,
            "dev_objective": 2.2289653249809613
          },
          {
            "epoch": 201,
            "train_objective": 2.071155071258545,
            "dev_nll": 2.17173171043396,
            "dev_kl": 0.057145328358873405,
            "dev_objective": 2.228877038792833
          },
          {
            "epoch": 202,
            "train_objective": 2.070953369140625,
            "dev_nll": 2.1714048385620117,
            "dev_kl": 0.05738613960065143,
            "dev_objective": 2.2287909781626634
          },
          {
            "epoch": 203,
            "train_objective": 2.0707552433013916,
            "dev_nll": 2.171081304550171,
            "dev_kl": 0.05762608769354717,
            "dev_objective": 2.228707392243718
          },
          {
            "epoch": 204,
            "train_objective": 2.070561170578003,
            "dev_nll": 2.1707611083984375,
            "dev_kl": 0.057865141953888546,
            "dev_objective": 2.228626250352326
          },
          {
            "epoch": 205,
            "train_objective": 2.070370674133301,
            "dev_nll": 2.1704437732696533,
            "dev_kl": 0.05810328989680911,
            "dev_objective": 2.2285470631664626
          },
          {
            "epoch": 206,
            "train_objective": 2.070183515548706,
            "dev_nll": 2.1701297760009766,
            "dev_kl": 0.05834051165589882,
            "dev_objective": 2.2284702876568754
          },
          {
            "epoch": 207,
            "train_objective": 2.0699996948242188,
            "dev_nll": 2.16981840133667,
            "dev_kl": 0.05857679561117137,
            "dev_objective": 2.2283951969478415
          },
          {
            "epoch": 208,
            "train_objective": 2.069819450378418,
            "dev_nll": 2.1695103645324707,
            "dev_kl": 0.0588121327362655,
            "dev_objective": 2.2283224972687363
          },
          {
            "epoch": 209,
            "train_objective": 2.069643020629883,
            "dev_nll": 2.1692054271698,
            "dev_kl": 0.05904651210878438,
            "dev_objective": 2.228251939278584
          },
          {
            "epoch": 210,
            "train_objective": 2.0694692134857178,
            "dev_nll": 2.1689035892486572,
            "dev_kl": 0.059279919773215686,
            "dev_objective": 2.228183509021873
          },
          {
            "epoch": 211,
            "train_objective": 2.0692992210388184,
            "dev_nll": 2.168604612350464,
            "dev_kl": 0.05951233470136509,
            "dev_objective": 2.228116947051829
          },
          {
            "epoch": 212,
            "train_objective": 2.0691323280334473,
            "dev_nll": 2.168308973312378,
            "dev_kl": 0.05974377160691097,
            "dev_objective": 2.228052744919289
          },
          {
            "epoch": 213,
            "train_objective": 2.0689687728881836,
            "dev_nll": 2.168015718460083,
            "dev_kl": 0.05997420111517675,
            "dev_objective": 2.22798991957526
          },
          {
            "epoch": 214,
            "train_objective": 2.068808078765869,
            "dev_nll": 2.1677258014678955,
            "dev_kl": 0.060203605910398555,
            "dev_objective": 2.2279294073782943
          },
          {
            "epoch": 215,
            "train_objective": 2.068650484085083,
            "dev_nll": 2.167438507080078,
            "dev_kl": 0.060431960809415444,
            "dev_objective": 2.2278704678894936
          },
          {
            "epoch": 216,
            "train_objective": 2.0684962272644043,
            "dev_nll": 2.16715407371521,
            "dev_kl": 0.06065925903238858,
            "dev_objective": 2.2278133327475986
          },
          {
            "epoch": 217,
            "train_objective": 2.0683445930480957,
            "dev_nll": 2.166872978210449,
            "dev_kl": 0.060885518859343624,
            "dev_objective": 2.227758497069793
          },
          {
            "epoch": 218,
            "train_objective": 2.0681962966918945,
            "dev_nll": 2.1665942668914795,
            "dev_kl": 0.06111070077167824,
            "dev_objective": 2.2277049676631577
          },
          {
            "epoch": 219,
            "train_objective": 2.0680506229400635,
            "dev_nll": 2.166318655014038,
            "dev_kl": 0.06133480075543273,
            "dev_objective": 2.2276534557694707
          },
          {
            "epoch": 220,
            "train_objective": 2.0679075717926025,
            "dev_nll": 2.166045665740967,
            "dev_kl": 0.06155779003537921,
            "dev_objective": 2.227603455776346
          },
          {
            "epoch": 221,
            "train_objective": 2.06776762008667,
            "dev_nll": 2.165775775909424,
            "dev_kl": 0.061779691315663965,
            "dev_objective": 2.2275554672250877
          },
          {
            "epoch": 222,
            "train_objective": 2.0676302909851074,
            "dev_nll": 2.165508508682251,
            "dev_kl": 0.06200048122749043,
            "dev_objective": 2.2275089899097416
          },
          {
            "epoch": 223,
            "train_objective": 2.067495822906494,
            "dev_nll": 2.16524338722229,
            "dev_kl": 0.06222013860436467,
            "dev_objective": 2.227463525826655
          },
          {
            "epoch": 224,
            "train_objective": 2.067363977432251,
            "dev_nll": 2.1649818420410156,
            "dev_kl": 0.06243867321592366,
            "dev_objective": 2.2274205152569393
          },
          {
            "epoch": 225,
            "train_objective": 2.067234754562378,
            "dev_nll": 2.164722442626953,
            "dev_kl": 0.06265607758541591,
            "dev_objective": 2.227378520212369
          },
          {
            "epoch": 226,
            "train_objective": 2.067107915878296,
            "dev_nll": 2.16446590423584,
            "dev_kl": 0.06287229776742521,
            "dev_objective": 2.2273382020032653
          },
          {
            "epoch": 227,
            "train_objective": 2.066983938217163,
            "dev_nll": 2.1642119884490967,
            "dev_kl": 0.06308737427651406,
            "dev_objective": 2.227299362725611
          },
          {
            "epoch": 228,
            "train_objective": 2.066862106323242,
            "dev_nll": 2.1639606952667236,
            "dev_kl": 0.06330129281412847,
            "dev_objective": 2.227261988080852
          },
          {
            "epoch": 229,
            "train_objective": 2.0667428970336914,
            "dev_nll": 2.1637117862701416,
            "dev_kl": 0.06351399902875225,
            "dev_objective": 2.2272257852988937
          },
          {
            "epoch": 230,
            "train_objective": 2.0666260719299316,
            "dev_nll": 2.163465976715088,
            "dev_kl": 0.06372553554486281,
            "dev_objective": 2.227191512259951
          },
          {
            "epoch": 231,
            "train_objective": 2.066511631011963,
            "dev_nll": 2.163222312927246,
            "dev_kl": 0.06393588097137037,
            "dev_objective": 2.2271581938986165
          },
          {
            "epoch": 232,
            "train_objective": 2.066399574279785,
            "dev_nll": 2.1629810333251953,
            "dev_kl": 0.06414502093211076,
            "dev_objective": 2.227126054257306
          },
          {
            "epoch": 233,
            "train_objective": 2.0662894248962402,
            "dev_nll": 2.1627426147460938,
            "dev_kl": 0.06435295379275723,
            "dev_objective": 2.227095568538851
          },
          {
            "epoch": 234,
            "train_objective": 2.0661821365356445,
            "dev_nll": 2.1625068187713623,
            "dev_kl": 0.06455967710317337,
            "dev_objective": 2.227066495874536
          },
          {
            "epoch": 235,
            "train_objective": 2.0660767555236816,
            "dev_nll": 2.162273406982422,
            "dev_kl": 0.06476516799632163,
            "dev_objective": 2.2270385749787436
          },
          {
            "epoch": 236,
            "train_objective": 2.0659735202789307,
            "dev_nll": 2.1620421409606934,
            "dev_kl": 0.0649694423732716,
            "dev_objective": 2.2270115833339648
          },
          {
            "epoch": 237,
            "train_objective": 2.0658721923828125,
            "dev_nll": 2.161813259124756,
            "dev_kl": 0.06517246161504511,
            "dev_objective": 2.226985720739801
          },
          {
            "epoch": 238,
            "train_objective": 2.0657730102539062,
            "dev_nll": 2.1615869998931885,
            "dev_kl": 0.06537426547521848,
            "dev_objective": 2.226961265368407
          },
          {
            "epoch": 239,
            "train_objective": 2.065676212310791,
            "dev_nll": 2.161363124847412,
            "dev_kl": 0.06557480644663911,
            "dev_objective": 2.226937931294051
          },
          {
            "epoch": 240,
            "train_objective": 2.0655810832977295,
            "dev_nll": 2.161141872406006,
            "dev_kl": 0.06577409492456354,
            "dev_objective": 2.2269159673305694
          },
          {
            "epoch": 241,
            "train_objective": 2.06548810005188,
            "dev_nll": 2.1609227657318115,
            "dev_kl": 0.06597214178502553,
            "dev_objective": 2.226894907516837
          },
          {
            "epoch": 242,
            "train_objective": 2.065397024154663,
            "dev_nll": 2.160706043243408,
            "dev_kl": 0.06616893051284213,
            "dev_objective": 2.2268749737562503
          },
          {
            "epoch": 243,
            "train_objective": 2.065307855606079,
            "dev_nll": 2.1604912281036377,
            "dev_kl": 0.06636444289443018,
            "dev_objective": 2.226855670998068
          },
          {
            "epoch": 244,
            "train_objective": 2.065220594406128,
            "dev_nll": 2.1602792739868164,
            "dev_kl": 0.0665586975106677,
            "dev_objective": 2.226837971497484
          },
          {
            "epoch": 245,
            "train_objective": 2.0651350021362305,
            "dev_nll": 2.160068988800049,
            "dev_kl": 0.0667516803815636,
            "dev_objective": 2.2268206691816124
          },
          {
            "epoch": 246,
            "train_objective": 2.065051555633545,
            "dev_nll": 2.1598613262176514,
            "dev_kl": 0.06694340071092222,
            "dev_objective": 2.226804726928574
          },
          {
            "epoch": 247,
            "train_objective": 2.064969539642334,
            "dev_nll": 2.1596555709838867,
            "dev_kl": 0.06713379757675567,
            "dev_objective": 2.2267893685606426
          },
          {
            "epoch": 248,
            "train_objective": 2.0648891925811768,
            "dev_nll": 2.1594526767730713,
            "dev_kl": 0.06732294285108602,
            "dev_objective": 2.2267756196241573
          },
          {
            "epoch": 249,
            "train_objective": 2.0648109912872314,
            "dev_nll": 2.1592514514923096,
            "dev_kl": 0.06751079855093285,
            "dev_objective": 2.2267622500432425
          },
          {
            "epoch": 250,
            "train_objective": 2.0647339820861816,
            "dev_nll": 2.1590523719787598,
            "dev_kl": 0.06769737283258821,
            "dev_objective": 2.226749744811348
          },
          {
            "epoch": 251,
            "train_objective": 2.0646588802337646,
            "dev_nll": 2.15885591506958,
            "dev_kl": 0.06788264770514707,
            "dev_objective": 2.2267385627747274
          },
          {
            "epoch": 252,
            "train_objective": 2.0645854473114014,
            "dev_nll": 2.158661127090454,
            "dev_kl": 0.06806663820355799,
            "dev_objective": 2.226727765294012
          },
          {
            "epoch": 253,
            "train_objective": 2.0645134449005127,
            "dev_nll": 2.15846848487854,
            "dev_kl": 0.06824932852759957,
            "dev_objective": 2.2267178134061396
          },
          {
            "epoch": 254,
            "train_objective": 2.0644428730010986,
            "dev_nll": 2.158277988433838,
            "dev_kl": 0.06843074559831501,
            "dev_objective": 2.2267087340321527
          },
          {
            "epoch": 255,
            "train_objective": 2.0643739700317383,
            "dev_nll": 2.1580896377563477,
            "dev_kl": 0.06861083838360406,
            "dev_objective": 2.2267004761399516
          },
          {
            "epoch": 256,
            "train_objective": 2.0643064975738525,
            "dev_nll": 2.1579031944274902,
            "dev_kl": 0.06878965600058003,
            "dev_objective": 2.22669285042807
          },
          {
            "epoch": 257,
            "train_objective": 2.0642404556274414,
            "dev_nll": 2.1577186584472656,
            "dev_kl": 0.06896716176961773,
            "dev_objective": 2.2266858202168835
          },
          {
            "epoch": 258,
            "train_objective": 2.064175844192505,
            "dev_nll": 2.157536506652832,
            "dev_kl": 0.06914339780960008,
            "dev_objective": 2.226679904462432
          },
          {
            "epoch": 259,
            "train_objective": 2.064112901687622,
            "dev_nll": 2.1573562622070312,
            "dev_kl": 0.06931832082778966,
            "dev_objective": 2.226674583034821
          },
          {
            "epoch": 260,
            "train_objective": 2.0640509128570557,
            "dev_nll": 2.1571779251098633,
            "dev_kl": 0.06949193261192874,
            "dev_objective": 2.226669857721792
          },
          {
            "epoch": 261,
            "train_objective": 2.063990592956543,
            "dev_nll": 2.157001256942749,
            "dev_kl": 0.06966427465392702,
            "dev_objective": 2.226665531596676
          },
          {
            "epoch": 262,
            "train_objective": 2.063931465148926,
            "dev_nll": 2.156826972961426,
            "dev_kl": 0.06983528696199114,
            "dev_objective": 2.2266622599234167
          },
          {
            "epoch": 263,
            "train_objective": 2.063873529434204,
            "dev_nll": 2.1566545963287354,
            "dev_kl": 0.07000503019098546,
            "dev_objective": 2.2266596265197207
          },
          {
            "epoch": 264,
            "train_objective": 2.063817024230957,
            "dev_nll": 2.1564834117889404,
            "dev_kl": 0.07017344994810698,
            "dev_objective": 2.2266568617370472
          },
          {
            "epoch": 265,
            "train_objective": 2.0637614727020264,
            "dev_nll": 2.1563148498535156,
            "dev_kl": 0.07034059790574021,
            "dev_objective": 2.226655447759256
          },
          {
            "epoch": 266,
            "train_objective": 2.0637075901031494,
            "dev_nll": 2.1561479568481445,
            "dev_kl": 0.07050643322827807,
            "dev_objective": 2.2266543900764226
          },
          {
            "epoch": 267,
            "train_objective": 2.063654899597168,
            "dev_nll": 2.1559832096099854,
            "dev_kl": 0.07067098764453603,
            "dev_objective": 2.2266541972545215
          },
          {
            "epoch": 268,
            "train_objective": 2.063603162765503,
            "dev_nll": 2.1558196544647217,
            "dev_kl": 0.07083424975641628,
            "dev_objective": 2.2266539042211377
          },
          {
            "epoch": 269,
            "train_objective": 2.0635526180267334,
            "dev_nll": 2.15565824508667,
            "dev_kl": 0.070996220479223,
            "dev_objective": 2.226654465565893
          },
          {
            "epoch": 270,
            "train_objective": 2.0635030269622803,
            "dev_nll": 2.155498743057251,
            "dev_kl": 0.0711568952921612,
            "dev_objective": 2.226655638349412
          },
          {
            "epoch": 271,
            "train_objective": 2.0634546279907227,
            "dev_nll": 2.1553406715393066,
            "dev_kl": 0.07131629291373168,
            "dev_objective": 2.2266569644530385
          },
          {
            "epoch": 272,
            "train_objective": 2.0634074211120605,
            "dev_nll": 2.155184507369995,
            "dev_kl": 0.07147442223413941,
            "dev_objective": 2.2266589296041346
          },
          {
            "epoch": 273,
            "train_objective": 2.063361167907715,
            "dev_nll": 2.1550302505493164,
            "dev_kl": 0.0716312602809865,
            "dev_objective": 2.226661510830303
          },
          {
            "epoch": 274,
            "train_objective": 2.0633163452148438,
            "dev_nll": 2.1548774242401123,
            "dev_kl": 0.0717868073608784,
            "dev_objective": 2.226664231600991
          },
          {
            "epoch": 275,
            "train_objective": 2.063271999359131,
            "dev_nll": 2.154726505279541,
            "dev_kl": 0.07194108192068019,
            "dev_objective": 2.2266675872002213
          },
          {
            "epoch": 276,
            "train_objective": 2.0632286071777344,
            "dev_nll": 2.1545774936676025,
            "dev_kl": 0.07209410033659837,
            "dev_objective": 2.226671594004201
          },
          {
            "epoch": 277,
            "train_objective": 2.0631866455078125,
            "dev_nll": 2.1544296741485596,
            "dev_kl": 0.07224583537173421,
            "dev_objective": 2.2266755095202937
          },
          {
            "epoch": 278,
            "train_objective": 2.063145399093628,
            "dev_nll": 2.1542837619781494,
            "dev_kl": 0.07239632624519136,
            "dev_objective": 2.2266800882233406
          },
          {
            "epoch": 279,
            "train_objective": 2.0631051063537598,
            "dev_nll": 2.154139518737793,
            "dev_kl": 0.07254553284422069,
            "dev_objective": 2.2266850515820136
          },
          {
            "epoch": 280,
            "train_objective": 2.063065767288208,
            "dev_nll": 2.153996706008911,
            "dev_kl": 0.07269348507853543,
            "dev_objective": 2.2266901910874464
          },
          {
            "epoch": 281,
            "train_objective": 2.0630271434783936,
            "dev_nll": 2.153855562210083,
            "dev_kl": 0.07284018201952035,
            "dev_objective": 2.226695744229603
          },
          {
            "epoch": 282,
            "train_objective": 2.0629894733428955,
            "dev_nll": 2.1537163257598877,
            "dev_kl": 0.0729856498917572,
            "dev_objective": 2.226701975651645
          },
          {
            "epoch": 283,
            "train_objective": 2.062952756881714,
            "dev_nll": 2.153578519821167,
            "dev_kl": 0.07312983740978449,
            "dev_objective": 2.2267083572309514
          },
          {
            "epoch": 284,
            "train_objective": 2.0629169940948486,
            "dev_nll": 2.153441905975342,
            "dev_kl": 0.07327279383397856,
            "dev_objective": 2.22671469980932
          },
          {
            "epoch": 285,
            "train_objective": 2.0628817081451416,
            "dev_nll": 2.1533069610595703,
            "dev_kl": 0.07341450882593689,
            "dev_objective": 2.2267214698855073
          },
          {
            "epoch": 286,
            "train_objective": 2.06284761428833,
            "dev_nll": 2.1531739234924316,
            "dev_kl": 0.07355498360802037,
            "dev_objective": 2.226728907100452
          },
          {
            "epoch": 287,
            "train_objective": 2.0628139972686768,
            "dev_nll": 2.1530420780181885,
            "dev_kl": 0.07369424699121624,
            "dev_objective": 2.2267363250094045
          },
          {
            "epoch": 288,
            "train_objective": 2.06278133392334,
            "dev_nll": 2.15291166305542,
            "dev_kl": 0.07383227508331021,
            "dev_objective": 2.22674393813873
          },
          {
            "epoch": 289,
            "train_objective": 2.0627493858337402,
            "dev_nll": 2.152782917022705,
            "dev_kl": 0.07396910881692212,
            "dev_objective": 2.226752025839627
          },
          {
            "epoch": 290,
            "train_objective": 2.062717914581299,
            "dev_nll": 2.152655601501465,
            "dev_kl": 0.07410468610297788,
            "dev_objective": 2.2267602876044426
          },
          {
            "epoch": 291,
            "train_objective": 2.062687635421753,
            "dev_nll": 2.152529716491699,
            "dev_kl": 0.07423906859873194,
            "dev_objective": 2.226768785090431
          },
          {
            "epoch": 292,
            "train_objective": 2.0626578330993652,
            "dev_nll": 2.1524055004119873,
            "dev_kl": 0.07437222028086178,
            "dev_objective": 2.226777720692849
          },
          {
            "epoch": 293,
            "train_objective": 2.0626285076141357,
            "dev_nll": 2.152282476425171,
            "dev_kl": 0.07450420851413117,
            "dev_objective": 2.226786684939302
          },
          {
            "epoch": 294,
            "train_objective": 2.0626001358032227,
            "dev_nll": 2.15216064453125,
            "dev_kl": 0.07463497463063258,
            "dev_objective": 2.2267956191618827
          },
          {
            "epoch": 295,
            "train_objective": 2.062572479248047,
            "dev_nll": 2.152040481567383,
            "dev_kl": 0.07476456060215052,
            "dev_objective": 2.2268050421695333
          },
          {
            "epoch": 296,
            "train_objective": 2.0625452995300293,
            "dev_nll": 2.1519217491149902,
            "dev_kl": 0.07489295033178502,
            "dev_objective": 2.2268146994467752
          },
          {
            "epoch": 297,
            "train_objective": 2.062519073486328,
            "dev_nll": 2.1518044471740723,
            "dev_kl": 0.07502017076291476,
            "dev_objective": 2.226824617936987
          },
          {
            "epoch": 298,
            "train_objective": 2.062493085861206,
            "dev_nll": 2.1516878604888916,
            "dev_kl": 0.07514622410382107,
            "dev_objective": 2.2268340845927126
          },
          {
            "epoch": 299,
            "train_objective": 2.0624678134918213,
            "dev_nll": 2.1515731811523438,
            "dev_kl": 0.07527111976113271,
            "dev_objective": 2.2268443009134766
          }
        ]
      },
      {
        "kl_lambda": 3.0,
        "best_dev_nll": 2.231534481048584,
        "best_dev_kl": 0.0178512409463935,
        "best_dev_objective": 2.2850882038877645,
        "epochs_run": 186,
        "history": [
          {
            "epoch": 0,
            "train_objective": 2.296180009841919,
            "dev_nll": 2.362933874130249,
            "dev_kl": 0.00012972256188576882,
            "dev_objective": 2.363323041815906
          },
          {
            "epoch": 1,
            "train_objective": 2.2927982807159424,
            "dev_nll": 2.361284017562866,
            "dev_kl": 0.00018443601911430888,
            "dev_objective": 2.361837325620209
          },
          {
            "epoch": 2,
            "train_objective": 2.2895638942718506,
            "dev_nll": 2.3597419261932373,
            "dev_kl": 0.00022942785662328176,
            "dev_objective": 2.3604302097631074
          },
          {
            "epoch": 3,
            "train_objective": 2.286534070968628,
            "dev_nll": 2.3580222129821777,
            "dev_kl": 0.0002817987022044584,
            "dev_objective": 2.358867609088791
          },
          {
            "epoch": 4,
            "train_objective": 2.283620595932007,
            "dev_nll": 2.3560354709625244,
            "dev_kl": 0.00032286421482021697,
            "dev_objective": 2.357004063606985
          },
          {
            "epoch": 5,
            "train_objective": 2.280677318572998,
            "dev_nll": 2.3538906574249268,
            "dev_kl": 0.000367692721477559,
            "dev_objective": 2.3549937355893595
          },
          {
            "epoch": 6,
            "train_objective": 2.2777583599090576,
            "dev_nll": 2.351689577102661,
            "dev_kl": 0.000437173195001209,
            "dev_objective": 2.353001096687665
          },
          {
            "epoch": 7,
            "train_objective": 2.2749428749084473,
            "dev_nll": 2.3495192527770996,
            "dev_kl": 0.000535676462989564,
            "dev_objective": 2.351126282166068
          },
          {
            "epoch": 8,
            "train_objective": 2.272254467010498,
            "dev_nll": 2.347440719604492,
            "dev_kl": 0.0006486874857403938,
            "dev_objective": 2.3493867820617136
          },
          {
            "epoch": 9,
            "train_objective": 2.269652843475342,
            "dev_nll": 2.3454716205596924,
            "dev_kl": 0.0007628401026875142,
            "dev_objective": 2.347760140867755
          },
          {
            "epoch": 10,
            "train_objective": 2.26708984375,
            "dev_nll": 2.343597650527954,
            "dev_kl": 0.0008805572504697498,
            "dev_objective": 2.3462393222793634
          },
          {
            "epoch": 11,
            "train_objective": 2.264565944671631,
            "dev_nll": 2.3417928218841553,
            "dev_kl": 0.0010117485830149714,
            "dev_objective": 2.3448280676332
          },
          {
            "epoch": 12,
            "train_objective": 2.262108564376831,
            "dev_nll": 2.340019464492798,
            "dev_kl": 0.0011627327874366034,
            "dev_objective": 2.3435076628551075
          },
          {
            "epoch": 13,
            "train_objective": 2.259737014770508,
            "dev_nll": 2.3382365703582764,
            "dev_kl": 0.0013319974309277934,
            "dev_objective": 2.3422325626510596
          },
          {
            "epoch": 14,
            "train_objective": 2.2574462890625,
            "dev_nll": 2.3364152908325195,
            "dev_kl": 0.0015124302204470909,
            "dev_objective": 2.3409525814938608
          },
          {
            "epoch": 15,
            "train_objective": 2.255220413208008,
            "dev_nll": 2.3345489501953125,
            "dev_kl": 0.0016959692356483505,
            "dev_objective": 2.3396368579022577
          },
          {
            "epoch": 16,
            "train_objective": 2.2530481815338135,
            "dev_nll": 2.3326499462127686,
            "dev_kl": 0.0018765184005845137,
            "dev_objective": 2.338279501414522
          },
          {
            "epoch": 17,
            "train_objective": 2.2509262561798096,
            "dev_nll": 2.330742359161377,
            "dev_kl": 0.0020506596743208607,
            "dev_objective": 2.3368943381843397
          },
          {
            "epoch": 18,
            "train_objective": 2.2488577365875244,
            "dev_nll": 2.3288543224334717,
            "dev_kl": 0.0022177589437274567,
            "dev_objective": 2.335507599264654
          },
          {
            "epoch": 19,
            "train_objective": 2.2468438148498535,
            "dev_nll": 2.3270070552825928,
            "dev_kl": 0.0023799622408836327,
            "dev_objective": 2.3341469420052436
          },
          {
            "epoch": 20,
            "train_objective": 2.244886636734009,
            "dev_nll": 2.325212240219116,
            "dev_kl": 0.0025422135520277024,
            "dev_objective": 2.332838880875199
          },
          {
            "epoch": 21,
            "train_objective": 2.242985248565674,
            "dev_nll": 2.3234710693359375,
            "dev_kl": 0.0027101212007430374,
            "dev_objective": 2.3316014329381667
          },
          {
            "epoch": 22,
            "train_objective": 2.241136074066162,
            "dev_nll": 2.3217766284942627,
            "dev_kl": 0.0028875344525390962,
            "dev_objective": 2.33043923185188
          },
          {
            "epoch": 23,
            "train_objective": 2.239330530166626,
            "dev_nll": 2.320117235183716,
            "dev_kl": 0.003075911309037632,
            "dev_objective": 2.329344969110829
          },
          {
            "epoch": 24,
            "train_objective": 2.237565040588379,
            "dev_nll": 2.31848406791687,
            "dev_kl": 0.003274748584525407,
            "dev_objective": 2.3283083136704463
          },
          {
            "epoch": 25,
            "train_objective": 2.2358415126800537,
            "dev_nll": 2.3168718814849854,
            "dev_kl": 0.003481067064382468,
            "dev_objective": 2.327315082678133
          },
          {
            "epoch": 26,
            "train_objective": 2.2341654300689697,
            "dev_nll": 2.3152778148651123,
            "dev_kl": 0.0036887298317810216,
            "dev_objective": 2.3263440043604553
          },
          {
            "epoch": 27,
            "train_objective": 2.2325387001037598,
            "dev_nll": 2.3137009143829346,
            "dev_kl": 0.0038899836814493055,
            "dev_objective": 2.3253708654272827
          },
          {
            "epoch": 28,
            "train_objective": 2.2309539318084717,
            "dev_nll": 2.3121416568756104,
            "dev_kl": 0.004079544565246924,
            "dev_objective": 2.324380290571351
          },
          {
            "epoch": 29,
            "train_objective": 2.2294046878814697,
            "dev_nll": 2.310600519180298,
            "dev_kl": 0.00425761401885218,
            "dev_objective": 2.3233733612368543
          },
          {
            "epoch": 30,
            "train_objective": 2.2278895378112793,
            "dev_nll": 2.3090806007385254,
            "dev_kl": 0.004429183668202483,
            "dev_objective": 2.3223681517431327
          },
          {
            "epoch": 31,
            "train_objective": 2.2264113426208496,
            "dev_nll": 2.307584285736084,
            "dev_kl": 0.004600652651013012,
            "dev_objective": 2.321386243689123
          },
          {
            "epoch": 32,
            "train_objective": 2.2249724864959717,
            "dev_nll": 2.3061141967773438,
            "dev_kl": 0.0047768817081065605,
            "dev_objective": 2.3204448419016632
          },
          {
            "epoch": 33,
            "train_objective": 2.2235705852508545,
            "dev_nll": 2.304675579071045,
            "dev_kl": 0.004959770543509805,
            "dev_objective": 2.3195548907015744
          },
          {
            "epoch": 34,
            "train_objective": 2.222201108932495,
            "dev_nll": 2.3032755851745605,
            "dev_kl": 0.005148523307789854,
            "dev_objective": 2.31872115509793
          },
          {
            "epoch": 35,
            "train_objective": 2.2208609580993652,
            "dev_nll": 2.30191969871521,
            "dev_kl": 0.0053402532531443055,
            "dev_objective": 2.317940458474643
          },
          {
            "epoch": 36,
            "train_objective": 2.2195489406585693,
            "dev_nll": 2.300609827041626,
            "dev_kl": 0.005530860057992268,
            "dev_objective": 2.317202407215603
          },
          {
            "epoch": 37,
            "train_objective": 2.218266487121582,
            "dev_nll": 2.2993414402008057,
            "dev_kl": 0.00571649055747503,
            "dev_objective": 2.3164909118732306
          },
          {
            "epoch": 38,
            "train_objective": 2.2170116901397705,
            "dev_nll": 2.2981057167053223,
            "dev_kl": 0.005895055238023949,
            "dev_objective": 2.3157908824193942
          },
          {
            "epoch": 39,
            "train_objective": 2.21578311920166,
            "dev_nll": 2.2968897819519043,
            "dev_kl": 0.00606667796148045,
            "dev_objective": 2.3150898158363455
          },
          {
            "epoch": 40,
            "train_objective": 2.214578628540039,
            "dev_nll": 2.2956833839416504,
            "dev_kl": 0.0062332323931930085,
            "dev_objective": 2.3143830811212296
          },
          {
            "epoch": 41,
            "train_objective": 2.213395595550537,
            "dev_nll": 2.2944822311401367,
            "dev_kl": 0.006397081170837546,
            "dev_objective": 2.3136734746526493
          },
          {
            "epoch": 42,
            "train_objective": 2.212232828140259,
            "dev_nll": 2.293290138244629,
            "dev_kl": 0.006560051204346106,
            "dev_objective": 2.3129702918576673
          },
          {
            "epoch": 43,
            "train_objective": 2.211089849472046,
            "dev_nll": 2.292116403579712,
            "dev_kl": 0.006722679838868465,
            "dev_objective": 2.3122844430963174
          },
          {
            "epoch": 44,
            "train_objective": 2.2099664211273193,
            "dev_nll": 2.29097318649292,
            "dev_kl": 0.006883987023670212,
            "dev_objective": 2.3116251475639307
          },
          {
            "epoch": 45,
            "train_objective": 2.2088623046875,
            "dev_nll": 2.2898690700531006,
            "dev_kl": 0.007042297619429251,
            "dev_objective": 2.3109959629113885
          },
          {
            "epoch": 46,
            "train_objective": 2.2077744007110596,
            "dev_nll": 2.2888059616088867,
            "dev_kl": 0.007196535778686751,
            "dev_objective": 2.310395568944947
          },
          {
            "epoch": 47,
            "train_objective": 2.2067015171051025,
            "dev_nll": 2.2877800464630127,
            "dev_kl": 0.007346954118404465,
            "dev_objective": 2.309820908818226
          },
          {
            "epoch": 48,
            "train_objective": 2.20564341545105,
            "dev_nll": 2.286780595779419,
            "dev_kl": 0.007494578575228103,
            "dev_objective": 2.309264331505103
          },
          {
            "epoch": 49,
            "train_objective": 2.2046008110046387,
            "dev_nll": 2.2857961654663086,
            "dev_kl": 0.007640218101631373,
            "dev_objective": 2.308716819771203
          },
          {
            "epoch": 50,
            "train_objective": 2.203573226928711,
            "dev_nll": 2.284818649291992,
            "dev_kl": 0.007783727647507448,
            "dev_objective": 2.3081698322345146
          },
          {
            "epoch": 51,
            "train_objective": 2.202558994293213,
            "dev_nll": 2.283846139907837,
            "dev_kl": 0.007924091896852623,
            "dev_objective": 2.307618415598395
          },
          {
            "epoch": 52,
            "train_objective": 2.2015576362609863,
            "dev_nll": 2.2828831672668457,
            "dev_kl": 0.008060024545416091,
            "dev_objective": 2.307063240903094
          },
          {
            "epoch": 53,
            "train_objective": 2.2005691528320312,
            "dev_nll": 2.2819366455078125,
            "dev_kl": 0.008190548511956594,
            "dev_objective": 2.3065082910436825
          },
          {
            "epoch": 54,
            "train_objective": 2.1995930671691895,
            "dev_nll": 2.2810134887695312,
            "dev_kl": 0.008315698240744672,
            "dev_objective": 2.3059605834917654
          },
          {
            "epoch": 55,
            "train_objective": 2.198629856109619,
            "dev_nll": 2.280116558074951,
            "dev_kl": 0.00843679832358657,
            "dev_objective": 2.305426953045711
          },
          {
            "epoch": 56,
            "train_objective": 2.197678327560425,
            "dev_nll": 2.279245376586914,
            "dev_kl": 0.008555933628041773,
            "dev_objective": 2.304913177471039
          },
          {
            "epoch": 57,
            "train_objective": 2.1967391967773438,
            "dev_nll": 2.2783946990966797,
            "dev_kl": 0.008674888095282407,
            "dev_objective": 2.304419363382527
          },
          {
            "epoch": 58,
            "train_objective": 2.1958117485046387,
            "dev_nll": 2.277560234069824,
            "dev_kl": 0.008794232134891371,
            "dev_objective": 2.3039429304744985
          },
          {
            "epoch": 59,
            "train_objective": 2.1948952674865723,
            "dev_nll": 2.2767367362976074,
            "dev_kl": 0.008913028464325913,
            "dev_objective": 2.303475821690585
          },
          {
            "epoch": 60,
            "train_objective": 2.193990707397461,
            "dev_nll": 2.275923013687134,
            "dev_kl": 0.009029249734445584,
            "dev_objective": 2.3030107628904704
          },
          {
            "epoch": 61,
            "train_objective": 2.1930978298187256,
            "dev_nll": 2.275118112564087,
            "dev_kl": 0.009140853900029215,
            "dev_objective": 2.3025406742641747
          },
          {
            "epoch": 62,
            "train_objective": 2.192216157913208,
            "dev_nll": 2.274322748184204,
            "dev_kl": 0.009246958285667609,
            "dev_objective": 2.302063623041207
          },
          {
            "epoch": 63,
            "train_objective": 2.1913459300994873,
            "dev_nll": 2.273538112640381,
            "dev_kl": 0.009348407272671805,
            "dev_objective": 2.3015833344583965
          },
          {
            "epoch": 64,
            "train_objective": 2.1904866695404053,
            "dev_nll": 2.272763252258301,
            "dev_kl": 0.009447323581629773,
            "dev_objective": 2.3011052230031903
          },
          {
            "epoch": 65,
            "train_objective": 2.18963885307312,
            "dev_nll": 2.271998643875122,
            "dev_kl": 0.009545884569141249,
            "dev_objective": 2.3006362975825456
          },
          {
            "epoch": 66,
            "train_objective": 2.18880295753479,
            "dev_nll": 2.271244764328003,
            "dev_kl": 0.009645420203550336,
            "dev_objective": 2.300181024938654
          },
          {
            "epoch": 67,
            "train_objective": 2.1879780292510986,
            "dev_nll": 2.270503044128418,
            "dev_kl": 0.009745895095050422,
            "dev_objective": 2.2997407294135694
          },
          {
            "epoch": 68,
            "train_objective": 2.187164545059204,
            "dev_nll": 2.269773483276367,
            "dev_kl": 0.009846188306904131,
            "dev_objective": 2.2993120481970797
          },
          {
            "epoch": 69,
            "train_objective": 2.1863620281219482,
            "dev_nll": 2.269056558609009,
            "dev_kl": 0.009944914903558517,
            "dev_objective": 2.2988913033196843
          },
          {
            "epoch": 70,
            "train_objective": 2.1855716705322266,
            "dev_nll": 2.2683494091033936,
            "dev_kl": 0.01004119765991706,
            "dev_objective": 2.2984730020831448
          },
          {
            "epoch": 71,
            "train_objective": 2.1847925186157227,
            "dev_nll": 2.267648935317993,
            "dev_kl": 0.010135159973964789,
            "dev_objective": 2.2980544152398874
          },
          {
            "epoch": 72,
            "train_objective": 2.184025287628174,
            "dev_nll": 2.2669527530670166,
            "dev_kl": 0.01022779784962181,
            "dev_objective": 2.297636146615882
          },
          {
            "epoch": 73,
            "train_objective": 2.183269500732422,
            "dev_nll": 2.2662596702575684,
            "dev_kl": 0.01032024263061381,
            "dev_objective": 2.2972203981494097
          },
          {
            "epoch": 74,
            "train_objective": 2.182525396347046,
            "dev_nll": 2.265571355819702,
            "dev_kl": 0.010413330113975505,
            "dev_objective": 2.2968113461616286
          },
          {
            "epoch": 75,
            "train_objective": 2.1817924976348877,
            "dev_nll": 2.2648911476135254,
            "dev_kl": 0.010507177202348677,
            "dev_objective": 2.2964126792205715
          },
          {
            "epoch": 76,
            "train_objective": 2.1810717582702637,
            "dev_nll": 2.2642221450805664,
            "dev_kl": 0.010601457285328386,
            "dev_objective": 2.2960265169365517
          },
          {
            "epoch": 77,
            "train_objective": 2.1803629398345947,
            "dev_nll": 2.2635655403137207,
            "dev_kl": 0.010695859837226656,
            "dev_objective": 2.295653119825401
          },
          {
            "epoch": 78,
            "train_objective": 2.1796653270721436,
            "dev_nll": 2.2629201412200928,
            "dev_kl": 0.010790312848172995,
            "dev_objective": 2.2952910797646116
          },
          {
            "epoch": 79,
            "train_objective": 2.1789796352386475,
            "dev_nll": 2.262282371520996,
            "dev_kl": 0.010885116896662472,
            "dev_objective": 2.2949377222109835
          },
          {
            "epoch": 80,
            "train_objective": 2.1783056259155273,
            "dev_nll": 2.2616488933563232,
            "dev_kl": 0.010980532290062022,
            "dev_objective": 2.2945904902265095
          },
          {
            "epoch": 81,
            "train_objective": 2.177643299102783,
            "dev_nll": 2.2610175609588623,
            "dev_kl": 0.011076603541890693,
            "dev_objective": 2.294247371584534
          },
          {
            "epoch": 82,
            "train_objective": 2.1769931316375732,
            "dev_nll": 2.2603886127471924,
            "dev_kl": 0.011173084473450372,
            "dev_objective": 2.2939078661675434
          },
          {
            "epoch": 83,
            "train_objective": 2.17635440826416,
            "dev_nll": 2.2597639560699463,
            "dev_kl": 0.011269654609378456,
            "dev_objective": 2.293572919898082
          },
          {
            "epoch": 84,
            "train_objective": 2.175726890563965,
            "dev_nll": 2.259145975112915,
            "dev_kl": 0.011366262118234624,
            "dev_objective": 2.293244761467619
          },
          {
            "epoch": 85,
            "train_objective": 2.1751115322113037,
            "dev_nll": 2.2585363388061523,
            "dev_kl": 0.011463271377720083,
            "dev_objective": 2.292926152939313
          },
          {
            "epoch": 86,
            "train_objective": 2.1745076179504395,
            "dev_nll": 2.257934808731079,
            "dev_kl": 0.011561260035698295,
            "dev_objective": 2.292618588838174
          },
          {
            "epoch": 87,
            "train_objective": 2.173915386199951,
            "dev_nll": 2.2573390007019043,
            "dev_kl": 0.011660703065667063,
            "dev_objective": 2.2923211098989054
          },
          {
            "epoch": 88,
            "train_objective": 2.1733343601226807,
            "dev_nll": 2.2567479610443115,
            "dev_kl": 0.011761647838961095,
            "dev_objective": 2.2920329045611947
          },
          {
            "epoch": 89,
            "train_objective": 2.1727652549743652,
            "dev_nll": 2.256160259246826,
            "dev_kl": 0.011863645450767065,
            "dev_objective": 2.291751195599127
          },
          {
            "epoch": 90,
            "train_objective": 2.1722071170806885,
            "dev_nll": 2.2555761337280273,
            "dev_kl": 0.01196600561620859,
            "dev_objective": 2.291474150576653
          },
          {
            "epoch": 91,
            "train_objective": 2.1716606616973877,
            "dev_nll": 2.2549962997436523,
            "dev_kl": 0.012068205764616457,
            "dev_objective": 2.291200917037502
          },
          {
            "epoch": 92,
            "train_objective": 2.1711251735687256,
            "dev_nll": 2.2544214725494385,
            "dev_kl": 0.012170307806380771,
            "dev_objective": 2.290932395968581
          },
          {
            "epoch": 93,
            "train_objective": 2.1706011295318604,
            "dev_nll": 2.2538511753082275,
            "dev_kl": 0.012272787182352708,
            "dev_objective": 2.290669536855286
          },
          {
            "epoch": 94,
            "train_objective": 2.170088291168213,
            "dev_nll": 2.2532858848571777,
            "dev_kl": 0.01237629766766859,
            "dev_objective": 2.2904147778601835
          },
          {
            "epoch": 95,
            "train_objective": 2.169586420059204,
            "dev_nll": 2.252725601196289,
            "dev_kl": 0.012481189491281415,
            "dev_objective": 2.290169169670133
          },
          {
            "epoch": 96,
            "train_objective": 2.169095516204834,
            "dev_nll": 2.2521708011627197,
            "dev_kl": 0.01258737544051747,
            "dev_objective": 2.2899329274842724
          },
          {
            "epoch": 97,
            "train_objective": 2.1686151027679443,
            "dev_nll": 2.251621723175049,
            "dev_kl": 0.012694405008724695,
            "dev_objective": 2.289704938201223
          },
          {
            "epoch": 98,
            "train_objective": 2.1681458950042725,
            "dev_nll": 2.2510783672332764,
            "dev_kl": 0.012801769459141823,
            "dev_objective": 2.2894836756107018
          },
          {
            "epoch": 99,
            "train_objective": 2.16768741607666,
            "dev_nll": 2.250539541244507,
            "dev_kl": 0.012909239355105611,
            "dev_objective": 2.2892672593098236
          },
          {
            "epoch": 100,
            "train_objective": 2.1672396659851074,
            "dev_nll": 2.2500057220458984,
            "dev_kl": 0.01301691069639046,
            "dev_objective": 2.28905645413507
          },
          {
            "epoch": 101,
            "train_objective": 2.166801929473877,
            "dev_nll": 2.2494750022888184,
            "dev_kl": 0.0131250565266733,
            "dev_objective": 2.2888501718688383
          },
          {
            "epoch": 102,
            "train_objective": 2.166374921798706,
            "dev_nll": 2.248948097229004,
            "dev_kl": 0.013233908248253982,
            "dev_objective": 2.288649821973766
          },
          {
            "epoch": 103,
            "train_objective": 2.1659581661224365,
            "dev_nll": 2.2484264373779297,
            "dev_kl": 0.013343531493879963,
            "dev_objective": 2.2884570318595694
          },
          {
            "epoch": 104,
            "train_objective": 2.1655514240264893,
            "dev_nll": 2.2479097843170166,
            "dev_kl": 0.013453801245001765,
            "dev_objective": 2.288271188052022
          },
          {
            "epoch": 105,
            "train_objective": 2.1651549339294434,
            "dev_nll": 2.2474002838134766,
            "dev_kl": 0.013564537460586352,
            "dev_objective": 2.2880938961952357
          },
          {
            "epoch": 106,
            "train_objective": 2.1647684574127197,
            "dev_nll": 2.246896743774414,
            "dev_kl": 0.01367566776843182,
            "dev_objective": 2.2879237470797094
          },
          {
            "epoch": 107,
            "train_objective": 2.164391279220581,
            "dev_nll": 2.2463982105255127,
            "dev_kl": 0.013787178548396738,
            "dev_objective": 2.287759746170703
          },
          {
            "epoch": 108,
            "train_objective": 2.164024591445923,
            "dev_nll": 2.245903730392456,
            "dev_kl": 0.013899066630588906,
            "dev_objective": 2.287600930284223
          },
          {
            "epoch": 109,
            "train_objective": 2.1636672019958496,
            "dev_nll": 2.2454135417938232,
            "dev_kl": 0.014011243835534691,
            "dev_objective": 2.2874472733004274
          },
          {
            "epoch": 110,
            "train_objective": 2.1633191108703613,
            "dev_nll": 2.2449276447296143,
            "dev_kl": 0.014123595582807253,
            "dev_objective": 2.2872984314780362
          },
          {
            "epoch": 111,
            "train_objective": 2.162980079650879,
            "dev_nll": 2.2444472312927246,
            "dev_kl": 0.014236013868655794,
            "dev_objective": 2.287155272898692
          },
          {
            "epoch": 112,
            "train_objective": 2.1626505851745605,
            "dev_nll": 2.2439730167388916,
            "dev_kl": 0.014348474761271261,
            "dev_objective": 2.2870184410227052
          },
          {
            "epoch": 113,
            "train_objective": 2.162330150604248,
            "dev_nll": 2.2435050010681152,
            "dev_kl": 0.014461113566448353,
            "dev_objective": 2.2868883417674604
          },
          {
            "epoch": 114,
            "train_objective": 2.1620185375213623,
            "dev_nll": 2.2430427074432373,
            "dev_kl": 0.014574017255174902,
            "dev_objective": 2.286764759208762
          },
          {
            "epoch": 115,
            "train_objective": 2.1617159843444824,
            "dev_nll": 2.242586135864258,
            "dev_kl": 0.014687168513491927,
            "dev_objective": 2.2866476414047336
          },
          {
            "epoch": 116,
            "train_objective": 2.161421537399292,
            "dev_nll": 2.2421345710754395,
            "dev_kl": 0.014800392764384945,
            "dev_objective": 2.2865357493685945
          },
          {
            "epoch": 117,
            "train_objective": 2.1611359119415283,
            "dev_nll": 2.241687774658203,
            "dev_kl": 0.014913422390518533,
            "dev_objective": 2.2864280418297587
          },
          {
            "epoch": 118,
            "train_objective": 2.160858392715454,
            "dev_nll": 2.2412474155426025,
            "dev_kl": 0.015026056336822411,
            "dev_objective": 2.2863255845530697
          },
          {
            "epoch": 119,
            "train_objective": 2.1605896949768066,
            "dev_nll": 2.240812063217163,
            "dev_kl": 0.015138289066744056,
            "dev_objective": 2.286226930417395
          },
          {
            "epoch": 120,
            "train_objective": 2.1603286266326904,
            "dev_nll": 2.2403829097747803,
            "dev_kl": 0.015250232708599787,
            "dev_objective": 2.2861336079005796
          },
          {
            "epoch": 121,
            "train_objective": 2.1600754261016846,
            "dev_nll": 2.239959478378296,
            "dev_kl": 0.015362016724969906,
            "dev_objective": 2.2860455285532058
          },
          {
            "epoch": 122,
            "train_objective": 2.159830093383789,
            "dev_nll": 2.239541530609131,
            "dev_kl": 0.015473663841574786,
            "dev_objective": 2.2859625221338553
          },
          {
            "epoch": 123,
            "train_objective": 2.1595921516418457,
            "dev_nll": 2.2391295433044434,
            "dev_kl": 0.015585044364780169,
            "dev_objective": 2.285884676398784
          },
          {
            "epoch": 124,
            "train_objective": 2.1593620777130127,
            "dev_nll": 2.2387237548828125,
            "dev_kl": 0.015695965654499173,
            "dev_objective": 2.28581165184631
          },
          {
            "epoch": 125,
            "train_objective": 2.1591389179229736,
            "dev_nll": 2.2383241653442383,
            "dev_kl": 0.015806280804931457,
            "dev_objective": 2.2857430077590326
          },
          {
            "epoch": 126,
            "train_objective": 2.158923387527466,
            "dev_nll": 2.2379300594329834,
            "dev_kl": 0.015915919668809377,
            "dev_objective": 2.2856778184394115
          },
          {
            "epoch": 127,
            "train_objective": 2.158714532852173,
            "dev_nll": 2.2375411987304688,
            "dev_kl": 0.01602491418337075,
            "dev_objective": 2.285615941280581
          },
          {
            "epoch": 128,
            "train_objective": 2.158512592315674,
            "dev_nll": 2.2371580600738525,
            "dev_kl": 0.016133314730370697,
            "dev_objective": 2.285558004264965
          },
          {
            "epoch": 129,
            "train_objective": 2.1583173274993896,
            "dev_nll": 2.2367806434631348,
            "dev_kl": 0.01624112283983312,
            "dev_objective": 2.285504011982634
          },
          {
            "epoch": 130,
            "train_objective": 2.1581287384033203,
            "dev_nll": 2.2364091873168945,
            "dev_kl": 0.016348275700576863,
            "dev_objective": 2.285454014418625
          },
          {
            "epoch": 131,
            "train_objective": 2.1579465866088867,
            "dev_nll": 2.23604416847229,
            "dev_kl": 0.016454724772153203,
            "dev_objective": 2.2854083427887497
          },
          {
            "epoch": 132,
            "train_objective": 2.1577703952789307,
            "dev_nll": 2.235685348510742,
            "dev_kl": 0.016560384397511257,
            "dev_objective": 2.285366501703276
          },
          {
            "epoch": 133,
            "train_objective": 2.1576006412506104,
            "dev_nll": 2.2353322505950928,
            "dev_kl": 0.016665269742715767,
            "dev_objective": 2.28532805982324
          },
          {
            "epoch": 134,
            "train_objective": 2.1574366092681885,
            "dev_nll": 2.2349843978881836,
            "dev_kl": 0.016769329270079982,
            "dev_objective": 2.2852923856984235
          },
          {
            "epoch": 135,
            "train_objective": 2.157278537750244,
            "dev_nll": 2.234642267227173,
            "dev_kl": 0.016872513751468785,
            "dev_objective": 2.2852598084815794
          },
          {
            "epoch": 136,
            "train_objective": 2.157125949859619,
            "dev_nll": 2.2343058586120605,
            "dev_kl": 0.016974766904706146,
            "dev_objective": 2.285230159326179
          },
          {
            "epoch": 137,
            "train_objective": 2.1569790840148926,
            "dev_nll": 2.2339751720428467,
            "dev_kl": 0.017076060948881585,
            "dev_objective": 2.2852033548894912
          },
          {
            "epoch": 138,
            "train_objective": 2.1568374633789062,
            "dev_nll": 2.2336506843566895,
            "dev_kl": 0.017176399225295323,
            "dev_objective": 2.2851798820325753
          },
          {
            "epoch": 139,
            "train_objective": 2.15670108795166,
            "dev_nll": 2.2333314418792725,
            "dev_kl": 0.017275829599666465,
            "dev_objective": 2.285158930678272
          },
          {
            "epoch": 140,
            "train_objective": 2.156569719314575,
            "dev_nll": 2.233018159866333,
            "dev_kl": 0.017374361143605386,
            "dev_objective": 2.285141243297149
          },
          {
            "epoch": 141,
            "train_objective": 2.1564433574676514,
            "dev_nll": 2.232710838317871,
            "dev_kl": 0.017471927287429977,
            "dev_objective": 2.285126620180161
          },
          {
            "epoch": 142,
            "train_objective": 2.1563220024108887,
            "dev_nll": 2.232408285140991,
            "dev_kl": 0.01756844174632033,
            "dev_objective": 2.2851136103799523
          },
          {
            "epoch": 143,
            "train_objective": 2.15620493888855,
            "dev_nll": 2.2321114540100098,
            "dev_kl": 0.01766384795562828,
            "dev_objective": 2.2851029978768946
          },
          {
            "epoch": 144,
            "train_objective": 2.156092643737793,
            "dev_nll": 2.231820583343506,
            "dev_kl": 0.0177580992901714,
            "dev_objective": 2.28509488121402
          },
          {
            "epoch": 145,
            "train_objective": 2.155984878540039,
            "dev_nll": 2.231534481048584,
            "dev_kl": 0.0178512409463935,
            "dev_objective": 2.2850882038877645
          },
          {
            "epoch": 146,
            "train_objective": 2.15588116645813,
            "dev_nll": 2.2312538623809814,
            "dev_kl": 0.01794332553891559,
            "dev_objective": 2.2850838389977284
          },
          {
            "epoch": 147,
            "train_objective": 2.1557815074920654,
            "dev_nll": 2.2309787273406982,
            "dev_kl": 0.018034330017588557,
            "dev_objective": 2.285081717393464
          },
          {
            "epoch": 148,
            "train_objective": 2.1556859016418457,
            "dev_nll": 2.2307093143463135,
            "dev_kl": 0.018124244309074694,
            "dev_objective": 2.2850820472735376
          },
          {
            "epoch": 149,
            "train_objective": 2.15559458732605,
            "dev_nll": 2.23044490814209,
            "dev_kl": 0.01821299104309684,
            "dev_objective": 2.2850838812713805
          },
          {
            "epoch": 150,
            "train_objective": 2.1555063724517822,
            "dev_nll": 2.2301852703094482,
            "dev_kl": 0.0183005357781482,
            "dev_objective": 2.285086877643893
          },
          {
            "epoch": 151,
            "train_objective": 2.155421733856201,
            "dev_nll": 2.229931592941284,
            "dev_kl": 0.018386858052149048,
            "dev_objective": 2.2850921670977313
          },
          {
            "epoch": 152,
            "train_objective": 2.155341148376465,
            "dev_nll": 2.229682207107544,
            "dev_kl": 0.01847199874695674,
            "dev_objective": 2.285098203348414
          },
          {
            "epoch": 153,
            "train_objective": 2.155263900756836,
            "dev_nll": 2.229438066482544,
            "dev_kl": 0.01855592675621679,
            "dev_objective": 2.285105846751194
          },
          {
            "epoch": 154,
            "train_objective": 2.1551895141601562,
            "dev_nll": 2.229198694229126,
            "dev_kl": 0.01863867158963401,
            "dev_objective": 2.285114708998028
          },
          {
            "epoch": 155,
            "train_objective": 2.155118942260742,
            "dev_nll": 2.22896409034729,
            "dev_kl": 0.018720206451774194,
            "dev_objective": 2.285124709702613
          },
          {
            "epoch": 156,
            "train_objective": 2.1550509929656982,
            "dev_nll": 2.2287349700927734,
            "dev_kl": 0.018800528684205488,
            "dev_objective": 2.28513655614539
          },
          {
            "epoch": 157,
            "train_objective": 2.1549859046936035,
            "dev_nll": 2.2285103797912598,
            "dev_kl": 0.01887963317147846,
            "dev_objective": 2.285149279305695
          },
          {
            "epoch": 158,
            "train_objective": 2.154923677444458,
            "dev_nll": 2.228290319442749,
            "dev_kl": 0.018957508290955858,
            "dev_objective": 2.2851628443156167
          },
          {
            "epoch": 159,
            "train_objective": 2.1548643112182617,
            "dev_nll": 2.2280752658843994,
            "dev_kl": 0.019034171363647014,
            "dev_objective": 2.2851777799753403
          },
          {
            "epoch": 160,
            "train_objective": 2.1548075675964355,
            "dev_nll": 2.2278640270233154,
            "dev_kl": 0.019109578131311825,
            "dev_objective": 2.285192761417251
          },
          {
            "epoch": 161,
            "train_objective": 2.1547536849975586,
            "dev_nll": 2.2276577949523926,
            "dev_kl": 0.01918374124774303,
            "dev_objective": 2.2852090186956215
          },
          {
            "epoch": 162,
            "train_objective": 2.1547019481658936,
            "dev_nll": 2.2274563312530518,
            "dev_kl": 0.01925665520317943,
            "dev_objective": 2.2852262968625903
          },
          {
            "epoch": 163,
            "train_objective": 2.1546523571014404,
            "dev_nll": 2.2272589206695557,
            "dev_kl": 0.01932834455200386,
            "dev_objective": 2.2852439543255674
          },
          {
            "epoch": 164,
            "train_objective": 2.1546056270599365,
            "dev_nll": 2.2270660400390625,
            "dev_kl": 0.019398836741158956,
            "dev_objective": 2.2852625502625394
          },
          {
            "epoch": 165,
            "train_objective": 2.1545608043670654,
            "dev_nll": 2.226877450942993,
            "dev_kl": 0.019468123237187288,
            "dev_objective": 2.285281820654555
          },
          {
            "epoch": 166,
            "train_objective": 2.154517889022827,
            "dev_nll": 2.2266931533813477,
            "dev_kl": 0.01953618800528835,
            "dev_objective": 2.2853017173972128
          },
          {
            "epoch": 167,
            "train_objective": 2.1544768810272217,
            "dev_nll": 2.2265126705169678,
            "dev_kl": 0.019603012838760075,
            "dev_objective": 2.285321709033248
          },
          {
            "epoch": 168,
            "train_objective": 2.1544382572174072,
            "dev_nll": 2.2263362407684326,
            "dev_kl": 0.019668589237591887,
            "dev_objective": 2.285342008481208
          },
          {
            "epoch": 169,
            "train_objective": 2.1544013023376465,
            "dev_nll": 2.226163864135742,
            "dev_kl": 0.019732967139895852,
            "dev_objective": 2.28536276555543
          },
          {
            "epoch": 170,
            "train_objective": 2.1543660163879395,
            "dev_nll": 2.2259957790374756,
            "dev_kl": 0.0197961490671015,
            "dev_objective": 2.2853842262387802
          },
          {
            "epoch": 171,
            "train_objective": 2.1543326377868652,
            "dev_nll": 2.2258310317993164,
            "dev_kl": 0.019858146478221643,
            "dev_objective": 2.2854054712339815
          },
          {
            "epoch": 172,
            "train_objective": 2.1543004512786865,
            "dev_nll": 2.225670576095581,
            "dev_kl": 0.019918979517393565,
            "dev_objective": 2.2854275146477616
          },
          {
            "epoch": 173,
            "train_objective": 2.1542704105377197,
            "dev_nll": 2.2255136966705322,
            "dev_kl": 0.019978612281883842,
            "dev_objective": 2.285449533516184
          },
          {
            "epoch": 174,
            "train_objective": 2.1542413234710693,
            "dev_nll": 2.225360631942749,
            "dev_kl": 0.020037050366283452,
            "dev_objective": 2.2854717830415994
          },
          {
            "epoch": 175,
            "train_objective": 2.1542141437530518,
            "dev_nll": 2.2252113819122314,
            "dev_kl": 0.02009432153384176,
            "dev_objective": 2.2854943465137567
          },
          {
            "epoch": 176,
            "train_objective": 2.1541881561279297,
            "dev_nll": 2.225065231323242,
            "dev_kl": 0.020150445413174713,
            "dev_objective": 2.2855165675627664
          },
          {
            "epoch": 177,
            "train_objective": 2.1541635990142822,
            "dev_nll": 2.2249228954315186,
            "dev_kl": 0.020205401624832663,
            "dev_objective": 2.2855391003060164
          },
          {
            "epoch": 178,
            "train_objective": 2.1541402339935303,
            "dev_nll": 2.2247838973999023,
            "dev_kl": 0.020259236604653934,
            "dev_objective": 2.285561607213864
          },
          {
            "epoch": 179,
            "train_objective": 2.1541178226470947,
            "dev_nll": 2.2246484756469727,
            "dev_kl": 0.020311922423113787,
            "dev_objective": 2.285584242916314
          },
          {
            "epoch": 180,
            "train_objective": 2.154097080230713,
            "dev_nll": 2.2245161533355713,
            "dev_kl": 0.020363503789787303,
            "dev_objective": 2.2856066647049333
          },
          {
            "epoch": 181,
            "train_objective": 2.1540770530700684,
            "dev_nll": 2.2243874073028564,
            "dev_kl": 0.02041398290889482,
            "dev_objective": 2.285629356029541
          },
          {
            "epoch": 182,
            "train_objective": 2.1540579795837402,
            "dev_nll": 2.224261522293091,
            "dev_kl": 0.020463372943264092,
            "dev_objective": 2.285651641122883
          },
          {
            "epoch": 183,
            "train_objective": 2.1540400981903076,
            "dev_nll": 2.2241389751434326,
            "dev_kl": 0.020511651465799228,
            "dev_objective": 2.28567392954083
          },
          {
            "epoch": 184,
            "train_objective": 2.1540231704711914,
            "dev_nll": 2.2240195274353027,
            "dev_kl": 0.02055887288532162,
            "dev_objective": 2.2856961460912677
          },
          {
            "epoch": 185,
            "train_objective": 2.1540071964263916,
            "dev_nll": 2.223902940750122,
            "dev_kl": 0.020604998500730713,
            "dev_objective": 2.2857179362523143
          }
        ]
      },
      {
        "kl_lambda": 10.0,
        "best_dev_nll": 2.2960619926452637,
        "best_dev_kl": 0.003120303813255502,
        "best_dev_objective": 2.3272650307778187,
        "epochs_run": 114,
        "history": [
          {
            "epoch": 0,
            "train_objective": 2.296180009841919,
            "dev_nll": 2.362933874130249,
            "dev_kl": 0.0001297225605321023,
            "dev_objective": 2.36423109973557
          },
          {
            "epoch": 1,
            "train_objective": 2.293576955795288,
            "dev_nll": 2.3613882064819336,
            "dev_kl": 4.986297764929098e-05,
            "dev_objective": 2.3618868362584267
          },
          {
            "epoch": 2,
            "train_objective": 2.2899975776672363,
            "dev_nll": 2.3598639965057373,
            "dev_kl": 8.860742656357023e-05,
            "dev_objective": 2.360750070771373
          },
          {
            "epoch": 3,
            "train_objective": 2.287583351135254,
            "dev_nll": 2.357970714569092,
            "dev_kl": 0.00014336843571086778,
            "dev_objective": 2.3594043989262006
          },
          {
            "epoch": 4,
            "train_objective": 2.2851760387420654,
            "dev_nll": 2.355846643447876,
            "dev_kl": 0.0001794919742946671,
            "dev_objective": 2.3576415631908225
          },
          {
            "epoch": 5,
            "train_objective": 2.2825381755828857,
            "dev_nll": 2.353663682937622,
            "dev_kl": 0.00023816919012686468,
            "dev_objective": 2.3560453748388905
          },
          {
            "epoch": 6,
            "train_objective": 2.280142307281494,
            "dev_nll": 2.35152006149292,
            "dev_kl": 0.00032378051350120626,
            "dev_objective": 2.354757866627932
          },
          {
            "epoch": 7,
            "train_objective": 2.2781121730804443,
            "dev_nll": 2.349473476409912,
            "dev_kl": 0.00040629053997803593,
            "dev_objective": 2.3535363818096924
          },
          {
            "epoch": 8,
            "train_objective": 2.27622127532959,
            "dev_nll": 2.3475499153137207,
            "dev_kl": 0.000471593691744524,
            "dev_objective": 2.352265852231166
          },
          {
            "epoch": 9,
            "train_objective": 2.274336338043213,
            "dev_nll": 2.3457443714141846,
            "dev_kl": 0.0005329791894710492,
            "dev_objective": 2.351074163308895
          },
          {
            "epoch": 10,
            "train_objective": 2.272541046142578,
            "dev_nll": 2.3440334796905518,
            "dev_kl": 0.0006045190726976314,
            "dev_objective": 2.350078670417528
          },
          {
            "epoch": 11,
            "train_objective": 2.27091121673584,
            "dev_nll": 2.3423783779144287,
            "dev_kl": 0.0006851945634466116,
            "dev_objective": 2.3492303235488947
          },
          {
            "epoch": 12,
            "train_objective": 2.269390344619751,
            "dev_nll": 2.340742826461792,
            "dev_kl": 0.0007696704266729016,
            "dev_objective": 2.348439530728521
          },
          {
            "epoch": 13,
            "train_objective": 2.2679178714752197,
            "dev_nll": 2.3391144275665283,
            "dev_kl": 0.0008579841738791464,
            "dev_objective": 2.34769426930532
          },
          {
            "epoch": 14,
            "train_objective": 2.2665116786956787,
            "dev_nll": 2.33750319480896,
            "dev_kl": 0.0009508091675942446,
            "dev_objective": 2.347011286484902
          },
          {
            "epoch": 15,
            "train_objective": 2.265211820602417,
            "dev_nll": 2.335925579071045,
            "dev_kl": 0.0010411849770200431,
            "dev_objective": 2.3463374288412453
          },
          {
            "epoch": 16,
            "train_objective": 2.2639970779418945,
            "dev_nll": 2.334399461746216,
            "dev_kl": 0.0011188892025839855,
            "dev_objective": 2.345588353772056
          },
          {
            "epoch": 17,
            "train_objective": 2.262802839279175,
            "dev_nll": 2.3329434394836426,
            "dev_kl": 0.0011814570249791092,
            "dev_objective": 2.3447580097334337
          },
          {
            "epoch": 18,
            "train_objective": 2.261611223220825,
            "dev_nll": 2.331571578979492,
            "dev_kl": 0.0012352700189997752,
            "dev_objective": 2.34392427916949
          },
          {
            "epoch": 19,
            "train_objective": 2.2604610919952393,
            "dev_nll": 2.3302862644195557,
            "dev_kl": 0.0012880497452552077,
            "dev_objective": 2.3431667618721077
          },
          {
            "epoch": 20,
            "train_objective": 2.2593815326690674,
            "dev_nll": 2.3290817737579346,
            "dev_kl": 0.0013422713448160847,
            "dev_objective": 2.3425044872060954
          },
          {
            "epoch": 21,
            "train_objective": 2.2583441734313965,
            "dev_nll": 2.3279483318328857,
            "dev_kl": 0.0013962423772611583,
            "dev_objective": 2.341910755605497
          },
          {
            "epoch": 22,
            "train_objective": 2.257298231124878,
            "dev_nll": 2.3268821239471436,
            "dev_kl": 0.0014492871858858207,
            "dev_objective": 2.3413749958060017
          },
          {
            "epoch": 23,
            "train_objective": 2.2562344074249268,
            "dev_nll": 2.3258848190307617,
            "dev_kl": 0.001502158555703945,
            "dev_objective": 2.340906404587801
          },
          {
            "epoch": 24,
            "train_objective": 2.255183696746826,
            "dev_nll": 2.324958562850952,
            "dev_kl": 0.0015533006144958267,
            "dev_objective": 2.3404915689959105
          },
          {
            "epoch": 25,
            "train_objective": 2.254167079925537,
            "dev_nll": 2.324096918106079,
            "dev_kl": 0.001597983648349863,
            "dev_objective": 2.3400767545895778
          },
          {
            "epoch": 26,
            "train_objective": 2.2531726360321045,
            "dev_nll": 2.32328724861145,
            "dev_kl": 0.0016322359183258124,
            "dev_objective": 2.339609607794708
          },
          {
            "epoch": 27,
            "train_objective": 2.252178430557251,
            "dev_nll": 2.3225135803222656,
            "dev_kl": 0.0016570227446716798,
            "dev_objective": 2.3390838077689824
          },
          {
            "epoch": 28,
            "train_objective": 2.251183271408081,
            "dev_nll": 2.321760654449463,
            "dev_kl": 0.0016768799709831184,
            "dev_objective": 2.338529454159294
          },
          {
            "epoch": 29,
            "train_objective": 2.2502026557922363,
            "dev_nll": 2.321016550064087,
            "dev_kl": 0.0016961555496567062,
            "dev_objective": 2.337978105560654
          },
          {
            "epoch": 30,
            "train_objective": 2.249243974685669,
            "dev_nll": 2.3202764987945557,
            "dev_kl": 0.0017169850776666891,
            "dev_objective": 2.3374463495712225
          },
          {
            "epoch": 31,
            "train_objective": 2.2483017444610596,
            "dev_nll": 2.319547414779663,
            "dev_kl": 0.00173992094946592,
            "dev_objective": 2.336946624274322
          },
          {
            "epoch": 32,
            "train_objective": 2.2473721504211426,
            "dev_nll": 2.3188419342041016,
            "dev_kl": 0.0017642860331070834,
            "dev_objective": 2.3364847945351723
          },
          {
            "epoch": 33,
            "train_objective": 2.2464606761932373,
            "dev_nll": 2.3181729316711426,
            "dev_kl": 0.0017879254095772526,
            "dev_objective": 2.336052185766915
          },
          {
            "epoch": 34,
            "train_objective": 2.245568037033081,
            "dev_nll": 2.317545175552368,
            "dev_kl": 0.001808188556713348,
            "dev_objective": 2.3356270611195016
          },
          {
            "epoch": 35,
            "train_objective": 2.244689702987671,
            "dev_nll": 2.3169524669647217,
            "dev_kl": 0.0018241999076603543,
            "dev_objective": 2.335194466041325
          },
          {
            "epoch": 36,
            "train_objective": 2.2438251972198486,
            "dev_nll": 2.3163797855377197,
            "dev_kl": 0.0018375939644454408,
            "dev_objective": 2.3347557251821742
          },
          {
            "epoch": 37,
            "train_objective": 2.242982864379883,
            "dev_nll": 2.315807580947876,
            "dev_kl": 0.00185093875487548,
            "dev_objective": 2.3343169684966307
          },
          {
            "epoch": 38,
            "train_objective": 2.2421677112579346,
            "dev_nll": 2.315218210220337,
            "dev_kl": 0.0018658380472198735,
            "dev_objective": 2.333876590692536
          },
          {
            "epoch": 39,
            "train_objective": 2.2413740158081055,
            "dev_nll": 2.3146047592163086,
            "dev_kl": 0.0018829255460832781,
            "dev_objective": 2.3334340146771413
          },
          {
            "epoch": 40,
            "train_objective": 2.240595817565918,
            "dev_nll": 2.3139748573303223,
            "dev_kl": 0.001902465896713439,
            "dev_objective": 2.332999516297457
          },
          {
            "epoch": 41,
            "train_objective": 2.239837646484375,
            "dev_nll": 2.3133440017700195,
            "dev_kl": 0.0019240335099057965,
            "dev_objective": 2.3325843368690773
          },
          {
            "epoch": 42,
            "train_objective": 2.2391061782836914,
            "dev_nll": 2.3127307891845703,
            "dev_kl": 0.0019462363121673725,
            "dev_objective": 2.3321931523062442
          },
          {
            "epoch": 43,
            "train_objective": 2.238400936126709,
            "dev_nll": 2.312145948410034,
            "dev_kl": 0.0019678029607595195,
            "dev_objective": 2.3318239780176295
          },
          {
            "epoch": 44,
            "train_objective": 2.237715721130371,
            "dev_nll": 2.311589479446411,
            "dev_kl": 0.0019890475031029064,
            "dev_objective": 2.33147995447744
          },
          {
            "epoch": 45,
            "train_objective": 2.2370481491088867,
            "dev_nll": 2.3110525608062744,
            "dev_kl": 0.002011700188483891,
            "dev_objective": 2.3311695626911133
          },
          {
            "epoch": 46,
            "train_objective": 2.2364020347595215,
            "dev_nll": 2.310520648956299,
            "dev_kl": 0.0020373558150441925,
            "dev_objective": 2.330894207106741
          },
          {
            "epoch": 47,
            "train_objective": 2.235779047012329,
            "dev_nll": 2.3099796772003174,
            "dev_kl": 0.002066403323271882,
            "dev_objective": 2.330643710433036
          },
          {
            "epoch": 48,
            "train_objective": 2.2351763248443604,
            "dev_nll": 2.309422254562378,
            "dev_kl": 0.00209826765678527,
            "dev_objective": 2.330404931130231
          },
          {
            "epoch": 49,
            "train_objective": 2.234592914581299,
            "dev_nll": 2.3088505268096924,
            "dev_kl": 0.002131732522684615,
            "dev_objective": 2.3301678520365385
          },
          {
            "epoch": 50,
            "train_objective": 2.2340292930603027,
            "dev_nll": 2.3082706928253174,
            "dev_kl": 0.0021654834022475657,
            "dev_objective": 2.329925526847793
          },
          {
            "epoch": 51,
            "train_objective": 2.2334861755371094,
            "dev_nll": 2.3076915740966797,
            "dev_kl": 0.00219866354796808,
            "dev_objective": 2.3296782095763606
          },
          {
            "epoch": 52,
            "train_objective": 2.2329609394073486,
            "dev_nll": 2.307116985321045,
            "dev_kl": 0.00223168944045423,
            "dev_objective": 2.3294338797255874
          },
          {
            "epoch": 53,
            "train_objective": 2.232455253601074,
            "dev_nll": 2.3065483570098877,
            "dev_kl": 0.002265768513817145,
            "dev_objective": 2.329206042148059
          },
          {
            "epoch": 54,
            "train_objective": 2.231968641281128,
            "dev_nll": 2.305981159210205,
            "dev_kl": 0.002302031774719538,
            "dev_objective": 2.3290014769574006
          },
          {
            "epoch": 55,
            "train_objective": 2.2315008640289307,
            "dev_nll": 2.3054122924804688,
            "dev_kl": 0.002340933090121424,
            "dev_objective": 2.328821623381683
          },
          {
            "epoch": 56,
            "train_objective": 2.2310497760772705,
            "dev_nll": 2.304839849472046,
            "dev_kl": 0.002382142003456423,
            "dev_objective": 2.3286612695066102
          },
          {
            "epoch": 57,
            "train_objective": 2.2306158542633057,
            "dev_nll": 2.3042666912078857,
            "dev_kl": 0.002424736876223893,
            "dev_objective": 2.3285140599701246
          },
          {
            "epoch": 58,
            "train_objective": 2.23020076751709,
            "dev_nll": 2.303694725036621,
            "dev_kl": 0.002467434553083397,
            "dev_objective": 2.328369070567455
          },
          {
            "epoch": 59,
            "train_objective": 2.229804039001465,
            "dev_nll": 2.303126096725464,
            "dev_kl": 0.0025094449135162162,
            "dev_objective": 2.328220545860626
          },
          {
            "epoch": 60,
            "train_objective": 2.2294235229492188,
            "dev_nll": 2.302561044692993,
            "dev_kl": 0.0025509299331986754,
            "dev_objective": 2.32807034402498
          },
          {
            "epoch": 61,
            "train_objective": 2.229059934616089,
            "dev_nll": 2.301999807357788,
            "dev_kl": 0.0025927892406904245,
            "dev_objective": 2.3279276997646923
          },
          {
            "epoch": 62,
            "train_objective": 2.228713274002075,
            "dev_nll": 2.3014421463012695,
            "dev_kl": 0.002635889170671517,
            "dev_objective": 2.3278010380079848
          },
          {
            "epoch": 63,
            "train_objective": 2.2283833026885986,
            "dev_nll": 2.3008909225463867,
            "dev_kl": 0.002680458377132124,
            "dev_objective": 2.327695506317708
          },
          {
            "epoch": 64,
            "train_objective": 2.22806978225708,
            "dev_nll": 2.300351142883301,
            "dev_kl": 0.0027261761045570725,
            "dev_objective": 2.3276129039288715
          },
          {
            "epoch": 65,
            "train_objective": 2.2277719974517822,
            "dev_nll": 2.2998270988464355,
            "dev_kl": 0.002772214511325249,
            "dev_objective": 2.327549243959688
          },
          {
            "epoch": 66,
            "train_objective": 2.227489709854126,
            "dev_nll": 2.299321413040161,
            "dev_kl": 0.0028177711146429286,
            "dev_objective": 2.3274991241865903
          },
          {
            "epoch": 67,
            "train_objective": 2.2272226810455322,
            "dev_nll": 2.298830509185791,
            "dev_kl": 0.002862397052844907,
            "dev_objective": 2.3274544797142402
          },
          {
            "epoch": 68,
            "train_objective": 2.2269694805145264,
            "dev_nll": 2.2983508110046387,
            "dev_kl": 0.0029062484876943534,
            "dev_objective": 2.3274132958815823
          },
          {
            "epoch": 69,
            "train_objective": 2.226732015609741,
            "dev_nll": 2.2978768348693848,
            "dev_kl": 0.002949716983761913,
            "dev_objective": 2.327374004707004
          },
          {
            "epoch": 70,
            "train_objective": 2.2265079021453857,
            "dev_nll": 2.2974069118499756,
            "dev_kl": 0.0029930379045423295,
            "dev_objective": 2.327337290895399
          },
          {
            "epoch": 71,
            "train_objective": 2.226297378540039,
            "dev_nll": 2.2969439029693604,
            "dev_kl": 0.003036175373219253,
            "dev_objective": 2.327305656701553
          },
          {
            "epoch": 72,
            "train_objective": 2.226099729537964,
            "dev_nll": 2.2964935302734375,
            "dev_kl": 0.0030787538634208184,
            "dev_objective": 2.3272810689076455
          },
          {
            "epoch": 73,
            "train_objective": 2.225914716720581,
            "dev_nll": 2.2960619926452637,
            "dev_kl": 0.003120303813255502,
            "dev_objective": 2.3272650307778187
          },
          {
            "epoch": 74,
            "train_objective": 2.2257418632507324,
            "dev_nll": 2.2956509590148926,
            "dev_kl": 0.0031605696598024564,
            "dev_objective": 2.327256655612917
          },
          {
            "epoch": 75,
            "train_objective": 2.2255802154541016,
            "dev_nll": 2.2952587604522705,
            "dev_kl": 0.003199687197121075,
            "dev_objective": 2.327255632423481
          },
          {
            "epoch": 76,
            "train_objective": 2.2254297733306885,
            "dev_nll": 2.2948811054229736,
            "dev_kl": 0.003237958623001816,
            "dev_objective": 2.3272606916529917
          },
          {
            "epoch": 77,
            "train_objective": 2.2252895832061768,
            "dev_nll": 2.2945139408111572,
            "dev_kl": 0.003275559437464088,
            "dev_objective": 2.327269535185798
          },
          {
            "epoch": 78,
            "train_objective": 2.2251594066619873,
            "dev_nll": 2.294156074523926,
            "dev_kl": 0.003312397211036242,
            "dev_objective": 2.327280046634288
          },
          {
            "epoch": 79,
            "train_objective": 2.225038766860962,
            "dev_nll": 2.293809175491333,
            "dev_kl": 0.003348183641554273,
            "dev_objective": 2.3272910119068757
          },
          {
            "epoch": 80,
            "train_objective": 2.2249274253845215,
            "dev_nll": 2.2934775352478027,
            "dev_kl": 0.003382609365122659,
            "dev_objective": 2.3273036288990294
          },
          {
            "epoch": 81,
            "train_objective": 2.2248244285583496,
            "dev_nll": 2.293163299560547,
            "dev_kl": 0.0034156242465045116,
            "dev_objective": 2.327319542025592
          },
          {
            "epoch": 82,
            "train_objective": 2.224729299545288,
            "dev_nll": 2.2928662300109863,
            "dev_kl": 0.0034474553132028186,
            "dev_objective": 2.3273407831430144
          },
          {
            "epoch": 83,
            "train_objective": 2.224642276763916,
            "dev_nll": 2.292585611343384,
            "dev_kl": 0.003478453309149037,
            "dev_objective": 2.327370144434874
          },
          {
            "epoch": 84,
            "train_objective": 2.224561929702759,
            "dev_nll": 2.2923169136047363,
            "dev_kl": 0.0035088569789355783,
            "dev_objective": 2.327405483394092
          },
          {
            "epoch": 85,
            "train_objective": 2.2244884967803955,
            "dev_nll": 2.2920589447021484,
            "dev_kl": 0.0035386459793973995,
            "dev_objective": 2.3274454044961224
          },
          {
            "epoch": 86,
            "train_objective": 2.224421501159668,
            "dev_nll": 2.2918107509613037,
            "dev_kl": 0.0035675163568340894,
            "dev_objective": 2.3274859145296447
          },
          {
            "epoch": 87,
            "train_objective": 2.224360227584839,
            "dev_nll": 2.2915725708007812,
            "dev_kl": 0.003595190742857959,
            "dev_objective": 2.327524478229361
          },
          {
            "epoch": 88,
            "train_objective": 2.2243049144744873,
            "dev_nll": 2.29134464263916,
            "dev_kl": 0.003621552007679165,
            "dev_objective": 2.327560162715952
          },
          {
            "epoch": 89,
            "train_objective": 2.224254608154297,
            "dev_nll": 2.291125774383545,
            "dev_kl": 0.0036467997668705367,
            "dev_objective": 2.3275937720522504
          },
          {
            "epoch": 90,
            "train_objective": 2.2242090702056885,
            "dev_nll": 2.2909157276153564,
            "dev_kl": 0.0036712450843294016,
            "dev_objective": 2.3276281784586503
          },
          {
            "epoch": 91,
            "train_objective": 2.224167585372925,
            "dev_nll": 2.2907135486602783,
            "dev_kl": 0.0036951583680311442,
            "dev_objective": 2.3276651323405897
          },
          {
            "epoch": 92,
            "train_objective": 2.224130868911743,
            "dev_nll": 2.2905197143554688,
            "dev_kl": 0.0037185262138428495,
            "dev_objective": 2.327704976493897
          },
          {
            "epoch": 93,
            "train_objective": 2.224097728729248,
            "dev_nll": 2.290335178375244,
            "dev_kl": 0.0037411831116084733,
            "dev_objective": 2.327747009491329
          },
          {
            "epoch": 94,
            "train_objective": 2.2240681648254395,
            "dev_nll": 2.2901597023010254,
            "dev_kl": 0.003762928169642466,
            "dev_objective": 2.32778898399745
          },
          {
            "epoch": 95,
            "train_objective": 2.224041700363159,
            "dev_nll": 2.2899930477142334,
            "dev_kl": 0.0037836458532817846,
            "dev_objective": 2.3278295062470513
          },
          {
            "epoch": 96,
            "train_objective": 2.224018096923828,
            "dev_nll": 2.2898333072662354,
            "dev_kl": 0.003803486560236495,
            "dev_objective": 2.3278681728686004
          },
          {
            "epoch": 97,
            "train_objective": 2.223997116088867,
            "dev_nll": 2.2896788120269775,
            "dev_kl": 0.003822609568029406,
            "dev_objective": 2.3279049077072718
          },
          {
            "epoch": 98,
            "train_objective": 2.2239789962768555,
            "dev_nll": 2.28952956199646,
            "dev_kl": 0.003841148919399734,
            "dev_objective": 2.3279410511904572
          },
          {
            "epoch": 99,
            "train_objective": 2.2239627838134766,
            "dev_nll": 2.289386510848999,
            "dev_kl": 0.0038591049066407455,
            "dev_objective": 2.3279775599154067
          },
          {
            "epoch": 100,
            "train_objective": 2.2239487171173096,
            "dev_nll": 2.2892518043518066,
            "dev_kl": 0.003876362228751983,
            "dev_objective": 2.3280154266393263
          },
          {
            "epoch": 101,
            "train_objective": 2.2239365577697754,
            "dev_nll": 2.2891249656677246,
            "dev_kl": 0.0038928511581588273,
            "dev_objective": 2.3280534772493127
          },
          {
            "epoch": 102,
            "train_objective": 2.223926067352295,
            "dev_nll": 2.289006233215332,
            "dev_kl": 0.0039085646677667965,
            "dev_objective": 2.328091879893
          },
          {
            "epoch": 103,
            "train_objective": 2.22391676902771,
            "dev_nll": 2.288893222808838,
            "dev_kl": 0.00392356403820084,
            "dev_objective": 2.3281288631908463
          },
          {
            "epoch": 104,
            "train_objective": 2.2239086627960205,
            "dev_nll": 2.2887837886810303,
            "dev_kl": 0.003937946129589144,
            "dev_objective": 2.328163249976922
          },
          {
            "epoch": 105,
            "train_objective": 2.2239019870758057,
            "dev_nll": 2.2886784076690674,
            "dev_kl": 0.003951703714156165,
            "dev_objective": 2.3281954448106292
          },
          {
            "epoch": 106,
            "train_objective": 2.223896026611328,
            "dev_nll": 2.2885775566101074,
            "dev_kl": 0.00396479710633325,
            "dev_objective": 2.32822552767344
          },
          {
            "epoch": 107,
            "train_objective": 2.223891496658325,
            "dev_nll": 2.2884817123413086,
            "dev_kl": 0.003977118899886471,
            "dev_objective": 2.328252901340173
          },
          {
            "epoch": 108,
            "train_objective": 2.2238874435424805,
            "dev_nll": 2.2883927822113037,
            "dev_kl": 0.003988697568133795,
            "dev_objective": 2.3282797578926417
          },
          {
            "epoch": 109,
            "train_objective": 2.223883867263794,
            "dev_nll": 2.2883098125457764,
            "dev_kl": 0.003999601661735494,
            "dev_objective": 2.3283058291631313
          },
          {
            "epoch": 110,
            "train_objective": 2.223881483078003,
            "dev_nll": 2.2882320880889893,
            "dev_kl": 0.004009935500636307,
            "dev_objective": 2.3283314430953523
          },
          {
            "epoch": 111,
            "train_objective": 2.223878860473633,
            "dev_nll": 2.2881593704223633,
            "dev_kl": 0.004019728433313715,
            "dev_objective": 2.3283566547555004
          },
          {
            "epoch": 112,
            "train_objective": 2.223876714706421,
            "dev_nll": 2.288090229034424,
            "dev_kl": 0.004028946995805559,
            "dev_objective": 2.3283796989924794
          },
          {
            "epoch": 113,
            "train_objective": 2.2238757610321045,
            "dev_nll": 2.2880258560180664,
            "dev_kl": 0.004037488464873181,
            "dev_objective": 2.3284007406667984
          }
        ]
      }
    ]
  },
  "evaluation": {
    "conditions": {
      "plain": {
        "count": 444,
        "top1_accuracy": 0.41216216216216217,
        "mean_expert_probability": 0.2290831718497872,
        "mean_nll": 2.349925525583745,
        "mean_reciprocal_rank": 0.520948696329047,
        "mean_entropy": 2.1880674877011024,
        "mean_kl_from_plain": 0.0,
        "ece": 0.09610184126004978,
        "mean_confidence": 0.3707238307373749,
        "skill_selected_rate": 0.0,
        "mean_rho": 0.0
      },
      "evolved_skill": {
        "count": 444,
        "top1_accuracy": 0.3918918918918919,
        "mean_expert_probability": 0.18401847164113042,
        "mean_nll": 2.254237740833115,
        "mean_reciprocal_rank": 0.515010150460076,
        "mean_entropy": 2.4518860495305277,
        "mean_kl_from_plain": 0.22429254525529876,
        "ece": 0.11653219772553122,
        "mean_confidence": 0.2753596941663607,
        "skill_selected_rate": 1.0,
        "mean_rho": 1.0
      },
      "mismatched_skill": {
        "count": 444,
        "top1_accuracy": 0.3310810810810811,
        "mean_expert_probability": 0.16205528420280782,
        "mean_nll": 2.4214618883728942,
        "mean_reciprocal_rank": 0.47079747274816125,
        "mean_entropy": 2.484923688678054,
        "mean_kl_from_plain": 0.21671312209638255,
        "ece": 0.0705824945424054,
        "mean_confidence": 0.27007031726004843,
        "skill_selected_rate": 1.0,
        "mean_rho": 1.0
      },
      "convex_skill_gate": {
        "count": 444,
        "top1_accuracy": 0.43018018018018017,
        "mean_expert_probability": 0.2405543537844006,
        "mean_nll": 2.230875992790724,
        "mean_reciprocal_rank": 0.5373983527172043,
        "mean_entropy": 2.1539891736061723,
        "mean_kl_from_plain": 0.0657762255509665,
        "ece": 0.1034541676609634,
        "mean_confidence": 0.36583369139682603,
        "skill_selected_rate": 0.35135135135135137,
        "mean_rho": 0.41126161904351133
      },
      "stage_calibration_head": {
        "count": 444,
        "top1_accuracy": 0.49774774774774777,
        "mean_expert_probability": 0.32611183475845634,
        "mean_nll": 1.839671948896833,
        "mean_reciprocal_rank": 0.6166368809722557,
        "mean_entropy": 1.9506710466031019,
        "mean_kl_from_plain": 0.29753385958463546,
        "ece": 0.07942119202165453,
        "mean_confidence": 0.43651514240280465,
        "skill_selected_rate": 0.0,
        "mean_rho": 0.0
      },
      "signed_logic_repair_head": {
        "count": 444,
        "top1_accuracy": 0.527027027027027,
        "mean_expert_probability": 0.36713737729508933,
        "mean_nll": 1.7100704459433516,
        "mean_reciprocal_rank": 0.6407760035996506,
        "mean_entropy": 1.8000994021291132,
        "mean_kl_from_plain": 0.4711867568758526,
        "ece": 0.07252098052754057,
        "mean_confidence": 0.47899657846973825,
        "skill_selected_rate": 0.47297297297297297,
        "mean_rho": 0.46992258996511854
      },
      "signed_logic_repair_trust_region": {
        "count": 444,
        "top1_accuracy": 0.4189189189189189,
        "mean_expert_probability": 0.26481073538836736,
        "mean_nll": 2.078623251744067,
        "mean_reciprocal_rank": 0.5521983437719908,
        "mean_entropy": 2.091508371537333,
        "mean_kl_from_plain": 0.04566421609598439,
        "ece": 0.06588845799031022,
        "mean_confidence": 0.3901258878711913,
        "skill_selected_rate": 0.5405405405405406,
        "mean_rho": 0.592685629296964
      },
      "constrained_logic_repair_head": {
        "count": 444,
        "top1_accuracy": 0.4617117117117117,
        "mean_expert_probability": 0.260120065568166,
        "mean_nll": 2.02740356545776,
        "mean_reciprocal_rank": 0.5845705136441608,
        "mean_entropy": 2.148452302558465,
        "mean_kl_from_plain": 0.0336846134750312,
        "ece": 0.09841165419768645,
        "mean_confidence": 0.3766289668510089,
        "skill_selected_rate": 0.0045045045045045045,
        "mean_rho": 0.13860319662621026
      },
      "constrained_stage_calibration_head": {
        "count": 444,
        "top1_accuracy": 0.4391891891891892,
        "mean_expert_probability": 0.2552563458456142,
        "mean_nll": 2.0815948012049525,
        "mean_reciprocal_rank": 0.5674780963515148,
        "mean_entropy": 2.166191220417753,
        "mean_kl_from_plain": 0.025845342272405432,
        "ece": 0.08615480391895985,
        "mean_confidence": 0.37217646067005555,
        "skill_selected_rate": 0.0,
        "mean_rho": 0.0
      }
    },
    "alpha_statistics": {
      "convex_skill_gate": {
        "mean": 0.41126161904351133,
        "min": 0.10456857085227966,
        "max": 0.971071183681488,
        "negative_rate": 0.0
      },
      "stage_calibration_head": {
        "mean": 0.0,
        "min": 0.0,
        "max": 0.0,
        "negative_rate": 0.0
      },
      "signed_logic_repair_head": {
        "mean": 0.46992258996511854,
        "min": -0.42468276619911194,
        "max": 1.6533513069152832,
        "negative_rate": 0.13288288288288289
      },
      "signed_logic_repair_trust_region": {
        "mean": 0.592685629296964,
        "min": 0.06847524177283049,
        "max": 1.0,
        "negative_rate": 0.0
      },
      "constrained_logic_repair_head": {
        "mean": 0.13860319662621026,
        "min": 0.01931881345808506,
        "max": 0.5489403605461121,
        "negative_rate": 0.0
      },
      "constrained_stage_calibration_head": {
        "mean": 0.0,
        "min": 0.0,
        "max": 0.0,
        "negative_rate": 0.0
      }
    },
    "by_action_verb": {
      "clean": {
        "plain": {
          "count": 6,
          "accuracy": 1.0
        },
        "evolved_skill": {
          "count": 6,
          "accuracy": 1.0
        },
        "mismatched_skill": {
          "count": 6,
          "accuracy": 1.0
        },
        "convex_skill_gate": {
          "count": 6,
          "accuracy": 1.0
        },
        "stage_calibration_head": {
          "count": 6,
          "accuracy": 1.0
        },
        "signed_logic_repair_head": {
          "count": 6,
          "accuracy": 1.0
        },
        "signed_logic_repair_trust_region": {
          "count": 6,
          "accuracy": 1.0
        },
        "constrained_logic_repair_head": {
          "count": 6,
          "accuracy": 1.0
        },
        "constrained_stage_calibration_head": {
          "count": 6,
          "accuracy": 1.0
        }
      },
      "close": {
        "plain": {
          "count": 56,
          "accuracy": 0.0
        },
        "evolved_skill": {
          "count": 56,
          "accuracy": 0.017857142857142856
        },
        "mismatched_skill": {
          "count": 56,
          "accuracy": 0.0
        },
        "convex_skill_gate": {
          "count": 56,
          "accuracy": 0.0
        },
        "stage_calibration_head": {
          "count": 56,
          "accuracy": 0.8214285714285714
        },
        "signed_logic_repair_head": {
          "count": 56,
          "accuracy": 0.8928571428571429
        },
        "signed_logic_repair_trust_region": {
          "count": 56,
          "accuracy": 0.03571428571428571
        },
        "constrained_logic_repair_head": {
          "count": 56,
          "accuracy": 0.3392857142857143
        },
        "constrained_stage_calibration_head": {
          "count": 56,
          "accuracy": 0.23214285714285715
        }
      },
      "cool": {
        "plain": {
          "count": 7,
          "accuracy": 1.0
        },
        "evolved_skill": {
          "count": 7,
          "accuracy": 0.8571428571428571
        },
        "mismatched_skill": {
          "count": 7,
          "accuracy": 1.0
        },
        "convex_skill_gate": {
          "count": 7,
          "accuracy": 1.0
        },
        "stage_calibration_head": {
          "count": 7,
          "accuracy": 0.5714285714285714
        },
        "signed_logic_repair_head": {
          "count": 7,
          "accuracy": 0.5714285714285714
        },
        "signed_logic_repair_trust_region": {
          "count": 7,
          "accuracy": 1.0
        },
        "constrained_logic_repair_head": {
          "count": 7,
          "accuracy": 1.0
        },
        "constrained_stage_calibration_head": {
          "count": 7,
          "accuracy": 1.0
        }
      },
      "examine": {
        "plain": {
          "count": 1,
          "accuracy": 0.0
        },
        "evolved_skill": {
          "count": 1,
          "accuracy": 1.0
        },
        "mismatched_skill": {
          "count": 1,
          "accuracy": 0.0
        },
        "convex_skill_gate": {
          "count": 1,
          "accuracy": 0.0
        },
        "stage_calibration_head": {
          "count": 1,
          "accuracy": 0.0
        },
        "signed_logic_repair_head": {
          "count": 1,
          "accuracy": 0.0
        },
        "signed_logic_repair_trust_region": {
          "count": 1,
          "accuracy": 0.0
        },
        "constrained_logic_repair_head": {
          "count": 1,
          "accuracy": 0.0
        },
        "constrained_stage_calibration_head": {
          "count": 1,
          "accuracy": 0.0
        }
      },
      "go": {
        "plain": {
          "count": 238,
          "accuracy": 0.22268907563025211
        },
        "evolved_skill": {
          "count": 238,
          "accuracy": 0.18487394957983194
        },
        "mismatched_skill": {
          "count": 238,
          "accuracy": 0.11764705882352941
        },
        "convex_skill_gate": {
          "count": 238,
          "accuracy": 0.23109243697478993
        },
        "stage_calibration_head": {
          "count": 238,
          "accuracy": 0.19327731092436976
        },
        "signed_logic_repair_head": {
          "count": 238,
          "accuracy": 0.23109243697478993
        },
        "signed_logic_repair_trust_region": {
          "count": 238,
          "accuracy": 0.23529411764705882
        },
        "constrained_logic_repair_head": {
          "count": 238,
          "accuracy": 0.226890756302521
        },
        "constrained_stage_calibration_head": {
          "count": 238,
          "accuracy": 0.21428571428571427
        }
      },
      "heat": {
        "plain": {
          "count": 6,
          "accuracy": 0.3333333333333333
        },
        "evolved_skill": {
          "count": 6,
          "accuracy": 0.3333333333333333
        },
        "mismatched_skill": {
          "count": 6,
          "accuracy": 0.16666666666666666
        },
        "convex_skill_gate": {
          "count": 6,
          "accuracy": 0.3333333333333333
        },
        "stage_calibration_head": {
          "count": 6,
          "accuracy": 1.0
        },
        "signed_logic_repair_head": {
          "count": 6,
          "accuracy": 0.6666666666666666
        },
        "signed_logic_repair_trust_region": {
          "count": 6,
          "accuracy": 0.5
        },
        "constrained_logic_repair_head": {
          "count": 6,
          "accuracy": 0.5
        },
        "constrained_stage_calibration_head": {
          "count": 6,
          "accuracy": 0.5
        }
      },
      "move": {
        "plain": {
          "count": 31,
          "accuracy": 0.967741935483871
        },
        "evolved_skill": {
          "count": 31,
          "accuracy": 1.0
        },
        "mismatched_skill": {
          "count": 31,
          "accuracy": 0.967741935483871
        },
        "convex_skill_gate": {
          "count": 31,
          "accuracy": 1.0
        },
        "stage_calibration_head": {
          "count": 31,
          "accuracy": 0.8064516129032258
        },
        "signed_logic_repair_head": {
          "count": 31,
          "accuracy": 0.8387096774193549
        },
        "signed_logic_repair_trust_region": {
          "count": 31,
          "accuracy": 0.9354838709677419
        },
        "constrained_logic_repair_head": {
          "count": 31,
          "accuracy": 0.9354838709677419
        },
        "constrained_stage_calibration_head": {
          "count": 31,
          "accuracy": 0.9354838709677419
        }
      },
      "open": {
        "plain": {
          "count": 62,
          "accuracy": 0.8870967741935484
        },
        "evolved_skill": {
          "count": 62,
          "accuracy": 0.8225806451612904
        },
        "mismatched_skill": {
          "count": 62,
          "accuracy": 0.7258064516129032
        },
        "convex_skill_gate": {
          "count": 62,
          "accuracy": 0.9354838709677419
        },
        "stage_calibration_head": {
          "count": 62,
          "accuracy": 0.9838709677419355
        },
        "signed_logic_repair_head": {
          "count": 62,
          "accuracy": 0.9838709677419355
        },
        "signed_logic_repair_trust_region": {
          "count": 62,
          "accuracy": 0.9032258064516129
        },
        "constrained_logic_repair_head": {
          "count": 62,
          "accuracy": 0.9193548387096774
        },
        "constrained_stage_calibration_head": {
          "count": 62,
          "accuracy": 0.9193548387096774
        }
      },
      "take": {
        "plain": {
          "count": 34,
          "accuracy": 0.8823529411764706
        },
        "evolved_skill": {
          "count": 34,
          "accuracy": 0.8823529411764706
        },
        "mismatched_skill": {
          "count": 34,
          "accuracy": 0.8823529411764706
        },
        "convex_skill_gate": {
          "count": 34,
          "accuracy": 0.8823529411764706
        },
        "stage_calibration_head": {
          "count": 34,
          "accuracy": 0.7058823529411765
        },
        "signed_logic_repair_head": {
          "count": 34,
          "accuracy": 0.7352941176470589
        },
        "signed_logic_repair_trust_region": {
          "count": 34,
          "accuracy": 0.7941176470588235
        },
        "constrained_logic_repair_head": {
          "count": 34,
          "accuracy": 0.8823529411764706
        },
        "constrained_stage_calibration_head": {
          "count": 34,
          "accuracy": 0.8529411764705882
        }
      },
      "use": {
        "plain": {
          "count": 3,
          "accuracy": 0.0
        },
        "evolved_skill": {
          "count": 3,
          "accuracy": 0.6666666666666666
        },
        "mismatched_skill": {
          "count": 3,
          "accuracy": 0.0
        },
        "convex_skill_gate": {
          "count": 3,
          "accuracy": 0.6666666666666666
        },
        "stage_calibration_head": {
          "count": 3,
          "accuracy": 1.0
        },
        "signed_logic_repair_head": {
          "count": 3,
          "accuracy": 1.0
        },
        "signed_logic_repair_trust_region": {
          "count": 3,
          "accuracy": 0.0
        },
        "constrained_logic_repair_head": {
          "count": 3,
          "accuracy": 0.0
        },
        "constrained_stage_calibration_head": {
          "count": 3,
          "accuracy": 0.0
        }
      }
    },
    "by_task_type": {
      "look_at_obj_in_light": {
        "plain": {
          "count": 52,
          "accuracy": 0.07692307692307693
        },
        "evolved_skill": {
          "count": 52,
          "accuracy": 0.23076923076923078
        },
        "mismatched_skill": {
          "count": 52,
          "accuracy": 0.038461538461538464
        },
        "convex_skill_gate": {
          "count": 52,
          "accuracy": 0.19230769230769232
        },
        "stage_calibration_head": {
          "count": 52,
          "accuracy": 0.34615384615384615
        },
        "signed_logic_repair_head": {
          "count": 52,
          "accuracy": 0.46153846153846156
        },
        "signed_logic_repair_trust_region": {
          "count": 52,
          "accuracy": 0.09615384615384616
        },
        "constrained_logic_repair_head": {
          "count": 52,
          "accuracy": 0.11538461538461539
        },
        "constrained_stage_calibration_head": {
          "count": 52,
          "accuracy": 0.09615384615384616
        }
      },
      "pick_and_place_simple": {
        "plain": {
          "count": 85,
          "accuracy": 0.5294117647058824
        },
        "evolved_skill": {
          "count": 85,
          "accuracy": 0.5529411764705883
        },
        "mismatched_skill": {
          "count": 85,
          "accuracy": 0.49411764705882355
        },
        "convex_skill_gate": {
          "count": 85,
          "accuracy": 0.5411764705882353
        },
        "stage_calibration_head": {
          "count": 85,
          "accuracy": 0.611764705882353
        },
        "signed_logic_repair_head": {
          "count": 85,
          "accuracy": 0.6235294117647059
        },
        "signed_logic_repair_trust_region": {
          "count": 85,
          "accuracy": 0.5411764705882353
        },
        "constrained_logic_repair_head": {
          "count": 85,
          "accuracy": 0.5764705882352941
        },
        "constrained_stage_calibration_head": {
          "count": 85,
          "accuracy": 0.5411764705882353
        }
      },
      "pick_clean_then_place_in_recep": {
        "plain": {
          "count": 80,
          "accuracy": 0.5
        },
        "evolved_skill": {
          "count": 80,
          "accuracy": 0.4
        },
        "mismatched_skill": {
          "count": 80,
          "accuracy": 0.4125
        },
        "convex_skill_gate": {
          "count": 80,
          "accuracy": 0.5125
        },
        "stage_calibration_head": {
          "count": 80,
          "accuracy": 0.575
        },
        "signed_logic_repair_head": {
          "count": 80,
          "accuracy": 0.575
        },
        "signed_logic_repair_trust_region": {
          "count": 80,
          "accuracy": 0.4625
        },
        "constrained_logic_repair_head": {
          "count": 80,
          "accuracy": 0.5625
        },
        "constrained_stage_calibration_head": {
          "count": 80,
          "accuracy": 0.5625
        }
      },
      "pick_cool_then_place_in_recep": {
        "plain": {
          "count": 92,
          "accuracy": 0.4673913043478261
        },
        "evolved_skill": {
          "count": 92,
          "accuracy": 0.43478260869565216
        },
        "mismatched_skill": {
          "count": 92,
          "accuracy": 0.33695652173913043
        },
        "convex_skill_gate": {
          "count": 92,
          "accuracy": 0.45652173913043476
        },
        "stage_calibration_head": {
          "count": 92,
          "accuracy": 0.4673913043478261
        },
        "signed_logic_repair_head": {
          "count": 92,
          "accuracy": 0.5
        },
        "signed_logic_repair_trust_region": {
          "count": 92,
          "accuracy": 0.4782608695652174
        },
        "constrained_logic_repair_head": {
          "count": 92,
          "accuracy": 0.5217391304347826
        },
        "constrained_stage_calibration_head": {
          "count": 92,
          "accuracy": 0.4891304347826087
        }
      },
      "pick_heat_then_place_in_recep": {
        "plain": {
          "count": 111,
          "accuracy": 0.35135135135135137
        },
        "evolved_skill": {
          "count": 111,
          "accuracy": 0.3153153153153153
        },
        "mismatched_skill": {
          "count": 111,
          "accuracy": 0.27927927927927926
        },
        "convex_skill_gate": {
          "count": 111,
          "accuracy": 0.35135135135135137
        },
        "stage_calibration_head": {
          "count": 111,
          "accuracy": 0.45045045045045046
        },
        "signed_logic_repair_head": {
          "count": 111,
          "accuracy": 0.4774774774774775
        },
        "signed_logic_repair_trust_region": {
          "count": 111,
          "accuracy": 0.3783783783783784
        },
        "constrained_logic_repair_head": {
          "count": 111,
          "accuracy": 0.40540540540540543
        },
        "constrained_stage_calibration_head": {
          "count": 111,
          "accuracy": 0.3783783783783784
        }
      },
      "pick_two_obj_and_place": {
        "plain": {
          "count": 24,
          "accuracy": 0.5
        },
        "evolved_skill": {
          "count": 24,
          "accuracy": 0.3333333333333333
        },
        "mismatched_skill": {
          "count": 24,
          "accuracy": 0.3333333333333333
        },
        "convex_skill_gate": {
          "count": 24,
          "accuracy": 0.5416666666666666
        },
        "stage_calibration_head": {
          "count": 24,
          "accuracy": 0.5
        },
        "signed_logic_repair_head": {
          "count": 24,
          "accuracy": 0.5
        },
        "signed_logic_repair_trust_region": {
          "count": 24,
          "accuracy": 0.5
        },
        "constrained_logic_repair_head": {
          "count": 24,
          "accuracy": 0.5
        },
        "constrained_stage_calibration_head": {
          "count": 24,
          "accuracy": 0.5
        }
      }
    }
  },
  "additional_evaluations": {
    "valid_unseen": {
      "conditions": {
        "plain": {
          "count": 527,
          "top1_accuracy": 0.31688804554079697,
          "mean_expert_probability": 0.17699650128502786,
          "mean_nll": 2.5786684621881166,
          "mean_reciprocal_rank": 0.45558479737918295,
          "mean_entropy": 2.271644636621059,
          "mean_kl_from_plain": 0.0,
          "ece": 0.0719584231697857,
          "mean_confidence": 0.34546721665863744,
          "skill_selected_rate": 0.0,
          "mean_rho": 0.0
        },
        "evolved_skill": {
          "count": 527,
          "top1_accuracy": 0.3036053130929791,
          "mean_expert_probability": 0.15494058478757938,
          "mean_nll": 2.4313875036784753,
          "mean_reciprocal_rank": 0.4547576928587782,
          "mean_entropy": 2.517219552392073,
          "mean_kl_from_plain": 0.20540533799844204,
          "ece": 0.07156362572589454,
          "mean_confidence": 0.26232595374167983,
          "skill_selected_rate": 1.0,
          "mean_rho": 1.0
        },
        "mismatched_skill": {
          "count": 527,
          "top1_accuracy": 0.2637571157495256,
          "mean_expert_probability": 0.14001516802492683,
          "mean_nll": 2.575151098384055,
          "mean_reciprocal_rank": 0.4142610508692241,
          "mean_entropy": 2.4905667822998887,
          "mean_kl_from_plain": 0.1773070187035743,
          "ece": 0.10417048033659101,
          "mean_confidence": 0.27316134673255216,
          "skill_selected_rate": 1.0,
          "mean_rho": 1.0
        },
        "convex_skill_gate": {
          "count": 527,
          "top1_accuracy": 0.32827324478178366,
          "mean_expert_probability": 0.1950454599879226,
          "mean_nll": 2.460390024678925,
          "mean_reciprocal_rank": 0.47030772494431206,
          "mean_entropy": 2.2137227975100675,
          "mean_kl_from_plain": 0.051699913904535634,
          "ece": 0.07236221000071494,
          "mean_confidence": 0.3520534991143551,
          "skill_selected_rate": 0.2675521821631879,
          "mean_rho": 0.3751068010191085
        },
        "stage_calibration_head": {
          "count": 527,
          "top1_accuracy": 0.4174573055028463,
          "mean_expert_probability": 0.25680163780212284,
          "mean_nll": 2.165166164598691,
          "mean_reciprocal_rank": 0.549917143993285,
          "mean_entropy": 2.08125052681684,
          "mean_kl_from_plain": 0.25209604222651644,
          "ece": 0.044454797169289066,
          "mean_confidence": 0.4096506287182983,
          "skill_selected_rate": 0.0,
          "mean_rho": 0.0
        },
        "signed_logic_repair_head": {
          "count": 527,
          "top1_accuracy": 0.4079696394686907,
          "mean_expert_probability": 0.2862935949290243,
          "mean_nll": 2.100024849556041,
          "mean_reciprocal_rank": 0.5516036521191714,
          "mean_entropy": 1.892964544626522,
          "mean_kl_from_plain": 0.38968768703841394,
          "ece": 0.059816433042570595,
          "mean_confidence": 0.46334405728320693,
          "skill_selected_rate": 0.40227703984819735,
          "mean_rho": 0.39473621841640244
        },
        "signed_logic_repair_trust_region": {
          "count": 527,
          "top1_accuracy": 0.3225806451612903,
          "mean_expert_probability": 0.20999985207928137,
          "mean_nll": 2.3458578161727903,
          "mean_reciprocal_rank": 0.48581866875715596,
          "mean_entropy": 2.147096006874794,
          "mean_kl_from_plain": 0.04682124260480761,
          "ece": 0.05496292499086662,
          "mean_confidence": 0.37721994837332495,
          "skill_selected_rate": 0.6299810246679317,
          "mean_rho": 0.6219801912119566
        },
        "constrained_logic_repair_head": {
          "count": 527,
          "top1_accuracy": 0.34724857685009486,
          "mean_expert_probability": 0.2027470012973204,
          "mean_nll": 2.321120861991155,
          "mean_reciprocal_rank": 0.5061017247509203,
          "mean_entropy": 2.238176217228457,
          "mean_kl_from_plain": 0.027209018132882633,
          "ece": 0.03999754872731512,
          "mean_confidence": 0.35169071432704946,
          "skill_selected_rate": 0.0056925996204933585,
          "mean_rho": 0.12867459915737414
        },
        "constrained_stage_calibration_head": {
          "count": 527,
          "top1_accuracy": 0.349146110056926,
          "mean_expert_probability": 0.19739201733083914,
          "mean_nll": 2.3677729561782326,
          "mean_reciprocal_rank": 0.501317332099872,
          "mean_entropy": 2.258673485587625,
          "mean_kl_from_plain": 0.02152970241060146,
          "ece": 0.046764939203434254,
          "mean_confidence": 0.34708858178168595,
          "skill_selected_rate": 0.0,
          "mean_rho": 0.0
        }
      },
      "alpha_statistics": {
        "convex_skill_gate": {
          "mean": 0.3751068010191085,
          "min": 0.11801701784133911,
          "max": 0.9648563861846924,
          "negative_rate": 0.0
        },
        "stage_calibration_head": {
          "mean": 0.0,
          "min": 0.0,
          "max": 0.0,
          "negative_rate": 0.0
        },
        "signed_logic_repair_head": {
          "mean": 0.39473621841640244,
          "min": -0.6585673689842224,
          "max": 1.4391225576400757,
          "negative_rate": 0.2049335863377609
        },
        "signed_logic_repair_trust_region": {
          "mean": 0.6219801912119566,
          "min": 0.07381785940378904,
          "max": 1.0,
          "negative_rate": 0.0
        },
        "constrained_logic_repair_head": {
          "mean": 0.12867459915737414,
          "min": -0.023978276178240776,
          "max": 0.5702957510948181,
          "negative_rate": 0.0018975332068311196
        },
        "constrained_stage_calibration_head": {
          "mean": 0.0,
          "min": 0.0,
          "max": 0.0,
          "negative_rate": 0.0
        }
      },
      "by_action_verb": {
        "clean": {
          "plain": {
            "count": 11,
            "accuracy": 1.0
          },
          "evolved_skill": {
            "count": 11,
            "accuracy": 1.0
          },
          "mismatched_skill": {
            "count": 11,
            "accuracy": 1.0
          },
          "convex_skill_gate": {
            "count": 11,
            "accuracy": 1.0
          },
          "stage_calibration_head": {
            "count": 11,
            "accuracy": 1.0
          },
          "signed_logic_repair_head": {
            "count": 11,
            "accuracy": 1.0
          },
          "signed_logic_repair_trust_region": {
            "count": 11,
            "accuracy": 1.0
          },
          "constrained_logic_repair_head": {
            "count": 11,
            "accuracy": 1.0
          },
          "constrained_stage_calibration_head": {
            "count": 11,
            "accuracy": 1.0
          }
        },
        "close": {
          "plain": {
            "count": 48,
            "accuracy": 0.0
          },
          "evolved_skill": {
            "count": 48,
            "accuracy": 0.0
          },
          "mismatched_skill": {
            "count": 48,
            "accuracy": 0.0
          },
          "convex_skill_gate": {
            "count": 48,
            "accuracy": 0.0
          },
          "stage_calibration_head": {
            "count": 48,
            "accuracy": 0.875
          },
          "signed_logic_repair_head": {
            "count": 48,
            "accuracy": 0.9166666666666666
          },
          "signed_logic_repair_trust_region": {
            "count": 48,
            "accuracy": 0.0
          },
          "constrained_logic_repair_head": {
            "count": 48,
            "accuracy": 0.2916666666666667
          },
          "constrained_stage_calibration_head": {
            "count": 48,
            "accuracy": 0.25
          }
        },
        "cool": {
          "plain": {
            "count": 7,
            "accuracy": 1.0
          },
          "evolved_skill": {
            "count": 7,
            "accuracy": 1.0
          },
          "mismatched_skill": {
            "count": 7,
            "accuracy": 1.0
          },
          "convex_skill_gate": {
            "count": 7,
            "accuracy": 1.0
          },
          "stage_calibration_head": {
            "count": 7,
            "accuracy": 0.7142857142857143
          },
          "signed_logic_repair_head": {
            "count": 7,
            "accuracy": 0.7142857142857143
          },
          "signed_logic_repair_trust_region": {
            "count": 7,
            "accuracy": 0.8571428571428571
          },
          "constrained_logic_repair_head": {
            "count": 7,
            "accuracy": 1.0
          },
          "constrained_stage_calibration_head": {
            "count": 7,
            "accuracy": 0.8571428571428571
          }
        },
        "examine": {
          "plain": {
            "count": 2,
            "accuracy": 0.0
          },
          "evolved_skill": {
            "count": 2,
            "accuracy": 0.0
          },
          "mismatched_skill": {
            "count": 2,
            "accuracy": 0.0
          },
          "convex_skill_gate": {
            "count": 2,
            "accuracy": 0.0
          },
          "stage_calibration_head": {
            "count": 2,
            "accuracy": 0.0
          },
          "signed_logic_repair_head": {
            "count": 2,
            "accuracy": 0.0
          },
          "signed_logic_repair_trust_region": {
            "count": 2,
            "accuracy": 0.0
          },
          "constrained_logic_repair_head": {
            "count": 2,
            "accuracy": 0.0
          },
          "constrained_stage_calibration_head": {
            "count": 2,
            "accuracy": 0.0
          }
        },
        "go": {
          "plain": {
            "count": 330,
            "accuracy": 0.14242424242424243
          },
          "evolved_skill": {
            "count": 330,
            "accuracy": 0.14545454545454545
          },
          "mismatched_skill": {
            "count": 330,
            "accuracy": 0.09393939393939393
          },
          "convex_skill_gate": {
            "count": 330,
            "accuracy": 0.14242424242424243
          },
          "stage_calibration_head": {
            "count": 330,
            "accuracy": 0.13333333333333333
          },
          "signed_logic_repair_head": {
            "count": 330,
            "accuracy": 0.14242424242424243
          },
          "signed_logic_repair_trust_region": {
            "count": 330,
            "accuracy": 0.14545454545454545
          },
          "constrained_logic_repair_head": {
            "count": 330,
            "accuracy": 0.1393939393939394
          },
          "constrained_stage_calibration_head": {
            "count": 330,
            "accuracy": 0.14242424242424243
          }
        },
        "heat": {
          "plain": {
            "count": 4,
            "accuracy": 0.0
          },
          "evolved_skill": {
            "count": 4,
            "accuracy": 0.0
          },
          "mismatched_skill": {
            "count": 4,
            "accuracy": 0.5
          },
          "convex_skill_gate": {
            "count": 4,
            "accuracy": 0.0
          },
          "stage_calibration_head": {
            "count": 4,
            "accuracy": 1.0
          },
          "signed_logic_repair_head": {
            "count": 4,
            "accuracy": 0.5
          },
          "signed_logic_repair_trust_region": {
            "count": 4,
            "accuracy": 0.0
          },
          "constrained_logic_repair_head": {
            "count": 4,
            "accuracy": 0.0
          },
          "constrained_stage_calibration_head": {
            "count": 4,
            "accuracy": 0.25
          }
        },
        "move": {
          "plain": {
            "count": 29,
            "accuracy": 0.9655172413793104
          },
          "evolved_skill": {
            "count": 29,
            "accuracy": 0.9655172413793104
          },
          "mismatched_skill": {
            "count": 29,
            "accuracy": 0.9655172413793104
          },
          "convex_skill_gate": {
            "count": 29,
            "accuracy": 0.9655172413793104
          },
          "stage_calibration_head": {
            "count": 29,
            "accuracy": 0.896551724137931
          },
          "signed_logic_repair_head": {
            "count": 29,
            "accuracy": 0.7931034482758621
          },
          "signed_logic_repair_trust_region": {
            "count": 29,
            "accuracy": 0.9655172413793104
          },
          "constrained_logic_repair_head": {
            "count": 29,
            "accuracy": 0.9655172413793104
          },
          "constrained_stage_calibration_head": {
            "count": 29,
            "accuracy": 0.9655172413793104
          }
        },
        "open": {
          "plain": {
            "count": 55,
            "accuracy": 0.8
          },
          "evolved_skill": {
            "count": 55,
            "accuracy": 0.6
          },
          "mismatched_skill": {
            "count": 55,
            "accuracy": 0.5818181818181818
          },
          "convex_skill_gate": {
            "count": 55,
            "accuracy": 0.8545454545454545
          },
          "stage_calibration_head": {
            "count": 55,
            "accuracy": 1.0
          },
          "signed_logic_repair_head": {
            "count": 55,
            "accuracy": 1.0
          },
          "signed_logic_repair_trust_region": {
            "count": 55,
            "accuracy": 0.9454545454545454
          },
          "constrained_logic_repair_head": {
            "count": 55,
            "accuracy": 0.9272727272727272
          },
          "constrained_stage_calibration_head": {
            "count": 55,
            "accuracy": 0.9454545454545454
          }
        },
        "take": {
          "plain": {
            "count": 35,
            "accuracy": 0.8571428571428571
          },
          "evolved_skill": {
            "count": 35,
            "accuracy": 0.8571428571428571
          },
          "mismatched_skill": {
            "count": 35,
            "accuracy": 0.8
          },
          "convex_skill_gate": {
            "count": 35,
            "accuracy": 0.8857142857142857
          },
          "stage_calibration_head": {
            "count": 35,
            "accuracy": 0.7714285714285715
          },
          "signed_logic_repair_head": {
            "count": 35,
            "accuracy": 0.6285714285714286
          },
          "signed_logic_repair_trust_region": {
            "count": 35,
            "accuracy": 0.7142857142857143
          },
          "constrained_logic_repair_head": {
            "count": 35,
            "accuracy": 0.7428571428571429
          },
          "constrained_stage_calibration_head": {
            "count": 35,
            "accuracy": 0.7714285714285715
          }
        },
        "use": {
          "plain": {
            "count": 6,
            "accuracy": 0.0
          },
          "evolved_skill": {
            "count": 6,
            "accuracy": 0.5
          },
          "mismatched_skill": {
            "count": 6,
            "accuracy": 0.0
          },
          "convex_skill_gate": {
            "count": 6,
            "accuracy": 0.3333333333333333
          },
          "stage_calibration_head": {
            "count": 6,
            "accuracy": 1.0
          },
          "signed_logic_repair_head": {
            "count": 6,
            "accuracy": 1.0
          },
          "signed_logic_repair_trust_region": {
            "count": 6,
            "accuracy": 0.0
          },
          "constrained_logic_repair_head": {
            "count": 6,
            "accuracy": 0.0
          },
          "constrained_stage_calibration_head": {
            "count": 6,
            "accuracy": 0.0
          }
        }
      },
      "by_task_type": {
        "look_at_obj_in_light": {
          "plain": {
            "count": 93,
            "accuracy": 0.07526881720430108
          },
          "evolved_skill": {
            "count": 93,
            "accuracy": 0.17204301075268819
          },
          "mismatched_skill": {
            "count": 93,
            "accuracy": 0.053763440860215055
          },
          "convex_skill_gate": {
            "count": 93,
            "accuracy": 0.16129032258064516
          },
          "stage_calibration_head": {
            "count": 93,
            "accuracy": 0.27956989247311825
          },
          "signed_logic_repair_head": {
            "count": 93,
            "accuracy": 0.3333333333333333
          },
          "signed_logic_repair_trust_region": {
            "count": 93,
            "accuracy": 0.12903225806451613
          },
          "constrained_logic_repair_head": {
            "count": 93,
            "accuracy": 0.12903225806451613
          },
          "constrained_stage_calibration_head": {
            "count": 93,
            "accuracy": 0.12903225806451613
          }
        },
        "pick_and_place_simple": {
          "plain": {
            "count": 42,
            "accuracy": 0.40476190476190477
          },
          "evolved_skill": {
            "count": 42,
            "accuracy": 0.4523809523809524
          },
          "mismatched_skill": {
            "count": 42,
            "accuracy": 0.42857142857142855
          },
          "convex_skill_gate": {
            "count": 42,
            "accuracy": 0.42857142857142855
          },
          "stage_calibration_head": {
            "count": 42,
            "accuracy": 0.42857142857142855
          },
          "signed_logic_repair_head": {
            "count": 42,
            "accuracy": 0.40476190476190477
          },
          "signed_logic_repair_trust_region": {
            "count": 42,
            "accuracy": 0.42857142857142855
          },
          "constrained_logic_repair_head": {
            "count": 42,
            "accuracy": 0.40476190476190477
          },
          "constrained_stage_calibration_head": {
            "count": 42,
            "accuracy": 0.40476190476190477
          }
        },
        "pick_clean_then_place_in_recep": {
          "plain": {
            "count": 184,
            "accuracy": 0.3532608695652174
          },
          "evolved_skill": {
            "count": 184,
            "accuracy": 0.33152173913043476
          },
          "mismatched_skill": {
            "count": 184,
            "accuracy": 0.32065217391304346
          },
          "convex_skill_gate": {
            "count": 184,
            "accuracy": 0.34782608695652173
          },
          "stage_calibration_head": {
            "count": 184,
            "accuracy": 0.44565217391304346
          },
          "signed_logic_repair_head": {
            "count": 184,
            "accuracy": 0.44565217391304346
          },
          "signed_logic_repair_trust_region": {
            "count": 184,
            "accuracy": 0.375
          },
          "constrained_logic_repair_head": {
            "count": 184,
            "accuracy": 0.375
          },
          "constrained_stage_calibration_head": {
            "count": 184,
            "accuracy": 0.391304347826087
          }
        },
        "pick_cool_then_place_in_recep": {
          "plain": {
            "count": 119,
            "accuracy": 0.4369747899159664
          },
          "evolved_skill": {
            "count": 119,
            "accuracy": 0.35294117647058826
          },
          "mismatched_skill": {
            "count": 119,
            "accuracy": 0.2689075630252101
          },
          "convex_skill_gate": {
            "count": 119,
            "accuracy": 0.42016806722689076
          },
          "stage_calibration_head": {
            "count": 119,
            "accuracy": 0.5294117647058824
          },
          "signed_logic_repair_head": {
            "count": 119,
            "accuracy": 0.4789915966386555
          },
          "signed_logic_repair_trust_region": {
            "count": 119,
            "accuracy": 0.3949579831932773
          },
          "constrained_logic_repair_head": {
            "count": 119,
            "accuracy": 0.4789915966386555
          },
          "constrained_stage_calibration_head": {
            "count": 119,
            "accuracy": 0.44537815126050423
          }
        },
        "pick_heat_then_place_in_recep": {
          "plain": {
            "count": 68,
            "accuracy": 0.3088235294117647
          },
          "evolved_skill": {
            "count": 68,
            "accuracy": 0.23529411764705882
          },
          "mismatched_skill": {
            "count": 68,
            "accuracy": 0.2647058823529412
          },
          "convex_skill_gate": {
            "count": 68,
            "accuracy": 0.3088235294117647
          },
          "stage_calibration_head": {
            "count": 68,
            "accuracy": 0.35294117647058826
          },
          "signed_logic_repair_head": {
            "count": 68,
            "accuracy": 0.3382352941176471
          },
          "signed_logic_repair_trust_region": {
            "count": 68,
            "accuracy": 0.2647058823529412
          },
          "constrained_logic_repair_head": {
            "count": 68,
            "accuracy": 0.29411764705882354
          },
          "constrained_stage_calibration_head": {
            "count": 68,
            "accuracy": 0.3235294117647059
          }
        },
        "pick_two_obj_and_place": {
          "plain": {
            "count": 21,
            "accuracy": 0.23809523809523808
          },
          "evolved_skill": {
            "count": 21,
            "accuracy": 0.2857142857142857
          },
          "mismatched_skill": {
            "count": 21,
            "accuracy": 0.3333333333333333
          },
          "convex_skill_gate": {
            "count": 21,
            "accuracy": 0.23809523809523808
          },
          "stage_calibration_head": {
            "count": 21,
            "accuracy": 0.3333333333333333
          },
          "signed_logic_repair_head": {
            "count": 21,
            "accuracy": 0.23809523809523808
          },
          "signed_logic_repair_trust_region": {
            "count": 21,
            "accuracy": 0.2857142857142857
          },
          "constrained_logic_repair_head": {
            "count": 21,
            "accuracy": 0.38095238095238093
          },
          "constrained_stage_calibration_head": {
            "count": 21,
            "accuracy": 0.38095238095238093
          }
        }
      }
    }
  }
}
