{
  "seed": 910,
  "parameter_counts": {
    "convex_skill_gate": 110,
    "stage_calibration_head": 16,
    "signed_logic_repair_head": 175,
    "constrained_logic_repair_head": 175,
    "constrained_stage_calibration_head": 16
  },
  "data": {
    "train_decisions": 498,
    "dev_decisions": 100,
    "eval_decisions": 444,
    "train_episodes": 36,
    "dev_episodes": 9,
    "eval_episodes": 32,
    "train_gold_verbs": {
      "go": 301,
      "open": 52,
      "close": 40,
      "take": 43,
      "cool": 4,
      "move": 38,
      "heat": 8,
      "use": 5,
      "clean": 6,
      "examine": 1
    }
  },
  "training": {
    "convex_skill_gate": {
      "kl_lambda": 0.0,
      "best_dev_nll": 2.2652969360351562,
      "best_dev_kl": 0.06475377803668379,
      "best_dev_objective": 2.2652969360351562,
      "epochs_run": 166,
      "history": [
        {
          "epoch": 0,
          "train_objective": 2.262158155441284,
          "dev_nll": 2.3206946849823,
          "dev_kl": 0.057597573348321024,
          "dev_objective": 2.3206946849823
        },
        {
          "epoch": 1,
          "train_objective": 2.2592523097991943,
          "dev_nll": 2.318239212036133,
          "dev_kl": 0.05830239000264555,
          "dev_objective": 2.318239212036133
        },
        {
          "epoch": 2,
          "train_objective": 2.2564544677734375,
          "dev_nll": 2.315854072570801,
          "dev_kl": 0.05903675781097263,
          "dev_objective": 2.315854072570801
        },
        {
          "epoch": 3,
          "train_objective": 2.2537789344787598,
          "dev_nll": 2.3134872913360596,
          "dev_kl": 0.059698749930248596,
          "dev_objective": 2.3134872913360596
        },
        {
          "epoch": 4,
          "train_objective": 2.2512359619140625,
          "dev_nll": 2.3110647201538086,
          "dev_kl": 0.060153922392055394,
          "dev_objective": 2.3110647201538086
        },
        {
          "epoch": 5,
          "train_objective": 2.248828172683716,
          "dev_nll": 2.308520555496216,
          "dev_kl": 0.06029246252495796,
          "dev_objective": 2.308520555496216
        },
        {
          "epoch": 6,
          "train_objective": 2.2465527057647705,
          "dev_nll": 2.30583119392395,
          "dev_kl": 0.06008178411051631,
          "dev_objective": 2.30583119392395
        },
        {
          "epoch": 7,
          "train_objective": 2.2444052696228027,
          "dev_nll": 2.3030202388763428,
          "dev_kl": 0.059570200610905885,
          "dev_objective": 2.3030202388763428
        },
        {
          "epoch": 8,
          "train_objective": 2.2423853874206543,
          "dev_nll": 2.3001389503479004,
          "dev_kl": 0.05884919237811118,
          "dev_objective": 2.3001389503479004
        },
        {
          "epoch": 9,
          "train_objective": 2.240494728088379,
          "dev_nll": 2.2972512245178223,
          "dev_kl": 0.058025279464200136,
          "dev_objective": 2.2972512245178223
        },
        {
          "epoch": 10,
          "train_objective": 2.2387380599975586,
          "dev_nll": 2.2944247722625732,
          "dev_kl": 0.05720803440082818,
          "dev_objective": 2.2944247722625732
        },
        {
          "epoch": 11,
          "train_objective": 2.237119674682617,
          "dev_nll": 2.291724443435669,
          "dev_kl": 0.05649949228623882,
          "dev_objective": 2.291724443435669
        },
        {
          "epoch": 12,
          "train_objective": 2.235640287399292,
          "dev_nll": 2.28920841217041,
          "dev_kl": 0.05598472197772935,
          "dev_objective": 2.28920841217041
        },
        {
          "epoch": 13,
          "train_objective": 2.2342991828918457,
          "dev_nll": 2.2869222164154053,
          "dev_kl": 0.055728065087459984,
          "dev_objective": 2.2869222164154053
        },
        {
          "epoch": 14,
          "train_objective": 2.2330920696258545,
          "dev_nll": 2.2848987579345703,
          "dev_kl": 0.055768511262722316,
          "dev_objective": 2.2848987579345703
        },
        {
          "epoch": 15,
          "train_objective": 2.232011079788208,
          "dev_nll": 2.283151865005493,
          "dev_kl": 0.056111785853281616,
          "dev_objective": 2.283151865005493
        },
        {
          "epoch": 16,
          "train_objective": 2.2310469150543213,
          "dev_nll": 2.2816760540008545,
          "dev_kl": 0.056724267159588636,
          "dev_objective": 2.2816760540008545
        },
        {
          "epoch": 17,
          "train_objective": 2.230189561843872,
          "dev_nll": 2.2804441452026367,
          "dev_kl": 0.0575322377961129,
          "dev_objective": 2.2804441452026367
        },
        {
          "epoch": 18,
          "train_objective": 2.2294273376464844,
          "dev_nll": 2.2794079780578613,
          "dev_kl": 0.05842752216849476,
          "dev_objective": 2.2794079780578613
        },
        {
          "epoch": 19,
          "train_objective": 2.228745937347412,
          "dev_nll": 2.2785050868988037,
          "dev_kl": 0.059282391550950705,
          "dev_objective": 2.2785050868988037
        },
        {
          "epoch": 20,
          "train_objective": 2.2281312942504883,
          "dev_nll": 2.2776694297790527,
          "dev_kl": 0.059972944092005494,
          "dev_objective": 2.2776694297790527
        },
        {
          "epoch": 21,
          "train_objective": 2.2275657653808594,
          "dev_nll": 2.2768476009368896,
          "dev_kl": 0.06040334889199585,
          "dev_objective": 2.2768476009368896
        },
        {
          "epoch": 22,
          "train_objective": 2.2270336151123047,
          "dev_nll": 2.2760071754455566,
          "dev_kl": 0.0605216854903847,
          "dev_objective": 2.2760071754455566
        },
        {
          "epoch": 23,
          "train_objective": 2.2265219688415527,
          "dev_nll": 2.275144100189209,
          "dev_kl": 0.060323880184441805,
          "dev_objective": 2.275144100189209
        },
        {
          "epoch": 24,
          "train_objective": 2.2260234355926514,
          "dev_nll": 2.2742760181427,
          "dev_kl": 0.059847675934433936,
          "dev_objective": 2.2742760181427
        },
        {
          "epoch": 25,
          "train_objective": 2.2255356311798096,
          "dev_nll": 2.273437023162842,
          "dev_kl": 0.059162045544944704,
          "dev_objective": 2.273437023162842
        },
        {
          "epoch": 26,
          "train_objective": 2.225059747695923,
          "dev_nll": 2.2726657390594482,
          "dev_kl": 0.058353739837184546,
          "dev_objective": 2.2726657390594482
        },
        {
          "epoch": 27,
          "train_objective": 2.2245986461639404,
          "dev_nll": 2.2719974517822266,
          "dev_kl": 0.05751353818457574,
          "dev_objective": 2.2719974517822266
        },
        {
          "epoch": 28,
          "train_objective": 2.2241554260253906,
          "dev_nll": 2.271456480026245,
          "dev_kl": 0.05672306090127677,
          "dev_objective": 2.271456480026245
        },
        {
          "epoch": 29,
          "train_objective": 2.2237322330474854,
          "dev_nll": 2.2710535526275635,
          "dev_kl": 0.05604463119991124,
          "dev_objective": 2.2710535526275635
        },
        {
          "epoch": 30,
          "train_objective": 2.22333025932312,
          "dev_nll": 2.270786762237549,
          "dev_kl": 0.05551467115525156,
          "dev_objective": 2.270786762237549
        },
        {
          "epoch": 31,
          "train_objective": 2.2229514122009277,
          "dev_nll": 2.2706422805786133,
          "dev_kl": 0.05514161594212055,
          "dev_objective": 2.2706422805786133
        },
        {
          "epoch": 32,
          "train_objective": 2.2225964069366455,
          "dev_nll": 2.270599126815796,
          "dev_kl": 0.054908112338744104,
          "dev_objective": 2.270599126815796
        },
        {
          "epoch": 33,
          "train_objective": 2.2222681045532227,
          "dev_nll": 2.2706308364868164,
          "dev_kl": 0.0547773630078882,
          "dev_objective": 2.2706308364868164
        },
        {
          "epoch": 34,
          "train_objective": 2.2219676971435547,
          "dev_nll": 2.2707087993621826,
          "dev_kl": 0.05470198277849704,
          "dev_objective": 2.2707087993621826
        },
        {
          "epoch": 35,
          "train_objective": 2.221696615219116,
          "dev_nll": 2.270805597305298,
          "dev_kl": 0.05463380119996145,
          "dev_objective": 2.270805597305298
        },
        {
          "epoch": 36,
          "train_objective": 2.2214529514312744,
          "dev_nll": 2.2708990573883057,
          "dev_kl": 0.054533342372160405,
          "dev_objective": 2.2708990573883057
        },
        {
          "epoch": 37,
          "train_objective": 2.2212350368499756,
          "dev_nll": 2.270972490310669,
          "dev_kl": 0.054376873855944724,
          "dev_objective": 2.270972490310669
        },
        {
          "epoch": 38,
          "train_objective": 2.2210400104522705,
          "dev_nll": 2.2710177898406982,
          "dev_kl": 0.054159955559298395,
          "dev_objective": 2.2710177898406982
        },
        {
          "epoch": 39,
          "train_objective": 2.2208638191223145,
          "dev_nll": 2.271033525466919,
          "dev_kl": 0.053896825828123836,
          "dev_objective": 2.271033525466919
        },
        {
          "epoch": 40,
          "train_objective": 2.2207038402557373,
          "dev_nll": 2.271023750305176,
          "dev_kl": 0.0536160110286437,
          "dev_objective": 2.271023750305176
        },
        {
          "epoch": 41,
          "train_objective": 2.220557451248169,
          "dev_nll": 2.2709953784942627,
          "dev_kl": 0.05335338668664917,
          "dev_objective": 2.2709953784942627
        },
        {
          "epoch": 42,
          "train_objective": 2.2204227447509766,
          "dev_nll": 2.2709550857543945,
          "dev_kl": 0.0531446114811115,
          "dev_objective": 2.2709550857543945
        },
        {
          "epoch": 43,
          "train_objective": 2.2202956676483154,
          "dev_nll": 2.270907163619995,
          "dev_kl": 0.05301824118476361,
          "dev_objective": 2.270907163619995
        },
        {
          "epoch": 44,
          "train_objective": 2.220174789428711,
          "dev_nll": 2.2708542346954346,
          "dev_kl": 0.05299108828417957,
          "dev_objective": 2.2708542346954346
        },
        {
          "epoch": 45,
          "train_objective": 2.220057487487793,
          "dev_nll": 2.270796298980713,
          "dev_kl": 0.053066313075833024,
          "dev_objective": 2.270796298980713
        },
        {
          "epoch": 46,
          "train_objective": 2.219942331314087,
          "dev_nll": 2.2707316875457764,
          "dev_kl": 0.05323385371128097,
          "dev_objective": 2.2707316875457764
        },
        {
          "epoch": 47,
          "train_objective": 2.219827890396118,
          "dev_nll": 2.2706570625305176,
          "dev_kl": 0.053473205813206734,
          "dev_objective": 2.2706570625305176
        },
        {
          "epoch": 48,
          "train_objective": 2.219714403152466,
          "dev_nll": 2.2705681324005127,
          "dev_kl": 0.05375735939014703,
          "dev_objective": 2.2705681324005127
        },
        {
          "epoch": 49,
          "train_objective": 2.219602108001709,
          "dev_nll": 2.270460605621338,
          "dev_kl": 0.054057409062515945,
          "dev_objective": 2.270460605621338
        },
        {
          "epoch": 50,
          "train_objective": 2.2194907665252686,
          "dev_nll": 2.270331382751465,
          "dev_kl": 0.054347161941695955,
          "dev_objective": 2.270331382751465
        },
        {
          "epoch": 51,
          "train_objective": 2.219381093978882,
          "dev_nll": 2.2701785564422607,
          "dev_kl": 0.05460685236379504,
          "dev_objective": 2.2701785564422607
        },
        {
          "epoch": 52,
          "train_objective": 2.219273567199707,
          "dev_nll": 2.2700035572052,
          "dev_kl": 0.054825794890057296,
          "dev_objective": 2.2700035572052
        },
        {
          "epoch": 53,
          "train_objective": 2.2191686630249023,
          "dev_nll": 2.269810438156128,
          "dev_kl": 0.055002842869143934,
          "dev_objective": 2.269810438156128
        },
        {
          "epoch": 54,
          "train_objective": 2.2190661430358887,
          "dev_nll": 2.2696070671081543,
          "dev_kl": 0.055145514803007244,
          "dev_objective": 2.2696070671081543
        },
        {
          "epoch": 55,
          "train_objective": 2.2189671993255615,
          "dev_nll": 2.269402027130127,
          "dev_kl": 0.055267238835804165,
          "dev_objective": 2.269402027130127
        },
        {
          "epoch": 56,
          "train_objective": 2.218871593475342,
          "dev_nll": 2.269205331802368,
          "dev_kl": 0.05538402128499001,
          "dev_objective": 2.269205331802368
        },
        {
          "epoch": 57,
          "train_objective": 2.218780040740967,
          "dev_nll": 2.2690258026123047,
          "dev_kl": 0.055510836923494934,
          "dev_objective": 2.2690258026123047
        },
        {
          "epoch": 58,
          "train_objective": 2.218691825866699,
          "dev_nll": 2.268871545791626,
          "dev_kl": 0.055658616023138166,
          "dev_objective": 2.268871545791626
        },
        {
          "epoch": 59,
          "train_objective": 2.218607187271118,
          "dev_nll": 2.2687463760375977,
          "dev_kl": 0.05583232531324029,
          "dev_objective": 2.2687463760375977
        },
        {
          "epoch": 60,
          "train_objective": 2.218524932861328,
          "dev_nll": 2.2686526775360107,
          "dev_kl": 0.05603019449859858,
          "dev_objective": 2.2686526775360107
        },
        {
          "epoch": 61,
          "train_objective": 2.218445301055908,
          "dev_nll": 2.2685885429382324,
          "dev_kl": 0.05624436301644892,
          "dev_objective": 2.2685885429382324
        },
        {
          "epoch": 62,
          "train_objective": 2.218367338180542,
          "dev_nll": 2.268550395965576,
          "dev_kl": 0.05646262321388349,
          "dev_objective": 2.268550395965576
        },
        {
          "epoch": 63,
          "train_objective": 2.2182910442352295,
          "dev_nll": 2.2685327529907227,
          "dev_kl": 0.05667069032555446,
          "dev_objective": 2.2685327529907227
        },
        {
          "epoch": 64,
          "train_objective": 2.2182157039642334,
          "dev_nll": 2.268528699874878,
          "dev_kl": 0.05685500259976834,
          "dev_objective": 2.268528699874878
        },
        {
          "epoch": 65,
          "train_objective": 2.2181408405303955,
          "dev_nll": 2.2685325145721436,
          "dev_kl": 0.05700496043777093,
          "dev_objective": 2.2685325145721436
        },
        {
          "epoch": 66,
          "train_objective": 2.218066453933716,
          "dev_nll": 2.2685391902923584,
          "dev_kl": 0.05711481279227883,
          "dev_objective": 2.2685391902923584
        },
        {
          "epoch": 67,
          "train_objective": 2.217992067337036,
          "dev_nll": 2.268545150756836,
          "dev_kl": 0.05718436481198296,
          "dev_objective": 2.268545150756836
        },
        {
          "epoch": 68,
          "train_objective": 2.2179179191589355,
          "dev_nll": 2.2685487270355225,
          "dev_kl": 0.05721863125450909,
          "dev_objective": 2.2685487270355225
        },
        {
          "epoch": 69,
          "train_objective": 2.2178432941436768,
          "dev_nll": 2.2685506343841553,
          "dev_kl": 0.057226644058246165,
          "dev_objective": 2.2685506343841553
        },
        {
          "epoch": 70,
          "train_objective": 2.217768669128418,
          "dev_nll": 2.2685506343841553,
          "dev_kl": 0.0572197169996798,
          "dev_objective": 2.2685506343841553
        },
        {
          "epoch": 71,
          "train_objective": 2.2176942825317383,
          "dev_nll": 2.2685506343841553,
          "dev_kl": 0.0572093071276322,
          "dev_objective": 2.2685506343841553
        },
        {
          "epoch": 72,
          "train_objective": 2.2176198959350586,
          "dev_nll": 2.268550157546997,
          "dev_kl": 0.05720518154092133,
          "dev_objective": 2.268550157546997
        },
        {
          "epoch": 73,
          "train_objective": 2.2175450325012207,
          "dev_nll": 2.2685484886169434,
          "dev_kl": 0.057214162435848266,
          "dev_objective": 2.2685484886169434
        },
        {
          "epoch": 74,
          "train_objective": 2.217470169067383,
          "dev_nll": 2.2685441970825195,
          "dev_kl": 0.057239483315497636,
          "dev_objective": 2.2685441970825195
        },
        {
          "epoch": 75,
          "train_objective": 2.217395067214966,
          "dev_nll": 2.2685346603393555,
          "dev_kl": 0.0572809153329581,
          "dev_objective": 2.2685346603393555
        },
        {
          "epoch": 76,
          "train_objective": 2.2173192501068115,
          "dev_nll": 2.2685163021087646,
          "dev_kl": 0.057335605323314665,
          "dev_objective": 2.2685163021087646
        },
        {
          "epoch": 77,
          "train_objective": 2.217242956161499,
          "dev_nll": 2.268486738204956,
          "dev_kl": 0.057399262273684144,
          "dev_objective": 2.268486738204956
        },
        {
          "epoch": 78,
          "train_objective": 2.2171666622161865,
          "dev_nll": 2.268442392349243,
          "dev_kl": 0.057467597564682366,
          "dev_objective": 2.268442392349243
        },
        {
          "epoch": 79,
          "train_objective": 2.2170896530151367,
          "dev_nll": 2.2683823108673096,
          "dev_kl": 0.05753752066288143,
          "dev_objective": 2.2683823108673096
        },
        {
          "epoch": 80,
          "train_objective": 2.2170121669769287,
          "dev_nll": 2.2683069705963135,
          "dev_kl": 0.05760786338709295,
          "dev_objective": 2.2683069705963135
        },
        {
          "epoch": 81,
          "train_objective": 2.2169339656829834,
          "dev_nll": 2.2682173252105713,
          "dev_kl": 0.05767971664667129,
          "dev_objective": 2.2682173252105713
        },
        {
          "epoch": 82,
          "train_objective": 2.216855049133301,
          "dev_nll": 2.2681164741516113,
          "dev_kl": 0.057755801160819825,
          "dev_objective": 2.2681164741516113
        },
        {
          "epoch": 83,
          "train_objective": 2.216775894165039,
          "dev_nll": 2.268007755279541,
          "dev_kl": 0.05783978558145463,
          "dev_objective": 2.268007755279541
        },
        {
          "epoch": 84,
          "train_objective": 2.2166950702667236,
          "dev_nll": 2.2678945064544678,
          "dev_kl": 0.05793489365605638,
          "dev_objective": 2.2678945064544678
        },
        {
          "epoch": 85,
          "train_objective": 2.216613531112671,
          "dev_nll": 2.267780303955078,
          "dev_kl": 0.05804296316113323,
          "dev_objective": 2.267780303955078
        },
        {
          "epoch": 86,
          "train_objective": 2.2165307998657227,
          "dev_nll": 2.267666816711426,
          "dev_kl": 0.05816363544203341,
          "dev_objective": 2.267666816711426
        },
        {
          "epoch": 87,
          "train_objective": 2.2164466381073,
          "dev_nll": 2.267554998397827,
          "dev_kl": 0.05829408548772335,
          "dev_objective": 2.267554998397827
        },
        {
          "epoch": 88,
          "train_objective": 2.2163615226745605,
          "dev_nll": 2.2674448490142822,
          "dev_kl": 0.058429553653113545,
          "dev_objective": 2.2674448490142822
        },
        {
          "epoch": 89,
          "train_objective": 2.2162744998931885,
          "dev_nll": 2.2673351764678955,
          "dev_kl": 0.058564196806401014,
          "dev_objective": 2.2673351764678955
        },
        {
          "epoch": 90,
          "train_objective": 2.2161865234375,
          "dev_nll": 2.2672250270843506,
          "dev_kl": 0.05869240874890238,
          "dev_objective": 2.2672250270843506
        },
        {
          "epoch": 91,
          "train_objective": 2.216097354888916,
          "dev_nll": 2.267113447189331,
          "dev_kl": 0.05881001343484968,
          "dev_objective": 2.267113447189331
        },
        {
          "epoch": 92,
          "train_objective": 2.216006278991699,
          "dev_nll": 2.267000436782837,
          "dev_kl": 0.05891528266249225,
          "dev_objective": 2.267000436782837
        },
        {
          "epoch": 93,
          "train_objective": 2.215914011001587,
          "dev_nll": 2.2668871879577637,
          "dev_kl": 0.05900918232742697,
          "dev_objective": 2.2668871879577637
        },
        {
          "epoch": 94,
          "train_objective": 2.215820789337158,
          "dev_nll": 2.266775131225586,
          "dev_kl": 0.05909510022494942,
          "dev_objective": 2.266775131225586
        },
        {
          "epoch": 95,
          "train_objective": 2.215726137161255,
          "dev_nll": 2.266667127609253,
          "dev_kl": 0.05917784980032593,
          "dev_objective": 2.266667127609253
        },
        {
          "epoch": 96,
          "train_objective": 2.215630531311035,
          "dev_nll": 2.2665648460388184,
          "dev_kl": 0.059262452838011084,
          "dev_objective": 2.2665648460388184
        },
        {
          "epoch": 97,
          "train_objective": 2.2155332565307617,
          "dev_nll": 2.266470193862915,
          "dev_kl": 0.05935277252923697,
          "dev_objective": 2.266470193862915
        },
        {
          "epoch": 98,
          "train_objective": 2.215435266494751,
          "dev_nll": 2.266383171081543,
          "dev_kl": 0.05945082186721265,
          "dev_objective": 2.266383171081543
        },
        {
          "epoch": 99,
          "train_objective": 2.2153356075286865,
          "dev_nll": 2.2663028240203857,
          "dev_kl": 0.059556529994588346,
          "dev_objective": 2.2663028240203857
        },
        {
          "epoch": 100,
          "train_objective": 2.2152345180511475,
          "dev_nll": 2.2662277221679688,
          "dev_kl": 0.059668359979987144,
          "dev_objective": 2.2662277221679688
        },
        {
          "epoch": 101,
          "train_objective": 2.215131998062134,
          "dev_nll": 2.266155958175659,
          "dev_kl": 0.05978423832450062,
          "dev_objective": 2.266155958175659
        },
        {
          "epoch": 102,
          "train_objective": 2.2150280475616455,
          "dev_nll": 2.2660861015319824,
          "dev_kl": 0.059902977934107184,
          "dev_objective": 2.2660861015319824
        },
        {
          "epoch": 103,
          "train_objective": 2.2149226665496826,
          "dev_nll": 2.266017198562622,
          "dev_kl": 0.06002492125146091,
          "dev_objective": 2.266017198562622
        },
        {
          "epoch": 104,
          "train_objective": 2.214816093444824,
          "dev_nll": 2.2659506797790527,
          "dev_kl": 0.060152292028069494,
          "dev_objective": 2.2659506797790527
        },
        {
          "epoch": 105,
          "train_objective": 2.214707612991333,
          "dev_nll": 2.2658872604370117,
          "dev_kl": 0.060288498990703376,
          "dev_objective": 2.2658872604370117
        },
        {
          "epoch": 106,
          "train_objective": 2.2145984172821045,
          "dev_nll": 2.2658286094665527,
          "dev_kl": 0.06043696218635887,
          "dev_objective": 2.2658286094665527
        },
        {
          "epoch": 107,
          "train_objective": 2.2144877910614014,
          "dev_nll": 2.265775680541992,
          "dev_kl": 0.06059978476492688,
          "dev_objective": 2.265775680541992
        },
        {
          "epoch": 108,
          "train_objective": 2.214376211166382,
          "dev_nll": 2.265728712081909,
          "dev_kl": 0.06077687754761427,
          "dev_objective": 2.265728712081909
        },
        {
          "epoch": 109,
          "train_objective": 2.214263677597046,
          "dev_nll": 2.2656867504119873,
          "dev_kl": 0.06096582485130057,
          "dev_objective": 2.2656867504119873
        },
        {
          "epoch": 110,
          "train_objective": 2.2141501903533936,
          "dev_nll": 2.2656471729278564,
          "dev_kl": 0.061162745957262815,
          "dev_objective": 2.2656471729278564
        },
        {
          "epoch": 111,
          "train_objective": 2.214035749435425,
          "dev_nll": 2.265608787536621,
          "dev_kl": 0.061363703932147476,
          "dev_objective": 2.265608787536621
        },
        {
          "epoch": 112,
          "train_objective": 2.2139203548431396,
          "dev_nll": 2.2655699253082275,
          "dev_kl": 0.06156634990591556,
          "dev_objective": 2.2655699253082275
        },
        {
          "epoch": 113,
          "train_objective": 2.213804006576538,
          "dev_nll": 2.265531301498413,
          "dev_kl": 0.061770491781644524,
          "dev_objective": 2.265531301498413
        },
        {
          "epoch": 114,
          "train_objective": 2.213686943054199,
          "dev_nll": 2.2654941082000732,
          "dev_kl": 0.06197818076005206,
          "dev_objective": 2.2654941082000732
        },
        {
          "epoch": 115,
          "train_objective": 2.2135696411132812,
          "dev_nll": 2.2654600143432617,
          "dev_kl": 0.06219237727113068,
          "dev_objective": 2.2654600143432617
        },
        {
          "epoch": 116,
          "train_objective": 2.213451385498047,
          "dev_nll": 2.2654306888580322,
          "dev_kl": 0.06241549640893936,
          "dev_objective": 2.2654306888580322
        },
        {
          "epoch": 117,
          "train_objective": 2.2133331298828125,
          "dev_nll": 2.2654056549072266,
          "dev_kl": 0.06264825227670372,
          "dev_objective": 2.2654056549072266
        },
        {
          "epoch": 118,
          "train_objective": 2.213214159011841,
          "dev_nll": 2.265385389328003,
          "dev_kl": 0.06288946602027863,
          "dev_objective": 2.265385389328003
        },
        {
          "epoch": 119,
          "train_objective": 2.21309494972229,
          "dev_nll": 2.2653675079345703,
          "dev_kl": 0.06313690080307424,
          "dev_objective": 2.2653675079345703
        },
        {
          "epoch": 120,
          "train_objective": 2.2129757404327393,
          "dev_nll": 2.265350580215454,
          "dev_kl": 0.06338878293288872,
          "dev_objective": 2.265350580215454
        },
        {
          "epoch": 121,
          "train_objective": 2.2128562927246094,
          "dev_nll": 2.265334367752075,
          "dev_kl": 0.06364492570282891,
          "dev_objective": 2.265334367752075
        },
        {
          "epoch": 122,
          "train_objective": 2.2127366065979004,
          "dev_nll": 2.265319585800171,
          "dev_kl": 0.0639071056782268,
          "dev_objective": 2.265319585800171
        },
        {
          "epoch": 123,
          "train_objective": 2.2126169204711914,
          "dev_nll": 2.265307664871216,
          "dev_kl": 0.06417806582292541,
          "dev_objective": 2.265307664871216
        },
        {
          "epoch": 124,
          "train_objective": 2.2124974727630615,
          "dev_nll": 2.2653000354766846,
          "dev_kl": 0.0644600980472751,
          "dev_objective": 2.2653000354766846
        },
        {
          "epoch": 125,
          "train_objective": 2.2123777866363525,
          "dev_nll": 2.2652969360351562,
          "dev_kl": 0.06475377803668379,
          "dev_objective": 2.2652969360351562
        },
        {
          "epoch": 126,
          "train_objective": 2.2122583389282227,
          "dev_nll": 2.2652976512908936,
          "dev_kl": 0.0650576364598237,
          "dev_objective": 2.2652976512908936
        },
        {
          "epoch": 127,
          "train_objective": 2.212139368057251,
          "dev_nll": 2.2653005123138428,
          "dev_kl": 0.06536898247664795,
          "dev_objective": 2.2653005123138428
        },
        {
          "epoch": 128,
          "train_objective": 2.212019920349121,
          "dev_nll": 2.265305280685425,
          "dev_kl": 0.06568556172540412,
          "dev_objective": 2.265305280685425
        },
        {
          "epoch": 129,
          "train_objective": 2.211901903152466,
          "dev_nll": 2.2653112411499023,
          "dev_kl": 0.06600650790147483,
          "dev_objective": 2.2653112411499023
        },
        {
          "epoch": 130,
          "train_objective": 2.2117831707000732,
          "dev_nll": 2.2653191089630127,
          "dev_kl": 0.06633260769071057,
          "dev_objective": 2.2653191089630127
        },
        {
          "epoch": 131,
          "train_objective": 2.211664915084839,
          "dev_nll": 2.2653305530548096,
          "dev_kl": 0.0666654383088462,
          "dev_objective": 2.2653305530548096
        },
        {
          "epoch": 132,
          "train_objective": 2.211547374725342,
          "dev_nll": 2.2653467655181885,
          "dev_kl": 0.06700579023687168,
          "dev_objective": 2.2653467655181885
        },
        {
          "epoch": 133,
          "train_objective": 2.2114298343658447,
          "dev_nll": 2.2653679847717285,
          "dev_kl": 0.06735307233873755,
          "dev_objective": 2.2653679847717285
        },
        {
          "epoch": 134,
          "train_objective": 2.211312770843506,
          "dev_nll": 2.265392303466797,
          "dev_kl": 0.06770528075750917,
          "dev_objective": 2.265392303466797
        },
        {
          "epoch": 135,
          "train_objective": 2.211195707321167,
          "dev_nll": 2.2654190063476562,
          "dev_kl": 0.06806027403799816,
          "dev_objective": 2.2654190063476562
        },
        {
          "epoch": 136,
          "train_objective": 2.2110791206359863,
          "dev_nll": 2.2654471397399902,
          "dev_kl": 0.06841693552443757,
          "dev_objective": 2.2654471397399902
        },
        {
          "epoch": 137,
          "train_objective": 2.210963010787964,
          "dev_nll": 2.2654776573181152,
          "dev_kl": 0.06877565319882706,
          "dev_objective": 2.2654776573181152
        },
        {
          "epoch": 138,
          "train_objective": 2.2108469009399414,
          "dev_nll": 2.2655107975006104,
          "dev_kl": 0.06913766023702919,
          "dev_objective": 2.2655107975006104
        },
        {
          "epoch": 139,
          "train_objective": 2.210730791091919,
          "dev_nll": 2.265547752380371,
          "dev_kl": 0.06950391112826765,
          "dev_objective": 2.265547752380371
        },
        {
          "epoch": 140,
          "train_objective": 2.210615396499634,
          "dev_nll": 2.2655885219573975,
          "dev_kl": 0.06987391669303179,
          "dev_objective": 2.2655885219573975
        },
        {
          "epoch": 141,
          "train_objective": 2.2105002403259277,
          "dev_nll": 2.265631675720215,
          "dev_kl": 0.07024596026865765,
          "dev_objective": 2.265631675720215
        },
        {
          "epoch": 142,
          "train_objective": 2.2103848457336426,
          "dev_nll": 2.265676975250244,
          "dev_kl": 0.07061779394280165,
          "dev_objective": 2.265676975250244
        },
        {
          "epoch": 143,
          "train_objective": 2.2102694511413574,
          "dev_nll": 2.265723466873169,
          "dev_kl": 0.07098781133303418,
          "dev_objective": 2.265723466873169
        },
        {
          "epoch": 144,
          "train_objective": 2.2101542949676514,
          "dev_nll": 2.2657713890075684,
          "dev_kl": 0.07135542799718678,
          "dev_objective": 2.2657713890075684
        },
        {
          "epoch": 145,
          "train_objective": 2.2100391387939453,
          "dev_nll": 2.265822410583496,
          "dev_kl": 0.07172058848664165,
          "dev_objective": 2.265822410583496
        },
        {
          "epoch": 146,
          "train_objective": 2.2099242210388184,
          "dev_nll": 2.265876531600952,
          "dev_kl": 0.07208280788967386,
          "dev_objective": 2.265876531600952
        },
        {
          "epoch": 147,
          "train_objective": 2.209808588027954,
          "dev_nll": 2.265934705734253,
          "dev_kl": 0.0724404825316742,
          "dev_objective": 2.265934705734253
        },
        {
          "epoch": 148,
          "train_objective": 2.209693670272827,
          "dev_nll": 2.265995740890503,
          "dev_kl": 0.07279115947894751,
          "dev_objective": 2.265995740890503
        },
        {
          "epoch": 149,
          "train_objective": 2.209578514099121,
          "dev_nll": 2.266058921813965,
          "dev_kl": 0.07313250141916797,
          "dev_objective": 2.266058921813965
        },
        {
          "epoch": 150,
          "train_objective": 2.209463357925415,
          "dev_nll": 2.266124963760376,
          "dev_kl": 0.073463391775731,
          "dev_objective": 2.266124963760376
        },
        {
          "epoch": 151,
          "train_objective": 2.209348678588867,
          "dev_nll": 2.2661943435668945,
          "dev_kl": 0.07378408322343603,
          "dev_objective": 2.2661943435668945
        },
        {
          "epoch": 152,
          "train_objective": 2.2092337608337402,
          "dev_nll": 2.266268253326416,
          "dev_kl": 0.0740956765692681,
          "dev_objective": 2.266268253326416
        },
        {
          "epoch": 153,
          "train_objective": 2.2091188430786133,
          "dev_nll": 2.266347646713257,
          "dev_kl": 0.07439930286724121,
          "dev_objective": 2.266347646713257
        },
        {
          "epoch": 154,
          "train_objective": 2.2090036869049072,
          "dev_nll": 2.266432762145996,
          "dev_kl": 0.074695919433143,
          "dev_objective": 2.266432762145996
        },
        {
          "epoch": 155,
          "train_objective": 2.2088887691497803,
          "dev_nll": 2.2665233612060547,
          "dev_kl": 0.07498652673093602,
          "dev_objective": 2.2665233612060547
        },
        {
          "epoch": 156,
          "train_objective": 2.2087740898132324,
          "dev_nll": 2.266619920730591,
          "dev_kl": 0.07527301465393975,
          "dev_objective": 2.266619920730591
        },
        {
          "epoch": 157,
          "train_objective": 2.208658456802368,
          "dev_nll": 2.266723394393921,
          "dev_kl": 0.0755582439363934,
          "dev_objective": 2.266723394393921
        },
        {
          "epoch": 158,
          "train_objective": 2.2085421085357666,
          "dev_nll": 2.2668352127075195,
          "dev_kl": 0.07584558164700866,
          "dev_objective": 2.2668352127075195
        },
        {
          "epoch": 159,
          "train_objective": 2.208425521850586,
          "dev_nll": 2.2669565677642822,
          "dev_kl": 0.07613782049389556,
          "dev_objective": 2.2669565677642822
        },
        {
          "epoch": 160,
          "train_objective": 2.208308219909668,
          "dev_nll": 2.267087697982788,
          "dev_kl": 0.0764364688587375,
          "dev_objective": 2.267087697982788
        },
        {
          "epoch": 161,
          "train_objective": 2.2081902027130127,
          "dev_nll": 2.2672278881073,
          "dev_kl": 0.0767419266444631,
          "dev_objective": 2.2672278881073
        },
        {
          "epoch": 162,
          "train_objective": 2.208071231842041,
          "dev_nll": 2.267376661300659,
          "dev_kl": 0.07705415439791978,
          "dev_objective": 2.267376661300659
        },
        {
          "epoch": 163,
          "train_objective": 2.2079520225524902,
          "dev_nll": 2.267534017562866,
          "dev_kl": 0.0773731753975153,
          "dev_objective": 2.267534017562866
        },
        {
          "epoch": 164,
          "train_objective": 2.2078323364257812,
          "dev_nll": 2.267700433731079,
          "dev_kl": 0.07769886418711394,
          "dev_objective": 2.267700433731079
        },
        {
          "epoch": 165,
          "train_objective": 2.207712173461914,
          "dev_nll": 2.2678756713867188,
          "dev_kl": 0.07803042034618557,
          "dev_objective": 2.2678756713867188
        }
      ]
    },
    "stage_calibration_head": {
      "kl_lambda": 0.0,
      "best_dev_nll": 1.9986401796340942,
      "best_dev_kl": 0.191315867555968,
      "best_dev_objective": 1.9986401796340942,
      "epochs_run": 300,
      "history": [
        {
          "epoch": 0,
          "train_objective": 2.3096673488616943,
          "dev_nll": 2.3174326419830322,
          "dev_kl": 0.0001129896752172499,
          "dev_objective": 2.3174326419830322
        },
        {
          "epoch": 1,
          "train_objective": 2.305678367614746,
          "dev_nll": 2.3168249130249023,
          "dev_kl": 0.00044417874538339676,
          "dev_objective": 2.3168249130249023
        },
        {
          "epoch": 2,
          "train_objective": 2.301924705505371,
          "dev_nll": 2.3163466453552246,
          "dev_kl": 0.0009673132693569642,
          "dev_objective": 2.3163466453552246
        },
        {
          "epoch": 3,
          "train_objective": 2.2983994483947754,
          "dev_nll": 2.315906286239624,
          "dev_kl": 0.0016309636196820065,
          "dev_objective": 2.315906286239624
        },
        {
          "epoch": 4,
          "train_objective": 2.2950804233551025,
          "dev_nll": 2.315378189086914,
          "dev_kl": 0.002356268079893198,
          "dev_objective": 2.315378189086914
        },
        {
          "epoch": 5,
          "train_objective": 2.291926383972168,
          "dev_nll": 2.314629554748535,
          "dev_kl": 0.003052059923793422,
          "dev_objective": 2.314629554748535
        },
        {
          "epoch": 6,
          "train_objective": 2.2888827323913574,
          "dev_nll": 2.3135619163513184,
          "dev_kl": 0.003644963089900557,
          "dev_objective": 2.3135619163513184
        },
        {
          "epoch": 7,
          "train_objective": 2.285897731781006,
          "dev_nll": 2.3121352195739746,
          "dev_kl": 0.004099100028979592,
          "dev_objective": 2.3121352195739746
        },
        {
          "epoch": 8,
          "train_objective": 2.2829360961914062,
          "dev_nll": 2.310358762741089,
          "dev_kl": 0.004413062779931352,
          "dev_objective": 2.310358762741089
        },
        {
          "epoch": 9,
          "train_objective": 2.2799839973449707,
          "dev_nll": 2.308269739151001,
          "dev_kl": 0.00460646906576585,
          "dev_objective": 2.308269739151001
        },
        {
          "epoch": 10,
          "train_objective": 2.2770402431488037,
          "dev_nll": 2.3059213161468506,
          "dev_kl": 0.004709074146230705,
          "dev_objective": 2.3059213161468506
        },
        {
          "epoch": 11,
          "train_objective": 2.27411150932312,
          "dev_nll": 2.3033740520477295,
          "dev_kl": 0.004753961917595006,
          "dev_objective": 2.3033740520477295
        },
        {
          "epoch": 12,
          "train_objective": 2.271207332611084,
          "dev_nll": 2.300692558288574,
          "dev_kl": 0.004773015403770842,
          "dev_objective": 2.300692558288574
        },
        {
          "epoch": 13,
          "train_objective": 2.268336057662964,
          "dev_nll": 2.2979395389556885,
          "dev_kl": 0.004793387916870415,
          "dev_objective": 2.2979395389556885
        },
        {
          "epoch": 14,
          "train_objective": 2.265501022338867,
          "dev_nll": 2.2951712608337402,
          "dev_kl": 0.004834934973041527,
          "dev_objective": 2.2951712608337402
        },
        {
          "epoch": 15,
          "train_objective": 2.2627015113830566,
          "dev_nll": 2.2924344539642334,
          "dev_kl": 0.004909327376226429,
          "dev_objective": 2.2924344539642334
        },
        {
          "epoch": 16,
          "train_objective": 2.25993013381958,
          "dev_nll": 2.289762020111084,
          "dev_kl": 0.005021315324993339,
          "dev_objective": 2.289762020111084
        },
        {
          "epoch": 17,
          "train_objective": 2.2571773529052734,
          "dev_nll": 2.287174701690674,
          "dev_kl": 0.005171769380976912,
          "dev_objective": 2.287174701690674
        },
        {
          "epoch": 18,
          "train_objective": 2.2544355392456055,
          "dev_nll": 2.2846827507019043,
          "dev_kl": 0.005360623472079169,
          "dev_objective": 2.2846827507019043
        },
        {
          "epoch": 19,
          "train_objective": 2.2517001628875732,
          "dev_nll": 2.282289743423462,
          "dev_kl": 0.005588529357337393,
          "dev_objective": 2.282289743423462
        },
        {
          "epoch": 20,
          "train_objective": 2.248971939086914,
          "dev_nll": 2.279994010925293,
          "dev_kl": 0.0058571588806807994,
          "dev_objective": 2.279994010925293
        },
        {
          "epoch": 21,
          "train_objective": 2.2462549209594727,
          "dev_nll": 2.277790069580078,
          "dev_kl": 0.006168110373546369,
          "dev_objective": 2.277790069580078
        },
        {
          "epoch": 22,
          "train_objective": 2.2435550689697266,
          "dev_nll": 2.2756683826446533,
          "dev_kl": 0.0065217009093612435,
          "dev_objective": 2.2756683826446533
        },
        {
          "epoch": 23,
          "train_objective": 2.240878105163574,
          "dev_nll": 2.273616075515747,
          "dev_kl": 0.006915748001774773,
          "dev_objective": 2.273616075515747
        },
        {
          "epoch": 24,
          "train_objective": 2.238229274749756,
          "dev_nll": 2.271615505218506,
          "dev_kl": 0.007344998510088772,
          "dev_objective": 2.271615505218506
        },
        {
          "epoch": 25,
          "train_objective": 2.2356112003326416,
          "dev_nll": 2.2696471214294434,
          "dev_kl": 0.0078010923357214774,
          "dev_objective": 2.2696471214294434
        },
        {
          "epoch": 26,
          "train_objective": 2.2330236434936523,
          "dev_nll": 2.2676889896392822,
          "dev_kl": 0.008273517336929216,
          "dev_objective": 2.2676889896392822
        },
        {
          "epoch": 27,
          "train_objective": 2.230464220046997,
          "dev_nll": 2.2657217979431152,
          "dev_kl": 0.008751118279760703,
          "dev_objective": 2.2657217979431152
        },
        {
          "epoch": 28,
          "train_objective": 2.2279295921325684,
          "dev_nll": 2.2637295722961426,
          "dev_kl": 0.009224182449979707,
          "dev_objective": 2.2637295722961426
        },
        {
          "epoch": 29,
          "train_objective": 2.2254152297973633,
          "dev_nll": 2.2617037296295166,
          "dev_kl": 0.00968603156041354,
          "dev_objective": 2.2617037296295166
        },
        {
          "epoch": 30,
          "train_objective": 2.2229182720184326,
          "dev_nll": 2.2596418857574463,
          "dev_kl": 0.010134051404893398,
          "dev_objective": 2.2596418857574463
        },
        {
          "epoch": 31,
          "train_objective": 2.2204360961914062,
          "dev_nll": 2.25754976272583,
          "dev_kl": 0.010569789425935595,
          "dev_objective": 2.25754976272583
        },
        {
          "epoch": 32,
          "train_objective": 2.2179691791534424,
          "dev_nll": 2.2554383277893066,
          "dev_kl": 0.010998136325506494,
          "dev_objective": 2.2554383277893066
        },
        {
          "epoch": 33,
          "train_objective": 2.2155184745788574,
          "dev_nll": 2.253321647644043,
          "dev_kl": 0.011426072656176985,
          "dev_objective": 2.253321647644043
        },
        {
          "epoch": 34,
          "train_objective": 2.2130863666534424,
          "dev_nll": 2.2512173652648926,
          "dev_kl": 0.011861461865482852,
          "dev_objective": 2.2512173652648926
        },
        {
          "epoch": 35,
          "train_objective": 2.210674285888672,
          "dev_nll": 2.2491402626037598,
          "dev_kl": 0.012311692864168436,
          "dev_objective": 2.2491402626037598
        },
        {
          "epoch": 36,
          "train_objective": 2.2082836627960205,
          "dev_nll": 2.2471044063568115,
          "dev_kl": 0.012782885332126171,
          "dev_objective": 2.2471044063568115
        },
        {
          "epoch": 37,
          "train_objective": 2.205916166305542,
          "dev_nll": 2.245120048522949,
          "dev_kl": 0.013279312807135284,
          "dev_objective": 2.245120048522949
        },
        {
          "epoch": 38,
          "train_objective": 2.203570604324341,
          "dev_nll": 2.2431938648223877,
          "dev_kl": 0.013803271548822523,
          "dev_objective": 2.2431938648223877
        },
        {
          "epoch": 39,
          "train_objective": 2.201247215270996,
          "dev_nll": 2.2413275241851807,
          "dev_kl": 0.014355172491632403,
          "dev_objective": 2.2413275241851807
        },
        {
          "epoch": 40,
          "train_objective": 2.198943853378296,
          "dev_nll": 2.239518404006958,
          "dev_kl": 0.014933803663589061,
          "dev_objective": 2.239518404006958
        },
        {
          "epoch": 41,
          "train_objective": 2.1966607570648193,
          "dev_nll": 2.237760305404663,
          "dev_kl": 0.015536611339775845,
          "dev_objective": 2.237760305404663
        },
        {
          "epoch": 42,
          "train_objective": 2.194396495819092,
          "dev_nll": 2.2360429763793945,
          "dev_kl": 0.01616005486343056,
          "dev_objective": 2.2360429763793945
        },
        {
          "epoch": 43,
          "train_objective": 2.192150831222534,
          "dev_nll": 2.2343547344207764,
          "dev_kl": 0.016799743524752556,
          "dev_objective": 2.2343547344207764
        },
        {
          "epoch": 44,
          "train_objective": 2.1899242401123047,
          "dev_nll": 2.2326817512512207,
          "dev_kl": 0.01745075300219469,
          "dev_objective": 2.2326817512512207
        },
        {
          "epoch": 45,
          "train_objective": 2.1877167224884033,
          "dev_nll": 2.231010913848877,
          "dev_kl": 0.018107768864138053,
          "dev_objective": 2.231010913848877
        },
        {
          "epoch": 46,
          "train_objective": 2.18552827835083,
          "dev_nll": 2.2293291091918945,
          "dev_kl": 0.018765607913956046,
          "dev_objective": 2.2293291091918945
        },
        {
          "epoch": 47,
          "train_objective": 2.183359146118164,
          "dev_nll": 2.227626085281372,
          "dev_kl": 0.019419459635391833,
          "dev_objective": 2.227626085281372
        },
        {
          "epoch": 48,
          "train_objective": 2.181208372116089,
          "dev_nll": 2.225893974304199,
          "dev_kl": 0.02006552107166499,
          "dev_objective": 2.225893974304199
        },
        {
          "epoch": 49,
          "train_objective": 2.1790764331817627,
          "dev_nll": 2.2241289615631104,
          "dev_kl": 0.02070128662046045,
          "dev_objective": 2.2241289615631104
        },
        {
          "epoch": 50,
          "train_objective": 2.17696213722229,
          "dev_nll": 2.222332000732422,
          "dev_kl": 0.02132591259316541,
          "dev_objective": 2.222332000732422
        },
        {
          "epoch": 51,
          "train_objective": 2.174865484237671,
          "dev_nll": 2.2205073833465576,
          "dev_kl": 0.021940188037697227,
          "dev_objective": 2.2205073833465576
        },
        {
          "epoch": 52,
          "train_objective": 2.1727867126464844,
          "dev_nll": 2.2186625003814697,
          "dev_kl": 0.022546400038991124,
          "dev_objective": 2.2186625003814697
        },
        {
          "epoch": 53,
          "train_objective": 2.170725107192993,
          "dev_nll": 2.216808319091797,
          "dev_kl": 0.02314798773499206,
          "dev_objective": 2.216808319091797
        },
        {
          "epoch": 54,
          "train_objective": 2.1686816215515137,
          "dev_nll": 2.214956283569336,
          "dev_kl": 0.023748950710287316,
          "dev_objective": 2.214956283569336
        },
        {
          "epoch": 55,
          "train_objective": 2.1666557788848877,
          "dev_nll": 2.213118553161621,
          "dev_kl": 0.024353451343486085,
          "dev_objective": 2.213118553161621
        },
        {
          "epoch": 56,
          "train_objective": 2.1646480560302734,
          "dev_nll": 2.211305618286133,
          "dev_kl": 0.02496531814453192,
          "dev_objective": 2.211305618286133
        },
        {
          "epoch": 57,
          "train_objective": 2.1626574993133545,
          "dev_nll": 2.2095272541046143,
          "dev_kl": 0.02558763333247043,
          "dev_objective": 2.2095272541046143
        },
        {
          "epoch": 58,
          "train_objective": 2.160684585571289,
          "dev_nll": 2.207789421081543,
          "dev_kl": 0.026222536290297284,
          "dev_objective": 2.207789421081543
        },
        {
          "epoch": 59,
          "train_objective": 2.1587278842926025,
          "dev_nll": 2.2060956954956055,
          "dev_kl": 0.02687111038947478,
          "dev_objective": 2.2060956954956055
        },
        {
          "epoch": 60,
          "train_objective": 2.156787633895874,
          "dev_nll": 2.2044456005096436,
          "dev_kl": 0.027533340745139866,
          "dev_objective": 2.2044456005096436
        },
        {
          "epoch": 61,
          "train_objective": 2.1548635959625244,
          "dev_nll": 2.2028374671936035,
          "dev_kl": 0.028208158616907893,
          "dev_objective": 2.2028374671936035
        },
        {
          "epoch": 62,
          "train_objective": 2.1529550552368164,
          "dev_nll": 2.201265335083008,
          "dev_kl": 0.02889365122769959,
          "dev_objective": 2.201265335083008
        },
        {
          "epoch": 63,
          "train_objective": 2.1510629653930664,
          "dev_nll": 2.1997220516204834,
          "dev_kl": 0.029587120988871903,
          "dev_objective": 2.1997220516204834
        },
        {
          "epoch": 64,
          "train_objective": 2.149186611175537,
          "dev_nll": 2.1981990337371826,
          "dev_kl": 0.030285498284501954,
          "dev_objective": 2.1981990337371826
        },
        {
          "epoch": 65,
          "train_objective": 2.1473264694213867,
          "dev_nll": 2.196687698364258,
          "dev_kl": 0.030985475240740926,
          "dev_objective": 2.196687698364258
        },
        {
          "epoch": 66,
          "train_objective": 2.145481586456299,
          "dev_nll": 2.1951804161071777,
          "dev_kl": 0.031683975962223485,
          "dev_objective": 2.1951804161071777
        },
        {
          "epoch": 67,
          "train_objective": 2.1436524391174316,
          "dev_nll": 2.1936697959899902,
          "dev_kl": 0.03237834281171672,
          "dev_objective": 2.1936697959899902
        },
        {
          "epoch": 68,
          "train_objective": 2.141838788986206,
          "dev_nll": 2.1921517848968506,
          "dev_kl": 0.033066734097665175,
          "dev_objective": 2.1921517848968506
        },
        {
          "epoch": 69,
          "train_objective": 2.140040636062622,
          "dev_nll": 2.1906232833862305,
          "dev_kl": 0.0337481601559557,
          "dev_objective": 2.1906232833862305
        },
        {
          "epoch": 70,
          "train_objective": 2.1382570266723633,
          "dev_nll": 2.189084053039551,
          "dev_kl": 0.034422619279939684,
          "dev_objective": 2.189084053039551
        },
        {
          "epoch": 71,
          "train_objective": 2.136488437652588,
          "dev_nll": 2.1875357627868652,
          "dev_kl": 0.03509094700217247,
          "dev_objective": 2.1875357627868652
        },
        {
          "epoch": 72,
          "train_objective": 2.1347341537475586,
          "dev_nll": 2.1859824657440186,
          "dev_kl": 0.035754712151829154,
          "dev_objective": 2.1859824657440186
        },
        {
          "epoch": 73,
          "train_objective": 2.1329944133758545,
          "dev_nll": 2.1844284534454346,
          "dev_kl": 0.03641594777349383,
          "dev_objective": 2.1844284534454346
        },
        {
          "epoch": 74,
          "train_objective": 2.1312692165374756,
          "dev_nll": 2.1828789710998535,
          "dev_kl": 0.037076762793585655,
          "dev_objective": 2.1828789710998535
        },
        {
          "epoch": 75,
          "train_objective": 2.1295583248138428,
          "dev_nll": 2.1813387870788574,
          "dev_kl": 0.03773927632486448,
          "dev_objective": 2.1813387870788574
        },
        {
          "epoch": 76,
          "train_objective": 2.127861499786377,
          "dev_nll": 2.179812431335449,
          "dev_kl": 0.038405192107893525,
          "dev_objective": 2.179812431335449
        },
        {
          "epoch": 77,
          "train_objective": 2.126178503036499,
          "dev_nll": 2.1783032417297363,
          "dev_kl": 0.03907578033860773,
          "dev_objective": 2.1783032417297363
        },
        {
          "epoch": 78,
          "train_objective": 2.124509572982788,
          "dev_nll": 2.1768126487731934,
          "dev_kl": 0.03975167894735932,
          "dev_objective": 2.1768126487731934
        },
        {
          "epoch": 79,
          "train_objective": 2.122854232788086,
          "dev_nll": 2.1753411293029785,
          "dev_kl": 0.040432957008015365,
          "dev_objective": 2.1753411293029785
        },
        {
          "epoch": 80,
          "train_objective": 2.1212124824523926,
          "dev_nll": 2.1738884449005127,
          "dev_kl": 0.04111906164325774,
          "dev_objective": 2.1738884449005127
        },
        {
          "epoch": 81,
          "train_objective": 2.11958384513855,
          "dev_nll": 2.172451972961426,
          "dev_kl": 0.04180905921384692,
          "dev_objective": 2.172451972961426
        },
        {
          "epoch": 82,
          "train_objective": 2.117968797683716,
          "dev_nll": 2.171029806137085,
          "dev_kl": 0.04250166130252182,
          "dev_objective": 2.171029806137085
        },
        {
          "epoch": 83,
          "train_objective": 2.1163673400878906,
          "dev_nll": 2.169618606567383,
          "dev_kl": 0.043195437653921545,
          "dev_objective": 2.169618606567383
        },
        {
          "epoch": 84,
          "train_objective": 2.114778518676758,
          "dev_nll": 2.168215751647949,
          "dev_kl": 0.04388914016075432,
          "dev_objective": 2.168215751647949
        },
        {
          "epoch": 85,
          "train_objective": 2.1132023334503174,
          "dev_nll": 2.1668190956115723,
          "dev_kl": 0.0445816395431757,
          "dev_objective": 2.1668190956115723
        },
        {
          "epoch": 86,
          "train_objective": 2.1116394996643066,
          "dev_nll": 2.165426254272461,
          "dev_kl": 0.045272279556375,
          "dev_objective": 2.165426254272461
        },
        {
          "epoch": 87,
          "train_objective": 2.1100893020629883,
          "dev_nll": 2.1640372276306152,
          "dev_kl": 0.045960748475044964,
          "dev_objective": 2.1640372276306152
        },
        {
          "epoch": 88,
          "train_objective": 2.108551263809204,
          "dev_nll": 2.162652015686035,
          "dev_kl": 0.04664726973744109,
          "dev_objective": 2.162652015686035
        },
        {
          "epoch": 89,
          "train_objective": 2.1070258617401123,
          "dev_nll": 2.161271095275879,
          "dev_kl": 0.04733238497981802,
          "dev_objective": 2.161271095275879
        },
        {
          "epoch": 90,
          "train_objective": 2.1055123805999756,
          "dev_nll": 2.159895896911621,
          "dev_kl": 0.04801696989918128,
          "dev_objective": 2.159895896911621
        },
        {
          "epoch": 91,
          "train_objective": 2.104011297225952,
          "dev_nll": 2.1585283279418945,
          "dev_kl": 0.04870199343189597,
          "dev_objective": 2.1585283279418945
        },
        {
          "epoch": 92,
          "train_objective": 2.102522373199463,
          "dev_nll": 2.1571691036224365,
          "dev_kl": 0.04938843008130789,
          "dev_objective": 2.1571691036224365
        },
        {
          "epoch": 93,
          "train_objective": 2.1010453701019287,
          "dev_nll": 2.155820369720459,
          "dev_kl": 0.05007712766295299,
          "dev_objective": 2.155820369720459
        },
        {
          "epoch": 94,
          "train_objective": 2.0995802879333496,
          "dev_nll": 2.154482841491699,
          "dev_kl": 0.050768714109435675,
          "dev_objective": 2.154482841491699
        },
        {
          "epoch": 95,
          "train_objective": 2.0981266498565674,
          "dev_nll": 2.153156042098999,
          "dev_kl": 0.051463459797669205,
          "dev_objective": 2.153156042098999
        },
        {
          "epoch": 96,
          "train_objective": 2.0966849327087402,
          "dev_nll": 2.151840925216675,
          "dev_kl": 0.05216134402900934,
          "dev_objective": 2.151840925216675
        },
        {
          "epoch": 97,
          "train_objective": 2.0952539443969727,
          "dev_nll": 2.150535821914673,
          "dev_kl": 0.05286211280850694,
          "dev_objective": 2.150535821914673
        },
        {
          "epoch": 98,
          "train_objective": 2.0938351154327393,
          "dev_nll": 2.149240016937256,
          "dev_kl": 0.053565143533051016,
          "dev_objective": 2.149240016937256
        },
        {
          "epoch": 99,
          "train_objective": 2.0924270153045654,
          "dev_nll": 2.1479523181915283,
          "dev_kl": 0.054269792046397924,
          "dev_objective": 2.1479523181915283
        },
        {
          "epoch": 100,
          "train_objective": 2.0910303592681885,
          "dev_nll": 2.1466710567474365,
          "dev_kl": 0.05497532893670723,
          "dev_objective": 2.1466710567474365
        },
        {
          "epoch": 101,
          "train_objective": 2.089644432067871,
          "dev_nll": 2.145395517349243,
          "dev_kl": 0.05568110279273242,
          "dev_objective": 2.145395517349243
        },
        {
          "epoch": 102,
          "train_objective": 2.0882692337036133,
          "dev_nll": 2.1441245079040527,
          "dev_kl": 0.05638661361765116,
          "dev_objective": 2.1441245079040527
        },
        {
          "epoch": 103,
          "train_objective": 2.0869052410125732,
          "dev_nll": 2.1428582668304443,
          "dev_kl": 0.05709158900892362,
          "dev_objective": 2.1428582668304443
        },
        {
          "epoch": 104,
          "train_objective": 2.0855519771575928,
          "dev_nll": 2.141596794128418,
          "dev_kl": 0.057796026449650525,
          "dev_objective": 2.141596794128418
        },
        {
          "epoch": 105,
          "train_objective": 2.0842089653015137,
          "dev_nll": 2.1403403282165527,
          "dev_kl": 0.05850007719942368,
          "dev_objective": 2.1403403282165527
        },
        {
          "epoch": 106,
          "train_objective": 2.082876682281494,
          "dev_nll": 2.1390902996063232,
          "dev_kl": 0.059204217618098486,
          "dev_objective": 2.1390902996063232
        },
        {
          "epoch": 107,
          "train_objective": 2.081554412841797,
          "dev_nll": 2.137847661972046,
          "dev_kl": 0.05990892099449411,
          "dev_objective": 2.137847661972046
        },
        {
          "epoch": 108,
          "train_objective": 2.08024263381958,
          "dev_nll": 2.1366138458251953,
          "dev_kl": 0.06061477851122618,
          "dev_objective": 2.1366138458251953
        },
        {
          "epoch": 109,
          "train_objective": 2.0789411067962646,
          "dev_nll": 2.135389804840088,
          "dev_kl": 0.061322281742468475,
          "dev_objective": 2.135389804840088
        },
        {
          "epoch": 110,
          "train_objective": 2.0776491165161133,
          "dev_nll": 2.1341757774353027,
          "dev_kl": 0.06203181569115259,
          "dev_objective": 2.1341757774353027
        },
        {
          "epoch": 111,
          "train_objective": 2.0763673782348633,
          "dev_nll": 2.132972240447998,
          "dev_kl": 0.06274362612050027,
          "dev_objective": 2.132972240447998
        },
        {
          "epoch": 112,
          "train_objective": 2.0750958919525146,
          "dev_nll": 2.131779432296753,
          "dev_kl": 0.06345775150693952,
          "dev_objective": 2.131779432296753
        },
        {
          "epoch": 113,
          "train_objective": 2.073833465576172,
          "dev_nll": 2.130596160888672,
          "dev_kl": 0.0641739954915829,
          "dev_objective": 2.130596160888672
        },
        {
          "epoch": 114,
          "train_objective": 2.0725810527801514,
          "dev_nll": 2.129422187805176,
          "dev_kl": 0.06489207225618884,
          "dev_objective": 2.129422187805176
        },
        {
          "epoch": 115,
          "train_objective": 2.071338176727295,
          "dev_nll": 2.1282567977905273,
          "dev_kl": 0.06561156869051046,
          "dev_objective": 2.1282567977905273
        },
        {
          "epoch": 116,
          "train_objective": 2.0701045989990234,
          "dev_nll": 2.127098321914673,
          "dev_kl": 0.0663320362532977,
          "dev_objective": 2.127098321914673
        },
        {
          "epoch": 117,
          "train_objective": 2.068880558013916,
          "dev_nll": 2.125946521759033,
          "dev_kl": 0.06705301018315367,
          "dev_objective": 2.125946521759033
        },
        {
          "epoch": 118,
          "train_objective": 2.0676653385162354,
          "dev_nll": 2.124799966812134,
          "dev_kl": 0.06777413168223574,
          "dev_objective": 2.124799966812134
        },
        {
          "epoch": 119,
          "train_objective": 2.0664596557617188,
          "dev_nll": 2.1236586570739746,
          "dev_kl": 0.06849522459786385,
          "dev_objective": 2.1236586570739746
        },
        {
          "epoch": 120,
          "train_objective": 2.065263271331787,
          "dev_nll": 2.1225228309631348,
          "dev_kl": 0.06921613878919743,
          "dev_objective": 2.1225228309631348
        },
        {
          "epoch": 121,
          "train_objective": 2.0640757083892822,
          "dev_nll": 2.121392011642456,
          "dev_kl": 0.06993699576356448,
          "dev_objective": 2.121392011642456
        },
        {
          "epoch": 122,
          "train_objective": 2.062896490097046,
          "dev_nll": 2.1202664375305176,
          "dev_kl": 0.07065794071997517,
          "dev_objective": 2.1202664375305176
        },
        {
          "epoch": 123,
          "train_objective": 2.0617265701293945,
          "dev_nll": 2.119147300720215,
          "dev_kl": 0.07137922466499731,
          "dev_objective": 2.119147300720215
        },
        {
          "epoch": 124,
          "train_objective": 2.06056547164917,
          "dev_nll": 2.118034601211548,
          "dev_kl": 0.07210115201422013,
          "dev_objective": 2.118034601211548
        },
        {
          "epoch": 125,
          "train_objective": 2.059412717819214,
          "dev_nll": 2.116929292678833,
          "dev_kl": 0.07282398436334915,
          "dev_objective": 2.116929292678833
        },
        {
          "epoch": 126,
          "train_objective": 2.0582685470581055,
          "dev_nll": 2.1158320903778076,
          "dev_kl": 0.073547914668452,
          "dev_objective": 2.1158320903778076
        },
        {
          "epoch": 127,
          "train_objective": 2.0571327209472656,
          "dev_nll": 2.1147425174713135,
          "dev_kl": 0.07427303655305878,
          "dev_objective": 2.1147425174713135
        },
        {
          "epoch": 128,
          "train_objective": 2.0560057163238525,
          "dev_nll": 2.113661289215088,
          "dev_kl": 0.0749994013493415,
          "dev_objective": 2.113661289215088
        },
        {
          "epoch": 129,
          "train_objective": 2.05488657951355,
          "dev_nll": 2.1125879287719727,
          "dev_kl": 0.07572685533901677,
          "dev_objective": 2.1125879287719727
        },
        {
          "epoch": 130,
          "train_objective": 2.0537755489349365,
          "dev_nll": 2.1115219593048096,
          "dev_kl": 0.07645527968648821,
          "dev_objective": 2.1115219593048096
        },
        {
          "epoch": 131,
          "train_objective": 2.052672863006592,
          "dev_nll": 2.1104636192321777,
          "dev_kl": 0.07718438228126616,
          "dev_objective": 2.1104636192321777
        },
        {
          "epoch": 132,
          "train_objective": 2.0515782833099365,
          "dev_nll": 2.1094117164611816,
          "dev_kl": 0.07791395067819394,
          "dev_objective": 2.1094117164611816
        },
        {
          "epoch": 133,
          "train_objective": 2.0504915714263916,
          "dev_nll": 2.1083664894104004,
          "dev_kl": 0.07864372826530598,
          "dev_objective": 2.1083664894104004
        },
        {
          "epoch": 134,
          "train_objective": 2.049412965774536,
          "dev_nll": 2.107327461242676,
          "dev_kl": 0.07937356463982724,
          "dev_objective": 2.107327461242676
        },
        {
          "epoch": 135,
          "train_objective": 2.048341751098633,
          "dev_nll": 2.1062936782836914,
          "dev_kl": 0.08010334384860471,
          "dev_objective": 2.1062936782836914
        },
        {
          "epoch": 136,
          "train_objective": 2.0472781658172607,
          "dev_nll": 2.1052658557891846,
          "dev_kl": 0.08083301171660423,
          "dev_objective": 2.1052658557891846
        },
        {
          "epoch": 137,
          "train_objective": 2.0462229251861572,
          "dev_nll": 2.1042439937591553,
          "dev_kl": 0.08156261826632544,
          "dev_objective": 2.1042439937591553
        },
        {
          "epoch": 138,
          "train_objective": 2.0451748371124268,
          "dev_nll": 2.1032276153564453,
          "dev_kl": 0.08229224150185473,
          "dev_objective": 2.1032276153564453
        },
        {
          "epoch": 139,
          "train_objective": 2.0441343784332275,
          "dev_nll": 2.102217435836792,
          "dev_kl": 0.08302202077233233,
          "dev_objective": 2.102217435836792
        },
        {
          "epoch": 140,
          "train_objective": 2.0431013107299805,
          "dev_nll": 2.101212978363037,
          "dev_kl": 0.08375206040684134,
          "dev_objective": 2.101212978363037
        },
        {
          "epoch": 141,
          "train_objective": 2.0420756340026855,
          "dev_nll": 2.100215196609497,
          "dev_kl": 0.08448247658438049,
          "dev_objective": 2.100215196609497
        },
        {
          "epoch": 142,
          "train_objective": 2.0410573482513428,
          "dev_nll": 2.099224328994751,
          "dev_kl": 0.08521332648349926,
          "dev_objective": 2.099224328994751
        },
        {
          "epoch": 143,
          "train_objective": 2.040045976638794,
          "dev_nll": 2.0982391834259033,
          "dev_kl": 0.08594458410167136,
          "dev_objective": 2.0982391834259033
        },
        {
          "epoch": 144,
          "train_objective": 2.0390419960021973,
          "dev_nll": 2.0972604751586914,
          "dev_kl": 0.0866762089927215,
          "dev_objective": 2.0972604751586914
        },
        {
          "epoch": 145,
          "train_objective": 2.0380449295043945,
          "dev_nll": 2.096287727355957,
          "dev_kl": 0.08740811800351367,
          "dev_objective": 2.096287727355957
        },
        {
          "epoch": 146,
          "train_objective": 2.037055253982544,
          "dev_nll": 2.0953216552734375,
          "dev_kl": 0.08814018079312519,
          "dev_objective": 2.0953216552734375
        },
        {
          "epoch": 147,
          "train_objective": 2.036072254180908,
          "dev_nll": 2.0943610668182373,
          "dev_kl": 0.0888722745294217,
          "dev_objective": 2.0943610668182373
        },
        {
          "epoch": 148,
          "train_objective": 2.0350964069366455,
          "dev_nll": 2.0934059619903564,
          "dev_kl": 0.08960426351753994,
          "dev_objective": 2.0934059619903564
        },
        {
          "epoch": 149,
          "train_objective": 2.0341269969940186,
          "dev_nll": 2.092456340789795,
          "dev_kl": 0.09033603220828809,
          "dev_objective": 2.092456340789795
        },
        {
          "epoch": 150,
          "train_objective": 2.0331649780273438,
          "dev_nll": 2.0915122032165527,
          "dev_kl": 0.09106754973880016,
          "dev_objective": 2.0915122032165527
        },
        {
          "epoch": 151,
          "train_objective": 2.0322091579437256,
          "dev_nll": 2.090573787689209,
          "dev_kl": 0.0917987975187134,
          "dev_objective": 2.090573787689209
        },
        {
          "epoch": 152,
          "train_objective": 2.0312602519989014,
          "dev_nll": 2.0896406173706055,
          "dev_kl": 0.09252975765732117,
          "dev_objective": 2.0896406173706055
        },
        {
          "epoch": 153,
          "train_objective": 2.030318021774292,
          "dev_nll": 2.0887129306793213,
          "dev_kl": 0.09326050723087974,
          "dev_objective": 2.0887129306793213
        },
        {
          "epoch": 154,
          "train_objective": 2.0293819904327393,
          "dev_nll": 2.0877907276153564,
          "dev_kl": 0.09399112154380418,
          "dev_objective": 2.0877907276153564
        },
        {
          "epoch": 155,
          "train_objective": 2.0284528732299805,
          "dev_nll": 2.086874485015869,
          "dev_kl": 0.09472162632504479,
          "dev_objective": 2.086874485015869
        },
        {
          "epoch": 156,
          "train_objective": 2.0275299549102783,
          "dev_nll": 2.0859639644622803,
          "dev_kl": 0.09545207273797132,
          "dev_objective": 2.0859639644622803
        },
        {
          "epoch": 157,
          "train_objective": 2.026613235473633,
          "dev_nll": 2.0850589275360107,
          "dev_kl": 0.09618249646387994,
          "dev_objective": 2.0850589275360107
        },
        {
          "epoch": 158,
          "train_objective": 2.025703191757202,
          "dev_nll": 2.084160089492798,
          "dev_kl": 0.09691288142814301,
          "dev_objective": 2.084160089492798
        },
        {
          "epoch": 159,
          "train_objective": 2.024799108505249,
          "dev_nll": 2.083266496658325,
          "dev_kl": 0.09764316434389912,
          "dev_objective": 2.083266496658325
        },
        {
          "epoch": 160,
          "train_objective": 2.0239014625549316,
          "dev_nll": 2.082378625869751,
          "dev_kl": 0.09837330235983245,
          "dev_objective": 2.082378625869751
        },
        {
          "epoch": 161,
          "train_objective": 2.023009777069092,
          "dev_nll": 2.081496000289917,
          "dev_kl": 0.09910321888979524,
          "dev_objective": 2.081496000289917
        },
        {
          "epoch": 162,
          "train_objective": 2.0221242904663086,
          "dev_nll": 2.0806186199188232,
          "dev_kl": 0.09983280688058585,
          "dev_objective": 2.0806186199188232
        },
        {
          "epoch": 163,
          "train_objective": 2.021245002746582,
          "dev_nll": 2.0797462463378906,
          "dev_kl": 0.10056203188491054,
          "dev_objective": 2.0797462463378906
        },
        {
          "epoch": 164,
          "train_objective": 2.020371675491333,
          "dev_nll": 2.078878879547119,
          "dev_kl": 0.10129078664118424,
          "dev_objective": 2.078878879547119
        },
        {
          "epoch": 165,
          "train_objective": 2.0195043087005615,
          "dev_nll": 2.078016519546509,
          "dev_kl": 0.10201909426599741,
          "dev_objective": 2.078016519546509
        },
        {
          "epoch": 166,
          "train_objective": 2.0186429023742676,
          "dev_nll": 2.0771589279174805,
          "dev_kl": 0.10274690394406207,
          "dev_objective": 2.0771589279174805
        },
        {
          "epoch": 167,
          "train_objective": 2.017787218093872,
          "dev_nll": 2.0763063430786133,
          "dev_kl": 0.1034742523508612,
          "dev_objective": 2.0763063430786133
        },
        {
          "epoch": 168,
          "train_objective": 2.016937494277954,
          "dev_nll": 2.0754587650299072,
          "dev_kl": 0.10420118452748284,
          "dev_objective": 2.0754587650299072
        },
        {
          "epoch": 169,
          "train_objective": 2.0160934925079346,
          "dev_nll": 2.0746161937713623,
          "dev_kl": 0.10492766567738726,
          "dev_objective": 2.0746161937713623
        },
        {
          "epoch": 170,
          "train_objective": 2.0152549743652344,
          "dev_nll": 2.0737786293029785,
          "dev_kl": 0.10565378968371078,
          "dev_objective": 2.0737786293029785
        },
        {
          "epoch": 171,
          "train_objective": 2.0144224166870117,
          "dev_nll": 2.072946071624756,
          "dev_kl": 0.10637952999328264,
          "dev_objective": 2.072946071624756
        },
        {
          "epoch": 172,
          "train_objective": 2.0135955810546875,
          "dev_nll": 2.0721192359924316,
          "dev_kl": 0.10710491390200332,
          "dev_objective": 2.0721192359924316
        },
        {
          "epoch": 173,
          "train_objective": 2.0127742290496826,
          "dev_nll": 2.0712969303131104,
          "dev_kl": 0.10782988050719723,
          "dev_objective": 2.0712969303131104
        },
        {
          "epoch": 174,
          "train_objective": 2.011958360671997,
          "dev_nll": 2.0704798698425293,
          "dev_kl": 0.10855442928266712,
          "dev_objective": 2.0704798698425293
        },
        {
          "epoch": 175,
          "train_objective": 2.011147975921631,
          "dev_nll": 2.0696675777435303,
          "dev_kl": 0.10927850784384646,
          "dev_objective": 2.0696675777435303
        },
        {
          "epoch": 176,
          "train_objective": 2.010343313217163,
          "dev_nll": 2.0688600540161133,
          "dev_kl": 0.11000207622186281,
          "dev_objective": 2.0688600540161133
        },
        {
          "epoch": 177,
          "train_objective": 2.0095438957214355,
          "dev_nll": 2.0680572986602783,
          "dev_kl": 0.11072505440213717,
          "dev_objective": 2.0680572986602783
        },
        {
          "epoch": 178,
          "train_objective": 2.0087499618530273,
          "dev_nll": 2.0672593116760254,
          "dev_kl": 0.11144745092839002,
          "dev_objective": 2.0672593116760254
        },
        {
          "epoch": 179,
          "train_objective": 2.0079612731933594,
          "dev_nll": 2.0664663314819336,
          "dev_kl": 0.112169204428792,
          "dev_objective": 2.0664663314819336
        },
        {
          "epoch": 180,
          "train_objective": 2.0071778297424316,
          "dev_nll": 2.0656774044036865,
          "dev_kl": 0.11289031037013046,
          "dev_objective": 2.0656774044036865
        },
        {
          "epoch": 181,
          "train_objective": 2.0063998699188232,
          "dev_nll": 2.0648932456970215,
          "dev_kl": 0.11361078294808977,
          "dev_objective": 2.0648932456970215
        },
        {
          "epoch": 182,
          "train_objective": 2.005626916885376,
          "dev_nll": 2.0641136169433594,
          "dev_kl": 0.1143305815802887,
          "dev_objective": 2.0641136169433594
        },
        {
          "epoch": 183,
          "train_objective": 2.004859447479248,
          "dev_nll": 2.0633385181427,
          "dev_kl": 0.11504975342308171,
          "dev_objective": 2.0633385181427
        },
        {
          "epoch": 184,
          "train_objective": 2.0040969848632812,
          "dev_nll": 2.062568187713623,
          "dev_kl": 0.11576828599208966,
          "dev_objective": 2.062568187713623
        },
        {
          "epoch": 185,
          "train_objective": 2.0033392906188965,
          "dev_nll": 2.0618021488189697,
          "dev_kl": 0.11648620090447366,
          "dev_objective": 2.0618021488189697
        },
        {
          "epoch": 186,
          "train_objective": 2.00258731842041,
          "dev_nll": 2.0610408782958984,
          "dev_kl": 0.11720346869551576,
          "dev_objective": 2.0610408782958984
        },
        {
          "epoch": 187,
          "train_objective": 2.001840114593506,
          "dev_nll": 2.060284376144409,
          "dev_kl": 0.1179200740205124,
          "dev_objective": 2.060284376144409
        },
        {
          "epoch": 188,
          "train_objective": 2.0010976791381836,
          "dev_nll": 2.0595319271087646,
          "dev_kl": 0.11863601961522363,
          "dev_objective": 2.0595319271087646
        },
        {
          "epoch": 189,
          "train_objective": 2.0003607273101807,
          "dev_nll": 2.058784246444702,
          "dev_kl": 0.1193512521777302,
          "dev_objective": 2.058784246444702
        },
        {
          "epoch": 190,
          "train_objective": 1.9996285438537598,
          "dev_nll": 2.0580408573150635,
          "dev_kl": 0.12006576082785614,
          "dev_objective": 2.0580408573150635
        },
        {
          "epoch": 191,
          "train_objective": 1.998901128768921,
          "dev_nll": 2.0573015213012695,
          "dev_kl": 0.12077949037426151,
          "dev_objective": 2.0573015213012695
        },
        {
          "epoch": 192,
          "train_objective": 1.9981787204742432,
          "dev_nll": 2.0565669536590576,
          "dev_kl": 0.12149244121741504,
          "dev_objective": 2.0565669536590576
        },
        {
          "epoch": 193,
          "train_objective": 1.9974610805511475,
          "dev_nll": 2.0558364391326904,
          "dev_kl": 0.12220457854564301,
          "dev_objective": 2.0558364391326904
        },
        {
          "epoch": 194,
          "train_objective": 1.996748447418213,
          "dev_nll": 2.055110216140747,
          "dev_kl": 0.12291590294917114,
          "dev_objective": 2.055110216140747
        },
        {
          "epoch": 195,
          "train_objective": 1.9960402250289917,
          "dev_nll": 2.0543882846832275,
          "dev_kl": 0.12362639531027525,
          "dev_objective": 2.0543882846832275
        },
        {
          "epoch": 196,
          "train_objective": 1.9953370094299316,
          "dev_nll": 2.053670644760132,
          "dev_kl": 0.12433608008199372,
          "dev_objective": 2.053670644760132
        },
        {
          "epoch": 197,
          "train_objective": 1.9946385622024536,
          "dev_nll": 2.052957057952881,
          "dev_kl": 0.1250449105957523,
          "dev_objective": 2.052957057952881
        },
        {
          "epoch": 198,
          "train_objective": 1.993944525718689,
          "dev_nll": 2.052248001098633,
          "dev_kl": 0.12575293772737495,
          "dev_objective": 2.052248001098633
        },
        {
          "epoch": 199,
          "train_objective": 1.9932554960250854,
          "dev_nll": 2.0515427589416504,
          "dev_kl": 0.1264601185102947,
          "dev_objective": 2.0515427589416504
        },
        {
          "epoch": 200,
          "train_objective": 1.9925711154937744,
          "dev_nll": 2.050842046737671,
          "dev_kl": 0.127166435001418,
          "dev_objective": 2.050842046737671
        },
        {
          "epoch": 201,
          "train_objective": 1.9918909072875977,
          "dev_nll": 2.050145149230957,
          "dev_kl": 0.12787193913245573,
          "dev_objective": 2.050145149230957
        },
        {
          "epoch": 202,
          "train_objective": 1.9912155866622925,
          "dev_nll": 2.049452781677246,
          "dev_kl": 0.12857652134029196,
          "dev_objective": 2.049452781677246
        },
        {
          "epoch": 203,
          "train_objective": 1.9905449151992798,
          "dev_nll": 2.0487639904022217,
          "dev_kl": 0.1292802367627155,
          "dev_objective": 2.0487639904022217
        },
        {
          "epoch": 204,
          "train_objective": 1.989878535270691,
          "dev_nll": 2.048079490661621,
          "dev_kl": 0.12998304349021056,
          "dev_objective": 2.048079490661621
        },
        {
          "epoch": 205,
          "train_objective": 1.989216923713684,
          "dev_nll": 2.0473990440368652,
          "dev_kl": 0.13068489467608743,
          "dev_objective": 2.0473990440368652
        },
        {
          "epoch": 206,
          "train_objective": 1.9885594844818115,
          "dev_nll": 2.046722650527954,
          "dev_kl": 0.131385757351527,
          "dev_objective": 2.046722650527954
        },
        {
          "epoch": 207,
          "train_objective": 1.9879066944122314,
          "dev_nll": 2.0460500717163086,
          "dev_kl": 0.13208570021437482,
          "dev_objective": 2.0460500717163086
        },
        {
          "epoch": 208,
          "train_objective": 1.987257957458496,
          "dev_nll": 2.045381546020508,
          "dev_kl": 0.13278464361676015,
          "dev_objective": 2.045381546020508
        },
        {
          "epoch": 209,
          "train_objective": 1.9866139888763428,
          "dev_nll": 2.0447168350219727,
          "dev_kl": 0.1334826111549046,
          "dev_objective": 2.0447168350219727
        },
        {
          "epoch": 210,
          "train_objective": 1.9859740734100342,
          "dev_nll": 2.044055938720703,
          "dev_kl": 0.13417957035708242,
          "dev_objective": 2.044055938720703
        },
        {
          "epoch": 211,
          "train_objective": 1.985338807106018,
          "dev_nll": 2.0433990955352783,
          "dev_kl": 0.1348755683482159,
          "dev_objective": 2.0433990955352783
        },
        {
          "epoch": 212,
          "train_objective": 1.9847075939178467,
          "dev_nll": 2.042746067047119,
          "dev_kl": 0.13557056530960834,
          "dev_objective": 2.042746067047119
        },
        {
          "epoch": 213,
          "train_objective": 1.9840807914733887,
          "dev_nll": 2.0420970916748047,
          "dev_kl": 0.1362645501224324,
          "dev_objective": 2.0420970916748047
        },
        {
          "epoch": 214,
          "train_objective": 1.983458161354065,
          "dev_nll": 2.041451930999756,
          "dev_kl": 0.13695750904618761,
          "dev_objective": 2.041451930999756
        },
        {
          "epoch": 215,
          "train_objective": 1.9828397035598755,
          "dev_nll": 2.0408103466033936,
          "dev_kl": 0.13764946371200495,
          "dev_objective": 2.0408103466033936
        },
        {
          "epoch": 216,
          "train_objective": 1.9822254180908203,
          "dev_nll": 2.040172815322876,
          "dev_kl": 0.13834038707311266,
          "dev_objective": 2.040172815322876
        },
        {
          "epoch": 217,
          "train_objective": 1.981615424156189,
          "dev_nll": 2.039538860321045,
          "dev_kl": 0.13903025850711856,
          "dev_objective": 2.039538860321045
        },
        {
          "epoch": 218,
          "train_objective": 1.9810097217559814,
          "dev_nll": 2.0389089584350586,
          "dev_kl": 0.139719024632941,
          "dev_objective": 2.0389089584350586
        },
        {
          "epoch": 219,
          "train_objective": 1.9804078340530396,
          "dev_nll": 2.0382823944091797,
          "dev_kl": 0.14040675718162673,
          "dev_objective": 2.0382823944091797
        },
        {
          "epoch": 220,
          "train_objective": 1.979810118675232,
          "dev_nll": 2.0376598834991455,
          "dev_kl": 0.1410933721746551,
          "dev_objective": 2.0376598834991455
        },
        {
          "epoch": 221,
          "train_objective": 1.9792165756225586,
          "dev_nll": 2.0370407104492188,
          "dev_kl": 0.14177890722872688,
          "dev_objective": 2.0370407104492188
        },
        {
          "epoch": 222,
          "train_objective": 1.9786269664764404,
          "dev_nll": 2.0364253520965576,
          "dev_kl": 0.14246332661248742,
          "dev_objective": 2.0364253520965576
        },
        {
          "epoch": 223,
          "train_objective": 1.9780412912368774,
          "dev_nll": 2.035813808441162,
          "dev_kl": 0.14314663293538615,
          "dev_objective": 2.035813808441162
        },
        {
          "epoch": 224,
          "train_objective": 1.9774597883224487,
          "dev_nll": 2.035205602645874,
          "dev_kl": 0.14382881690282376,
          "dev_objective": 2.035205602645874
        },
        {
          "epoch": 225,
          "train_objective": 1.9768821001052856,
          "dev_nll": 2.0346012115478516,
          "dev_kl": 0.14450986521085724,
          "dev_objective": 2.0346012115478516
        },
        {
          "epoch": 226,
          "train_objective": 1.9763085842132568,
          "dev_nll": 2.0340001583099365,
          "dev_kl": 0.1451897858432494,
          "dev_objective": 2.0340001583099365
        },
        {
          "epoch": 227,
          "train_objective": 1.9757390022277832,
          "dev_nll": 2.033402919769287,
          "dev_kl": 0.14586858957540244,
          "dev_objective": 2.033402919769287
        },
        {
          "epoch": 228,
          "train_objective": 1.9751731157302856,
          "dev_nll": 2.032809257507324,
          "dev_kl": 0.14654622965841554,
          "dev_objective": 2.032809257507324
        },
        {
          "epoch": 229,
          "train_objective": 1.9746114015579224,
          "dev_nll": 2.032219171524048,
          "dev_kl": 0.1472227083845064,
          "dev_objective": 2.032219171524048
        },
        {
          "epoch": 230,
          "train_objective": 1.974053144454956,
          "dev_nll": 2.0316321849823,
          "dev_kl": 0.14789803143474273,
          "dev_objective": 2.0316321849823
        },
        {
          "epoch": 231,
          "train_objective": 1.9734991788864136,
          "dev_nll": 2.0310490131378174,
          "dev_kl": 0.1485721589246532,
          "dev_objective": 2.0310490131378174
        },
        {
          "epoch": 232,
          "train_objective": 1.972948670387268,
          "dev_nll": 2.0304694175720215,
          "dev_kl": 0.14924510280950926,
          "dev_objective": 2.0304694175720215
        },
        {
          "epoch": 233,
          "train_objective": 1.9724022150039673,
          "dev_nll": 2.029893159866333,
          "dev_kl": 0.14991687356377953,
          "dev_objective": 2.029893159866333
        },
        {
          "epoch": 234,
          "train_objective": 1.9718595743179321,
          "dev_nll": 2.029320001602173,
          "dev_kl": 0.15058739702391905,
          "dev_objective": 2.029320001602173
        },
        {
          "epoch": 235,
          "train_objective": 1.9713201522827148,
          "dev_nll": 2.0287506580352783,
          "dev_kl": 0.15125673080503474,
          "dev_objective": 2.0287506580352783
        },
        {
          "epoch": 236,
          "train_objective": 1.9707847833633423,
          "dev_nll": 2.0281848907470703,
          "dev_kl": 0.1519248657504795,
          "dev_objective": 2.0281848907470703
        },
        {
          "epoch": 237,
          "train_objective": 1.9702531099319458,
          "dev_nll": 2.0276219844818115,
          "dev_kl": 0.15259175020619295,
          "dev_objective": 2.0276219844818115
        },
        {
          "epoch": 238,
          "train_objective": 1.9697253704071045,
          "dev_nll": 2.02706241607666,
          "dev_kl": 0.15325741670734716,
          "dev_objective": 2.02706241607666
        },
        {
          "epoch": 239,
          "train_objective": 1.9692010879516602,
          "dev_nll": 2.0265069007873535,
          "dev_kl": 0.15392187102115712,
          "dev_objective": 2.0265069007873535
        },
        {
          "epoch": 240,
          "train_objective": 1.9686803817749023,
          "dev_nll": 2.025954246520996,
          "dev_kl": 0.15458506385271903,
          "dev_objective": 2.025954246520996
        },
        {
          "epoch": 241,
          "train_objective": 1.9681631326675415,
          "dev_nll": 2.025404930114746,
          "dev_kl": 0.1552470004442148,
          "dev_objective": 2.025404930114746
        },
        {
          "epoch": 242,
          "train_objective": 1.9676501750946045,
          "dev_nll": 2.0248589515686035,
          "dev_kl": 0.1559077214077115,
          "dev_objective": 2.0248589515686035
        },
        {
          "epoch": 243,
          "train_objective": 1.9671400785446167,
          "dev_nll": 2.0243163108825684,
          "dev_kl": 0.1565671192348236,
          "dev_objective": 2.0243163108825684
        },
        {
          "epoch": 244,
          "train_objective": 1.9666337966918945,
          "dev_nll": 2.0237767696380615,
          "dev_kl": 0.157225277472171,
          "dev_objective": 2.0237767696380615
        },
        {
          "epoch": 245,
          "train_objective": 1.9661309719085693,
          "dev_nll": 2.023240566253662,
          "dev_kl": 0.1578821588732535,
          "dev_objective": 2.023240566253662
        },
        {
          "epoch": 246,
          "train_objective": 1.9656318426132202,
          "dev_nll": 2.022707462310791,
          "dev_kl": 0.15853774980467278,
          "dev_objective": 2.022707462310791
        },
        {
          "epoch": 247,
          "train_objective": 1.965135931968689,
          "dev_nll": 2.0221776962280273,
          "dev_kl": 0.15919204666046427,
          "dev_objective": 2.0221776962280273
        },
        {
          "epoch": 248,
          "train_objective": 1.9646437168121338,
          "dev_nll": 2.021651029586792,
          "dev_kl": 0.15984503416111692,
          "dev_objective": 2.021651029586792
        },
        {
          "epoch": 249,
          "train_objective": 1.9641550779342651,
          "dev_nll": 2.021127462387085,
          "dev_kl": 0.1604967313312227,
          "dev_objective": 2.021127462387085
        },
        {
          "epoch": 250,
          "train_objective": 1.963669776916504,
          "dev_nll": 2.0206072330474854,
          "dev_kl": 0.16114713148155715,
          "dev_objective": 2.0206072330474854
        },
        {
          "epoch": 251,
          "train_objective": 1.9631876945495605,
          "dev_nll": 2.020090341567993,
          "dev_kl": 0.16179622975934763,
          "dev_objective": 2.020090341567993
        },
        {
          "epoch": 252,
          "train_objective": 1.9627090692520142,
          "dev_nll": 2.019576072692871,
          "dev_kl": 0.16244396711001172,
          "dev_objective": 2.019576072692871
        },
        {
          "epoch": 253,
          "train_objective": 1.9622337818145752,
          "dev_nll": 2.0190651416778564,
          "dev_kl": 0.16309042525885162,
          "dev_objective": 2.0190651416778564
        },
        {
          "epoch": 254,
          "train_objective": 1.9617619514465332,
          "dev_nll": 2.018557071685791,
          "dev_kl": 0.16373553134966642,
          "dev_objective": 2.018557071685791
        },
        {
          "epoch": 255,
          "train_objective": 1.9612935781478882,
          "dev_nll": 2.018052577972412,
          "dev_kl": 0.1643792935728561,
          "dev_objective": 2.018052577972412
        },
        {
          "epoch": 256,
          "train_objective": 1.960828423500061,
          "dev_nll": 2.0175507068634033,
          "dev_kl": 0.16502175651519793,
          "dev_objective": 2.0175507068634033
        },
        {
          "epoch": 257,
          "train_objective": 1.9603666067123413,
          "dev_nll": 2.017052173614502,
          "dev_kl": 0.16566283337539062,
          "dev_objective": 2.017052173614502
        },
        {
          "epoch": 258,
          "train_objective": 1.95990788936615,
          "dev_nll": 2.016556739807129,
          "dev_kl": 0.1663025800284231,
          "dev_objective": 2.016556739807129
        },
        {
          "epoch": 259,
          "train_objective": 1.9594523906707764,
          "dev_nll": 2.016063928604126,
          "dev_kl": 0.16694094982580282,
          "dev_objective": 2.016063928604126
        },
        {
          "epoch": 260,
          "train_objective": 1.9590003490447998,
          "dev_nll": 2.0155742168426514,
          "dev_kl": 0.16757794031494996,
          "dev_objective": 2.0155742168426514
        },
        {
          "epoch": 261,
          "train_objective": 1.9585515260696411,
          "dev_nll": 2.015087366104126,
          "dev_kl": 0.1682136165330303,
          "dev_objective": 2.015087366104126
        },
        {
          "epoch": 262,
          "train_objective": 1.9581058025360107,
          "dev_nll": 2.014603614807129,
          "dev_kl": 0.16884788669034606,
          "dev_objective": 2.014603614807129
        },
        {
          "epoch": 263,
          "train_objective": 1.9576630592346191,
          "dev_nll": 2.01412296295166,
          "dev_kl": 0.16948077970126177,
          "dev_objective": 2.01412296295166
        },
        {
          "epoch": 264,
          "train_objective": 1.9572237730026245,
          "dev_nll": 2.0136449337005615,
          "dev_kl": 0.17011230031203012,
          "dev_objective": 2.0136449337005615
        },
        {
          "epoch": 265,
          "train_objective": 1.9567875862121582,
          "dev_nll": 2.013170003890991,
          "dev_kl": 0.17074241197784432,
          "dev_objective": 2.013170003890991
        },
        {
          "epoch": 266,
          "train_objective": 1.9563543796539307,
          "dev_nll": 2.012698173522949,
          "dev_kl": 0.1713711517766933,
          "dev_objective": 2.012698173522949
        },
        {
          "epoch": 267,
          "train_objective": 1.9559245109558105,
          "dev_nll": 2.0122287273406982,
          "dev_kl": 0.17199849501310382,
          "dev_objective": 2.0122287273406982
        },
        {
          "epoch": 268,
          "train_objective": 1.9554975032806396,
          "dev_nll": 2.0117626190185547,
          "dev_kl": 0.1726244628347922,
          "dev_objective": 2.0117626190185547
        },
        {
          "epoch": 269,
          "train_objective": 1.9550737142562866,
          "dev_nll": 2.011298894882202,
          "dev_kl": 0.17324902110907714,
          "dev_objective": 2.011298894882202
        },
        {
          "epoch": 270,
          "train_objective": 1.9546527862548828,
          "dev_nll": 2.010838270187378,
          "dev_kl": 0.17387216180679388,
          "dev_objective": 2.010838270187378
        },
        {
          "epoch": 271,
          "train_objective": 1.9542350769042969,
          "dev_nll": 2.010380506515503,
          "dev_kl": 0.17449389807123225,
          "dev_objective": 2.010380506515503
        },
        {
          "epoch": 272,
          "train_objective": 1.9538202285766602,
          "dev_nll": 2.009925365447998,
          "dev_kl": 0.17511422269628382,
          "dev_objective": 2.009925365447998
        },
        {
          "epoch": 273,
          "train_objective": 1.9534084796905518,
          "dev_nll": 2.0094733238220215,
          "dev_kl": 0.17573313353408593,
          "dev_objective": 2.0094733238220215
        },
        {
          "epoch": 274,
          "train_objective": 1.952999472618103,
          "dev_nll": 2.009023666381836,
          "dev_kl": 0.1763505963125499,
          "dev_objective": 2.009023666381836
        },
        {
          "epoch": 275,
          "train_objective": 1.9525939226150513,
          "dev_nll": 2.0085768699645996,
          "dev_kl": 0.17696664027927908,
          "dev_objective": 2.0085768699645996
        },
        {
          "epoch": 276,
          "train_objective": 1.9521909952163696,
          "dev_nll": 2.0081326961517334,
          "dev_kl": 0.17758124860876706,
          "dev_objective": 2.0081326961517334
        },
        {
          "epoch": 277,
          "train_objective": 1.9517908096313477,
          "dev_nll": 2.0076913833618164,
          "dev_kl": 0.17819442869920749,
          "dev_objective": 2.0076913833618164
        },
        {
          "epoch": 278,
          "train_objective": 1.951393723487854,
          "dev_nll": 2.0072526931762695,
          "dev_kl": 0.17880618991679512,
          "dev_objective": 2.0072526931762695
        },
        {
          "epoch": 279,
          "train_objective": 1.9509992599487305,
          "dev_nll": 2.006817102432251,
          "dev_kl": 0.1794165012438316,
          "dev_objective": 2.006817102432251
        },
        {
          "epoch": 280,
          "train_objective": 1.9506081342697144,
          "dev_nll": 2.0063836574554443,
          "dev_kl": 0.18002537949068936,
          "dev_objective": 2.0063836574554443
        },
        {
          "epoch": 281,
          "train_objective": 1.9502196311950684,
          "dev_nll": 2.005953073501587,
          "dev_kl": 0.18063278482062742,
          "dev_objective": 2.005953073501587
        },
        {
          "epoch": 282,
          "train_objective": 1.949833869934082,
          "dev_nll": 2.0055251121520996,
          "dev_kl": 0.18123874877928756,
          "dev_objective": 2.0055251121520996
        },
        {
          "epoch": 283,
          "train_objective": 1.9494508504867554,
          "dev_nll": 2.0050997734069824,
          "dev_kl": 0.1818432753533125,
          "dev_objective": 2.0050997734069824
        },
        {
          "epoch": 284,
          "train_objective": 1.949070930480957,
          "dev_nll": 2.0046770572662354,
          "dev_kl": 0.18244633374910335,
          "dev_objective": 2.0046770572662354
        },
        {
          "epoch": 285,
          "train_objective": 1.9486936330795288,
          "dev_nll": 2.0042569637298584,
          "dev_kl": 0.18304792426584754,
          "dev_objective": 2.0042569637298584
        },
        {
          "epoch": 286,
          "train_objective": 1.9483189582824707,
          "dev_nll": 2.0038394927978516,
          "dev_kl": 0.18364808743295724,
          "dev_objective": 2.0038394927978516
        },
        {
          "epoch": 287,
          "train_objective": 1.9479470252990723,
          "dev_nll": 2.0034244060516357,
          "dev_kl": 0.1842467977470369,
          "dev_objective": 2.0034244060516357
        },
        {
          "epoch": 288,
          "train_objective": 1.9475780725479126,
          "dev_nll": 2.003012180328369,
          "dev_kl": 0.18484398623200832,
          "dev_objective": 2.003012180328369
        },
        {
          "epoch": 289,
          "train_objective": 1.947211742401123,
          "dev_nll": 2.0026021003723145,
          "dev_kl": 0.18543974910950056,
          "dev_objective": 2.0026021003723145
        },
        {
          "epoch": 290,
          "train_objective": 1.946847915649414,
          "dev_nll": 2.002194881439209,
          "dev_kl": 0.18603401998290792,
          "dev_objective": 2.002194881439209
        },
        {
          "epoch": 291,
          "train_objective": 1.9464865922927856,
          "dev_nll": 2.0017900466918945,
          "dev_kl": 0.18662680815468774,
          "dev_objective": 2.0017900466918945
        },
        {
          "epoch": 292,
          "train_objective": 1.9461283683776855,
          "dev_nll": 2.001387596130371,
          "dev_kl": 0.18721812563802814,
          "dev_objective": 2.001387596130371
        },
        {
          "epoch": 293,
          "train_objective": 1.9457727670669556,
          "dev_nll": 2.0009877681732178,
          "dev_kl": 0.1878079938731389,
          "dev_objective": 2.0009877681732178
        },
        {
          "epoch": 294,
          "train_objective": 1.945419430732727,
          "dev_nll": 2.0005905628204346,
          "dev_kl": 0.18839634821997606,
          "dev_objective": 2.0005905628204346
        },
        {
          "epoch": 295,
          "train_objective": 1.9450687170028687,
          "dev_nll": 2.0001955032348633,
          "dev_kl": 0.18898321156651945,
          "dev_objective": 2.0001955032348633
        },
        {
          "epoch": 296,
          "train_objective": 1.944720983505249,
          "dev_nll": 1.999803066253662,
          "dev_kl": 0.18956858928431758,
          "dev_objective": 1.999803066253662
        },
        {
          "epoch": 297,
          "train_objective": 1.9443756341934204,
          "dev_nll": 1.9994128942489624,
          "dev_kl": 0.19015251083052134,
          "dev_objective": 1.9994128942489624
        },
        {
          "epoch": 298,
          "train_objective": 1.9440326690673828,
          "dev_nll": 1.9990254640579224,
          "dev_kl": 0.19073495249365804,
          "dev_objective": 1.9990254640579224
        },
        {
          "epoch": 299,
          "train_objective": 1.9436922073364258,
          "dev_nll": 1.9986401796340942,
          "dev_kl": 0.191315867555968,
          "dev_objective": 1.9986401796340942
        }
      ]
    },
    "signed_logic_repair_head": {
      "kl_lambda": 0.0,
      "best_dev_nll": 2.0177292823791504,
      "best_dev_kl": 0.2156252526678145,
      "best_dev_objective": 2.0177292823791504,
      "epochs_run": 300,
      "history": [
        {
          "epoch": 0,
          "train_objective": 2.592682123184204,
          "dev_nll": 2.4170961380004883,
          "dev_kl": 0.05746110680513084,
          "dev_objective": 2.4170961380004883
        },
        {
          "epoch": 1,
          "train_objective": 2.4337339401245117,
          "dev_nll": 2.3153576850891113,
          "dev_kl": 0.009673864983487874,
          "dev_objective": 2.3153576850891113
        },
        {
          "epoch": 2,
          "train_objective": 2.3103129863739014,
          "dev_nll": 2.2849743366241455,
          "dev_kl": 0.02602138574118726,
          "dev_objective": 2.2849743366241455
        },
        {
          "epoch": 3,
          "train_objective": 2.248549461364746,
          "dev_nll": 2.3117330074310303,
          "dev_kl": 0.08840062051487621,
          "dev_objective": 2.3117330074310303
        },
        {
          "epoch": 4,
          "train_objective": 2.2353246212005615,
          "dev_nll": 2.359128952026367,
          "dev_kl": 0.16144111304543912,
          "dev_objective": 2.359128952026367
        },
        {
          "epoch": 5,
          "train_objective": 2.2449355125427246,
          "dev_nll": 2.3994274139404297,
          "dev_kl": 0.22135202172212304,
          "dev_objective": 2.3994274139404297
        },
        {
          "epoch": 6,
          "train_objective": 2.258090019226074,
          "dev_nll": 2.4209816455841064,
          "dev_kl": 0.2569905509334058,
          "dev_objective": 2.4209816455841064
        },
        {
          "epoch": 7,
          "train_objective": 2.264765501022339,
          "dev_nll": 2.422982692718506,
          "dev_kl": 0.26690525327809156,
          "dev_objective": 2.422982692718506
        },
        {
          "epoch": 8,
          "train_objective": 2.2620861530303955,
          "dev_nll": 2.4092118740081787,
          "dev_kl": 0.25540737705305216,
          "dev_objective": 2.4092118740081787
        },
        {
          "epoch": 9,
          "train_objective": 2.2512853145599365,
          "dev_nll": 2.3846521377563477,
          "dev_kl": 0.22927442958578467,
          "dev_objective": 2.3846521377563477
        },
        {
          "epoch": 10,
          "train_objective": 2.23525071144104,
          "dev_nll": 2.354241132736206,
          "dev_kl": 0.19517016692087055,
          "dev_objective": 2.354241132736206
        },
        {
          "epoch": 11,
          "train_objective": 2.2171597480773926,
          "dev_nll": 2.322453022003174,
          "dev_kl": 0.15859639771748335,
          "dev_objective": 2.322453022003174
        },
        {
          "epoch": 12,
          "train_objective": 2.199821710586548,
          "dev_nll": 2.293020725250244,
          "dev_kl": 0.1238553212757688,
          "dev_objective": 2.293020725250244
        },
        {
          "epoch": 13,
          "train_objective": 2.1853222846984863,
          "dev_nll": 2.2686007022857666,
          "dev_kl": 0.09403673767694272,
          "dev_objective": 2.2686007022857666
        },
        {
          "epoch": 14,
          "train_objective": 2.1748127937316895,
          "dev_nll": 2.250483751296997,
          "dev_kl": 0.07085865576111246,
          "dev_objective": 2.250483751296997
        },
        {
          "epoch": 15,
          "train_objective": 2.168433904647827,
          "dev_nll": 2.2385435104370117,
          "dev_kl": 0.054660230028093795,
          "dev_objective": 2.2385435104370117
        },
        {
          "epoch": 16,
          "train_objective": 2.165412425994873,
          "dev_nll": 2.2315292358398438,
          "dev_kl": 0.0446893651667051,
          "dev_objective": 2.2315292358398438
        },
        {
          "epoch": 17,
          "train_objective": 2.1643548011779785,
          "dev_nll": 2.227649688720703,
          "dev_kl": 0.039608763268915936,
          "dev_objective": 2.227649688720703
        },
        {
          "epoch": 18,
          "train_objective": 2.163691520690918,
          "dev_nll": 2.2252140045166016,
          "dev_kl": 0.03803902889718302,
          "dev_objective": 2.2252140045166016
        },
        {
          "epoch": 19,
          "train_objective": 2.1621222496032715,
          "dev_nll": 2.2230966091156006,
          "dev_kl": 0.03895581955090165,
          "dev_objective": 2.2230966091156006
        },
        {
          "epoch": 20,
          "train_objective": 2.1589014530181885,
          "dev_nll": 2.220895528793335,
          "dev_kl": 0.04184287952142768,
          "dev_objective": 2.220895528793335
        },
        {
          "epoch": 21,
          "train_objective": 2.1539134979248047,
          "dev_nll": 2.2188239097595215,
          "dev_kl": 0.04661933917785063,
          "dev_objective": 2.2188239097595215
        },
        {
          "epoch": 22,
          "train_objective": 2.1475565433502197,
          "dev_nll": 2.217442274093628,
          "dev_kl": 0.053430767168756575,
          "dev_objective": 2.217442274093628
        },
        {
          "epoch": 23,
          "train_objective": 2.140531301498413,
          "dev_nll": 2.217348575592041,
          "dev_kl": 0.062405654262984174,
          "dev_objective": 2.217348575592041
        },
        {
          "epoch": 24,
          "train_objective": 2.1336095333099365,
          "dev_nll": 2.218919515609741,
          "dev_kl": 0.07345346450572833,
          "dev_objective": 2.218919515609741
        },
        {
          "epoch": 25,
          "train_objective": 2.1274399757385254,
          "dev_nll": 2.2221546173095703,
          "dev_kl": 0.08614954708144068,
          "dev_objective": 2.2221546173095703
        },
        {
          "epoch": 26,
          "train_objective": 2.122419595718384,
          "dev_nll": 2.22664737701416,
          "dev_kl": 0.09972391599556431,
          "dev_objective": 2.22664737701416
        },
        {
          "epoch": 27,
          "train_objective": 2.1186420917510986,
          "dev_nll": 2.2316713333129883,
          "dev_kl": 0.11315071971621364,
          "dev_objective": 2.2316713333129883
        },
        {
          "epoch": 28,
          "train_objective": 2.115912675857544,
          "dev_nll": 2.2363502979278564,
          "dev_kl": 0.12531718849670143,
          "dev_objective": 2.2363502979278564
        },
        {
          "epoch": 29,
          "train_objective": 2.113828420639038,
          "dev_nll": 2.239854335784912,
          "dev_kl": 0.13522523641120643,
          "dev_objective": 2.239854335784912
        },
        {
          "epoch": 30,
          "train_objective": 2.1119134426116943,
          "dev_nll": 2.241572618484497,
          "dev_kl": 0.14216697342228143,
          "dev_objective": 2.241572618484497
        },
        {
          "epoch": 31,
          "train_objective": 2.1097593307495117,
          "dev_nll": 2.2412073612213135,
          "dev_kl": 0.1458283503120765,
          "dev_objective": 2.2412073612213135
        },
        {
          "epoch": 32,
          "train_objective": 2.107121229171753,
          "dev_nll": 2.2387948036193848,
          "dev_kl": 0.14630654124543072,
          "dev_objective": 2.2387948036193848
        },
        {
          "epoch": 33,
          "train_objective": 2.1039533615112305,
          "dev_nll": 2.234652519226074,
          "dev_kl": 0.14404987050686033,
          "dev_objective": 2.234652519226074
        },
        {
          "epoch": 34,
          "train_objective": 2.1003835201263428,
          "dev_nll": 2.229285955429077,
          "dev_kl": 0.1397469911375083,
          "dev_objective": 2.229285955429077
        },
        {
          "epoch": 35,
          "train_objective": 2.0966458320617676,
          "dev_nll": 2.2232799530029297,
          "dev_kl": 0.13419690788257868,
          "dev_objective": 2.2232799530029297
        },
        {
          "epoch": 36,
          "train_objective": 2.09299898147583,
          "dev_nll": 2.2171921730041504,
          "dev_kl": 0.12818782069720328,
          "dev_objective": 2.2171921730041504
        },
        {
          "epoch": 37,
          "train_objective": 2.089653968811035,
          "dev_nll": 2.211472511291504,
          "dev_kl": 0.1224032831680961,
          "dev_objective": 2.211472511291504
        },
        {
          "epoch": 38,
          "train_objective": 2.086721897125244,
          "dev_nll": 2.206421136856079,
          "dev_kl": 0.11736738513689488,
          "dev_objective": 2.206421136856079
        },
        {
          "epoch": 39,
          "train_objective": 2.0841996669769287,
          "dev_nll": 2.202183246612549,
          "dev_kl": 0.1134288317989558,
          "dev_objective": 2.202183246612549
        },
        {
          "epoch": 40,
          "train_objective": 2.0819880962371826,
          "dev_nll": 2.198779344558716,
          "dev_kl": 0.11077793951146304,
          "dev_objective": 2.198779344558716
        },
        {
          "epoch": 41,
          "train_objective": 2.0799338817596436,
          "dev_nll": 2.1961565017700195,
          "dev_kl": 0.10948240897618235,
          "dev_objective": 2.1961565017700195
        },
        {
          "epoch": 42,
          "train_objective": 2.077881097793579,
          "dev_nll": 2.194235324859619,
          "dev_kl": 0.10952578413765877,
          "dev_objective": 2.194235324859619
        },
        {
          "epoch": 43,
          "train_objective": 2.075711488723755,
          "dev_nll": 2.192946434020996,
          "dev_kl": 0.11083662661723792,
          "dev_objective": 2.192946434020996
        },
        {
          "epoch": 44,
          "train_objective": 2.0733721256256104,
          "dev_nll": 2.1922388076782227,
          "dev_kl": 0.1133022488374263,
          "dev_objective": 2.1922388076782227
        },
        {
          "epoch": 45,
          "train_objective": 2.0708773136138916,
          "dev_nll": 2.192070484161377,
          "dev_kl": 0.11676892854273319,
          "dev_objective": 2.192070484161377
        },
        {
          "epoch": 46,
          "train_objective": 2.068293809890747,
          "dev_nll": 2.1923859119415283,
          "dev_kl": 0.12103457951918245,
          "dev_objective": 2.1923859119415283
        },
        {
          "epoch": 47,
          "train_objective": 2.0657124519348145,
          "dev_nll": 2.193091869354248,
          "dev_kl": 0.12584334066603334,
          "dev_objective": 2.193091869354248
        },
        {
          "epoch": 48,
          "train_objective": 2.0632197856903076,
          "dev_nll": 2.1940460205078125,
          "dev_kl": 0.13088933777529746,
          "dev_objective": 2.1940460205078125
        },
        {
          "epoch": 49,
          "train_objective": 2.0608699321746826,
          "dev_nll": 2.1950595378875732,
          "dev_kl": 0.13583463864866643,
          "dev_objective": 2.1950595378875732
        },
        {
          "epoch": 50,
          "train_objective": 2.0586767196655273,
          "dev_nll": 2.195918083190918,
          "dev_kl": 0.14034042982384562,
          "dev_objective": 2.195918083190918
        },
        {
          "epoch": 51,
          "train_objective": 2.056612014770508,
          "dev_nll": 2.196415424346924,
          "dev_kl": 0.14410541290417314,
          "dev_objective": 2.196415424346924
        },
        {
          "epoch": 52,
          "train_objective": 2.0546228885650635,
          "dev_nll": 2.1963837146759033,
          "dev_kl": 0.1469036479247734,
          "dev_objective": 2.1963837146759033
        },
        {
          "epoch": 53,
          "train_objective": 2.0526490211486816,
          "dev_nll": 2.1957223415374756,
          "dev_kl": 0.14861233982257546,
          "dev_objective": 2.1957223415374756
        },
        {
          "epoch": 54,
          "train_objective": 2.050645112991333,
          "dev_nll": 2.19441294670105,
          "dev_kl": 0.14922403916716576,
          "dev_objective": 2.19441294670105
        },
        {
          "epoch": 55,
          "train_objective": 2.0485901832580566,
          "dev_nll": 2.1925148963928223,
          "dev_kl": 0.14884135107975452,
          "dev_objective": 2.1925148963928223
        },
        {
          "epoch": 56,
          "train_objective": 2.0464909076690674,
          "dev_nll": 2.190152168273926,
          "dev_kl": 0.1476555862557143,
          "dev_objective": 2.190152168273926
        },
        {
          "epoch": 57,
          "train_objective": 2.044375419616699,
          "dev_nll": 2.187487840652466,
          "dev_kl": 0.14591617141850294,
          "dev_objective": 2.187487840652466
        },
        {
          "epoch": 58,
          "train_objective": 2.042280435562134,
          "dev_nll": 2.184697151184082,
          "dev_kl": 0.1438955980259925,
          "dev_objective": 2.184697151184082
        },
        {
          "epoch": 59,
          "train_objective": 2.0402369499206543,
          "dev_nll": 2.181945323944092,
          "dev_kl": 0.1418578226165846,
          "dev_objective": 2.181945323944092
        },
        {
          "epoch": 60,
          "train_objective": 2.0382630825042725,
          "dev_nll": 2.1793668270111084,
          "dev_kl": 0.14003326978068797,
          "dev_objective": 2.1793668270111084
        },
        {
          "epoch": 61,
          "train_objective": 2.036357879638672,
          "dev_nll": 2.177061080932617,
          "dev_kl": 0.13860279397573322,
          "dev_objective": 2.177061080932617
        },
        {
          "epoch": 62,
          "train_objective": 2.0345053672790527,
          "dev_nll": 2.175089120864868,
          "dev_kl": 0.13769072975963353,
          "dev_objective": 2.175089120864868
        },
        {
          "epoch": 63,
          "train_objective": 2.032682418823242,
          "dev_nll": 2.1734795570373535,
          "dev_kl": 0.13736404387280346,
          "dev_objective": 2.1734795570373535
        },
        {
          "epoch": 64,
          "train_objective": 2.0308661460876465,
          "dev_nll": 2.1722328662872314,
          "dev_kl": 0.1376359213795513,
          "dev_objective": 2.1722328662872314
        },
        {
          "epoch": 65,
          "train_objective": 2.029043674468994,
          "dev_nll": 2.171327590942383,
          "dev_kl": 0.13847073026001452,
          "dev_objective": 2.171327590942383
        },
        {
          "epoch": 66,
          "train_objective": 2.027211904525757,
          "dev_nll": 2.170722484588623,
          "dev_kl": 0.13979003586340696,
          "dev_objective": 2.170722484588623
        },
        {
          "epoch": 67,
          "train_objective": 2.0253803730010986,
          "dev_nll": 2.1703567504882812,
          "dev_kl": 0.14147977098356931,
          "dev_objective": 2.1703567504882812
        },
        {
          "epoch": 68,
          "train_objective": 2.0235626697540283,
          "dev_nll": 2.1701526641845703,
          "dev_kl": 0.14339884490706026,
          "dev_objective": 2.1701526641845703
        },
        {
          "epoch": 69,
          "train_objective": 2.021772623062134,
          "dev_nll": 2.170020341873169,
          "dev_kl": 0.14539108412340285,
          "dev_objective": 2.170020341873169
        },
        {
          "epoch": 70,
          "train_objective": 2.0200181007385254,
          "dev_nll": 2.1698646545410156,
          "dev_kl": 0.14729925031773747,
          "dev_objective": 2.1698646545410156
        },
        {
          "epoch": 71,
          "train_objective": 2.0183005332946777,
          "dev_nll": 2.1695942878723145,
          "dev_kl": 0.1489809794910252,
          "dev_objective": 2.1695942878723145
        },
        {
          "epoch": 72,
          "train_objective": 2.016613245010376,
          "dev_nll": 2.169135570526123,
          "dev_kl": 0.1503239803109318,
          "dev_objective": 2.169135570526123
        },
        {
          "epoch": 73,
          "train_objective": 2.014946222305298,
          "dev_nll": 2.1684389114379883,
          "dev_kl": 0.15125780022703111,
          "dev_objective": 2.1684389114379883
        },
        {
          "epoch": 74,
          "train_objective": 2.0132901668548584,
          "dev_nll": 2.167487621307373,
          "dev_kl": 0.15176047576591373,
          "dev_objective": 2.167487621307373
        },
        {
          "epoch": 75,
          "train_objective": 2.011639356613159,
          "dev_nll": 2.1662957668304443,
          "dev_kl": 0.15185862160287797,
          "dev_objective": 2.1662957668304443
        },
        {
          "epoch": 76,
          "train_objective": 2.009993314743042,
          "dev_nll": 2.1649067401885986,
          "dev_kl": 0.15162095228210093,
          "dev_objective": 2.1649067401885986
        },
        {
          "epoch": 77,
          "train_objective": 2.0083558559417725,
          "dev_nll": 2.163383722305298,
          "dev_kl": 0.15114694230258466,
          "dev_objective": 2.163383722305298
        },
        {
          "epoch": 78,
          "train_objective": 2.006732702255249,
          "dev_nll": 2.1617984771728516,
          "dev_kl": 0.15055269892327489,
          "dev_objective": 2.1617984771728516
        },
        {
          "epoch": 79,
          "train_objective": 2.005129814147949,
          "dev_nll": 2.1602249145507812,
          "dev_kl": 0.14995628686621784,
          "dev_objective": 2.1602249145507812
        },
        {
          "epoch": 80,
          "train_objective": 2.003549337387085,
          "dev_nll": 2.158726692199707,
          "dev_kl": 0.1494645042810589,
          "dev_objective": 2.158726692199707
        },
        {
          "epoch": 81,
          "train_objective": 2.001990556716919,
          "dev_nll": 2.157353401184082,
          "dev_kl": 0.149162907730788,
          "dev_objective": 2.157353401184082
        },
        {
          "epoch": 82,
          "train_objective": 2.0004501342773438,
          "dev_nll": 2.156137228012085,
          "dev_kl": 0.14910900147631764,
          "dev_objective": 2.156137228012085
        },
        {
          "epoch": 83,
          "train_objective": 1.9989231824874878,
          "dev_nll": 2.155092716217041,
          "dev_kl": 0.14932926745153963,
          "dev_objective": 2.155092716217041
        },
        {
          "epoch": 84,
          "train_objective": 1.9974064826965332,
          "dev_nll": 2.1542158126831055,
          "dev_kl": 0.14981902576982975,
          "dev_objective": 2.1542158126831055
        },
        {
          "epoch": 85,
          "train_objective": 1.9958984851837158,
          "dev_nll": 2.153487205505371,
          "dev_kl": 0.15054526928812265,
          "dev_objective": 2.153487205505371
        },
        {
          "epoch": 86,
          "train_objective": 1.9944002628326416,
          "dev_nll": 2.152874231338501,
          "dev_kl": 0.151451682318002,
          "dev_objective": 2.152874231338501
        },
        {
          "epoch": 87,
          "train_objective": 1.9929139614105225,
          "dev_nll": 2.152334690093994,
          "dev_kl": 0.15246562044136225,
          "dev_objective": 2.152334690093994
        },
        {
          "epoch": 88,
          "train_objective": 1.991442322731018,
          "dev_nll": 2.1518208980560303,
          "dev_kl": 0.15350686263293029,
          "dev_objective": 2.1518208980560303
        },
        {
          "epoch": 89,
          "train_objective": 1.9899872541427612,
          "dev_nll": 2.1512863636016846,
          "dev_kl": 0.1544967406615615,
          "dev_objective": 2.1512863636016846
        },
        {
          "epoch": 90,
          "train_objective": 1.9885483980178833,
          "dev_nll": 2.1506898403167725,
          "dev_kl": 0.15536750838160515,
          "dev_objective": 2.1506898403167725
        },
        {
          "epoch": 91,
          "train_objective": 1.987123966217041,
          "dev_nll": 2.15000057220459,
          "dev_kl": 0.15606998398900032,
          "dev_objective": 2.15000057220459
        },
        {
          "epoch": 92,
          "train_objective": 1.9857126474380493,
          "dev_nll": 2.149203062057495,
          "dev_kl": 0.1565788057167083,
          "dev_objective": 2.149203062057495
        },
        {
          "epoch": 93,
          "train_objective": 1.9843120574951172,
          "dev_nll": 2.14829683303833,
          "dev_kl": 0.15689408942125738,
          "dev_objective": 2.14829683303833
        },
        {
          "epoch": 94,
          "train_objective": 1.9829219579696655,
          "dev_nll": 2.1472971439361572,
          "dev_kl": 0.15704015553928913,
          "dev_objective": 2.1472971439361572
        },
        {
          "epoch": 95,
          "train_objective": 1.9815421104431152,
          "dev_nll": 2.1462302207946777,
          "dev_kl": 0.15706022582016885,
          "dev_objective": 2.1462302207946777
        },
        {
          "epoch": 96,
          "train_objective": 1.9801743030548096,
          "dev_nll": 2.1451303958892822,
          "dev_kl": 0.15700979478657245,
          "dev_objective": 2.1451303958892822
        },
        {
          "epoch": 97,
          "train_objective": 1.9788196086883545,
          "dev_nll": 2.1440322399139404,
          "dev_kl": 0.15694797348231077,
          "dev_objective": 2.1440322399139404
        },
        {
          "epoch": 98,
          "train_objective": 1.97747802734375,
          "dev_nll": 2.14296817779541,
          "dev_kl": 0.15693019927479326,
          "dev_objective": 2.14296817779541
        },
        {
          "epoch": 99,
          "train_objective": 1.976149559020996,
          "dev_nll": 2.1419641971588135,
          "dev_kl": 0.15700085641816258,
          "dev_objective": 2.1419641971588135
        },
        {
          "epoch": 100,
          "train_objective": 1.974833607673645,
          "dev_nll": 2.141036033630371,
          "dev_kl": 0.15718888165429235,
          "dev_objective": 2.141036033630371
        },
        {
          "epoch": 101,
          "train_objective": 1.9735289812088013,
          "dev_nll": 2.1401898860931396,
          "dev_kl": 0.15750525006093086,
          "dev_objective": 2.1401898860931396
        },
        {
          "epoch": 102,
          "train_objective": 1.972234845161438,
          "dev_nll": 2.1394202709198,
          "dev_kl": 0.15794269264675675,
          "dev_objective": 2.1394202709198
        },
        {
          "epoch": 103,
          "train_objective": 1.9709510803222656,
          "dev_nll": 2.138713836669922,
          "dev_kl": 0.15847802989184856,
          "dev_objective": 2.138713836669922
        },
        {
          "epoch": 104,
          "train_objective": 1.9696778059005737,
          "dev_nll": 2.138049602508545,
          "dev_kl": 0.15907599229365588,
          "dev_objective": 2.138049602508545
        },
        {
          "epoch": 105,
          "train_objective": 1.9684158563613892,
          "dev_nll": 2.1374034881591797,
          "dev_kl": 0.15969475124031304,
          "dev_objective": 2.1374034881591797
        },
        {
          "epoch": 106,
          "train_objective": 1.9671651124954224,
          "dev_nll": 2.1367502212524414,
          "dev_kl": 0.16029174421913922,
          "dev_objective": 2.1367502212524414
        },
        {
          "epoch": 107,
          "train_objective": 1.9659260511398315,
          "dev_nll": 2.136068105697632,
          "dev_kl": 0.16082984369248152,
          "dev_objective": 2.136068105697632
        },
        {
          "epoch": 108,
          "train_objective": 1.964698314666748,
          "dev_nll": 2.1353414058685303,
          "dev_kl": 0.161282080123201,
          "dev_objective": 2.1353414058685303
        },
        {
          "epoch": 109,
          "train_objective": 1.9634809494018555,
          "dev_nll": 2.1345620155334473,
          "dev_kl": 0.16163516145199538,
          "dev_objective": 2.1345620155334473
        },
        {
          "epoch": 110,
          "train_objective": 1.9622739553451538,
          "dev_nll": 2.13373064994812,
          "dev_kl": 0.1618902392219752,
          "dev_objective": 2.13373064994812
        },
        {
          "epoch": 111,
          "train_objective": 1.9610769748687744,
          "dev_nll": 2.1328563690185547,
          "dev_kl": 0.16206219840794803,
          "dev_objective": 2.1328563690185547
        },
        {
          "epoch": 112,
          "train_objective": 1.9598897695541382,
          "dev_nll": 2.1319541931152344,
          "dev_kl": 0.1621761155780405,
          "dev_objective": 2.1319541931152344
        },
        {
          "epoch": 113,
          "train_objective": 1.9587130546569824,
          "dev_nll": 2.131042003631592,
          "dev_kl": 0.16226315481588244,
          "dev_objective": 2.131042003631592
        },
        {
          "epoch": 114,
          "train_objective": 1.9575464725494385,
          "dev_nll": 2.1301381587982178,
          "dev_kl": 0.1623551989160478,
          "dev_objective": 2.1301381587982178
        },
        {
          "epoch": 115,
          "train_objective": 1.9563905000686646,
          "dev_nll": 2.1292593479156494,
          "dev_kl": 0.16248024526983498,
          "dev_objective": 2.1292593479156494
        },
        {
          "epoch": 116,
          "train_objective": 1.955244541168213,
          "dev_nll": 2.128415822982788,
          "dev_kl": 0.16265847405418754,
          "dev_objective": 2.128415822982788
        },
        {
          "epoch": 117,
          "train_objective": 1.9541082382202148,
          "dev_nll": 2.1276137828826904,
          "dev_kl": 0.16289974491111933,
          "dev_objective": 2.1276137828826904
        },
        {
          "epoch": 118,
          "train_objective": 1.9529815912246704,
          "dev_nll": 2.126852035522461,
          "dev_kl": 0.1632030363101512,
          "dev_objective": 2.126852035522461
        },
        {
          "epoch": 119,
          "train_objective": 1.9518641233444214,
          "dev_nll": 2.126124382019043,
          "dev_kl": 0.16355723523534835,
          "dev_objective": 2.126124382019043
        },
        {
          "epoch": 120,
          "train_objective": 1.9507561922073364,
          "dev_nll": 2.125419855117798,
          "dev_kl": 0.16394367554225028,
          "dev_objective": 2.125419855117798
        },
        {
          "epoch": 121,
          "train_objective": 1.9496574401855469,
          "dev_nll": 2.124725103378296,
          "dev_kl": 0.16433948910795151,
          "dev_objective": 2.124725103378296
        },
        {
          "epoch": 122,
          "train_objective": 1.948568344116211,
          "dev_nll": 2.1240270137786865,
          "dev_kl": 0.16472164763137698,
          "dev_objective": 2.1240270137786865
        },
        {
          "epoch": 123,
          "train_objective": 1.94748854637146,
          "dev_nll": 2.123314619064331,
          "dev_kl": 0.16507063665427268,
          "dev_objective": 2.123314619064331
        },
        {
          "epoch": 124,
          "train_objective": 1.946418046951294,
          "dev_nll": 2.1225802898406982,
          "dev_kl": 0.16537349061109125,
          "dev_objective": 2.1225802898406982
        },
        {
          "epoch": 125,
          "train_objective": 1.9453561305999756,
          "dev_nll": 2.121821403503418,
          "dev_kl": 0.16562548717483877,
          "dev_objective": 2.121821403503418
        },
        {
          "epoch": 126,
          "train_objective": 1.9443037509918213,
          "dev_nll": 2.121039867401123,
          "dev_kl": 0.16583046122454106,
          "dev_objective": 2.121039867401123
        },
        {
          "epoch": 127,
          "train_objective": 1.9432594776153564,
          "dev_nll": 2.12024188041687,
          "dev_kl": 0.16599955576471984,
          "dev_objective": 2.12024188041687
        },
        {
          "epoch": 128,
          "train_objective": 1.9422242641448975,
          "dev_nll": 2.119436264038086,
          "dev_kl": 0.16614883339963854,
          "dev_objective": 2.119436264038086
        },
        {
          "epoch": 129,
          "train_objective": 1.9411977529525757,
          "dev_nll": 2.118633985519409,
          "dev_kl": 0.16629622562788426,
          "dev_objective": 2.118633985519409
        },
        {
          "epoch": 130,
          "train_objective": 1.9401798248291016,
          "dev_nll": 2.1178431510925293,
          "dev_kl": 0.16645826529711485,
          "dev_objective": 2.1178431510925293
        },
        {
          "epoch": 131,
          "train_objective": 1.9391703605651855,
          "dev_nll": 2.1170706748962402,
          "dev_kl": 0.1666473808605224,
          "dev_objective": 2.1170706748962402
        },
        {
          "epoch": 132,
          "train_objective": 1.9381693601608276,
          "dev_nll": 2.1163203716278076,
          "dev_kl": 0.16687010699883104,
          "dev_objective": 2.1163203716278076
        },
        {
          "epoch": 133,
          "train_objective": 1.9371764659881592,
          "dev_nll": 2.115591526031494,
          "dev_kl": 0.1671262737456709,
          "dev_objective": 2.115591526031494
        },
        {
          "epoch": 134,
          "train_objective": 1.9361917972564697,
          "dev_nll": 2.1148805618286133,
          "dev_kl": 0.16740965181030332,
          "dev_objective": 2.1148805618286133
        },
        {
          "epoch": 135,
          "train_objective": 1.9352151155471802,
          "dev_nll": 2.1141815185546875,
          "dev_kl": 0.16770938551053405,
          "dev_objective": 2.1141815185546875
        },
        {
          "epoch": 136,
          "train_objective": 1.9342466592788696,
          "dev_nll": 2.1134870052337646,
          "dev_kl": 0.16801239632070064,
          "dev_objective": 2.1134870052337646
        },
        {
          "epoch": 137,
          "train_objective": 1.9332858324050903,
          "dev_nll": 2.1127893924713135,
          "dev_kl": 0.1683058843947947,
          "dev_objective": 2.1127893924713135
        },
        {
          "epoch": 138,
          "train_objective": 1.9323331117630005,
          "dev_nll": 2.1120831966400146,
          "dev_kl": 0.16857968794181943,
          "dev_objective": 2.1120831966400146
        },
        {
          "epoch": 139,
          "train_objective": 1.9313879013061523,
          "dev_nll": 2.11136531829834,
          "dev_kl": 0.16882798665203155,
          "dev_objective": 2.11136531829834
        },
        {
          "epoch": 140,
          "train_objective": 1.930450677871704,
          "dev_nll": 2.110635757446289,
          "dev_kl": 0.16905024516396225,
          "dev_objective": 2.110635757446289
        },
        {
          "epoch": 141,
          "train_objective": 1.9295204877853394,
          "dev_nll": 2.109896183013916,
          "dev_kl": 0.16925075418315827,
          "dev_objective": 2.109896183013916
        },
        {
          "epoch": 142,
          "train_objective": 1.928598165512085,
          "dev_nll": 2.1091513633728027,
          "dev_kl": 0.16943765806034208,
          "dev_objective": 2.1091513633728027
        },
        {
          "epoch": 143,
          "train_objective": 1.9276829957962036,
          "dev_nll": 2.1084067821502686,
          "dev_kl": 0.16962095146998762,
          "dev_objective": 2.1084067821502686
        },
        {
          "epoch": 144,
          "train_objective": 1.9267754554748535,
          "dev_nll": 2.107668161392212,
          "dev_kl": 0.1698105547297746,
          "dev_objective": 2.107668161392212
        },
        {
          "epoch": 145,
          "train_objective": 1.9258745908737183,
          "dev_nll": 2.1069393157958984,
          "dev_kl": 0.17001435709185897,
          "dev_objective": 2.1069393157958984
        },
        {
          "epoch": 146,
          "train_objective": 1.9249813556671143,
          "dev_nll": 2.1062228679656982,
          "dev_kl": 0.17023673339746892,
          "dev_objective": 2.1062228679656982
        },
        {
          "epoch": 147,
          "train_objective": 1.9240949153900146,
          "dev_nll": 2.1055185794830322,
          "dev_kl": 0.17047802423126995,
          "dev_objective": 2.1055185794830322
        },
        {
          "epoch": 148,
          "train_objective": 1.9232152700424194,
          "dev_nll": 2.104825019836426,
          "dev_kl": 0.17073479673825204,
          "dev_objective": 2.104825019836426
        },
        {
          "epoch": 149,
          "train_objective": 1.9223427772521973,
          "dev_nll": 2.104138135910034,
          "dev_kl": 0.17100076619535684,
          "dev_objective": 2.104138135910034
        },
        {
          "epoch": 150,
          "train_objective": 1.921477198600769,
          "dev_nll": 2.1034538745880127,
          "dev_kl": 0.1712682681903243,
          "dev_objective": 2.1034538745880127
        },
        {
          "epoch": 151,
          "train_objective": 1.920617938041687,
          "dev_nll": 2.1027684211730957,
          "dev_kl": 0.17152995895594358,
          "dev_objective": 2.1027684211730957
        },
        {
          "epoch": 152,
          "train_objective": 1.9197653532028198,
          "dev_nll": 2.102078437805176,
          "dev_kl": 0.17178037581965327,
          "dev_objective": 2.102078437805176
        },
        {
          "epoch": 153,
          "train_objective": 1.9189190864562988,
          "dev_nll": 2.1013827323913574,
          "dev_kl": 0.17201682064682244,
          "dev_objective": 2.1013827323913574
        },
        {
          "epoch": 154,
          "train_objective": 1.9180794954299927,
          "dev_nll": 2.1006813049316406,
          "dev_kl": 0.17223986855708062,
          "dev_objective": 2.1006813049316406
        },
        {
          "epoch": 155,
          "train_objective": 1.9172463417053223,
          "dev_nll": 2.099976062774658,
          "dev_kl": 0.17245282045565546,
          "dev_objective": 2.099976062774658
        },
        {
          "epoch": 156,
          "train_objective": 1.916419267654419,
          "dev_nll": 2.0992703437805176,
          "dev_kl": 0.17266105335205795,
          "dev_objective": 2.0992703437805176
        },
        {
          "epoch": 157,
          "train_objective": 1.915598750114441,
          "dev_nll": 2.0985665321350098,
          "dev_kl": 0.17287046102806924,
          "dev_objective": 2.0985665321350098
        },
        {
          "epoch": 158,
          "train_objective": 1.9147839546203613,
          "dev_nll": 2.097867727279663,
          "dev_kl": 0.17308636172674596,
          "dev_objective": 2.097867727279663
        },
        {
          "epoch": 159,
          "train_objective": 1.9139753580093384,
          "dev_nll": 2.0971758365631104,
          "dev_kl": 0.1733121164608747,
          "dev_objective": 2.0971758365631104
        },
        {
          "epoch": 160,
          "train_objective": 1.913172960281372,
          "dev_nll": 2.0964913368225098,
          "dev_kl": 0.17354875089600683,
          "dev_objective": 2.0964913368225098
        },
        {
          "epoch": 161,
          "train_objective": 1.9123762845993042,
          "dev_nll": 2.095813274383545,
          "dev_kl": 0.17379489145241678,
          "dev_objective": 2.095813274383545
        },
        {
          "epoch": 162,
          "train_objective": 1.9115853309631348,
          "dev_nll": 2.095139503479004,
          "dev_kl": 0.17404720183461905,
          "dev_objective": 2.095139503479004
        },
        {
          "epoch": 163,
          "train_objective": 1.9108000993728638,
          "dev_nll": 2.094468593597412,
          "dev_kl": 0.17430124466307462,
          "dev_objective": 2.094468593597412
        },
        {
          "epoch": 164,
          "train_objective": 1.9100205898284912,
          "dev_nll": 2.093797445297241,
          "dev_kl": 0.17455266069620848,
          "dev_objective": 2.093797445297241
        },
        {
          "epoch": 165,
          "train_objective": 1.9092466831207275,
          "dev_nll": 2.0931243896484375,
          "dev_kl": 0.17479811656288802,
          "dev_objective": 2.0931243896484375
        },
        {
          "epoch": 166,
          "train_objective": 1.9084786176681519,
          "dev_nll": 2.0924489498138428,
          "dev_kl": 0.1750360530242324,
          "dev_objective": 2.0924489498138428
        },
        {
          "epoch": 167,
          "train_objective": 1.9077155590057373,
          "dev_nll": 2.091770887374878,
          "dev_kl": 0.17526676626875998,
          "dev_objective": 2.091770887374878
        },
        {
          "epoch": 168,
          "train_objective": 1.9069582223892212,
          "dev_nll": 2.0910916328430176,
          "dev_kl": 0.17549241895787418,
          "dev_objective": 2.0910916328430176
        },
        {
          "epoch": 169,
          "train_objective": 1.9062061309814453,
          "dev_nll": 2.0904126167297363,
          "dev_kl": 0.17571620450355113,
          "dev_objective": 2.0904126167297363
        },
        {
          "epoch": 170,
          "train_objective": 1.9054591655731201,
          "dev_nll": 2.089735746383667,
          "dev_kl": 0.17594166619703175,
          "dev_objective": 2.089735746383667
        },
        {
          "epoch": 171,
          "train_objective": 1.9047176837921143,
          "dev_nll": 2.0890626907348633,
          "dev_kl": 0.176171705564484,
          "dev_objective": 2.0890626907348633
        },
        {
          "epoch": 172,
          "train_objective": 1.90398108959198,
          "dev_nll": 2.0883944034576416,
          "dev_kl": 0.17640795899555087,
          "dev_objective": 2.0883944034576416
        },
        {
          "epoch": 173,
          "train_objective": 1.903249740600586,
          "dev_nll": 2.087731122970581,
          "dev_kl": 0.1766506616398692,
          "dev_objective": 2.087731122970581
        },
        {
          "epoch": 174,
          "train_objective": 1.902523398399353,
          "dev_nll": 2.087071180343628,
          "dev_kl": 0.1768984389770776,
          "dev_objective": 2.087071180343628
        },
        {
          "epoch": 175,
          "train_objective": 1.9018017053604126,
          "dev_nll": 2.0864145755767822,
          "dev_kl": 0.17714900966733693,
          "dev_objective": 2.0864145755767822
        },
        {
          "epoch": 176,
          "train_objective": 1.9010852575302124,
          "dev_nll": 2.085759162902832,
          "dev_kl": 0.17739971624687315,
          "dev_objective": 2.085759162902832
        },
        {
          "epoch": 177,
          "train_objective": 1.9003734588623047,
          "dev_nll": 2.085103988647461,
          "dev_kl": 0.17764821167103947,
          "dev_objective": 2.085103988647461
        },
        {
          "epoch": 178,
          "train_objective": 1.8996663093566895,
          "dev_nll": 2.0844478607177734,
          "dev_kl": 0.17789302907884122,
          "dev_objective": 2.0844478607177734
        },
        {
          "epoch": 179,
          "train_objective": 1.898964285850525,
          "dev_nll": 2.0837912559509277,
          "dev_kl": 0.17813388210721315,
          "dev_objective": 2.0837912559509277
        },
        {
          "epoch": 180,
          "train_objective": 1.8982666730880737,
          "dev_nll": 2.083134412765503,
          "dev_kl": 0.17837175196036698,
          "dev_objective": 2.083134412765503
        },
        {
          "epoch": 181,
          "train_objective": 1.8975735902786255,
          "dev_nll": 2.0824785232543945,
          "dev_kl": 0.178608383173123,
          "dev_objective": 2.0824785232543945
        },
        {
          "epoch": 182,
          "train_objective": 1.8968850374221802,
          "dev_nll": 2.0818238258361816,
          "dev_kl": 0.17884587738662958,
          "dev_objective": 2.0818238258361816
        },
        {
          "epoch": 183,
          "train_objective": 1.8962011337280273,
          "dev_nll": 2.081172227859497,
          "dev_kl": 0.1790860936138779,
          "dev_objective": 2.081172227859497
        },
        {
          "epoch": 184,
          "train_objective": 1.8955217599868774,
          "dev_nll": 2.080523729324341,
          "dev_kl": 0.17933019045740367,
          "dev_objective": 2.080523729324341
        },
        {
          "epoch": 185,
          "train_objective": 1.8948466777801514,
          "dev_nll": 2.079878807067871,
          "dev_kl": 0.17957840278744697,
          "dev_objective": 2.079878807067871
        },
        {
          "epoch": 186,
          "train_objective": 1.8941760063171387,
          "dev_nll": 2.0792367458343506,
          "dev_kl": 0.17983006983064115,
          "dev_objective": 2.0792367458343506
        },
        {
          "epoch": 187,
          "train_objective": 1.8935096263885498,
          "dev_nll": 2.078597068786621,
          "dev_kl": 0.18008382784202695,
          "dev_objective": 2.078597068786621
        },
        {
          "epoch": 188,
          "train_objective": 1.8928474187850952,
          "dev_nll": 2.0779590606689453,
          "dev_kl": 0.18033806351944803,
          "dev_objective": 2.0779590606689453
        },
        {
          "epoch": 189,
          "train_objective": 1.892189621925354,
          "dev_nll": 2.0773215293884277,
          "dev_kl": 0.1805914369225502,
          "dev_objective": 2.0773215293884277
        },
        {
          "epoch": 190,
          "train_objective": 1.891535758972168,
          "dev_nll": 2.0766849517822266,
          "dev_kl": 0.1808431082032621,
          "dev_objective": 2.0766849517822266
        },
        {
          "epoch": 191,
          "train_objective": 1.8908860683441162,
          "dev_nll": 2.0760483741760254,
          "dev_kl": 0.1810929695237428,
          "dev_objective": 2.0760483741760254
        },
        {
          "epoch": 192,
          "train_objective": 1.8902404308319092,
          "dev_nll": 2.0754127502441406,
          "dev_kl": 0.18134170385077597,
          "dev_objective": 2.0754127502441406
        },
        {
          "epoch": 193,
          "train_objective": 1.8895989656448364,
          "dev_nll": 2.0747783184051514,
          "dev_kl": 0.18159043052233756,
          "dev_objective": 2.0747783184051514
        },
        {
          "epoch": 194,
          "train_objective": 1.8889613151550293,
          "dev_nll": 2.074145793914795,
          "dev_kl": 0.18184040727093817,
          "dev_objective": 2.074145793914795
        },
        {
          "epoch": 195,
          "train_objective": 1.888327717781067,
          "dev_nll": 2.0735158920288086,
          "dev_kl": 0.18209268987178803,
          "dev_objective": 2.0735158920288086
        },
        {
          "epoch": 196,
          "train_objective": 1.8876981735229492,
          "dev_nll": 2.0728883743286133,
          "dev_kl": 0.18234785410575569,
          "dev_objective": 2.0728883743286133
        },
        {
          "epoch": 197,
          "train_objective": 1.8870723247528076,
          "dev_nll": 2.072263717651367,
          "dev_kl": 0.18260584775358438,
          "dev_objective": 2.072263717651367
        },
        {
          "epoch": 198,
          "train_objective": 1.8864505290985107,
          "dev_nll": 2.071641445159912,
          "dev_kl": 0.18286611554212867,
          "dev_objective": 2.071641445159912
        },
        {
          "epoch": 199,
          "train_objective": 1.8858323097229004,
          "dev_nll": 2.071021318435669,
          "dev_kl": 0.18312774207443,
          "dev_objective": 2.071021318435669
        },
        {
          "epoch": 200,
          "train_objective": 1.8852179050445557,
          "dev_nll": 2.0704023838043213,
          "dev_kl": 0.18338979530148208,
          "dev_objective": 2.0704023838043213
        },
        {
          "epoch": 201,
          "train_objective": 1.8846073150634766,
          "dev_nll": 2.0697848796844482,
          "dev_kl": 0.18365159408189358,
          "dev_objective": 2.0697848796844482
        },
        {
          "epoch": 202,
          "train_objective": 1.8840004205703735,
          "dev_nll": 2.0691683292388916,
          "dev_kl": 0.18391286642290652,
          "dev_objective": 2.0691683292388916
        },
        {
          "epoch": 203,
          "train_objective": 1.883397102355957,
          "dev_nll": 2.0685524940490723,
          "dev_kl": 0.1841738431248814,
          "dev_objective": 2.0685524940490723
        },
        {
          "epoch": 204,
          "train_objective": 1.8827977180480957,
          "dev_nll": 2.0679383277893066,
          "dev_kl": 0.1844350431393832,
          "dev_objective": 2.0679383277893066
        },
        {
          "epoch": 205,
          "train_objective": 1.8822016716003418,
          "dev_nll": 2.0673258304595947,
          "dev_kl": 0.18469733889214696,
          "dev_objective": 2.0673258304595947
        },
        {
          "epoch": 206,
          "train_objective": 1.8816092014312744,
          "dev_nll": 2.0667154788970947,
          "dev_kl": 0.18496145277284085,
          "dev_objective": 2.0667154788970947
        },
        {
          "epoch": 207,
          "train_objective": 1.881020426750183,
          "dev_nll": 2.0661072731018066,
          "dev_kl": 0.1852278053853661,
          "dev_objective": 2.0661072731018066
        },
        {
          "epoch": 208,
          "train_objective": 1.8804349899291992,
          "dev_nll": 2.0655012130737305,
          "dev_kl": 0.18549651553854346,
          "dev_objective": 2.0655012130737305
        },
        {
          "epoch": 209,
          "train_objective": 1.8798530101776123,
          "dev_nll": 2.0648975372314453,
          "dev_kl": 0.18576728262938558,
          "dev_objective": 2.0648975372314453
        },
        {
          "epoch": 210,
          "train_objective": 1.8792744874954224,
          "dev_nll": 2.064296007156372,
          "dev_kl": 0.18603965163230896,
          "dev_objective": 2.064296007156372
        },
        {
          "epoch": 211,
          "train_objective": 1.878699779510498,
          "dev_nll": 2.0636959075927734,
          "dev_kl": 0.186313000889495,
          "dev_objective": 2.0636959075927734
        },
        {
          "epoch": 212,
          "train_objective": 1.878128170967102,
          "dev_nll": 2.0630972385406494,
          "dev_kl": 0.186586876520887,
          "dev_objective": 2.0630972385406494
        },
        {
          "epoch": 213,
          "train_objective": 1.877560019493103,
          "dev_nll": 2.062499523162842,
          "dev_kl": 0.1868611145950854,
          "dev_objective": 2.062499523162842
        },
        {
          "epoch": 214,
          "train_objective": 1.8769950866699219,
          "dev_nll": 2.061903476715088,
          "dev_kl": 0.18713582805357873,
          "dev_objective": 2.061903476715088
        },
        {
          "epoch": 215,
          "train_objective": 1.8764337301254272,
          "dev_nll": 2.0613088607788086,
          "dev_kl": 0.18741139564663173,
          "dev_objective": 2.0613088607788086
        },
        {
          "epoch": 216,
          "train_objective": 1.8758753538131714,
          "dev_nll": 2.060715675354004,
          "dev_kl": 0.18768827355466783,
          "dev_objective": 2.060715675354004
        },
        {
          "epoch": 217,
          "train_objective": 1.8753206729888916,
          "dev_nll": 2.060124635696411,
          "dev_kl": 0.1879669380467385,
          "dev_objective": 2.060124635696411
        },
        {
          "epoch": 218,
          "train_objective": 1.874768853187561,
          "dev_nll": 2.0595357418060303,
          "dev_kl": 0.18824764396063984,
          "dev_objective": 2.0595357418060303
        },
        {
          "epoch": 219,
          "train_objective": 1.8742204904556274,
          "dev_nll": 2.0589487552642822,
          "dev_kl": 0.18853048104792833,
          "dev_objective": 2.0589487552642822
        },
        {
          "epoch": 220,
          "train_objective": 1.8736753463745117,
          "dev_nll": 2.058363914489746,
          "dev_kl": 0.18881521750241517,
          "dev_objective": 2.058363914489746
        },
        {
          "epoch": 221,
          "train_objective": 1.8731334209442139,
          "dev_nll": 2.0577805042266846,
          "dev_kl": 0.18910151719115675,
          "dev_objective": 2.0577805042266846
        },
        {
          "epoch": 222,
          "train_objective": 1.8725943565368652,
          "dev_nll": 2.057199001312256,
          "dev_kl": 0.1893890656158328,
          "dev_objective": 2.057199001312256
        },
        {
          "epoch": 223,
          "train_objective": 1.8720588684082031,
          "dev_nll": 2.0566189289093018,
          "dev_kl": 0.18967757363803683,
          "dev_objective": 2.0566189289093018
        },
        {
          "epoch": 224,
          "train_objective": 1.8715262413024902,
          "dev_nll": 2.056040048599243,
          "dev_kl": 0.18996698746457696,
          "dev_objective": 2.056040048599243
        },
        {
          "epoch": 225,
          "train_objective": 1.8709968328475952,
          "dev_nll": 2.0554630756378174,
          "dev_kl": 0.19025742234662174,
          "dev_objective": 2.0554630756378174
        },
        {
          "epoch": 226,
          "train_objective": 1.870470404624939,
          "dev_nll": 2.054887533187866,
          "dev_kl": 0.19054920049384236,
          "dev_objective": 2.054887533187866
        },
        {
          "epoch": 227,
          "train_objective": 1.869947075843811,
          "dev_nll": 2.0543134212493896,
          "dev_kl": 0.19084254384972155,
          "dev_objective": 2.0543134212493896
        },
        {
          "epoch": 228,
          "train_objective": 1.869426965713501,
          "dev_nll": 2.053741693496704,
          "dev_kl": 0.1911377198342234,
          "dev_objective": 2.053741693496704
        },
        {
          "epoch": 229,
          "train_objective": 1.8689098358154297,
          "dev_nll": 2.0531716346740723,
          "dev_kl": 0.1914348298031837,
          "dev_objective": 2.0531716346740723
        },
        {
          "epoch": 230,
          "train_objective": 1.8683956861495972,
          "dev_nll": 2.0526034832000732,
          "dev_kl": 0.19173384046182038,
          "dev_objective": 2.0526034832000732
        },
        {
          "epoch": 231,
          "train_objective": 1.8678845167160034,
          "dev_nll": 2.052037000656128,
          "dev_kl": 0.19203458218835295,
          "dev_objective": 2.052037000656128
        },
        {
          "epoch": 232,
          "train_objective": 1.8673763275146484,
          "dev_nll": 2.0514724254608154,
          "dev_kl": 0.19233686401508748,
          "dev_objective": 2.0514724254608154
        },
        {
          "epoch": 233,
          "train_objective": 1.8668709993362427,
          "dev_nll": 2.0509092807769775,
          "dev_kl": 0.19264044873416425,
          "dev_objective": 2.0509092807769775
        },
        {
          "epoch": 234,
          "train_objective": 1.8663687705993652,
          "dev_nll": 2.0503478050231934,
          "dev_kl": 0.19294521594420075,
          "dev_objective": 2.0503478050231934
        },
        {
          "epoch": 235,
          "train_objective": 1.8658696413040161,
          "dev_nll": 2.049787759780884,
          "dev_kl": 0.19325122652575374,
          "dev_objective": 2.049787759780884
        },
        {
          "epoch": 236,
          "train_objective": 1.865373134613037,
          "dev_nll": 2.049229383468628,
          "dev_kl": 0.1935585387609899,
          "dev_objective": 2.049229383468628
        },
        {
          "epoch": 237,
          "train_objective": 1.8648797273635864,
          "dev_nll": 2.048672914505005,
          "dev_kl": 0.193867380451411,
          "dev_objective": 2.048672914505005
        },
        {
          "epoch": 238,
          "train_objective": 1.8643889427185059,
          "dev_nll": 2.0481181144714355,
          "dev_kl": 0.19417791410349308,
          "dev_objective": 2.0481181144714355
        },
        {
          "epoch": 239,
          "train_objective": 1.8639010190963745,
          "dev_nll": 2.047565221786499,
          "dev_kl": 0.194490266982466,
          "dev_objective": 2.047565221786499
        },
        {
          "epoch": 240,
          "train_objective": 1.863416075706482,
          "dev_nll": 2.0470142364501953,
          "dev_kl": 0.19480433830991387,
          "dev_objective": 2.0470142364501953
        },
        {
          "epoch": 241,
          "train_objective": 1.862933874130249,
          "dev_nll": 2.0464649200439453,
          "dev_kl": 0.1951201105490327,
          "dev_objective": 2.0464649200439453
        },
        {
          "epoch": 242,
          "train_objective": 1.8624546527862549,
          "dev_nll": 2.045917510986328,
          "dev_kl": 0.19543737409636378,
          "dev_objective": 2.045917510986328
        },
        {
          "epoch": 243,
          "train_objective": 1.8619780540466309,
          "dev_nll": 2.0453717708587646,
          "dev_kl": 0.19575600965879858,
          "dev_objective": 2.0453717708587646
        },
        {
          "epoch": 244,
          "train_objective": 1.8615044355392456,
          "dev_nll": 2.044827699661255,
          "dev_kl": 0.19607601096853614,
          "dev_objective": 2.044827699661255
        },
        {
          "epoch": 245,
          "train_objective": 1.8610334396362305,
          "dev_nll": 2.044285297393799,
          "dev_kl": 0.19639725521206855,
          "dev_objective": 2.044285297393799
        },
        {
          "epoch": 246,
          "train_objective": 1.860565185546875,
          "dev_nll": 2.0437445640563965,
          "dev_kl": 0.19671986791305243,
          "dev_objective": 2.0437445640563965
        },
        {
          "epoch": 247,
          "train_objective": 1.8600996732711792,
          "dev_nll": 2.043205499649048,
          "dev_kl": 0.1970439264830202,
          "dev_objective": 2.043205499649048
        },
        {
          "epoch": 248,
          "train_objective": 1.8596367835998535,
          "dev_nll": 2.042668581008911,
          "dev_kl": 0.19736958843655883,
          "dev_objective": 2.042668581008911
        },
        {
          "epoch": 249,
          "train_objective": 1.859176754951477,
          "dev_nll": 2.0421335697174072,
          "dev_kl": 0.19769685769453646,
          "dev_objective": 2.0421335697174072
        },
        {
          "epoch": 250,
          "train_objective": 1.8587194681167603,
          "dev_nll": 2.041599988937378,
          "dev_kl": 0.19802573725581168,
          "dev_objective": 2.041599988937378
        },
        {
          "epoch": 251,
          "train_objective": 1.8582645654678345,
          "dev_nll": 2.0410683155059814,
          "dev_kl": 0.19835614438168706,
          "dev_objective": 2.0410683155059814
        },
        {
          "epoch": 252,
          "train_objective": 1.8578124046325684,
          "dev_nll": 2.0405385494232178,
          "dev_kl": 0.19868801490403712,
          "dev_objective": 2.0405385494232178
        },
        {
          "epoch": 253,
          "train_objective": 1.857363224029541,
          "dev_nll": 2.040010452270508,
          "dev_kl": 0.1990212057158351,
          "dev_objective": 2.040010452270508
        },
        {
          "epoch": 254,
          "train_objective": 1.8569161891937256,
          "dev_nll": 2.0394842624664307,
          "dev_kl": 0.1993556882813573,
          "dev_objective": 2.0394842624664307
        },
        {
          "epoch": 255,
          "train_objective": 1.8564720153808594,
          "dev_nll": 2.0389597415924072,
          "dev_kl": 0.19969143358059227,
          "dev_objective": 2.0389597415924072
        },
        {
          "epoch": 256,
          "train_objective": 1.8560301065444946,
          "dev_nll": 2.0384371280670166,
          "dev_kl": 0.20002849576994777,
          "dev_objective": 2.0384371280670166
        },
        {
          "epoch": 257,
          "train_objective": 1.8555911779403687,
          "dev_nll": 2.0379159450531006,
          "dev_kl": 0.20036697315983473,
          "dev_objective": 2.0379159450531006
        },
        {
          "epoch": 258,
          "train_objective": 1.8551543951034546,
          "dev_nll": 2.0373969078063965,
          "dev_kl": 0.20070689293555916,
          "dev_objective": 2.0373969078063965
        },
        {
          "epoch": 259,
          "train_objective": 1.8547204732894897,
          "dev_nll": 2.036879539489746,
          "dev_kl": 0.20104823384433984,
          "dev_objective": 2.036879539489746
        },
        {
          "epoch": 260,
          "train_objective": 1.8542890548706055,
          "dev_nll": 2.0363643169403076,
          "dev_kl": 0.20139102791436017,
          "dev_objective": 2.0363643169403076
        },
        {
          "epoch": 261,
          "train_objective": 1.8538601398468018,
          "dev_nll": 2.035850763320923,
          "dev_kl": 0.20173516934737562,
          "dev_objective": 2.035850763320923
        },
        {
          "epoch": 262,
          "train_objective": 1.853433609008789,
          "dev_nll": 2.035338878631592,
          "dev_kl": 0.20208063561469317,
          "dev_objective": 2.035338878631592
        },
        {
          "epoch": 263,
          "train_objective": 1.8530094623565674,
          "dev_nll": 2.0348291397094727,
          "dev_kl": 0.20242734427563847,
          "dev_objective": 2.0348291397094727
        },
        {
          "epoch": 264,
          "train_objective": 1.8525878190994263,
          "dev_nll": 2.034320831298828,
          "dev_kl": 0.2027752521727234,
          "dev_objective": 2.034320831298828
        },
        {
          "epoch": 265,
          "train_objective": 1.8521686792373657,
          "dev_nll": 2.0338144302368164,
          "dev_kl": 0.20312436815351248,
          "dev_objective": 2.0338144302368164
        },
        {
          "epoch": 266,
          "train_objective": 1.851751685142517,
          "dev_nll": 2.0333099365234375,
          "dev_kl": 0.20347466985695065,
          "dev_objective": 2.0333099365234375
        },
        {
          "epoch": 267,
          "train_objective": 1.8513375520706177,
          "dev_nll": 2.0328071117401123,
          "dev_kl": 0.2038262408878654,
          "dev_objective": 2.0328071117401123
        },
        {
          "epoch": 268,
          "train_objective": 1.8509256839752197,
          "dev_nll": 2.03230619430542,
          "dev_kl": 0.2041791304666549,
          "dev_objective": 2.03230619430542
        },
        {
          "epoch": 269,
          "train_objective": 1.8505159616470337,
          "dev_nll": 2.0318071842193604,
          "dev_kl": 0.20453325273469092,
          "dev_objective": 2.0318071842193604
        },
        {
          "epoch": 270,
          "train_objective": 1.8501088619232178,
          "dev_nll": 2.0313100814819336,
          "dev_kl": 0.20488865896128117,
          "dev_objective": 2.0313100814819336
        },
        {
          "epoch": 271,
          "train_objective": 1.8497037887573242,
          "dev_nll": 2.0308148860931396,
          "dev_kl": 0.20524522414430976,
          "dev_objective": 2.0308148860931396
        },
        {
          "epoch": 272,
          "train_objective": 1.8493012189865112,
          "dev_nll": 2.0303215980529785,
          "dev_kl": 0.20560291791334748,
          "dev_objective": 2.0303215980529785
        },
        {
          "epoch": 273,
          "train_objective": 1.8489010334014893,
          "dev_nll": 2.029829740524292,
          "dev_kl": 0.20596169766038655,
          "dev_objective": 2.029829740524292
        },
        {
          "epoch": 274,
          "train_objective": 1.8485028743743896,
          "dev_nll": 2.0293402671813965,
          "dev_kl": 0.20632154459133745,
          "dev_objective": 2.0293402671813965
        },
        {
          "epoch": 275,
          "train_objective": 1.8481069803237915,
          "dev_nll": 2.0288522243499756,
          "dev_kl": 0.2066824519634247,
          "dev_objective": 2.0288522243499756
        },
        {
          "epoch": 276,
          "train_objective": 1.847713589668274,
          "dev_nll": 2.0283663272857666,
          "dev_kl": 0.20704442696645856,
          "dev_objective": 2.0283663272857666
        },
        {
          "epoch": 277,
          "train_objective": 1.8473223447799683,
          "dev_nll": 2.0278823375701904,
          "dev_kl": 0.20740754310041665,
          "dev_objective": 2.0278823375701904
        },
        {
          "epoch": 278,
          "train_objective": 1.846933126449585,
          "dev_nll": 2.027400016784668,
          "dev_kl": 0.20777173991315068,
          "dev_objective": 2.027400016784668
        },
        {
          "epoch": 279,
          "train_objective": 1.8465462923049927,
          "dev_nll": 2.0269196033477783,
          "dev_kl": 0.20813696856610478,
          "dev_objective": 2.0269196033477783
        },
        {
          "epoch": 280,
          "train_objective": 1.8461614847183228,
          "dev_nll": 2.0264415740966797,
          "dev_kl": 0.20850323243997992,
          "dev_objective": 2.0264415740966797
        },
        {
          "epoch": 281,
          "train_objective": 1.8457790613174438,
          "dev_nll": 2.0259652137756348,
          "dev_kl": 0.2088704317063093,
          "dev_objective": 2.0259652137756348
        },
        {
          "epoch": 282,
          "train_objective": 1.8453985452651978,
          "dev_nll": 2.0254905223846436,
          "dev_kl": 0.20923861349001527,
          "dev_objective": 2.0254905223846436
        },
        {
          "epoch": 283,
          "train_objective": 1.8450201749801636,
          "dev_nll": 2.0250182151794434,
          "dev_kl": 0.20960767570883035,
          "dev_objective": 2.0250182151794434
        },
        {
          "epoch": 284,
          "train_objective": 1.8446441888809204,
          "dev_nll": 2.0245473384857178,
          "dev_kl": 0.20997768123634158,
          "dev_objective": 2.0245473384857178
        },
        {
          "epoch": 285,
          "train_objective": 1.844269871711731,
          "dev_nll": 2.024078607559204,
          "dev_kl": 0.21034857298247517,
          "dev_objective": 2.024078607559204
        },
        {
          "epoch": 286,
          "train_objective": 1.8438977003097534,
          "dev_nll": 2.0236120223999023,
          "dev_kl": 0.21072035387158394,
          "dev_objective": 2.0236120223999023
        },
        {
          "epoch": 287,
          "train_objective": 1.8435277938842773,
          "dev_nll": 2.0231473445892334,
          "dev_kl": 0.21109301096759736,
          "dev_objective": 2.0231473445892334
        },
        {
          "epoch": 288,
          "train_objective": 1.8431599140167236,
          "dev_nll": 2.0226845741271973,
          "dev_kl": 0.2114665324613452,
          "dev_objective": 2.0226845741271973
        },
        {
          "epoch": 289,
          "train_objective": 1.8427940607070923,
          "dev_nll": 2.022223711013794,
          "dev_kl": 0.21184089933522046,
          "dev_objective": 2.022223711013794
        },
        {
          "epoch": 290,
          "train_objective": 1.842429757118225,
          "dev_nll": 2.0217652320861816,
          "dev_kl": 0.21221607729792594,
          "dev_objective": 2.0217652320861816
        },
        {
          "epoch": 291,
          "train_objective": 1.842067837715149,
          "dev_nll": 2.021308183670044,
          "dev_kl": 0.21259203336201607,
          "dev_objective": 2.021308183670044
        },
        {
          "epoch": 292,
          "train_objective": 1.841707706451416,
          "dev_nll": 2.0208537578582764,
          "dev_kl": 0.21296870035119356,
          "dev_objective": 2.0208537578582764
        },
        {
          "epoch": 293,
          "train_objective": 1.8413496017456055,
          "dev_nll": 2.0204012393951416,
          "dev_kl": 0.2133461441565305,
          "dev_objective": 2.0204012393951416
        },
        {
          "epoch": 294,
          "train_objective": 1.8409934043884277,
          "dev_nll": 2.0199506282806396,
          "dev_kl": 0.21372426321730018,
          "dev_objective": 2.0199506282806396
        },
        {
          "epoch": 295,
          "train_objective": 1.8406388759613037,
          "dev_nll": 2.0195021629333496,
          "dev_kl": 0.21410312512889504,
          "dev_objective": 2.0195021629333496
        },
        {
          "epoch": 296,
          "train_objective": 1.8402866125106812,
          "dev_nll": 2.0190558433532715,
          "dev_kl": 0.21448265152052046,
          "dev_objective": 2.0190558433532715
        },
        {
          "epoch": 297,
          "train_objective": 1.8399360179901123,
          "dev_nll": 2.018611431121826,
          "dev_kl": 0.2148628760781139,
          "dev_objective": 2.018611431121826
        },
        {
          "epoch": 298,
          "train_objective": 1.8395870923995972,
          "dev_nll": 2.018169403076172,
          "dev_kl": 0.21524374851956962,
          "dev_objective": 2.018169403076172
        },
        {
          "epoch": 299,
          "train_objective": 1.839240312576294,
          "dev_nll": 2.0177292823791504,
          "dev_kl": 0.2156252526678145,
          "dev_objective": 2.0177292823791504
        }
      ]
    },
    "constrained_logic_repair_head": {
      "kl_lambda": 3.0,
      "best_dev_nll": 2.1634109020233154,
      "best_dev_kl": 0.017657871736446396,
      "best_dev_objective": 2.2163845172326546,
      "epochs_run": 300,
      "history": [
        {
          "epoch": 0,
          "train_objective": 2.3075780868530273,
          "dev_nll": 2.356503963470459,
          "dev_kl": 0.01634176944033243,
          "dev_objective": 2.4055292717914565
        },
        {
          "epoch": 1,
          "train_objective": 2.4096639156341553,
          "dev_nll": 2.30684232711792,
          "dev_kl": 0.0027807285789458545,
          "dev_objective": 2.3151845128547577
        },
        {
          "epoch": 2,
          "train_objective": 2.3018693923950195,
          "dev_nll": 2.2927794456481934,
          "dev_kl": 0.025383889204385925,
          "dev_objective": 2.3689311132613513
        },
        {
          "epoch": 3,
          "train_objective": 2.311945915222168,
          "dev_nll": 2.293937921524048,
          "dev_kl": 0.041579554956406355,
          "dev_objective": 2.418676586393267
        },
        {
          "epoch": 4,
          "train_objective": 2.33811354637146,
          "dev_nll": 2.28706693649292,
          "dev_kl": 0.03282195436593611,
          "dev_objective": 2.3855327995907283
        },
        {
          "epoch": 5,
          "train_objective": 2.3163130283355713,
          "dev_nll": 2.280813694000244,
          "dev_kl": 0.015371213809266919,
          "dev_objective": 2.326927335428045
        },
        {
          "epoch": 6,
          "train_objective": 2.281458616256714,
          "dev_nll": 2.284227132797241,
          "dev_kl": 0.00458882097620517,
          "dev_objective": 2.2979935957258566
        },
        {
          "epoch": 7,
          "train_objective": 2.2690391540527344,
          "dev_nll": 2.29384183883667,
          "dev_kl": 0.003860433743102476,
          "dev_objective": 2.3054231400659773
        },
        {
          "epoch": 8,
          "train_objective": 2.2815802097320557,
          "dev_nll": 2.297464370727539,
          "dev_kl": 0.005495671832759399,
          "dev_objective": 2.3139513862258174
        },
        {
          "epoch": 9,
          "train_objective": 2.289172887802124,
          "dev_nll": 2.2908129692077637,
          "dev_kl": 0.005011738285975298,
          "dev_objective": 2.3058481840656895
        },
        {
          "epoch": 10,
          "train_objective": 2.278177261352539,
          "dev_nll": 2.278980255126953,
          "dev_kl": 0.004662995581747964,
          "dev_objective": 2.292969241872197
        },
        {
          "epoch": 11,
          "train_objective": 2.2610995769500732,
          "dev_nll": 2.2686939239501953,
          "dev_kl": 0.0076513739276560955,
          "dev_objective": 2.2916480457331634
        },
        {
          "epoch": 12,
          "train_objective": 2.253201484680176,
          "dev_nll": 2.2628493309020996,
          "dev_kl": 0.013471640992793254,
          "dev_objective": 2.3032642538804793
        },
        {
          "epoch": 13,
          "train_objective": 2.256049633026123,
          "dev_nll": 2.26008677482605,
          "dev_kl": 0.0184286268777214,
          "dev_objective": 2.315372655459214
        },
        {
          "epoch": 14,
          "train_objective": 2.260864734649658,
          "dev_nll": 2.2582225799560547,
          "dev_kl": 0.019575007595703936,
          "dev_objective": 2.3169476027431664
        },
        {
          "epoch": 15,
          "train_objective": 2.260310173034668,
          "dev_nll": 2.2567598819732666,
          "dev_kl": 0.016877353026065977,
          "dev_objective": 2.3073919410514647
        },
        {
          "epoch": 16,
          "train_objective": 2.2538139820098877,
          "dev_nll": 2.2566635608673096,
          "dev_kl": 0.012502878794912249,
          "dev_objective": 2.2941721972520464
        },
        {
          "epoch": 17,
          "train_objective": 2.2458035945892334,
          "dev_nll": 2.258753776550293,
          "dev_kl": 0.00892925329564605,
          "dev_objective": 2.285541536437231
        },
        {
          "epoch": 18,
          "train_objective": 2.2412288188934326,
          "dev_nll": 2.2623093128204346,
          "dev_kl": 0.00730745805602055,
          "dev_objective": 2.2842316869884964
        },
        {
          "epoch": 19,
          "train_objective": 2.2415215969085693,
          "dev_nll": 2.265113115310669,
          "dev_kl": 0.007091062157414853,
          "dev_objective": 2.2863863017829136
        },
        {
          "epoch": 20,
          "train_objective": 2.2435250282287598,
          "dev_nll": 2.265105962753296,
          "dev_kl": 0.0071720855875173585,
          "dev_objective": 2.286622219515848
        },
        {
          "epoch": 21,
          "train_objective": 2.242950916290283,
          "dev_nll": 2.261986255645752,
          "dev_kl": 0.007190781715908087,
          "dev_objective": 2.283558600793476
        },
        {
          "epoch": 22,
          "train_objective": 2.2388229370117188,
          "dev_nll": 2.257171869277954,
          "dev_kl": 0.007647848483757116,
          "dev_objective": 2.2801154147292255
        },
        {
          "epoch": 23,
          "train_objective": 2.233767032623291,
          "dev_nll": 2.2525298595428467,
          "dev_kl": 0.009035977310850285,
          "dev_objective": 2.2796377914753974
        },
        {
          "epoch": 24,
          "train_objective": 2.2307112216949463,
          "dev_nll": 2.249182939529419,
          "dev_kl": 0.011071181499864906,
          "dev_objective": 2.2823964840290136
        },
        {
          "epoch": 25,
          "train_objective": 2.230172634124756,
          "dev_nll": 2.2472407817840576,
          "dev_kl": 0.012781228859676048,
          "dev_objective": 2.2855844683630857
        },
        {
          "epoch": 26,
          "train_objective": 2.230436325073242,
          "dev_nll": 2.2463464736938477,
          "dev_kl": 0.013261930186999962,
          "dev_objective": 2.2861322642548476
        },
        {
          "epoch": 27,
          "train_objective": 2.229550361633301,
          "dev_nll": 2.246291160583496,
          "dev_kl": 0.012323242308339104,
          "dev_objective": 2.283260887508513
        },
        {
          "epoch": 28,
          "train_objective": 2.226956844329834,
          "dev_nll": 2.247140407562256,
          "dev_kl": 0.010533669086871669,
          "dev_objective": 2.278741414822871
        },
        {
          "epoch": 29,
          "train_objective": 2.2236568927764893,
          "dev_nll": 2.2488980293273926,
          "dev_kl": 0.008752188702346756,
          "dev_objective": 2.275154595434433
        },
        {
          "epoch": 30,
          "train_objective": 2.2211527824401855,
          "dev_nll": 2.251108407974243,
          "dev_kl": 0.007558505327324383,
          "dev_objective": 2.2737839239562163
        },
        {
          "epoch": 31,
          "train_objective": 2.2200987339019775,
          "dev_nll": 2.252859115600586,
          "dev_kl": 0.007007857873686589,
          "dev_objective": 2.2738826892216455
        },
        {
          "epoch": 32,
          "train_objective": 2.219757556915283,
          "dev_nll": 2.2532825469970703,
          "dev_kl": 0.006857088895048946,
          "dev_objective": 2.273853813682217
        },
        {
          "epoch": 33,
          "train_objective": 2.2188284397125244,
          "dev_nll": 2.25213885307312,
          "dev_kl": 0.006956669771461747,
          "dev_objective": 2.2730088623875053
        },
        {
          "epoch": 34,
          "train_objective": 2.2168209552764893,
          "dev_nll": 2.2499289512634277,
          "dev_kl": 0.007370562762371264,
          "dev_objective": 2.2720406395505415
        },
        {
          "epoch": 35,
          "train_objective": 2.2144322395324707,
          "dev_nll": 2.2474920749664307,
          "dev_kl": 0.00815453139017336,
          "dev_objective": 2.271955669136951
        },
        {
          "epoch": 36,
          "train_objective": 2.212641477584839,
          "dev_nll": 2.245495557785034,
          "dev_kl": 0.009110605767928064,
          "dev_objective": 2.272827375088818
        },
        {
          "epoch": 37,
          "train_objective": 2.2116875648498535,
          "dev_nll": 2.244224786758423,
          "dev_kl": 0.009824484427226707,
          "dev_objective": 2.273698240040103
        },
        {
          "epoch": 38,
          "train_objective": 2.210984945297241,
          "dev_nll": 2.243701696395874,
          "dev_kl": 0.009954425003379584,
          "dev_objective": 2.273564971406013
        },
        {
          "epoch": 39,
          "train_objective": 2.2098445892333984,
          "dev_nll": 2.2438788414001465,
          "dev_kl": 0.009481242276378907,
          "dev_objective": 2.272322568229283
        },
        {
          "epoch": 40,
          "train_objective": 2.2081363201141357,
          "dev_nll": 2.2446675300598145,
          "dev_kl": 0.008698443620814941,
          "dev_objective": 2.270762860922259
        },
        {
          "epoch": 41,
          "train_objective": 2.206322431564331,
          "dev_nll": 2.2458176612854004,
          "dev_kl": 0.007979084245162084,
          "dev_objective": 2.269754914020887
        },
        {
          "epoch": 42,
          "train_objective": 2.204926013946533,
          "dev_nll": 2.2468557357788086,
          "dev_kl": 0.007537882958422415,
          "dev_objective": 2.2694693846540757
        },
        {
          "epoch": 43,
          "train_objective": 2.2039942741394043,
          "dev_nll": 2.247241258621216,
          "dev_kl": 0.007382601201534271,
          "dev_objective": 2.2693890622258186
        },
        {
          "epoch": 44,
          "train_objective": 2.2030999660491943,
          "dev_nll": 2.2466704845428467,
          "dev_kl": 0.007443537748185918,
          "dev_objective": 2.269001097787404
        },
        {
          "epoch": 45,
          "train_objective": 2.201859712600708,
          "dev_nll": 2.245260238647461,
          "dev_kl": 0.007692707583773881,
          "dev_objective": 2.2683383613987824
        },
        {
          "epoch": 46,
          "train_objective": 2.2003531455993652,
          "dev_nll": 2.243452548980713,
          "dev_kl": 0.008119237675564363,
          "dev_objective": 2.267810262007406
        },
        {
          "epoch": 47,
          "train_objective": 2.198958396911621,
          "dev_nll": 2.2417452335357666,
          "dev_kl": 0.008630357303190976,
          "dev_objective": 2.2676363054453397
        },
        {
          "epoch": 48,
          "train_objective": 2.197888135910034,
          "dev_nll": 2.2404792308807373,
          "dev_kl": 0.00903708083089441,
          "dev_objective": 2.2675904733734207
        },
        {
          "epoch": 49,
          "train_objective": 2.196985960006714,
          "dev_nll": 2.2397966384887695,
          "dev_kl": 0.009167521692579611,
          "dev_objective": 2.2672992035665085
        },
        {
          "epoch": 50,
          "train_objective": 2.19596266746521,
          "dev_nll": 2.2396962642669678,
          "dev_kl": 0.008993674434022977,
          "dev_objective": 2.2666772875690366
        },
        {
          "epoch": 51,
          "train_objective": 2.194730281829834,
          "dev_nll": 2.2400574684143066,
          "dev_kl": 0.00864418753539212,
          "dev_objective": 2.265990031020483
        },
        {
          "epoch": 52,
          "train_objective": 2.193463087081909,
          "dev_nll": 2.240628242492676,
          "dev_kl": 0.008299514602986164,
          "dev_objective": 2.2655267863016344
        },
        {
          "epoch": 53,
          "train_objective": 2.1923670768737793,
          "dev_nll": 2.241053581237793,
          "dev_kl": 0.008076782518182881,
          "dev_objective": 2.2652839287923414
        },
        {
          "epoch": 54,
          "train_objective": 2.191443681716919,
          "dev_nll": 2.241004467010498,
          "dev_kl": 0.00800222143123392,
          "dev_objective": 2.2650111313042
        },
        {
          "epoch": 55,
          "train_objective": 2.190514326095581,
          "dev_nll": 2.240347146987915,
          "dev_kl": 0.008060862887650727,
          "dev_objective": 2.2645297356508673
        },
        {
          "epoch": 56,
          "train_objective": 2.1894571781158447,
          "dev_nll": 2.2392091751098633,
          "dev_kl": 0.008235236239852384,
          "dev_objective": 2.2639148838294205
        },
        {
          "epoch": 57,
          "train_objective": 2.188344955444336,
          "dev_nll": 2.2378933429718018,
          "dev_kl": 0.008487692454946228,
          "dev_objective": 2.2633564203366405
        },
        {
          "epoch": 58,
          "train_objective": 2.1873257160186768,
          "dev_nll": 2.23671555519104,
          "dev_kl": 0.008733820070046932,
          "dev_objective": 2.2629170154011806
        },
        {
          "epoch": 59,
          "train_objective": 2.186434268951416,
          "dev_nll": 2.235886573791504,
          "dev_kl": 0.008869148896774277,
          "dev_objective": 2.2624940204818267
        },
        {
          "epoch": 60,
          "train_objective": 2.1855690479278564,
          "dev_nll": 2.2354812622070312,
          "dev_kl": 0.008837551219039596,
          "dev_objective": 2.26199391586415
        },
        {
          "epoch": 61,
          "train_objective": 2.184638738632202,
          "dev_nll": 2.2354493141174316,
          "dev_kl": 0.008671363116591238,
          "dev_objective": 2.2614634034672054
        },
        {
          "epoch": 62,
          "train_objective": 2.183668613433838,
          "dev_nll": 2.235628843307495,
          "dev_kl": 0.008463047061813994,
          "dev_objective": 2.2610179844929372
        },
        {
          "epoch": 63,
          "train_objective": 2.1827518939971924,
          "dev_nll": 2.2357802391052246,
          "dev_kl": 0.008300659780506975,
          "dev_objective": 2.2606822184467457
        },
        {
          "epoch": 64,
          "train_objective": 2.1819255352020264,
          "dev_nll": 2.2356672286987305,
          "dev_kl": 0.008228356015169993,
          "dev_objective": 2.2603522967442404
        },
        {
          "epoch": 65,
          "train_objective": 2.18113112449646,
          "dev_nll": 2.235166311264038,
          "dev_kl": 0.008252513968618586,
          "dev_objective": 2.259923853169894
        },
        {
          "epoch": 66,
          "train_objective": 2.1803035736083984,
          "dev_nll": 2.234325647354126,
          "dev_kl": 0.008360747604165226,
          "dev_objective": 2.2594078901666217
        },
        {
          "epoch": 67,
          "train_objective": 2.179455518722534,
          "dev_nll": 2.2333297729492188,
          "dev_kl": 0.008522728560492396,
          "dev_objective": 2.258897958630696
        },
        {
          "epoch": 68,
          "train_objective": 2.1786482334136963,
          "dev_nll": 2.232400894165039,
          "dev_kl": 0.008684817579924129,
          "dev_objective": 2.2584553469048116
        },
        {
          "epoch": 69,
          "train_objective": 2.177902936935425,
          "dev_nll": 2.2317051887512207,
          "dev_kl": 0.008786779398215004,
          "dev_objective": 2.258065526945866
        },
        {
          "epoch": 70,
          "train_objective": 2.1771810054779053,
          "dev_nll": 2.2313077449798584,
          "dev_kl": 0.008797858163597993,
          "dev_objective": 2.2577013194706526
        },
        {
          "epoch": 71,
          "train_objective": 2.1764421463012695,
          "dev_nll": 2.2311644554138184,
          "dev_kl": 0.00873716829577461,
          "dev_objective": 2.2573759603011423
        },
        {
          "epoch": 72,
          "train_objective": 2.17569899559021,
          "dev_nll": 2.231140375137329,
          "dev_kl": 0.008657056919764728,
          "dev_objective": 2.257111545896623
        },
        {
          "epoch": 73,
          "train_objective": 2.174989938735962,
          "dev_nll": 2.2310526371002197,
          "dev_kl": 0.008607610902399756,
          "dev_objective": 2.256875469807419
        },
        {
          "epoch": 74,
          "train_objective": 2.174325942993164,
          "dev_nll": 2.2307448387145996,
          "dev_kl": 0.008614715643343516,
          "dev_objective": 2.25658898564463
        },
        {
          "epoch": 75,
          "train_objective": 2.173677444458008,
          "dev_nll": 2.2301573753356934,
          "dev_kl": 0.008681084893760271,
          "dev_objective": 2.2562006300169744
        },
        {
          "epoch": 76,
          "train_objective": 2.173022508621216,
          "dev_nll": 2.229355812072754,
          "dev_kl": 0.008793276256765238,
          "dev_objective": 2.25573564084305
        },
        {
          "epoch": 77,
          "train_objective": 2.172375440597534,
          "dev_nll": 2.228489637374878,
          "dev_kl": 0.008923599143745378,
          "dev_objective": 2.255260434806114
        },
        {
          "epoch": 78,
          "train_objective": 2.1717612743377686,
          "dev_nll": 2.2277159690856934,
          "dev_kl": 0.009035177832702175,
          "dev_objective": 2.2548215025838
        },
        {
          "epoch": 79,
          "train_objective": 2.1711771488189697,
          "dev_nll": 2.227137565612793,
          "dev_kl": 0.009099167912499978,
          "dev_objective": 2.254435069350293
        },
        {
          "epoch": 80,
          "train_objective": 2.1706018447875977,
          "dev_nll": 2.2267675399780273,
          "dev_kl": 0.009112660930259153,
          "dev_objective": 2.2541055227688047
        },
        {
          "epoch": 81,
          "train_objective": 2.170027256011963,
          "dev_nll": 2.226533889770508,
          "dev_kl": 0.009099406020832248,
          "dev_objective": 2.2538321078330044
        },
        {
          "epoch": 82,
          "train_objective": 2.169468641281128,
          "dev_nll": 2.2263100147247314,
          "dev_kl": 0.009092067600577139,
          "dev_objective": 2.253586217526463
        },
        {
          "epoch": 83,
          "train_objective": 2.1689374446868896,
          "dev_nll": 2.2259671688079834,
          "dev_kl": 0.009113772641285323,
          "dev_objective": 2.2533084867318394
        },
        {
          "epoch": 84,
          "train_objective": 2.168424606323242,
          "dev_nll": 2.225436210632324,
          "dev_kl": 0.009171935535268858,
          "dev_objective": 2.252952017238131
        },
        {
          "epoch": 85,
          "train_objective": 2.1679179668426514,
          "dev_nll": 2.224740982055664,
          "dev_kl": 0.009260668547940441,
          "dev_objective": 2.2525229876994852
        },
        {
          "epoch": 86,
          "train_objective": 2.1674187183380127,
          "dev_nll": 2.223978042602539,
          "dev_kl": 0.009363558375043794,
          "dev_objective": 2.2520687177276706
        },
        {
          "epoch": 87,
          "train_objective": 2.166937828063965,
          "dev_nll": 2.2232658863067627,
          "dev_kl": 0.009458053027628921,
          "dev_objective": 2.2516400453896495
        },
        {
          "epoch": 88,
          "train_objective": 2.1664774417877197,
          "dev_nll": 2.2226881980895996,
          "dev_kl": 0.00952584697981365,
          "dev_objective": 2.2512657390290407
        },
        {
          "epoch": 89,
          "train_objective": 2.166027069091797,
          "dev_nll": 2.2222602367401123,
          "dev_kl": 0.009563913837773726,
          "dev_objective": 2.2509519782534335
        },
        {
          "epoch": 90,
          "train_objective": 2.1655831336975098,
          "dev_nll": 2.2219269275665283,
          "dev_kl": 0.00958575720374938,
          "dev_objective": 2.2506841991777766
        },
        {
          "epoch": 91,
          "train_objective": 2.165151357650757,
          "dev_nll": 2.2215917110443115,
          "dev_kl": 0.009611307181767188,
          "dev_objective": 2.250425632589613
        },
        {
          "epoch": 92,
          "train_objective": 2.164736270904541,
          "dev_nll": 2.2211616039276123,
          "dev_kl": 0.009655422233045101,
          "dev_objective": 2.2501278706267476
        },
        {
          "epoch": 93,
          "train_objective": 2.164334535598755,
          "dev_nll": 2.220593214035034,
          "dev_kl": 0.009722809444065205,
          "dev_objective": 2.24976164236723
        },
        {
          "epoch": 94,
          "train_objective": 2.1639394760131836,
          "dev_nll": 2.2199132442474365,
          "dev_kl": 0.009808728193165734,
          "dev_objective": 2.249339428826934
        },
        {
          "epoch": 95,
          "train_objective": 2.163553237915039,
          "dev_nll": 2.2192015647888184,
          "dev_kl": 0.00990123651281465,
          "dev_objective": 2.2489052743272624
        },
        {
          "epoch": 96,
          "train_objective": 2.1631805896759033,
          "dev_nll": 2.2185442447662354,
          "dev_kl": 0.009985875053098425,
          "dev_objective": 2.248501869925531
        },
        {
          "epoch": 97,
          "train_objective": 2.1628198623657227,
          "dev_nll": 2.2179934978485107,
          "dev_kl": 0.010053450777777471,
          "dev_objective": 2.248153850181843
        },
        {
          "epoch": 98,
          "train_objective": 2.1624672412872314,
          "dev_nll": 2.217543601989746,
          "dev_kl": 0.010105540819931775,
          "dev_objective": 2.2478602244495414
        },
        {
          "epoch": 99,
          "train_objective": 2.1621220111846924,
          "dev_nll": 2.217139482498169,
          "dev_kl": 0.010152630074881017,
          "dev_objective": 2.247597372722812
        },
        {
          "epoch": 100,
          "train_objective": 2.161787271499634,
          "dev_nll": 2.216705799102783,
          "dev_kl": 0.010206623959820717,
          "dev_objective": 2.2473256709822453
        },
        {
          "epoch": 101,
          "train_objective": 2.161463499069214,
          "dev_nll": 2.2161858081817627,
          "dev_kl": 0.01027449193643406,
          "dev_objective": 2.2470092839910647
        },
        {
          "epoch": 102,
          "train_objective": 2.1611478328704834,
          "dev_nll": 2.2155725955963135,
          "dev_kl": 0.010356134726316668,
          "dev_objective": 2.2466409997752637
        },
        {
          "epoch": 103,
          "train_objective": 2.1608378887176514,
          "dev_nll": 2.2149083614349365,
          "dev_kl": 0.010445295206736774,
          "dev_objective": 2.246244247055147
        },
        {
          "epoch": 104,
          "train_objective": 2.1605374813079834,
          "dev_nll": 2.214259386062622,
          "dev_kl": 0.01053257356514223,
          "dev_objective": 2.2458571067580486
        },
        {
          "epoch": 105,
          "train_objective": 2.160245895385742,
          "dev_nll": 2.2136783599853516,
          "dev_kl": 0.01061004951770883,
          "dev_objective": 2.245508508538478
        },
        {
          "epoch": 106,
          "train_objective": 2.159961700439453,
          "dev_nll": 2.213176965713501,
          "dev_kl": 0.010675989634473809,
          "dev_objective": 2.2452049346169223
        },
        {
          "epoch": 107,
          "train_objective": 2.1596837043762207,
          "dev_nll": 2.2127249240875244,
          "dev_kl": 0.010735477148555219,
          "dev_objective": 2.2449313555331902
        },
        {
          "epoch": 108,
          "train_objective": 2.1594128608703613,
          "dev_nll": 2.212266683578491,
          "dev_kl": 0.010796399195678532,
          "dev_objective": 2.2446558811655266
        },
        {
          "epoch": 109,
          "train_objective": 2.1591498851776123,
          "dev_nll": 2.2117552757263184,
          "dev_kl": 0.0108645770594012,
          "dev_objective": 2.244349006904522
        },
        {
          "epoch": 110,
          "train_objective": 2.158893346786499,
          "dev_nll": 2.211177110671997,
          "dev_kl": 0.010941130825085566,
          "dev_objective": 2.244000503147254
        },
        {
          "epoch": 111,
          "train_objective": 2.1586427688598633,
          "dev_nll": 2.210557460784912,
          "dev_kl": 0.011022724924841895,
          "dev_objective": 2.2436256355594377
        },
        {
          "epoch": 112,
          "train_objective": 2.158398151397705,
          "dev_nll": 2.2099449634552,
          "dev_kl": 0.011103333621285856,
          "dev_objective": 2.243254964319058
        },
        {
          "epoch": 113,
          "train_objective": 2.158160448074341,
          "dev_nll": 2.209381103515625,
          "dev_kl": 0.011177633312763646,
          "dev_objective": 2.242914003453916
        },
        {
          "epoch": 114,
          "train_objective": 2.157928228378296,
          "dev_nll": 2.2088773250579834,
          "dev_kl": 0.011244224132969976,
          "dev_objective": 2.2426099974568934
        },
        {
          "epoch": 115,
          "train_objective": 2.1577014923095703,
          "dev_nll": 2.2084107398986816,
          "dev_kl": 0.011306328309001402,
          "dev_objective": 2.242329724825686
        },
        {
          "epoch": 116,
          "train_objective": 2.157480239868164,
          "dev_nll": 2.2079405784606934,
          "dev_kl": 0.011369169363752008,
          "dev_objective": 2.242048086551949
        },
        {
          "epoch": 117,
          "train_objective": 2.1572647094726562,
          "dev_nll": 2.207430839538574,
          "dev_kl": 0.011436682548373938,
          "dev_objective": 2.241740887183696
        },
        {
          "epoch": 118,
          "train_objective": 2.1570544242858887,
          "dev_nll": 2.206873655319214,
          "dev_kl": 0.011509609465720131,
          "dev_objective": 2.2414024837163744
        },
        {
          "epoch": 119,
          "train_objective": 2.156848669052124,
          "dev_nll": 2.206289052963257,
          "dev_kl": 0.011585540628293528,
          "dev_objective": 2.2410456748481375
        },
        {
          "epoch": 120,
          "train_objective": 2.1566481590270996,
          "dev_nll": 2.205714225769043,
          "dev_kl": 0.01166034206864424,
          "dev_objective": 2.2406952519749757
        },
        {
          "epoch": 121,
          "train_objective": 2.1564524173736572,
          "dev_nll": 2.205177068710327,
          "dev_kl": 0.011730788906570524,
          "dev_objective": 2.2403694354300385
        },
        {
          "epoch": 122,
          "train_objective": 2.1562612056732178,
          "dev_nll": 2.204680919647217,
          "dev_kl": 0.011796600125962868,
          "dev_objective": 2.2400707200251055
        },
        {
          "epoch": 123,
          "train_objective": 2.1560747623443604,
          "dev_nll": 2.2042057514190674,
          "dev_kl": 0.011860364191234112,
          "dev_objective": 2.2397868439927695
        },
        {
          "epoch": 124,
          "train_objective": 2.1558923721313477,
          "dev_nll": 2.2037200927734375,
          "dev_kl": 0.01192557071801275,
          "dev_objective": 2.2394968049274757
        },
        {
          "epoch": 125,
          "train_objective": 2.155714988708496,
          "dev_nll": 2.203202247619629,
          "dev_kl": 0.011994477907428518,
          "dev_objective": 2.2391856813419144
        },
        {
          "epoch": 126,
          "train_objective": 2.155541181564331,
          "dev_nll": 2.2026538848876953,
          "dev_kl": 0.01206678817863576,
          "dev_objective": 2.2388542494236026
        },
        {
          "epoch": 127,
          "train_objective": 2.1553711891174316,
          "dev_nll": 2.2020959854125977,
          "dev_kl": 0.012140251258388161,
          "dev_objective": 2.2385167391877623
        },
        {
          "epoch": 128,
          "train_objective": 2.155205488204956,
          "dev_nll": 2.201555013656616,
          "dev_kl": 0.012211971805663779,
          "dev_objective": 2.2381909290736077
        },
        {
          "epoch": 129,
          "train_objective": 2.1550440788269043,
          "dev_nll": 2.2010462284088135,
          "dev_kl": 0.012280353896785527,
          "dev_objective": 2.23788729009917
        },
        {
          "epoch": 130,
          "train_objective": 2.154886245727539,
          "dev_nll": 2.200563907623291,
          "dev_kl": 0.0123460161651019,
          "dev_objective": 2.237601956118597
        },
        {
          "epoch": 131,
          "train_objective": 2.1547317504882812,
          "dev_nll": 2.200087547302246,
          "dev_kl": 0.012411160568008199,
          "dev_objective": 2.237321029006271
        },
        {
          "epoch": 132,
          "train_objective": 2.154581308364868,
          "dev_nll": 2.1995949745178223,
          "dev_kl": 0.01247790539637208,
          "dev_objective": 2.2370286907069383
        },
        {
          "epoch": 133,
          "train_objective": 2.1544342041015625,
          "dev_nll": 2.1990790367126465,
          "dev_kl": 0.012546978630125523,
          "dev_objective": 2.236719972603023
        },
        {
          "epoch": 134,
          "train_objective": 2.1542904376983643,
          "dev_nll": 2.198549270629883,
          "dev_kl": 0.012617312725633384,
          "dev_objective": 2.236401208806783
        },
        {
          "epoch": 135,
          "train_objective": 2.1541502475738525,
          "dev_nll": 2.1980254650115967,
          "dev_kl": 0.012686930090421811,
          "dev_objective": 2.236086255282862
        },
        {
          "epoch": 136,
          "train_objective": 2.154013156890869,
          "dev_nll": 2.197524070739746,
          "dev_kl": 0.01275419518351555,
          "dev_objective": 2.235786656290293
        },
        {
          "epoch": 137,
          "train_objective": 2.1538796424865723,
          "dev_nll": 2.1970467567443848,
          "dev_kl": 0.01281891698949039,
          "dev_objective": 2.2355035077128558
        },
        {
          "epoch": 138,
          "train_objective": 2.1537489891052246,
          "dev_nll": 2.1965816020965576,
          "dev_kl": 0.012882410197053105,
          "dev_objective": 2.2352288326877168
        },
        {
          "epoch": 139,
          "train_objective": 2.1536216735839844,
          "dev_nll": 2.1961112022399902,
          "dev_kl": 0.012946354373125359,
          "dev_objective": 2.2349502653593665
        },
        {
          "epoch": 140,
          "train_objective": 2.1534972190856934,
          "dev_nll": 2.195626735687256,
          "dev_kl": 0.013011689792620018,
          "dev_objective": 2.234661805065116
        },
        {
          "epoch": 141,
          "train_objective": 2.1533756256103516,
          "dev_nll": 2.1951308250427246,
          "dev_kl": 0.013078071553027258,
          "dev_objective": 2.234365039701806
        },
        {
          "epoch": 142,
          "train_objective": 2.153257369995117,
          "dev_nll": 2.1946380138397217,
          "dev_kl": 0.013144150990992785,
          "dev_objective": 2.2340704668127
        },
        {
          "epoch": 143,
          "train_objective": 2.153141736984253,
          "dev_nll": 2.1941611766815186,
          "dev_kl": 0.01320863320142962,
          "dev_objective": 2.2337870762858074
        },
        {
          "epoch": 144,
          "train_objective": 2.153028964996338,
          "dev_nll": 2.1937038898468018,
          "dev_kl": 0.013271124880993738,
          "dev_objective": 2.233517264489783
        },
        {
          "epoch": 145,
          "train_objective": 2.1529183387756348,
          "dev_nll": 2.1932592391967773,
          "dev_kl": 0.013332403134554624,
          "dev_objective": 2.233256448600441
        },
        {
          "epoch": 146,
          "train_objective": 2.152811050415039,
          "dev_nll": 2.192814350128174,
          "dev_kl": 0.013393693562829868,
          "dev_objective": 2.2329954308166635
        },
        {
          "epoch": 147,
          "train_objective": 2.1527059078216553,
          "dev_nll": 2.1923601627349854,
          "dev_kl": 0.013455829340964556,
          "dev_objective": 2.232727650757879
        },
        {
          "epoch": 148,
          "train_objective": 2.1526033878326416,
          "dev_nll": 2.1918985843658447,
          "dev_kl": 0.013518688809126616,
          "dev_objective": 2.2324546507932244
        },
        {
          "epoch": 149,
          "train_objective": 2.152503252029419,
          "dev_nll": 2.191439628601074,
          "dev_kl": 0.013581322283716873,
          "dev_objective": 2.232183595452225
        },
        {
          "epoch": 150,
          "train_objective": 2.1524059772491455,
          "dev_nll": 2.190992593765259,
          "dev_kl": 0.013642751701408997,
          "dev_objective": 2.231920848869486
        },
        {
          "epoch": 151,
          "train_objective": 2.152310371398926,
          "dev_nll": 2.1905617713928223,
          "dev_kl": 0.01370263914577663,
          "dev_objective": 2.231669688830152
        },
        {
          "epoch": 152,
          "train_objective": 2.1522178649902344,
          "dev_nll": 2.1901419162750244,
          "dev_kl": 0.013761496028164401,
          "dev_objective": 2.231426404359518
        },
        {
          "epoch": 153,
          "train_objective": 2.1521270275115967,
          "dev_nll": 2.189723253250122,
          "dev_kl": 0.013820263793459162,
          "dev_objective": 2.2311840446304996
        },
        {
          "epoch": 154,
          "train_objective": 2.15203857421875,
          "dev_nll": 2.1892995834350586,
          "dev_kl": 0.013879513532156124,
          "dev_objective": 2.230938124031527
        },
        {
          "epoch": 155,
          "train_objective": 2.1519522666931152,
          "dev_nll": 2.1888720989227295,
          "dev_kl": 0.01393911161692813,
          "dev_objective": 2.230689433773514
        },
        {
          "epoch": 156,
          "train_objective": 2.1518678665161133,
          "dev_nll": 2.188448667526245,
          "dev_kl": 0.013998336797812953,
          "dev_objective": 2.230443677919684
        },
        {
          "epoch": 157,
          "train_objective": 2.1517858505249023,
          "dev_nll": 2.1880364418029785,
          "dev_kl": 0.014056459099519998,
          "dev_objective": 2.2302058191015384
        },
        {
          "epoch": 158,
          "train_objective": 2.151705503463745,
          "dev_nll": 2.1876373291015625,
          "dev_kl": 0.014113242616876959,
          "dev_objective": 2.2299770569521935
        },
        {
          "epoch": 159,
          "train_objective": 2.1516273021698,
          "dev_nll": 2.187246799468994,
          "dev_kl": 0.014169155748095363,
          "dev_objective": 2.22975426671328
        },
        {
          "epoch": 160,
          "train_objective": 2.151550531387329,
          "dev_nll": 2.1868574619293213,
          "dev_kl": 0.014224831691244617,
          "dev_objective": 2.229531957003055
        },
        {
          "epoch": 161,
          "train_objective": 2.1514763832092285,
          "dev_nll": 2.1864659786224365,
          "dev_kl": 0.014280664841644466,
          "dev_objective": 2.2293079731473697
        },
        {
          "epoch": 162,
          "train_objective": 2.1514034271240234,
          "dev_nll": 2.1860735416412354,
          "dev_kl": 0.01433646020363085,
          "dev_objective": 2.229082922252128
        },
        {
          "epoch": 163,
          "train_objective": 2.151332378387451,
          "dev_nll": 2.185687303543091,
          "dev_kl": 0.01439162808121182,
          "dev_objective": 2.228862187786726
        },
        {
          "epoch": 164,
          "train_objective": 2.1512627601623535,
          "dev_nll": 2.1853110790252686,
          "dev_kl": 0.014445664884988219,
          "dev_objective": 2.228648073680233
        },
        {
          "epoch": 165,
          "train_objective": 2.1511948108673096,
          "dev_nll": 2.184945583343506,
          "dev_kl": 0.014498576038749888,
          "dev_objective": 2.2284413114597554
        },
        {
          "epoch": 166,
          "train_objective": 2.1511290073394775,
          "dev_nll": 2.184586524963379,
          "dev_kl": 0.014550756994867697,
          "dev_objective": 2.228238795947982
        },
        {
          "epoch": 167,
          "train_objective": 2.151064157485962,
          "dev_nll": 2.1842286586761475,
          "dev_kl": 0.014602704149438069,
          "dev_objective": 2.2280367711244615
        },
        {
          "epoch": 168,
          "train_objective": 2.151001214981079,
          "dev_nll": 2.183870792388916,
          "dev_kl": 0.01465459770290181,
          "dev_objective": 2.2278345854976216
        },
        {
          "epoch": 169,
          "train_objective": 2.150939464569092,
          "dev_nll": 2.1835150718688965,
          "dev_kl": 0.014706159445922821,
          "dev_objective": 2.227633550206665
        },
        {
          "epoch": 170,
          "train_objective": 2.150879383087158,
          "dev_nll": 2.18316650390625,
          "dev_kl": 0.014756908995332196,
          "dev_objective": 2.2274372308922468
        },
        {
          "epoch": 171,
          "train_objective": 2.150820255279541,
          "dev_nll": 2.1828274726867676,
          "dev_kl": 0.014806607782375067,
          "dev_objective": 2.2272472960338927
        },
        {
          "epoch": 172,
          "train_objective": 2.1507630348205566,
          "dev_nll": 2.1824967861175537,
          "dev_kl": 0.01485536920838058,
          "dev_objective": 2.2270628937426955
        },
        {
          "epoch": 173,
          "train_objective": 2.1507067680358887,
          "dev_nll": 2.1821701526641846,
          "dev_kl": 0.014903542440151796,
          "dev_objective": 2.22688077998464
        },
        {
          "epoch": 174,
          "train_objective": 2.150651693344116,
          "dev_nll": 2.181845188140869,
          "dev_kl": 0.014951487119542434,
          "dev_objective": 2.2266996494994964
        },
        {
          "epoch": 175,
          "train_objective": 2.1505980491638184,
          "dev_nll": 2.181521415710449,
          "dev_kl": 0.014999142206506803,
          "dev_objective": 2.2265188423299698
        },
        {
          "epoch": 176,
          "train_objective": 2.150545597076416,
          "dev_nll": 2.1812024116516113,
          "dev_kl": 0.015046236066846177,
          "dev_objective": 2.2263411198521497
        },
        {
          "epoch": 177,
          "train_objective": 2.150493860244751,
          "dev_nll": 2.1808905601501465,
          "dev_kl": 0.015092412552330643,
          "dev_objective": 2.2261677978071384
        },
        {
          "epoch": 178,
          "train_objective": 2.1504437923431396,
          "dev_nll": 2.18058705329895,
          "dev_kl": 0.015137611931422726,
          "dev_objective": 2.2259998890932184
        },
        {
          "epoch": 179,
          "train_objective": 2.1503944396972656,
          "dev_nll": 2.1802892684936523,
          "dev_kl": 0.015182060680817813,
          "dev_objective": 2.2258354505361058
        },
        {
          "epoch": 180,
          "train_objective": 2.150346517562866,
          "dev_nll": 2.179994583129883,
          "dev_kl": 0.01522609090898186,
          "dev_objective": 2.2256728558568284
        },
        {
          "epoch": 181,
          "train_objective": 2.150299549102783,
          "dev_nll": 2.179701566696167,
          "dev_kl": 0.015269774565240368,
          "dev_objective": 2.225510890391888
        },
        {
          "epoch": 182,
          "train_objective": 2.1502530574798584,
          "dev_nll": 2.1794116497039795,
          "dev_kl": 0.015312996522989125,
          "dev_objective": 2.2253506392729467
        },
        {
          "epoch": 183,
          "train_objective": 2.15020751953125,
          "dev_nll": 2.1791276931762695,
          "dev_kl": 0.015355441512074321,
          "dev_objective": 2.2251940177124925
        },
        {
          "epoch": 184,
          "train_objective": 2.150163173675537,
          "dev_nll": 2.1788506507873535,
          "dev_kl": 0.015396987727144732,
          "dev_objective": 2.225041613968788
        },
        {
          "epoch": 185,
          "train_objective": 2.1501200199127197,
          "dev_nll": 2.1785800457000732,
          "dev_kl": 0.015437726404052228,
          "dev_objective": 2.22489322491223
        },
        {
          "epoch": 186,
          "train_objective": 2.1500773429870605,
          "dev_nll": 2.1783127784729004,
          "dev_kl": 0.01547792280325666,
          "dev_objective": 2.2247465468826704
        },
        {
          "epoch": 187,
          "train_objective": 2.1500353813171387,
          "dev_nll": 2.1780474185943604,
          "dev_kl": 0.0155177236138843,
          "dev_objective": 2.2246005894360135
        },
        {
          "epoch": 188,
          "train_objective": 2.1499946117401123,
          "dev_nll": 2.1777851581573486,
          "dev_kl": 0.015557070871582255,
          "dev_objective": 2.2244563707720952
        },
        {
          "epoch": 189,
          "train_objective": 2.149954319000244,
          "dev_nll": 2.17752742767334,
          "dev_kl": 0.015595776863628999,
          "dev_objective": 2.2243147582642266
        },
        {
          "epoch": 190,
          "train_objective": 2.1499149799346924,
          "dev_nll": 2.1772756576538086,
          "dev_kl": 0.015633678697049617,
          "dev_objective": 2.2241766937449574
        },
        {
          "epoch": 191,
          "train_objective": 2.149876117706299,
          "dev_nll": 2.1770293712615967,
          "dev_kl": 0.015670825220877305,
          "dev_objective": 2.2240418469242287
        },
        {
          "epoch": 192,
          "train_objective": 2.1498382091522217,
          "dev_nll": 2.1767868995666504,
          "dev_kl": 0.01570738189155236,
          "dev_objective": 2.2239090452413075
        },
        {
          "epoch": 193,
          "train_objective": 2.1498007774353027,
          "dev_nll": 2.176547050476074,
          "dev_kl": 0.0157435333263129,
          "dev_objective": 2.223777650455013
        },
        {
          "epoch": 194,
          "train_objective": 2.149764060974121,
          "dev_nll": 2.176309585571289,
          "dev_kl": 0.015779244685545563,
          "dev_objective": 2.2236473196279256
        },
        {
          "epoch": 195,
          "train_objective": 2.1497280597686768,
          "dev_nll": 2.1760761737823486,
          "dev_kl": 0.015814389606239276,
          "dev_objective": 2.2235193426010667
        },
        {
          "epoch": 196,
          "train_objective": 2.1496927738189697,
          "dev_nll": 2.1758475303649902,
          "dev_kl": 0.01584884963929653,
          "dev_objective": 2.2233940792828797
        },
        {
          "epoch": 197,
          "train_objective": 2.149657726287842,
          "dev_nll": 2.175623655319214,
          "dev_kl": 0.015882587936939672,
          "dev_objective": 2.223271419130033
        },
        {
          "epoch": 198,
          "train_objective": 2.1496236324310303,
          "dev_nll": 2.1754038333892822,
          "dev_kl": 0.015915775058092548,
          "dev_objective": 2.2231511585635597
        },
        {
          "epoch": 199,
          "train_objective": 2.1495895385742188,
          "dev_nll": 2.1751866340637207,
          "dev_kl": 0.015948505033738913,
          "dev_objective": 2.2230321491649376
        },
        {
          "epoch": 200,
          "train_objective": 2.1495563983917236,
          "dev_nll": 2.17497181892395,
          "dev_kl": 0.01598083151737228,
          "dev_objective": 2.222914313476067
        },
        {
          "epoch": 201,
          "train_objective": 2.149523973464966,
          "dev_nll": 2.174759864807129,
          "dev_kl": 0.016012641640845687,
          "dev_objective": 2.222797789729666
        },
        {
          "epoch": 202,
          "train_objective": 2.149491548538208,
          "dev_nll": 2.1745526790618896,
          "dev_kl": 0.016043823425425218,
          "dev_objective": 2.2226841493381655
        },
        {
          "epoch": 203,
          "train_objective": 2.1494600772857666,
          "dev_nll": 2.174349784851074,
          "dev_kl": 0.016074356199242176,
          "dev_objective": 2.222572853448801
        },
        {
          "epoch": 204,
          "train_objective": 2.149428606033325,
          "dev_nll": 2.174149751663208,
          "dev_kl": 0.016104336185380815,
          "dev_objective": 2.2224627602193503
        },
        {
          "epoch": 205,
          "train_objective": 2.149397850036621,
          "dev_nll": 2.173952579498291,
          "dev_kl": 0.016133937669219448,
          "dev_objective": 2.2223543925059492
        },
        {
          "epoch": 206,
          "train_objective": 2.1493678092956543,
          "dev_nll": 2.173757791519165,
          "dev_kl": 0.016163089635083453,
          "dev_objective": 2.2222470604244156
        },
        {
          "epoch": 207,
          "train_objective": 2.1493375301361084,
          "dev_nll": 2.1735658645629883,
          "dev_kl": 0.016191770839504897,
          "dev_objective": 2.222141177081503
        },
        {
          "epoch": 208,
          "train_objective": 2.149308204650879,
          "dev_nll": 2.173377752304077,
          "dev_kl": 0.01621989825856872,
          "dev_objective": 2.2220374470797832
        },
        {
          "epoch": 209,
          "train_objective": 2.1492793560028076,
          "dev_nll": 2.1731934547424316,
          "dev_kl": 0.01624743454041891,
          "dev_objective": 2.2219357583636885
        },
        {
          "epoch": 210,
          "train_objective": 2.1492507457733154,
          "dev_nll": 2.1730117797851562,
          "dev_kl": 0.016274500258732588,
          "dev_objective": 2.221835280561354
        },
        {
          "epoch": 211,
          "train_objective": 2.1492221355438232,
          "dev_nll": 2.172832727432251,
          "dev_kl": 0.016301171185914426,
          "dev_objective": 2.221736240989994
        },
        {
          "epoch": 212,
          "train_objective": 2.1491944789886475,
          "dev_nll": 2.1726553440093994,
          "dev_kl": 0.016327467401279137,
          "dev_objective": 2.221637746213237
        },
        {
          "epoch": 213,
          "train_objective": 2.1491668224334717,
          "dev_nll": 2.172480821609497,
          "dev_kl": 0.016353318301262333,
          "dev_objective": 2.221540776513284
        },
        {
          "epoch": 214,
          "train_objective": 2.149139881134033,
          "dev_nll": 2.172309637069702,
          "dev_kl": 0.0163786692742724,
          "dev_objective": 2.2214456448925195
        },
        {
          "epoch": 215,
          "train_objective": 2.1491127014160156,
          "dev_nll": 2.1721415519714355,
          "dev_kl": 0.016403525264468043,
          "dev_objective": 2.2213521277648396
        },
        {
          "epoch": 216,
          "train_objective": 2.1490859985351562,
          "dev_nll": 2.171976089477539,
          "dev_kl": 0.016427971192169936,
          "dev_objective": 2.221260003054049
        },
        {
          "epoch": 217,
          "train_objective": 2.149059534072876,
          "dev_nll": 2.1718122959136963,
          "dev_kl": 0.01645205358741805,
          "dev_objective": 2.2211684566759504
        },
        {
          "epoch": 218,
          "train_objective": 2.149033784866333,
          "dev_nll": 2.1716506481170654,
          "dev_kl": 0.016475811372511088,
          "dev_objective": 2.2210780822345986
        },
        {
          "epoch": 219,
          "train_objective": 2.149008274078369,
          "dev_nll": 2.1714916229248047,
          "dev_kl": 0.016499154357006773,
          "dev_objective": 2.220989085995825
        },
        {
          "epoch": 220,
          "train_objective": 2.1489832401275635,
          "dev_nll": 2.171335220336914,
          "dev_kl": 0.01652204945567064,
          "dev_objective": 2.220901368703926
        },
        {
          "epoch": 221,
          "train_objective": 2.148958206176758,
          "dev_nll": 2.1711816787719727,
          "dev_kl": 0.016544523489428684,
          "dev_objective": 2.2208152492402586
        },
        {
          "epoch": 222,
          "train_objective": 2.148933172225952,
          "dev_nll": 2.171029806137085,
          "dev_kl": 0.016566658687079325,
          "dev_objective": 2.220729782198323
        },
        {
          "epoch": 223,
          "train_objective": 2.148908853530884,
          "dev_nll": 2.170880079269409,
          "dev_kl": 0.016588492835871875,
          "dev_objective": 2.2206455577770248
        },
        {
          "epoch": 224,
          "train_objective": 2.1488842964172363,
          "dev_nll": 2.170732259750366,
          "dev_kl": 0.016610003201058134,
          "dev_objective": 2.2205622693535405
        },
        {
          "epoch": 225,
          "train_objective": 2.1488606929779053,
          "dev_nll": 2.170586347579956,
          "dev_kl": 0.01663112565758638,
          "dev_objective": 2.2204797245527153
        },
        {
          "epoch": 226,
          "train_objective": 2.148836851119995,
          "dev_nll": 2.170443058013916,
          "dev_kl": 0.016651892705122007,
          "dev_objective": 2.220398736129282
        },
        {
          "epoch": 227,
          "train_objective": 2.148813247680664,
          "dev_nll": 2.170301914215088,
          "dev_kl": 0.016672276463359594,
          "dev_objective": 2.2203187436051666
        },
        {
          "epoch": 228,
          "train_objective": 2.148790121078491,
          "dev_nll": 2.1701624393463135,
          "dev_kl": 0.016692378509324046,
          "dev_objective": 2.220239574874286
        },
        {
          "epoch": 229,
          "train_objective": 2.1487672328948975,
          "dev_nll": 2.1700246334075928,
          "dev_kl": 0.0167122151539661,
          "dev_objective": 2.220161278869491
        },
        {
          "epoch": 230,
          "train_objective": 2.1487443447113037,
          "dev_nll": 2.169888734817505,
          "dev_kl": 0.016731768175959588,
          "dev_objective": 2.220084039345384
        },
        {
          "epoch": 231,
          "train_objective": 2.1487221717834473,
          "dev_nll": 2.16975474357605,
          "dev_kl": 0.016750967849511654,
          "dev_objective": 2.220007647124585
        },
        {
          "epoch": 232,
          "train_objective": 2.1486995220184326,
          "dev_nll": 2.1696228981018066,
          "dev_kl": 0.016769824138609692,
          "dev_objective": 2.2199323705176357
        },
        {
          "epoch": 233,
          "train_objective": 2.1486778259277344,
          "dev_nll": 2.169492721557617,
          "dev_kl": 0.016788429300067947,
          "dev_objective": 2.219858009457821
        },
        {
          "epoch": 234,
          "train_objective": 2.148655652999878,
          "dev_nll": 2.1693642139434814,
          "dev_kl": 0.01680677671567537,
          "dev_objective": 2.2197845440905075
        },
        {
          "epoch": 235,
          "train_objective": 2.148634195327759,
          "dev_nll": 2.169236898422241,
          "dev_kl": 0.016824888018891215,
          "dev_objective": 2.2197115624789148
        },
        {
          "epoch": 236,
          "train_objective": 2.1486124992370605,
          "dev_nll": 2.169111728668213,
          "dev_kl": 0.01684272146085277,
          "dev_objective": 2.219639893050771
        },
        {
          "epoch": 237,
          "train_objective": 2.1485915184020996,
          "dev_nll": 2.16898775100708,
          "dev_kl": 0.016860283475834875,
          "dev_objective": 2.2195686014345846
        },
        {
          "epoch": 238,
          "train_objective": 2.1485702991485596,
          "dev_nll": 2.1688661575317383,
          "dev_kl": 0.016877580793807283,
          "dev_objective": 2.21949889991316
        },
        {
          "epoch": 239,
          "train_objective": 2.148549795150757,
          "dev_nll": 2.168745517730713,
          "dev_kl": 0.016894622015533968,
          "dev_objective": 2.2194293837773147
        },
        {
          "epoch": 240,
          "train_objective": 2.148529291152954,
          "dev_nll": 2.168626308441162,
          "dev_kl": 0.016911470263730733,
          "dev_objective": 2.219360719232354
        },
        {
          "epoch": 241,
          "train_objective": 2.1485085487365723,
          "dev_nll": 2.168508529663086,
          "dev_kl": 0.016928100053919478,
          "dev_objective": 2.219292829824844
        },
        {
          "epoch": 242,
          "train_objective": 2.1484885215759277,
          "dev_nll": 2.1683924198150635,
          "dev_kl": 0.01694450392969884,
          "dev_objective": 2.21922593160416
        },
        {
          "epoch": 243,
          "train_objective": 2.148468494415283,
          "dev_nll": 2.1682775020599365,
          "dev_kl": 0.016960665649967267,
          "dev_objective": 2.219159499009838
        },
        {
          "epoch": 244,
          "train_objective": 2.1484484672546387,
          "dev_nll": 2.1681642532348633,
          "dev_kl": 0.016976600618800148,
          "dev_objective": 2.2190940550912637
        },
        {
          "epoch": 245,
          "train_objective": 2.1484286785125732,
          "dev_nll": 2.1680519580841064,
          "dev_kl": 0.016992372150998563,
          "dev_objective": 2.219029074537102
        },
        {
          "epoch": 246,
          "train_objective": 2.148409128189087,
          "dev_nll": 2.167941093444824,
          "dev_kl": 0.01700796031858772,
          "dev_objective": 2.2189649744005875
        },
        {
          "epoch": 247,
          "train_objective": 2.1483898162841797,
          "dev_nll": 2.1678316593170166,
          "dev_kl": 0.017023333770921453,
          "dev_objective": 2.218901660629781
        },
        {
          "epoch": 248,
          "train_objective": 2.1483707427978516,
          "dev_nll": 2.1677234172821045,
          "dev_kl": 0.017038517157780007,
          "dev_objective": 2.2188389687554446
        },
        {
          "epoch": 249,
          "train_objective": 2.1483516693115234,
          "dev_nll": 2.167616605758667,
          "dev_kl": 0.017053502390626817,
          "dev_objective": 2.2187771129305474
        },
        {
          "epoch": 250,
          "train_objective": 2.1483328342437744,
          "dev_nll": 2.167510986328125,
          "dev_kl": 0.017068355610826983,
          "dev_objective": 2.218716053160606
        },
        {
          "epoch": 251,
          "train_objective": 2.1483142375946045,
          "dev_nll": 2.1674060821533203,
          "dev_kl": 0.017083022028673442,
          "dev_objective": 2.218655148239341
        },
        {
          "epoch": 252,
          "train_objective": 2.1482956409454346,
          "dev_nll": 2.1673026084899902,
          "dev_kl": 0.017097508660517634,
          "dev_objective": 2.2185951344715433
        },
        {
          "epoch": 253,
          "train_objective": 2.1482772827148438,
          "dev_nll": 2.1672003269195557,
          "dev_kl": 0.017111843086313458,
          "dev_objective": 2.2185358561784962
        },
        {
          "epoch": 254,
          "train_objective": 2.148259162902832,
          "dev_nll": 2.1670992374420166,
          "dev_kl": 0.017126022707670926,
          "dev_objective": 2.2184773055650293
        },
        {
          "epoch": 255,
          "train_objective": 2.1482410430908203,
          "dev_nll": 2.166999101638794,
          "dev_kl": 0.017140041481470688,
          "dev_objective": 2.218419226083206
        },
        {
          "epoch": 256,
          "train_objective": 2.1482231616973877,
          "dev_nll": 2.1668999195098877,
          "dev_kl": 0.01715392420417629,
          "dev_objective": 2.2183616921224165
        },
        {
          "epoch": 257,
          "train_objective": 2.1482057571411133,
          "dev_nll": 2.166801929473877,
          "dev_kl": 0.01716767255216837,
          "dev_objective": 2.218304947130382
        },
        {
          "epoch": 258,
          "train_objective": 2.1481878757476807,
          "dev_nll": 2.1667051315307617,
          "dev_kl": 0.017181279758224265,
          "dev_objective": 2.2182489708054347
        },
        {
          "epoch": 259,
          "train_objective": 2.1481704711914062,
          "dev_nll": 2.166609287261963,
          "dev_kl": 0.017194735567318275,
          "dev_objective": 2.2181934939639176
        },
        {
          "epoch": 260,
          "train_objective": 2.148153305053711,
          "dev_nll": 2.1665141582489014,
          "dev_kl": 0.01720805447199382,
          "dev_objective": 2.218138321664883
        },
        {
          "epoch": 261,
          "train_objective": 2.1481363773345947,
          "dev_nll": 2.1664202213287354,
          "dev_kl": 0.01722127107321285,
          "dev_objective": 2.218084034548374
        },
        {
          "epoch": 262,
          "train_objective": 2.1481194496154785,
          "dev_nll": 2.1663269996643066,
          "dev_kl": 0.017234371654922143,
          "dev_objective": 2.218030114629073
        },
        {
          "epoch": 263,
          "train_objective": 2.1481025218963623,
          "dev_nll": 2.1662347316741943,
          "dev_kl": 0.017247342867776752,
          "dev_objective": 2.2179767602775247
        },
        {
          "epoch": 264,
          "train_objective": 2.148085832595825,
          "dev_nll": 2.1661434173583984,
          "dev_kl": 0.01726020309259184,
          "dev_objective": 2.217924026636174
        },
        {
          "epoch": 265,
          "train_objective": 2.148069381713867,
          "dev_nll": 2.166053056716919,
          "dev_kl": 0.017272933167405427,
          "dev_objective": 2.2178718562191353
        },
        {
          "epoch": 266,
          "train_objective": 2.1480531692504883,
          "dev_nll": 2.165963649749756,
          "dev_kl": 0.017285560984164478,
          "dev_objective": 2.2178203327022494
        },
        {
          "epoch": 267,
          "train_objective": 2.1480367183685303,
          "dev_nll": 2.16587495803833,
          "dev_kl": 0.017298109668772668,
          "dev_objective": 2.217769287044648
        },
        {
          "epoch": 268,
          "train_objective": 2.1480207443237305,
          "dev_nll": 2.1657872200012207,
          "dev_kl": 0.017310541983461006,
          "dev_objective": 2.2177188459516035
        },
        {
          "epoch": 269,
          "train_objective": 2.1480045318603516,
          "dev_nll": 2.1656999588012695,
          "dev_kl": 0.01732286182115786,
          "dev_objective": 2.2176685442647432
        },
        {
          "epoch": 270,
          "train_objective": 2.14798903465271,
          "dev_nll": 2.165614366531372,
          "dev_kl": 0.01733509531011805,
          "dev_objective": 2.2176196524617264
        },
        {
          "epoch": 271,
          "train_objective": 2.14797306060791,
          "dev_nll": 2.165529251098633,
          "dev_kl": 0.01734722822206095,
          "dev_objective": 2.2175709357648157
        },
        {
          "epoch": 272,
          "train_objective": 2.1479575634002686,
          "dev_nll": 2.1654441356658936,
          "dev_kl": 0.017359289082232863,
          "dev_objective": 2.217522002912592
        },
        {
          "epoch": 273,
          "train_objective": 2.147942066192627,
          "dev_nll": 2.165360450744629,
          "dev_kl": 0.017371255930047482,
          "dev_objective": 2.2174742185347713
        },
        {
          "epoch": 274,
          "train_objective": 2.1479268074035645,
          "dev_nll": 2.1652774810791016,
          "dev_kl": 0.017383109813090415,
          "dev_objective": 2.217426810518373
        },
        {
          "epoch": 275,
          "train_objective": 2.147911787033081,
          "dev_nll": 2.1651952266693115,
          "dev_kl": 0.0173948973196093,
          "dev_objective": 2.2173799186281395
        },
        {
          "epoch": 276,
          "train_objective": 2.1478965282440186,
          "dev_nll": 2.1651134490966797,
          "dev_kl": 0.01740660397801548,
          "dev_objective": 2.217333261030726
        },
        {
          "epoch": 277,
          "train_objective": 2.147881507873535,
          "dev_nll": 2.165032386779785,
          "dev_kl": 0.017418242008425296,
          "dev_objective": 2.217287112805061
        },
        {
          "epoch": 278,
          "train_objective": 2.147867202758789,
          "dev_nll": 2.164952278137207,
          "dev_kl": 0.017429807299049572,
          "dev_objective": 2.217241700034356
        },
        {
          "epoch": 279,
          "train_objective": 2.1478524208068848,
          "dev_nll": 2.1648731231689453,
          "dev_kl": 0.01744127454003319,
          "dev_objective": 2.217196946789045
        },
        {
          "epoch": 280,
          "train_objective": 2.1478378772735596,
          "dev_nll": 2.1647942066192627,
          "dev_kl": 0.017452669114572928,
          "dev_objective": 2.2171522139629816
        },
        {
          "epoch": 281,
          "train_objective": 2.1478235721588135,
          "dev_nll": 2.1647157669067383,
          "dev_kl": 0.017464015455916523,
          "dev_objective": 2.2171078132744877
        },
        {
          "epoch": 282,
          "train_objective": 2.1478090286254883,
          "dev_nll": 2.1646382808685303,
          "dev_kl": 0.017475289480062203,
          "dev_objective": 2.217064149308717
        },
        {
          "epoch": 283,
          "train_objective": 2.147794723510742,
          "dev_nll": 2.1645615100860596,
          "dev_kl": 0.017486483653774487,
          "dev_objective": 2.217020961047383
        },
        {
          "epoch": 284,
          "train_objective": 2.1477808952331543,
          "dev_nll": 2.164485216140747,
          "dev_kl": 0.017497636667685584,
          "dev_objective": 2.216978126143804
        },
        {
          "epoch": 285,
          "train_objective": 2.1477668285369873,
          "dev_nll": 2.164409875869751,
          "dev_kl": 0.017508688723901288,
          "dev_objective": 2.216935942041455
        },
        {
          "epoch": 286,
          "train_objective": 2.1477532386779785,
          "dev_nll": 2.164334774017334,
          "dev_kl": 0.01751971786026843,
          "dev_objective": 2.2168939275981394
        },
        {
          "epoch": 287,
          "train_objective": 2.1477394104003906,
          "dev_nll": 2.164260149002075,
          "dev_kl": 0.017530668166000397,
          "dev_objective": 2.2168521535000765
        },
        {
          "epoch": 288,
          "train_objective": 2.1477255821228027,
          "dev_nll": 2.1641862392425537,
          "dev_kl": 0.01754156031413004,
          "dev_objective": 2.216810920184944
        },
        {
          "epoch": 289,
          "train_objective": 2.147712469100952,
          "dev_nll": 2.1641130447387695,
          "dev_kl": 0.0175523953337688,
          "dev_objective": 2.216770230740076
        },
        {
          "epoch": 290,
          "train_objective": 2.1476988792419434,
          "dev_nll": 2.1640405654907227,
          "dev_kl": 0.01756316463695839,
          "dev_objective": 2.216730059401598
        },
        {
          "epoch": 291,
          "train_objective": 2.147686004638672,
          "dev_nll": 2.163968563079834,
          "dev_kl": 0.017573902376461774,
          "dev_objective": 2.2166902702092193
        },
        {
          "epoch": 292,
          "train_objective": 2.1476728916168213,
          "dev_nll": 2.1638970375061035,
          "dev_kl": 0.017584570614853873,
          "dev_objective": 2.216650749350665
        },
        {
          "epoch": 293,
          "train_objective": 2.1476597785949707,
          "dev_nll": 2.163825750350952,
          "dev_kl": 0.017595189883140846,
          "dev_objective": 2.2166113200003745
        },
        {
          "epoch": 294,
          "train_objective": 2.14764666557312,
          "dev_nll": 2.163755416870117,
          "dev_kl": 0.017605755283730106,
          "dev_objective": 2.2165726827213077
        },
        {
          "epoch": 295,
          "train_objective": 2.1476340293884277,
          "dev_nll": 2.1636855602264404,
          "dev_kl": 0.01761627240339294,
          "dev_objective": 2.216534377436619
        },
        {
          "epoch": 296,
          "train_objective": 2.1476211547851562,
          "dev_nll": 2.1636159420013428,
          "dev_kl": 0.01762674536788836,
          "dev_objective": 2.216496178105008
        },
        {
          "epoch": 297,
          "train_objective": 2.147608757019043,
          "dev_nll": 2.1635472774505615,
          "dev_kl": 0.017637167314533145,
          "dev_objective": 2.216458779394161
        },
        {
          "epoch": 298,
          "train_objective": 2.1475963592529297,
          "dev_nll": 2.1634786128997803,
          "dev_kl": 0.01764753323397599,
          "dev_objective": 2.216421212601708
        },
        {
          "epoch": 299,
          "train_objective": 2.1475839614868164,
          "dev_nll": 2.1634109020233154,
          "dev_kl": 0.017657871736446396,
          "dev_objective": 2.2163845172326546
        }
      ]
    },
    "constrained_candidates": [
      {
        "kl_lambda": 1.0,
        "best_dev_nll": 2.084818124771118,
        "best_dev_kl": 0.06005210879258811,
        "best_dev_objective": 2.144870233563706,
        "epochs_run": 300,
        "history": [
          {
            "epoch": 0,
            "train_objective": 2.4973461627960205,
            "dev_nll": 2.3305447101593018,
            "dev_kl": 0.004716177063965005,
            "dev_objective": 2.3352608872232667
          },
          {
            "epoch": 1,
            "train_objective": 2.337111234664917,
            "dev_nll": 2.3020100593566895,
            "dev_kl": 0.02948790354421362,
            "dev_objective": 2.331497962900903
          },
          {
            "epoch": 2,
            "train_objective": 2.2920162677764893,
            "dev_nll": 2.3185770511627197,
            "dev_kl": 0.0814261556789279,
            "dev_objective": 2.4000032068416477
          },
          {
            "epoch": 3,
            "train_objective": 2.3138294219970703,
            "dev_nll": 2.3249800205230713,
            "dev_kl": 0.10331375943962484,
            "dev_objective": 2.4282937799626962
          },
          {
            "epoch": 4,
            "train_objective": 2.323007106781006,
            "dev_nll": 2.312110662460327,
            "dev_kl": 0.093499904461205,
            "dev_objective": 2.405610566921532
          },
          {
            "epoch": 5,
            "train_objective": 2.306650161743164,
            "dev_nll": 2.2903077602386475,
            "dev_kl": 0.06742839666083456,
            "dev_objective": 2.357736156899482
          },
          {
            "epoch": 6,
            "train_objective": 2.2779483795166016,
            "dev_nll": 2.2710280418395996,
            "dev_kl": 0.039464194668689744,
            "dev_objective": 2.3104922365082894
          },
          {
            "epoch": 7,
            "train_objective": 2.2518417835235596,
            "dev_nll": 2.261674165725708,
            "dev_kl": 0.019234606847603572,
            "dev_objective": 2.2809087725733117
          },
          {
            "epoch": 8,
            "train_objective": 2.2376527786254883,
            "dev_nll": 2.2631421089172363,
            "dev_kl": 0.01016181298502488,
            "dev_objective": 2.273303921902261
          },
          {
            "epoch": 9,
            "train_objective": 2.236537456512451,
            "dev_nll": 2.2701621055603027,
            "dev_kl": 0.00958071327462676,
            "dev_objective": 2.2797428188349294
          },
          {
            "epoch": 10,
            "train_objective": 2.2425620555877686,
            "dev_nll": 2.275517225265503,
            "dev_kl": 0.012064830514718778,
            "dev_objective": 2.287582055780222
          },
          {
            "epoch": 11,
            "train_objective": 2.2475056648254395,
            "dev_nll": 2.274857997894287,
            "dev_kl": 0.013769075246527792,
            "dev_objective": 2.2886270731408147
          },
          {
            "epoch": 12,
            "train_objective": 2.2462518215179443,
            "dev_nll": 2.2681455612182617,
            "dev_kl": 0.014027764184575062,
            "dev_objective": 2.282173325402837
          },
          {
            "epoch": 13,
            "train_objective": 2.2386910915374756,
            "dev_nll": 2.2581772804260254,
            "dev_kl": 0.014356721635558643,
            "dev_objective": 2.272534002061584
          },
          {
            "epoch": 14,
            "train_objective": 2.2279915809631348,
            "dev_nll": 2.2484700679779053,
            "dev_kl": 0.0167589863226749,
            "dev_objective": 2.26522905430058
          },
          {
            "epoch": 15,
            "train_objective": 2.217984676361084,
            "dev_nll": 2.2416019439697266,
            "dev_kl": 0.022306550846551546,
            "dev_objective": 2.263908494816278
          },
          {
            "epoch": 16,
            "train_objective": 2.211334466934204,
            "dev_nll": 2.238334894180298,
            "dev_kl": 0.030438179000630044,
            "dev_objective": 2.268773073180928
          },
          {
            "epoch": 17,
            "train_objective": 2.208678722381592,
            "dev_nll": 2.237685441970825,
            "dev_kl": 0.039169930807547645,
            "dev_objective": 2.276855372778373
          },
          {
            "epoch": 18,
            "train_objective": 2.2086567878723145,
            "dev_nll": 2.2378041744232178,
            "dev_kl": 0.04604230614029802,
            "dev_objective": 2.2838464805635157
          },
          {
            "epoch": 19,
            "train_objective": 2.208852529525757,
            "dev_nll": 2.2371232509613037,
            "dev_kl": 0.04926667099352926,
            "dev_objective": 2.286389921954833
          },
          {
            "epoch": 20,
            "train_objective": 2.207259178161621,
            "dev_nll": 2.2350802421569824,
            "dev_kl": 0.04841215238091536,
            "dev_objective": 2.2834923945378978
          },
          {
            "epoch": 21,
            "train_objective": 2.2033259868621826,
            "dev_nll": 2.2321248054504395,
            "dev_kl": 0.04434154467307962,
            "dev_objective": 2.276466350123519
          },
          {
            "epoch": 22,
            "train_objective": 2.197918653488159,
            "dev_nll": 2.22922682762146,
            "dev_kl": 0.03863561274018139,
            "dev_objective": 2.2678624403616414
          },
          {
            "epoch": 23,
            "train_objective": 2.1925227642059326,
            "dev_nll": 2.2272655963897705,
            "dev_kl": 0.03291151922661811,
            "dev_objective": 2.2601771156163886
          },
          {
            "epoch": 24,
            "train_objective": 2.1883952617645264,
            "dev_nll": 2.2265796661376953,
            "dev_kl": 0.02831122066825628,
            "dev_objective": 2.2548908868059514
          },
          {
            "epoch": 25,
            "train_objective": 2.1860363483428955,
            "dev_nll": 2.2268402576446533,
            "dev_kl": 0.025292148586595432,
            "dev_objective": 2.2521324062312487
          },
          {
            "epoch": 26,
            "train_objective": 2.185091733932495,
            "dev_nll": 2.2272815704345703,
            "dev_kl": 0.02374265840742737,
            "dev_objective": 2.2510242288419975
          },
          {
            "epoch": 27,
            "train_objective": 2.1846399307250977,
            "dev_nll": 2.2271311283111572,
            "dev_kl": 0.023311301161302252,
            "dev_objective": 2.2504424294724594
          },
          {
            "epoch": 28,
            "train_objective": 2.1837167739868164,
            "dev_nll": 2.2259984016418457,
            "dev_kl": 0.023733062488026917,
            "dev_objective": 2.2497314641298725
          },
          {
            "epoch": 29,
            "train_objective": 2.1817986965179443,
            "dev_nll": 2.2240095138549805,
            "dev_kl": 0.024966382711427287,
            "dev_objective": 2.248975896566408
          },
          {
            "epoch": 30,
            "train_objective": 2.1789848804473877,
            "dev_nll": 2.2216596603393555,
            "dev_kl": 0.027100839039776475,
            "dev_objective": 2.248760499379132
          },
          {
            "epoch": 31,
            "train_objective": 2.1758334636688232,
            "dev_nll": 2.2195050716400146,
            "dev_kl": 0.03013860901352018,
            "dev_objective": 2.2496436806535347
          },
          {
            "epoch": 32,
            "train_objective": 2.172983407974243,
            "dev_nll": 2.21787691116333,
            "dev_kl": 0.0338107308500912,
            "dev_objective": 2.251687642013421
          },
          {
            "epoch": 33,
            "train_objective": 2.1708099842071533,
            "dev_nll": 2.216763496398926,
            "dev_kl": 0.037552096722647546,
            "dev_objective": 2.2543155931215733
          },
          {
            "epoch": 34,
            "train_objective": 2.1692745685577393,
            "dev_nll": 2.2158868312835693,
            "dev_kl": 0.040655780953820796,
            "dev_objective": 2.25654261223739
          },
          {
            "epoch": 35,
            "train_objective": 2.168022632598877,
            "dev_nll": 2.2149031162261963,
            "dev_kl": 0.042520156065002084,
            "dev_objective": 2.257423272291198
          },
          {
            "epoch": 36,
            "train_objective": 2.1666252613067627,
            "dev_nll": 2.213599681854248,
            "dev_kl": 0.042858642137143764,
            "dev_objective": 2.256458323991392
          },
          {
            "epoch": 37,
            "train_objective": 2.164821147918701,
            "dev_nll": 2.2119836807250977,
            "dev_kl": 0.04177619877271354,
            "dev_objective": 2.253759879497811
          },
          {
            "epoch": 38,
            "train_objective": 2.162630558013916,
            "dev_nll": 2.210240364074707,
            "dev_kl": 0.03969537392025813,
            "dev_objective": 2.2499357379949654
          },
          {
            "epoch": 39,
            "train_objective": 2.160296678543091,
            "dev_nll": 2.208606243133545,
            "dev_kl": 0.03718545041745529,
            "dev_objective": 2.2457916935510003
          },
          {
            "epoch": 40,
            "train_objective": 2.158123731613159,
            "dev_nll": 2.2072336673736572,
            "dev_kl": 0.0347787107527256,
            "dev_objective": 2.242012378126383
          },
          {
            "epoch": 41,
            "train_objective": 2.156304359436035,
            "dev_nll": 2.2061209678649902,
            "dev_kl": 0.03284740985604003,
            "dev_objective": 2.2389683777210303
          },
          {
            "epoch": 42,
            "train_objective": 2.154836654663086,
            "dev_nll": 2.2051379680633545,
            "dev_kl": 0.03157375959446654,
            "dev_objective": 2.2367117276578212
          },
          {
            "epoch": 43,
            "train_objective": 2.1535556316375732,
            "dev_nll": 2.204116106033325,
            "dev_kl": 0.03099575483938679,
            "dev_objective": 2.235111860872712
          },
          {
            "epoch": 44,
            "train_objective": 2.1522483825683594,
            "dev_nll": 2.2029519081115723,
            "dev_kl": 0.031078264297684656,
            "dev_objective": 2.234030172409257
          },
          {
            "epoch": 45,
            "train_objective": 2.1507740020751953,
            "dev_nll": 2.201652765274048,
            "dev_kl": 0.03175981680862606,
            "dev_objective": 2.233412582082674
          },
          {
            "epoch": 46,
            "train_objective": 2.1491270065307617,
            "dev_nll": 2.2003211975097656,
            "dev_kl": 0.03295452646212652,
            "dev_objective": 2.233275723971892
          },
          {
            "epoch": 47,
            "train_objective": 2.1474132537841797,
            "dev_nll": 2.199084520339966,
            "dev_kl": 0.03452508162939921,
            "dev_objective": 2.233609601969365
          },
          {
            "epoch": 48,
            "train_objective": 2.145770311355591,
            "dev_nll": 2.1980252265930176,
            "dev_kl": 0.03626169807044789,
            "dev_objective": 2.2342869246634653
          },
          {
            "epoch": 49,
            "train_objective": 2.144284725189209,
            "dev_nll": 2.197146415710449,
            "dev_kl": 0.037895823151338846,
            "dev_objective": 2.235042238861788
          },
          {
            "epoch": 50,
            "train_objective": 2.142949104309082,
            "dev_nll": 2.1963870525360107,
            "dev_kl": 0.03915373065276071,
            "dev_objective": 2.2355407831887715
          },
          {
            "epoch": 51,
            "train_objective": 2.141681432723999,
            "dev_nll": 2.195669651031494,
            "dev_kl": 0.039829118726775053,
            "dev_objective": 2.2354987697582693
          },
          {
            "epoch": 52,
            "train_objective": 2.14038348197937,
            "dev_nll": 2.194950819015503,
            "dev_kl": 0.03984175386372954,
            "dev_objective": 2.2347925728792326
          },
          {
            "epoch": 53,
            "train_objective": 2.138997793197632,
            "dev_nll": 2.1942381858825684,
            "dev_kl": 0.039255845106672495,
            "dev_objective": 2.233494030989241
          },
          {
            "epoch": 54,
            "train_objective": 2.1375374794006348,
            "dev_nll": 2.1935791969299316,
            "dev_kl": 0.03825179824838415,
            "dev_objective": 2.2318309951783157
          },
          {
            "epoch": 55,
            "train_objective": 2.1360650062561035,
            "dev_nll": 2.1930222511291504,
            "dev_kl": 0.037067374468315394,
            "dev_objective": 2.230089625597466
          },
          {
            "epoch": 56,
            "train_objective": 2.1346495151519775,
            "dev_nll": 2.1925840377807617,
            "dev_kl": 0.035933642876334486,
            "dev_objective": 2.228517680657096
          },
          {
            "epoch": 57,
            "train_objective": 2.1333258152008057,
            "dev_nll": 2.1922338008880615,
            "dev_kl": 0.03502923843683675,
            "dev_objective": 2.227263039324898
          },
          {
            "epoch": 58,
            "train_objective": 2.132078170776367,
            "dev_nll": 2.19191312789917,
            "dev_kl": 0.03446248647524044,
            "dev_objective": 2.2263756143744104
          },
          {
            "epoch": 59,
            "train_objective": 2.130859851837158,
            "dev_nll": 2.1915640830993652,
            "dev_kl": 0.03427553483750671,
            "dev_objective": 2.225839617936872
          },
          {
            "epoch": 60,
            "train_objective": 2.129624843597412,
            "dev_nll": 2.191155433654785,
            "dev_kl": 0.03445694388123229,
            "dev_objective": 2.2256123775360175
          },
          {
            "epoch": 61,
            "train_objective": 2.1283581256866455,
            "dev_nll": 2.1906898021698,
            "dev_kl": 0.034950928499456496,
            "dev_objective": 2.2256407306692565
          },
          {
            "epoch": 62,
            "train_objective": 2.1270787715911865,
            "dev_nll": 2.1901912689208984,
            "dev_kl": 0.035661377033684404,
            "dev_objective": 2.225852645954583
          },
          {
            "epoch": 63,
            "train_objective": 2.1258227825164795,
            "dev_nll": 2.1896846294403076,
            "dev_kl": 0.03645784371299669,
            "dev_objective": 2.2261424731533044
          },
          {
            "epoch": 64,
            "train_objective": 2.1246178150177,
            "dev_nll": 2.1891791820526123,
            "dev_kl": 0.037191986788529904,
            "dev_objective": 2.2263711688411423
          },
          {
            "epoch": 65,
            "train_objective": 2.1234641075134277,
            "dev_nll": 2.188668966293335,
            "dev_kl": 0.037726506947074086,
            "dev_objective": 2.226395473240409
          },
          {
            "epoch": 66,
            "train_objective": 2.122340202331543,
            "dev_nll": 2.1881444454193115,
            "dev_kl": 0.037968063775915654,
            "dev_objective": 2.226112509195227
          },
          {
            "epoch": 67,
            "train_objective": 2.121218204498291,
            "dev_nll": 2.1876020431518555,
            "dev_kl": 0.037890876294113696,
            "dev_objective": 2.225492919445969
          },
          {
            "epoch": 68,
            "train_objective": 2.120084047317505,
            "dev_nll": 2.1870503425598145,
            "dev_kl": 0.03754051896044985,
            "dev_objective": 2.224590861520264
          },
          {
            "epoch": 69,
            "train_objective": 2.118943452835083,
            "dev_nll": 2.1865017414093018,
            "dev_kl": 0.03701623847708106,
            "dev_objective": 2.223517979886383
          },
          {
            "epoch": 70,
            "train_objective": 2.117816209793091,
            "dev_nll": 2.185961961746216,
            "dev_kl": 0.03644015535479411,
            "dev_objective": 2.22240211710101
          },
          {
            "epoch": 71,
            "train_objective": 2.1167187690734863,
            "dev_nll": 2.18542218208313,
            "dev_kl": 0.03592621371150017,
            "dev_objective": 2.22134839579463
          },
          {
            "epoch": 72,
            "train_objective": 2.1156554222106934,
            "dev_nll": 2.184863567352295,
            "dev_kl": 0.035558437539730224,
            "dev_objective": 2.220422004892025
          },
          {
            "epoch": 73,
            "train_objective": 2.1146159172058105,
            "dev_nll": 2.184267997741699,
            "dev_kl": 0.03538174712797627,
            "dev_objective": 2.2196497448696757
          },
          {
            "epoch": 74,
            "train_objective": 2.113586664199829,
            "dev_nll": 2.1836278438568115,
            "dev_kl": 0.03540224426193163,
            "dev_objective": 2.219030088118743
          },
          {
            "epoch": 75,
            "train_objective": 2.1125588417053223,
            "dev_nll": 2.1829540729522705,
            "dev_kl": 0.035591798836831,
            "dev_objective": 2.2185458717891016
          },
          {
            "epoch": 76,
            "train_objective": 2.1115365028381348,
            "dev_nll": 2.182269334793091,
            "dev_kl": 0.035894435823429376,
            "dev_objective": 2.21816377061652
          },
          {
            "epoch": 77,
            "train_objective": 2.1105284690856934,
            "dev_nll": 2.1816000938415527,
            "dev_kl": 0.03623533038655296,
            "dev_objective": 2.2178354242281055
          },
          {
            "epoch": 78,
            "train_objective": 2.109544038772583,
            "dev_nll": 2.1809682846069336,
            "dev_kl": 0.03653388975420967,
            "dev_objective": 2.2175021743611434
          },
          {
            "epoch": 79,
            "train_objective": 2.1085827350616455,
            "dev_nll": 2.180387496948242,
            "dev_kl": 0.03672036743955687,
            "dev_objective": 2.217107864387799
          },
          {
            "epoch": 80,
            "train_objective": 2.1076393127441406,
            "dev_nll": 2.1798648834228516,
            "dev_kl": 0.03675193783827126,
            "dev_objective": 2.216616821261123
          },
          {
            "epoch": 81,
            "train_objective": 2.1067051887512207,
            "dev_nll": 2.179401397705078,
            "dev_kl": 0.036622310515958816,
            "dev_objective": 2.216023708221037
          },
          {
            "epoch": 82,
            "train_objective": 2.10577654838562,
            "dev_nll": 2.178995132446289,
            "dev_kl": 0.03636134995846078,
            "dev_objective": 2.21535648240475
          },
          {
            "epoch": 83,
            "train_objective": 2.1048572063446045,
            "dev_nll": 2.178637981414795,
            "dev_kl": 0.036024531594011935,
            "dev_objective": 2.2146625130088067
          },
          {
            "epoch": 84,
            "train_objective": 2.1039514541625977,
            "dev_nll": 2.178313970565796,
            "dev_kl": 0.03567707786336541,
            "dev_objective": 2.213991048429161
          },
          {
            "epoch": 85,
            "train_objective": 2.1030638217926025,
            "dev_nll": 2.178001880645752,
            "dev_kl": 0.0353779773064889,
            "dev_objective": 2.213379857952241
          },
          {
            "epoch": 86,
            "train_objective": 2.102194309234619,
            "dev_nll": 2.1776793003082275,
            "dev_kl": 0.03516867104452103,
            "dev_objective": 2.2128479713527485
          },
          {
            "epoch": 87,
            "train_objective": 2.1013383865356445,
            "dev_nll": 2.1773288249969482,
            "dev_kl": 0.03506770820822567,
            "dev_objective": 2.212396533205174
          },
          {
            "epoch": 88,
            "train_objective": 2.100492477416992,
            "dev_nll": 2.176943778991699,
            "dev_kl": 0.035070295077748594,
            "dev_objective": 2.212014074069448
          },
          {
            "epoch": 89,
            "train_objective": 2.099655866622925,
            "dev_nll": 2.1765270233154297,
            "dev_kl": 0.03515146473888308,
            "dev_objective": 2.2116784880543126
          },
          {
            "epoch": 90,
            "train_objective": 2.0988306999206543,
            "dev_nll": 2.176091194152832,
            "dev_kl": 0.03527231289772317,
            "dev_objective": 2.2113635070505553
          },
          {
            "epoch": 91,
            "train_objective": 2.0980193614959717,
            "dev_nll": 2.175649404525757,
            "dev_kl": 0.035388356919866054,
            "dev_objective": 2.2110377614456227
          },
          {
            "epoch": 92,
            "train_objective": 2.0972232818603516,
            "dev_nll": 2.1752147674560547,
            "dev_kl": 0.035459645567461846,
            "dev_objective": 2.2106744130235167
          },
          {
            "epoch": 93,
            "train_objective": 2.0964410305023193,
            "dev_nll": 2.174795627593994,
            "dev_kl": 0.03546021201647818,
            "dev_objective": 2.2102558396104723
          },
          {
            "epoch": 94,
            "train_objective": 2.0956690311431885,
            "dev_nll": 2.1743955612182617,
            "dev_kl": 0.03538390135625377,
            "dev_objective": 2.2097794625745153
          },
          {
            "epoch": 95,
            "train_objective": 2.0949063301086426,
            "dev_nll": 2.174013376235962,
            "dev_kl": 0.035244630991946906,
            "dev_objective": 2.2092580072279087
          },
          {
            "epoch": 96,
            "train_objective": 2.0941531658172607,
            "dev_nll": 2.1736419200897217,
            "dev_kl": 0.035071027977392075,
            "dev_objective": 2.208712948067114
          },
          {
            "epoch": 97,
            "train_objective": 2.093411684036255,
            "dev_nll": 2.1732702255249023,
            "dev_kl": 0.034897702056914566,
            "dev_objective": 2.208167927581817
          },
          {
            "epoch": 98,
            "train_objective": 2.092682361602783,
            "dev_nll": 2.1728854179382324,
            "dev_kl": 0.03475593445356935,
            "dev_objective": 2.2076413523918017
          },
          {
            "epoch": 99,
            "train_objective": 2.0919647216796875,
            "dev_nll": 2.1724765300750732,
            "dev_kl": 0.03466688621090725,
            "dev_objective": 2.2071434162859807
          },
          {
            "epoch": 100,
            "train_objective": 2.0912578105926514,
            "dev_nll": 2.1720383167266846,
            "dev_kl": 0.034637944491114465,
            "dev_objective": 2.2066762612177993
          },
          {
            "epoch": 101,
            "train_objective": 2.0905601978302,
            "dev_nll": 2.1715738773345947,
            "dev_kl": 0.034662704907823354,
            "dev_objective": 2.206236582242418
          },
          {
            "epoch": 102,
            "train_objective": 2.089871644973755,
            "dev_nll": 2.1710927486419678,
            "dev_kl": 0.03472351701930165,
            "dev_objective": 2.2058162656612694
          },
          {
            "epoch": 103,
            "train_objective": 2.0891928672790527,
            "dev_nll": 2.170610189437866,
            "dev_kl": 0.03479634099872783,
            "dev_objective": 2.205406530436594
          },
          {
            "epoch": 104,
            "train_objective": 2.0885255336761475,
            "dev_nll": 2.170140027999878,
            "dev_kl": 0.034856799845583736,
            "dev_objective": 2.2049968278454615
          },
          {
            "epoch": 105,
            "train_objective": 2.0878677368164062,
            "dev_nll": 2.169694185256958,
            "dev_kl": 0.034886331560555844,
            "dev_objective": 2.2045805168175137
          },
          {
            "epoch": 106,
            "train_objective": 2.0872199535369873,
            "dev_nll": 2.169278383255005,
            "dev_kl": 0.03487662964500487,
            "dev_objective": 2.2041550129000096
          },
          {
            "epoch": 107,
            "train_objective": 2.086580753326416,
            "dev_nll": 2.1688926219940186,
            "dev_kl": 0.034831239432096484,
            "dev_objective": 2.203723861426115
          },
          {
            "epoch": 108,
            "train_objective": 2.0859501361846924,
            "dev_nll": 2.168529510498047,
            "dev_kl": 0.03476356162689626,
            "dev_objective": 2.2032930721249433
          },
          {
            "epoch": 109,
            "train_objective": 2.0853283405303955,
            "dev_nll": 2.168177366256714,
            "dev_kl": 0.03469237100798637,
            "dev_objective": 2.2028697372647
          },
          {
            "epoch": 110,
            "train_objective": 2.0847160816192627,
            "dev_nll": 2.167823076248169,
            "dev_kl": 0.03463618437061086,
            "dev_objective": 2.2024592606187796
          },
          {
            "epoch": 111,
            "train_objective": 2.0841126441955566,
            "dev_nll": 2.1674530506134033,
            "dev_kl": 0.03460863485233858,
            "dev_objective": 2.202061685465742
          },
          {
            "epoch": 112,
            "train_objective": 2.0835180282592773,
            "dev_nll": 2.167060613632202,
            "dev_kl": 0.034615494562312964,
            "dev_objective": 2.201676108194515
          },
          {
            "epoch": 113,
            "train_objective": 2.0829310417175293,
            "dev_nll": 2.1666438579559326,
            "dev_kl": 0.03465408347779885,
            "dev_objective": 2.2012979414337313
          },
          {
            "epoch": 114,
            "train_objective": 2.0823519229888916,
            "dev_nll": 2.166208267211914,
            "dev_kl": 0.03471475715981796,
            "dev_objective": 2.200923024371732
          },
          {
            "epoch": 115,
            "train_objective": 2.0817811489105225,
            "dev_nll": 2.1657626628875732,
            "dev_kl": 0.03478390100877732,
            "dev_objective": 2.2005465638963506
          },
          {
            "epoch": 116,
            "train_objective": 2.081218719482422,
            "dev_nll": 2.1653168201446533,
            "dev_kl": 0.034847867651842536,
            "dev_objective": 2.2001646877964958
          },
          {
            "epoch": 117,
            "train_objective": 2.0806639194488525,
            "dev_nll": 2.164879560470581,
            "dev_kl": 0.03489672868512571,
            "dev_objective": 2.199776289155707
          },
          {
            "epoch": 118,
            "train_objective": 2.0801167488098145,
            "dev_nll": 2.1644535064697266,
            "dev_kl": 0.034926950193475935,
            "dev_objective": 2.1993804566632025
          },
          {
            "epoch": 119,
            "train_objective": 2.079577684402466,
            "dev_nll": 2.1640372276306152,
            "dev_kl": 0.034941751963924614,
            "dev_objective": 2.19897897959454
          },
          {
            "epoch": 120,
            "train_objective": 2.079045295715332,
            "dev_nll": 2.1636245250701904,
            "dev_kl": 0.034949748907238246,
            "dev_objective": 2.1985742739774286
          },
          {
            "epoch": 121,
            "train_objective": 2.0785200595855713,
            "dev_nll": 2.1632063388824463,
            "dev_kl": 0.03496182702947408,
            "dev_objective": 2.1981681659119205
          },
          {
            "epoch": 122,
            "train_objective": 2.078002691268921,
            "dev_nll": 2.162773370742798,
            "dev_kl": 0.03498774300795048,
            "dev_objective": 2.1977611137507482
          },
          {
            "epoch": 123,
            "train_objective": 2.0774919986724854,
            "dev_nll": 2.1623196601867676,
            "dev_kl": 0.03503352564759552,
            "dev_objective": 2.197353185834363
          },
          {
            "epoch": 124,
            "train_objective": 2.076988458633423,
            "dev_nll": 2.1618435382843018,
            "dev_kl": 0.035100061292760075,
            "dev_objective": 2.196943599577062
          },
          {
            "epoch": 125,
            "train_objective": 2.0764920711517334,
            "dev_nll": 2.161348819732666,
            "dev_kl": 0.035183315242175016,
            "dev_objective": 2.196532134974841
          },
          {
            "epoch": 126,
            "train_objective": 2.0760011672973633,
            "dev_nll": 2.1608433723449707,
            "dev_kl": 0.035275938308332117,
            "dev_objective": 2.196119310653303
          },
          {
            "epoch": 127,
            "train_objective": 2.0755178928375244,
            "dev_nll": 2.160336494445801,
            "dev_kl": 0.03536965715931729,
            "dev_objective": 2.195706151605118
          },
          {
            "epoch": 128,
            "train_objective": 2.0750410556793213,
            "dev_nll": 2.159834861755371,
            "dev_kl": 0.03545783012406901,
            "dev_objective": 2.19529269187944
          },
          {
            "epoch": 129,
            "train_objective": 2.074570655822754,
            "dev_nll": 2.1593432426452637,
            "dev_kl": 0.035537369635421784,
            "dev_objective": 2.1948806122806857
          },
          {
            "epoch": 130,
            "train_objective": 2.074106454849243,
            "dev_nll": 2.1588611602783203,
            "dev_kl": 0.035609477572143076,
            "dev_objective": 2.1944706378504635
          },
          {
            "epoch": 131,
            "train_objective": 2.073648691177368,
            "dev_nll": 2.158383846282959,
            "dev_kl": 0.03567875559907407,
            "dev_objective": 2.194062601882033
          },
          {
            "epoch": 132,
            "train_objective": 2.0731968879699707,
            "dev_nll": 2.157904624938965,
            "dev_kl": 0.03575155135244131,
            "dev_objective": 2.193656176291406
          },
          {
            "epoch": 133,
            "train_objective": 2.07275128364563,
            "dev_nll": 2.1574158668518066,
            "dev_kl": 0.035833660904318096,
            "dev_objective": 2.193249527756125
          },
          {
            "epoch": 134,
            "train_objective": 2.0723114013671875,
            "dev_nll": 2.1569125652313232,
            "dev_kl": 0.035928498758003115,
            "dev_objective": 2.1928410639893263
          },
          {
            "epoch": 135,
            "train_objective": 2.071877956390381,
            "dev_nll": 2.1563940048217773,
            "dev_kl": 0.03603636312298477,
            "dev_objective": 2.192430367944762
          },
          {
            "epoch": 136,
            "train_objective": 2.0714495182037354,
            "dev_nll": 2.155862331390381,
            "dev_kl": 0.03615437594940886,
            "dev_objective": 2.1920167073397896
          },
          {
            "epoch": 137,
            "train_objective": 2.0710272789001465,
            "dev_nll": 2.1553235054016113,
            "dev_kl": 0.03627779439790174,
            "dev_objective": 2.191601299799513
          },
          {
            "epoch": 138,
            "train_objective": 2.070610523223877,
            "dev_nll": 2.1547834873199463,
            "dev_kl": 0.036401543943211434,
            "dev_objective": 2.191185031263158
          },
          {
            "epoch": 139,
            "train_objective": 2.0701992511749268,
            "dev_nll": 2.1542470455169678,
            "dev_kl": 0.036521942098625006,
            "dev_objective": 2.1907689876155927
          },
          {
            "epoch": 140,
            "train_objective": 2.069793939590454,
            "dev_nll": 2.1537160873413086,
            "dev_kl": 0.03663771115709096,
            "dev_objective": 2.1903537984983994
          },
          {
            "epoch": 141,
            "train_objective": 2.0693933963775635,
            "dev_nll": 2.1531882286071777,
            "dev_kl": 0.03675026848679409,
            "dev_objective": 2.189938497093972
          },
          {
            "epoch": 142,
            "train_objective": 2.068998336791992,
            "dev_nll": 2.152660608291626,
            "dev_kl": 0.03686282265000045,
            "dev_objective": 2.1895234309416263
          },
          {
            "epoch": 143,
            "train_objective": 2.0686087608337402,
            "dev_nll": 2.1521270275115967,
            "dev_kl": 0.036979127819649876,
            "dev_objective": 2.1891061553312468
          },
          {
            "epoch": 144,
            "train_objective": 2.0682239532470703,
            "dev_nll": 2.151583671569824,
            "dev_kl": 0.03710209431359544,
            "dev_objective": 2.18868576588342
          },
          {
            "epoch": 145,
            "train_objective": 2.0678446292877197,
            "dev_nll": 2.151028633117676,
            "dev_kl": 0.03723276432137936,
            "dev_objective": 2.1882613974390552
          },
          {
            "epoch": 146,
            "train_objective": 2.0674703121185303,
            "dev_nll": 2.150463342666626,
            "dev_kl": 0.03737015766557306,
            "dev_objective": 2.187833500332199
          },
          {
            "epoch": 147,
            "train_objective": 2.067101001739502,
            "dev_nll": 2.1498916149139404,
            "dev_kl": 0.03751167741604149,
            "dev_objective": 2.1874032923299818
          },
          {
            "epoch": 148,
            "train_objective": 2.0667366981506348,
            "dev_nll": 2.1493184566497803,
            "dev_kl": 0.03765410263091326,
            "dev_objective": 2.1869725592806937
          },
          {
            "epoch": 149,
            "train_objective": 2.0663769245147705,
            "dev_nll": 2.1487481594085693,
            "dev_kl": 0.03779491912573576,
            "dev_objective": 2.186543078534305
          },
          {
            "epoch": 150,
            "train_objective": 2.0660221576690674,
            "dev_nll": 2.1481823921203613,
            "dev_kl": 0.037932944032363594,
            "dev_objective": 2.186115336152725
          },
          {
            "epoch": 151,
            "train_objective": 2.065671920776367,
            "dev_nll": 2.1476218700408936,
            "dev_kl": 0.03806876452174038,
            "dev_objective": 2.185690634562634
          },
          {
            "epoch": 152,
            "train_objective": 2.065326452255249,
            "dev_nll": 2.1470625400543213,
            "dev_kl": 0.03820430348161608,
            "dev_objective": 2.1852668435359375
          },
          {
            "epoch": 153,
            "train_objective": 2.064985513687134,
            "dev_nll": 2.1465015411376953,
            "dev_kl": 0.03834188469452784,
            "dev_objective": 2.184843425832223
          },
          {
            "epoch": 154,
            "train_objective": 2.0646495819091797,
            "dev_nll": 2.1459360122680664,
            "dev_kl": 0.038483540166635063,
            "dev_objective": 2.1844195524347017
          },
          {
            "epoch": 155,
            "train_objective": 2.064317464828491,
            "dev_nll": 2.1453638076782227,
            "dev_kl": 0.03862993484130129,
            "dev_objective": 2.183993742519524
          },
          {
            "epoch": 156,
            "train_objective": 2.063990354537964,
            "dev_nll": 2.1447863578796387,
            "dev_kl": 0.03878057012334466,
            "dev_objective": 2.1835669280029832
          },
          {
            "epoch": 157,
            "train_objective": 2.0636672973632812,
            "dev_nll": 2.1442065238952637,
            "dev_kl": 0.03893371348269284,
            "dev_objective": 2.1831402373779567
          },
          {
            "epoch": 158,
            "train_objective": 2.0633485317230225,
            "dev_nll": 2.1436269283294678,
            "dev_kl": 0.03908745743334294,
            "dev_objective": 2.182714385762811
          },
          {
            "epoch": 159,
            "train_objective": 2.0630342960357666,
            "dev_nll": 2.1430509090423584,
            "dev_kl": 0.03924019167665392,
            "dev_objective": 2.1822911007190124
          },
          {
            "epoch": 160,
            "train_objective": 2.0627241134643555,
            "dev_nll": 2.1424787044525146,
            "dev_kl": 0.03939133184729144,
            "dev_objective": 2.1818700362998062
          },
          {
            "epoch": 161,
            "train_objective": 2.0624184608459473,
            "dev_nll": 2.1419098377227783,
            "dev_kl": 0.03954142198665068,
            "dev_objective": 2.181451259709429
          },
          {
            "epoch": 162,
            "train_objective": 2.0621163845062256,
            "dev_nll": 2.141342878341675,
            "dev_kl": 0.03969173633493483,
            "dev_objective": 2.1810346146766095
          },
          {
            "epoch": 163,
            "train_objective": 2.0618185997009277,
            "dev_nll": 2.1407735347747803,
            "dev_kl": 0.039843823097180577,
            "dev_objective": 2.1806173578719608
          },
          {
            "epoch": 164,
            "train_objective": 2.0615248680114746,
            "dev_nll": 2.1402008533477783,
            "dev_kl": 0.039998700174037366,
            "dev_objective": 2.1801995535218155
          },
          {
            "epoch": 165,
            "train_objective": 2.061234951019287,
            "dev_nll": 2.1396241188049316,
            "dev_kl": 0.04015660353470594,
            "dev_objective": 2.1797807223396375
          },
          {
            "epoch": 166,
            "train_objective": 2.0609490871429443,
            "dev_nll": 2.1390442848205566,
            "dev_kl": 0.04031685947207734,
            "dev_objective": 2.179361144292634
          },
          {
            "epoch": 167,
            "train_objective": 2.060667037963867,
            "dev_nll": 2.1384637355804443,
            "dev_kl": 0.040478286964353176,
            "dev_objective": 2.1789420225447973
          },
          {
            "epoch": 168,
            "train_objective": 2.0603888034820557,
            "dev_nll": 2.1378846168518066,
            "dev_kl": 0.04063965822802856,
            "dev_objective": 2.1785242750798353
          },
          {
            "epoch": 169,
            "train_objective": 2.0601143836975098,
            "dev_nll": 2.1373090744018555,
            "dev_kl": 0.040800240486860276,
            "dev_objective": 2.1781093148887156
          },
          {
            "epoch": 170,
            "train_objective": 2.0598437786102295,
            "dev_nll": 2.1367361545562744,
            "dev_kl": 0.04096001789206639,
            "dev_objective": 2.177696172448341
          },
          {
            "epoch": 171,
            "train_objective": 2.059576988220215,
            "dev_nll": 2.1361653804779053,
            "dev_kl": 0.04111968267476186,
            "dev_objective": 2.177285063152667
          },
          {
            "epoch": 172,
            "train_objective": 2.0593135356903076,
            "dev_nll": 2.1355953216552734,
            "dev_kl": 0.041280213510617614,
            "dev_objective": 2.176875535165891
          },
          {
            "epoch": 173,
            "train_objective": 2.059053897857666,
            "dev_nll": 2.135024309158325,
            "dev_kl": 0.04144242513924837,
            "dev_objective": 2.1764667342975734
          },
          {
            "epoch": 174,
            "train_objective": 2.0587973594665527,
            "dev_nll": 2.134450912475586,
            "dev_kl": 0.041606688981410116,
            "dev_objective": 2.176057601456996
          },
          {
            "epoch": 175,
            "train_objective": 2.058544635772705,
            "dev_nll": 2.1338765621185303,
            "dev_kl": 0.04177280741278082,
            "dev_objective": 2.1756493695313113
          },
          {
            "epoch": 176,
            "train_objective": 2.058295726776123,
            "dev_nll": 2.1333022117614746,
            "dev_kl": 0.04193998384755105,
            "dev_objective": 2.1752421956090258
          },
          {
            "epoch": 177,
            "train_objective": 2.0580499172210693,
            "dev_nll": 2.1327297687530518,
            "dev_kl": 0.04210744198178872,
            "dev_objective": 2.1748372107348404
          },
          {
            "epoch": 178,
            "train_objective": 2.057807683944702,
            "dev_nll": 2.1321604251861572,
            "dev_kl": 0.04227451177081093,
            "dev_objective": 2.174434936956968
          },
          {
            "epoch": 179,
            "train_objective": 2.0575685501098633,
            "dev_nll": 2.131593942642212,
            "dev_kl": 0.04244107428938151,
            "dev_objective": 2.1740350169315934
          },
          {
            "epoch": 180,
            "train_objective": 2.057332754135132,
            "dev_nll": 2.131030559539795,
            "dev_kl": 0.042607452175579964,
            "dev_objective": 2.173638011715375
          },
          {
            "epoch": 181,
            "train_objective": 2.057100534439087,
            "dev_nll": 2.1304683685302734,
            "dev_kl": 0.04277426867512986,
            "dev_objective": 2.1732426372054032
          },
          {
            "epoch": 182,
            "train_objective": 2.0568714141845703,
            "dev_nll": 2.129906415939331,
            "dev_kl": 0.04294208275387064,
            "dev_objective": 2.1728484986932015
          },
          {
            "epoch": 183,
            "train_objective": 2.056645631790161,
            "dev_nll": 2.1293442249298096,
            "dev_kl": 0.04311115380609408,
            "dev_objective": 2.1724553787359038
          },
          {
            "epoch": 184,
            "train_objective": 2.056422710418701,
            "dev_nll": 2.128781795501709,
            "dev_kl": 0.043281324307899924,
            "dev_objective": 2.172063119809609
          },
          {
            "epoch": 185,
            "train_objective": 2.0562028884887695,
            "dev_nll": 2.128220558166504,
            "dev_kl": 0.04345211369218305,
            "dev_objective": 2.171672671858687
          },
          {
            "epoch": 186,
            "train_objective": 2.055986166000366,
            "dev_nll": 2.1276612281799316,
            "dev_kl": 0.04362292581703514,
            "dev_objective": 2.1712841539969667
          },
          {
            "epoch": 187,
            "train_objective": 2.0557727813720703,
            "dev_nll": 2.1271049976348877,
            "dev_kl": 0.04379340798826888,
            "dev_objective": 2.1708984056231566
          },
          {
            "epoch": 188,
            "train_objective": 2.0555622577667236,
            "dev_nll": 2.126551866531372,
            "dev_kl": 0.043963404418900606,
            "dev_objective": 2.170515270950273
          },
          {
            "epoch": 189,
            "train_objective": 2.0553548336029053,
            "dev_nll": 2.1260015964508057,
            "dev_kl": 0.04413318085018545,
            "dev_objective": 2.170134777300991
          },
          {
            "epoch": 190,
            "train_objective": 2.055150032043457,
            "dev_nll": 2.125453472137451,
            "dev_kl": 0.04430316918063909,
            "dev_objective": 2.16975664131809
          },
          {
            "epoch": 191,
            "train_objective": 2.054948568344116,
            "dev_nll": 2.124906539916992,
            "dev_kl": 0.0444737331662327,
            "dev_objective": 2.169380273083225
          },
          {
            "epoch": 192,
            "train_objective": 2.0547497272491455,
            "dev_nll": 2.1243605613708496,
            "dev_kl": 0.04464497181354091,
            "dev_objective": 2.1690055331843907
          },
          {
            "epoch": 193,
            "train_objective": 2.054553747177124,
            "dev_nll": 2.1238162517547607,
            "dev_kl": 0.0448167879646644,
            "dev_objective": 2.1686330397194253
          },
          {
            "epoch": 194,
            "train_objective": 2.054360866546631,
            "dev_nll": 2.123274087905884,
            "dev_kl": 0.04498877813341096,
            "dev_objective": 2.168262866039295
          },
          {
            "epoch": 195,
            "train_objective": 2.054170608520508,
            "dev_nll": 2.122734785079956,
            "dev_kl": 0.04516059433342889,
            "dev_objective": 2.167895379413385
          },
          {
            "epoch": 196,
            "train_objective": 2.053982973098755,
            "dev_nll": 2.122199296951294,
            "dev_kl": 0.045332002793438735,
            "dev_objective": 2.1675312997447325
          },
          {
            "epoch": 197,
            "train_objective": 2.053797721862793,
            "dev_nll": 2.1216678619384766,
            "dev_kl": 0.04550298535265029,
            "dev_objective": 2.1671708472911266
          },
          {
            "epoch": 198,
            "train_objective": 2.0536158084869385,
            "dev_nll": 2.1211392879486084,
            "dev_kl": 0.045673764096573,
            "dev_objective": 2.1668130520451814
          },
          {
            "epoch": 199,
            "train_objective": 2.053436517715454,
            "dev_nll": 2.1206133365631104,
            "dev_kl": 0.04584458685945719,
            "dev_objective": 2.1664579234225676
          },
          {
            "epoch": 200,
            "train_objective": 2.0532593727111816,
            "dev_nll": 2.1200897693634033,
            "dev_kl": 0.046015687929466365,
            "dev_objective": 2.1661054572928697
          },
          {
            "epoch": 201,
            "train_objective": 2.0530848503112793,
            "dev_nll": 2.119568347930908,
            "dev_kl": 0.04618702350649983,
            "dev_objective": 2.165755371437408
          },
          {
            "epoch": 202,
            "train_objective": 2.052913188934326,
            "dev_nll": 2.119049310684204,
            "dev_kl": 0.046358456998132166,
            "dev_objective": 2.1654077676823364
          },
          {
            "epoch": 203,
            "train_objective": 2.052743911743164,
            "dev_nll": 2.1185336112976074,
            "dev_kl": 0.04652970149181783,
            "dev_objective": 2.1650633127894254
          },
          {
            "epoch": 204,
            "train_objective": 2.052577018737793,
            "dev_nll": 2.1180214881896973,
            "dev_kl": 0.04670054004061967,
            "dev_objective": 2.164722028230317
          },
          {
            "epoch": 205,
            "train_objective": 2.052412986755371,
            "dev_nll": 2.1175131797790527,
            "dev_kl": 0.046870863847434524,
            "dev_objective": 2.1643840436264874
          },
          {
            "epoch": 206,
            "train_objective": 2.052251100540161,
            "dev_nll": 2.1170084476470947,
            "dev_kl": 0.04704075195360929,
            "dev_objective": 2.164049199600704
          },
          {
            "epoch": 207,
            "train_objective": 2.052091360092163,
            "dev_nll": 2.116506814956665,
            "dev_kl": 0.047210334376432,
            "dev_objective": 2.163717149333097
          },
          {
            "epoch": 208,
            "train_objective": 2.051934242248535,
            "dev_nll": 2.1160082817077637,
            "dev_kl": 0.047379858531057834,
            "dev_objective": 2.1633881402388213
          },
          {
            "epoch": 209,
            "train_objective": 2.051779270172119,
            "dev_nll": 2.1155123710632324,
            "dev_kl": 0.047549343653954565,
            "dev_objective": 2.163061714717187
          },
          {
            "epoch": 210,
            "train_objective": 2.0516269207000732,
            "dev_nll": 2.1150195598602295,
            "dev_kl": 0.04771873802412301,
            "dev_objective": 2.1627382978843523
          },
          {
            "epoch": 211,
            "train_objective": 2.05147647857666,
            "dev_nll": 2.114530086517334,
            "dev_kl": 0.04788785366807133,
            "dev_objective": 2.162417940185405
          },
          {
            "epoch": 212,
            "train_objective": 2.051328659057617,
            "dev_nll": 2.114044427871704,
            "dev_kl": 0.048056509844027456,
            "dev_objective": 2.1621009377157314
          },
          {
            "epoch": 213,
            "train_objective": 2.051182746887207,
            "dev_nll": 2.11356258392334,
            "dev_kl": 0.048224602495320144,
            "dev_objective": 2.16178718641866
          },
          {
            "epoch": 214,
            "train_objective": 2.051039218902588,
            "dev_nll": 2.113084554672241,
            "dev_kl": 0.04839213375933468,
            "dev_objective": 2.1614766884315757
          },
          {
            "epoch": 215,
            "train_objective": 2.0508973598480225,
            "dev_nll": 2.112610340118408,
            "dev_kl": 0.0485592225426808,
            "dev_objective": 2.161169562661089
          },
          {
            "epoch": 216,
            "train_objective": 2.050758123397827,
            "dev_nll": 2.1121394634246826,
            "dev_kl": 0.04872598618268967,
            "dev_objective": 2.1608654496073725
          },
          {
            "epoch": 217,
            "train_objective": 2.0506210327148438,
            "dev_nll": 2.1116719245910645,
            "dev_kl": 0.048892468619160356,
            "dev_objective": 2.1605643932102248
          },
          {
            "epoch": 218,
            "train_objective": 2.050485849380493,
            "dev_nll": 2.1112077236175537,
            "dev_kl": 0.049058690322563055,
            "dev_objective": 2.160266413940117
          },
          {
            "epoch": 219,
            "train_objective": 2.050352096557617,
            "dev_nll": 2.1107470989227295,
            "dev_kl": 0.04922446933574975,
            "dev_objective": 2.159971568258479
          },
          {
            "epoch": 220,
            "train_objective": 2.0502212047576904,
            "dev_nll": 2.110290050506592,
            "dev_kl": 0.04938971666619182,
            "dev_objective": 2.1596797671727836
          },
          {
            "epoch": 221,
            "train_objective": 2.0500917434692383,
            "dev_nll": 2.109837532043457,
            "dev_kl": 0.049554293863475325,
            "dev_objective": 2.1593918259069325
          },
          {
            "epoch": 222,
            "train_objective": 2.049964427947998,
            "dev_nll": 2.1093883514404297,
            "dev_kl": 0.04971823493950069,
            "dev_objective": 2.1591065863799304
          },
          {
            "epoch": 223,
            "train_objective": 2.0498390197753906,
            "dev_nll": 2.108943223953247,
            "dev_kl": 0.0498815737478435,
            "dev_objective": 2.1588247977010906
          },
          {
            "epoch": 224,
            "train_objective": 2.049715518951416,
            "dev_nll": 2.108501672744751,
            "dev_kl": 0.05004440743010491,
            "dev_objective": 2.158546080174856
          },
          {
            "epoch": 225,
            "train_objective": 2.049593687057495,
            "dev_nll": 2.1080634593963623,
            "dev_kl": 0.05020676970947534,
            "dev_objective": 2.1582702291058378
          },
          {
            "epoch": 226,
            "train_objective": 2.049473762512207,
            "dev_nll": 2.10762882232666,
            "dev_kl": 0.05036868345458061,
            "dev_objective": 2.157997505781241
          },
          {
            "epoch": 227,
            "train_objective": 2.0493555068969727,
            "dev_nll": 2.1071977615356445,
            "dev_kl": 0.05053003128618002,
            "dev_objective": 2.1577277928218246
          },
          {
            "epoch": 228,
            "train_objective": 2.04923939704895,
            "dev_nll": 2.1067705154418945,
            "dev_kl": 0.05069068156182766,
            "dev_objective": 2.1574611970037223
          },
          {
            "epoch": 229,
            "train_objective": 2.0491247177124023,
            "dev_nll": 2.1063473224639893,
            "dev_kl": 0.050850608865730465,
            "dev_objective": 2.1571979313297196
          },
          {
            "epoch": 230,
            "train_objective": 2.049011707305908,
            "dev_nll": 2.1059279441833496,
            "dev_kl": 0.05100981121417135,
            "dev_objective": 2.156937755397521
          },
          {
            "epoch": 231,
            "train_objective": 2.048900604248047,
            "dev_nll": 2.1055123805999756,
            "dev_kl": 0.05116832610685378,
            "dev_objective": 2.156680706706829
          },
          {
            "epoch": 232,
            "train_objective": 2.0487911701202393,
            "dev_nll": 2.105100393295288,
            "dev_kl": 0.05132619964424521,
            "dev_objective": 2.156426592939533
          },
          {
            "epoch": 233,
            "train_objective": 2.048682928085327,
            "dev_nll": 2.104692220687866,
            "dev_kl": 0.05148348204791546,
            "dev_objective": 2.1561757027357817
          },
          {
            "epoch": 234,
            "train_objective": 2.048576593399048,
            "dev_nll": 2.1042871475219727,
            "dev_kl": 0.051640159762464465,
            "dev_objective": 2.155927307284437
          },
          {
            "epoch": 235,
            "train_objective": 2.0484719276428223,
            "dev_nll": 2.1038858890533447,
            "dev_kl": 0.05179608527105302,
            "dev_objective": 2.1556819743243976
          },
          {
            "epoch": 236,
            "train_objective": 2.0483686923980713,
            "dev_nll": 2.1034886837005615,
            "dev_kl": 0.05195127348881215,
            "dev_objective": 2.155439957189374
          },
          {
            "epoch": 237,
            "train_objective": 2.048267126083374,
            "dev_nll": 2.103095054626465,
            "dev_kl": 0.05210563820321113,
            "dev_objective": 2.155200692829676
          },
          {
            "epoch": 238,
            "train_objective": 2.0481667518615723,
            "dev_nll": 2.102705478668213,
            "dev_kl": 0.05225920594763011,
            "dev_objective": 2.154964684615843
          },
          {
            "epoch": 239,
            "train_objective": 2.048068046569824,
            "dev_nll": 2.1023192405700684,
            "dev_kl": 0.05241200903430581,
            "dev_objective": 2.154731249604374
          },
          {
            "epoch": 240,
            "train_objective": 2.047970771789551,
            "dev_nll": 2.1019370555877686,
            "dev_kl": 0.052564094541594386,
            "dev_objective": 2.154501150129363
          },
          {
            "epoch": 241,
            "train_objective": 2.047874689102173,
            "dev_nll": 2.101557970046997,
            "dev_kl": 0.05271547108422965,
            "dev_objective": 2.1542734411312265
          },
          {
            "epoch": 242,
            "train_objective": 2.0477802753448486,
            "dev_nll": 2.101182460784912,
            "dev_kl": 0.05286607685498893,
            "dev_objective": 2.154048537639901
          },
          {
            "epoch": 243,
            "train_objective": 2.047687292098999,
            "dev_nll": 2.1008102893829346,
            "dev_kl": 0.05301588478963822,
            "dev_objective": 2.153826174172573
          },
          {
            "epoch": 244,
            "train_objective": 2.047595500946045,
            "dev_nll": 2.1004419326782227,
            "dev_kl": 0.05316482461988926,
            "dev_objective": 2.153606757298112
          },
          {
            "epoch": 245,
            "train_objective": 2.0475051403045654,
            "dev_nll": 2.1000776290893555,
            "dev_kl": 0.053312928848899904,
            "dev_objective": 2.1533905579382555
          },
          {
            "epoch": 246,
            "train_objective": 2.0474159717559814,
            "dev_nll": 2.0997161865234375,
            "dev_kl": 0.05346017192583531,
            "dev_objective": 2.1531763584492727
          },
          {
            "epoch": 247,
            "train_objective": 2.047327995300293,
            "dev_nll": 2.099358558654785,
            "dev_kl": 0.05360662386287004,
            "dev_objective": 2.1529651825176552
          },
          {
            "epoch": 248,
            "train_objective": 2.047241449356079,
            "dev_nll": 2.099004030227661,
            "dev_kl": 0.053752278797328475,
            "dev_objective": 2.1527563090249897
          },
          {
            "epoch": 249,
            "train_objective": 2.0471560955047607,
            "dev_nll": 2.0986533164978027,
            "dev_kl": 0.05389714202843607,
            "dev_objective": 2.152550458526239
          },
          {
            "epoch": 250,
            "train_objective": 2.047071933746338,
            "dev_nll": 2.0983057022094727,
            "dev_kl": 0.05404116598889232,
            "dev_objective": 2.152346868198365
          },
          {
            "epoch": 251,
            "train_objective": 2.0469892024993896,
            "dev_nll": 2.09796142578125,
            "dev_kl": 0.05418434157036245,
            "dev_objective": 2.1521457673516124
          },
          {
            "epoch": 252,
            "train_objective": 2.0469071865081787,
            "dev_nll": 2.097620725631714,
            "dev_kl": 0.05432661820668727,
            "dev_objective": 2.151947343838401
          },
          {
            "epoch": 253,
            "train_objective": 2.0468263626098633,
            "dev_nll": 2.097283363342285,
            "dev_kl": 0.05446801142301411,
            "dev_objective": 2.151751374765299
          },
          {
            "epoch": 254,
            "train_objective": 2.0467469692230225,
            "dev_nll": 2.096949338912964,
            "dev_kl": 0.05460854075383395,
            "dev_objective": 2.151557879666798
          },
          {
            "epoch": 255,
            "train_objective": 2.046668529510498,
            "dev_nll": 2.09661865234375,
            "dev_kl": 0.054748252341523765,
            "dev_objective": 2.1513669046852737
          },
          {
            "epoch": 256,
            "train_objective": 2.046591281890869,
            "dev_nll": 2.0962908267974854,
            "dev_kl": 0.05488712875172496,
            "dev_objective": 2.15117795554921
          },
          {
            "epoch": 257,
            "train_objective": 2.0465147495269775,
            "dev_nll": 2.095966339111328,
            "dev_kl": 0.05502516387030482,
            "dev_objective": 2.150991502981633
          },
          {
            "epoch": 258,
            "train_objective": 2.0464396476745605,
            "dev_nll": 2.0956451892852783,
            "dev_kl": 0.05516231474466622,
            "dev_objective": 2.1508075040299444
          },
          {
            "epoch": 259,
            "train_objective": 2.04636549949646,
            "dev_nll": 2.095327138900757,
            "dev_kl": 0.055298573379404845,
            "dev_objective": 2.1506257122801617
          },
          {
            "epoch": 260,
            "train_objective": 2.0462920665740967,
            "dev_nll": 2.0950121879577637,
            "dev_kl": 0.05543394099455327,
            "dev_objective": 2.150446128952317
          },
          {
            "epoch": 261,
            "train_objective": 2.046220064163208,
            "dev_nll": 2.0947000980377197,
            "dev_kl": 0.05556841634679586,
            "dev_objective": 2.1502685143845155
          },
          {
            "epoch": 262,
            "train_objective": 2.0461487770080566,
            "dev_nll": 2.094391107559204,
            "dev_kl": 0.05570204155519605,
            "dev_objective": 2.1500931491144
          },
          {
            "epoch": 263,
            "train_objective": 2.046078681945801,
            "dev_nll": 2.094085454940796,
            "dev_kl": 0.05583484013564885,
            "dev_objective": 2.149920295076445
          },
          {
            "epoch": 264,
            "train_objective": 2.046009063720703,
            "dev_nll": 2.093782424926758,
            "dev_kl": 0.05596676937770098,
            "dev_objective": 2.1497491943044587
          },
          {
            "epoch": 265,
            "train_objective": 2.045940637588501,
            "dev_nll": 2.093482732772827,
            "dev_kl": 0.05609783017542213,
            "dev_objective": 2.149580562948249
          },
          {
            "epoch": 266,
            "train_objective": 2.0458734035491943,
            "dev_nll": 2.0931856632232666,
            "dev_kl": 0.05622799082659185,
            "dev_objective": 2.1494136540498583
          },
          {
            "epoch": 267,
            "train_objective": 2.045806407928467,
            "dev_nll": 2.0928916931152344,
            "dev_kl": 0.056357260239310564,
            "dev_objective": 2.149248953354545
          },
          {
            "epoch": 268,
            "train_objective": 2.0457406044006348,
            "dev_nll": 2.0926003456115723,
            "dev_kl": 0.056485666721127925,
            "dev_objective": 2.1490860123327002
          },
          {
            "epoch": 269,
            "train_objective": 2.045675754547119,
            "dev_nll": 2.0923118591308594,
            "dev_kl": 0.05661320600192994,
            "dev_objective": 2.148925065132789
          },
          {
            "epoch": 270,
            "train_objective": 2.045611619949341,
            "dev_nll": 2.0920262336730957,
            "dev_kl": 0.056739915162324905,
            "dev_objective": 2.1487661488354206
          },
          {
            "epoch": 271,
            "train_objective": 2.045548439025879,
            "dev_nll": 2.0917437076568604,
            "dev_kl": 0.056865743352100255,
            "dev_objective": 2.1486094510089604
          },
          {
            "epoch": 272,
            "train_objective": 2.045485496520996,
            "dev_nll": 2.091463565826416,
            "dev_kl": 0.05699073574505746,
            "dev_objective": 2.1484543015714737
          },
          {
            "epoch": 273,
            "train_objective": 2.045423984527588,
            "dev_nll": 2.0911858081817627,
            "dev_kl": 0.05711483964696527,
            "dev_objective": 2.148300647828728
          },
          {
            "epoch": 274,
            "train_objective": 2.045363187789917,
            "dev_nll": 2.0909111499786377,
            "dev_kl": 0.05723806838970631,
            "dev_objective": 2.148149218368344
          },
          {
            "epoch": 275,
            "train_objective": 2.0453028678894043,
            "dev_nll": 2.090639352798462,
            "dev_kl": 0.057360445829108354,
            "dev_objective": 2.1479997986275703
          },
          {
            "epoch": 276,
            "train_objective": 2.045243263244629,
            "dev_nll": 2.090369939804077,
            "dev_kl": 0.057481979923322796,
            "dev_objective": 2.1478519197273997
          },
          {
            "epoch": 277,
            "train_objective": 2.04518461227417,
            "dev_nll": 2.0901029109954834,
            "dev_kl": 0.05760269455611706,
            "dev_objective": 2.1477056055516006
          },
          {
            "epoch": 278,
            "train_objective": 2.045126438140869,
            "dev_nll": 2.0898385047912598,
            "dev_kl": 0.05772255095187575,
            "dev_objective": 2.1475610557431355
          },
          {
            "epoch": 279,
            "train_objective": 2.0450692176818848,
            "dev_nll": 2.089576482772827,
            "dev_kl": 0.05784156778361648,
            "dev_objective": 2.1474180505564435
          },
          {
            "epoch": 280,
            "train_objective": 2.0450124740600586,
            "dev_nll": 2.0893170833587646,
            "dev_kl": 0.05795974120032042,
            "dev_objective": 2.147276824559085
          },
          {
            "epoch": 281,
            "train_objective": 2.0449564456939697,
            "dev_nll": 2.089060068130493,
            "dev_kl": 0.05807706634048373,
            "dev_objective": 2.147137134470977
          },
          {
            "epoch": 282,
            "train_objective": 2.0449013710021973,
            "dev_nll": 2.0888054370880127,
            "dev_kl": 0.05819355206564069,
            "dev_objective": 2.146998989153653
          },
          {
            "epoch": 283,
            "train_objective": 2.044846534729004,
            "dev_nll": 2.0885531902313232,
            "dev_kl": 0.05830926422495395,
            "dev_objective": 2.146862454456277
          },
          {
            "epoch": 284,
            "train_objective": 2.044792413711548,
            "dev_nll": 2.088303565979004,
            "dev_kl": 0.05842414002865553,
            "dev_objective": 2.1467277060076593
          },
          {
            "epoch": 285,
            "train_objective": 2.04473876953125,
            "dev_nll": 2.0880558490753174,
            "dev_kl": 0.058538187448866665,
            "dev_objective": 2.146594036524184
          },
          {
            "epoch": 286,
            "train_objective": 2.0446858406066895,
            "dev_nll": 2.087810754776001,
            "dev_kl": 0.05865142215508968,
            "dev_objective": 2.1464621769310908
          },
          {
            "epoch": 287,
            "train_objective": 2.0446338653564453,
            "dev_nll": 2.0875678062438965,
            "dev_kl": 0.05876386548858136,
            "dev_objective": 2.1463316717324776
          },
          {
            "epoch": 288,
            "train_objective": 2.0445821285247803,
            "dev_nll": 2.087327003479004,
            "dev_kl": 0.05887547473888844,
            "dev_objective": 2.1462024782178926
          },
          {
            "epoch": 289,
            "train_objective": 2.0445311069488525,
            "dev_nll": 2.0870885848999023,
            "dev_kl": 0.05898631666321307,
            "dev_objective": 2.1460749015631153
          },
          {
            "epoch": 290,
            "train_objective": 2.044480562210083,
            "dev_nll": 2.0868523120880127,
            "dev_kl": 0.059096366530284286,
            "dev_objective": 2.145948678618297
          },
          {
            "epoch": 291,
            "train_objective": 2.0444304943084717,
            "dev_nll": 2.086617946624756,
            "dev_kl": 0.05920563580002636,
            "dev_objective": 2.145823582424782
          },
          {
            "epoch": 292,
            "train_objective": 2.0443811416625977,
            "dev_nll": 2.08638596534729,
            "dev_kl": 0.05931412945035845,
            "dev_objective": 2.1457000947976486
          },
          {
            "epoch": 293,
            "train_objective": 2.044332265853882,
            "dev_nll": 2.086155891418457,
            "dev_kl": 0.059421828952617946,
            "dev_objective": 2.145577720371075
          },
          {
            "epoch": 294,
            "train_objective": 2.044283866882324,
            "dev_nll": 2.085927724838257,
            "dev_kl": 0.059528761408291754,
            "dev_objective": 2.1454564862465486
          },
          {
            "epoch": 295,
            "train_objective": 2.0442357063293457,
            "dev_nll": 2.0857019424438477,
            "dev_kl": 0.05963490750640631,
            "dev_objective": 2.145336849950254
          },
          {
            "epoch": 296,
            "train_objective": 2.0441884994506836,
            "dev_nll": 2.0854780673980713,
            "dev_kl": 0.05974035952240229,
            "dev_objective": 2.1452184269204735
          },
          {
            "epoch": 297,
            "train_objective": 2.0441417694091797,
            "dev_nll": 2.0852560997009277,
            "dev_kl": 0.05984501988627017,
            "dev_objective": 2.145101119587198
          },
          {
            "epoch": 298,
            "train_objective": 2.044095516204834,
            "dev_nll": 2.085036277770996,
            "dev_kl": 0.059948944142088297,
            "dev_objective": 2.1449852219130845
          },
          {
            "epoch": 299,
            "train_objective": 2.0440492630004883,
            "dev_nll": 2.084818124771118,
            "dev_kl": 0.06005210879258811,
            "dev_objective": 2.144870233563706
          }
        ]
      },
      {
        "kl_lambda": 3.0,
        "best_dev_nll": 2.1634109020233154,
        "best_dev_kl": 0.017657871736446396,
        "best_dev_objective": 2.2163845172326546,
        "epochs_run": 300,
        "history": [
          {
            "epoch": 0,
            "train_objective": 2.3075780868530273,
            "dev_nll": 2.356503963470459,
            "dev_kl": 0.01634176944033243,
            "dev_objective": 2.4055292717914565
          },
          {
            "epoch": 1,
            "train_objective": 2.4096639156341553,
            "dev_nll": 2.30684232711792,
            "dev_kl": 0.0027807285789458545,
            "dev_objective": 2.3151845128547577
          },
          {
            "epoch": 2,
            "train_objective": 2.3018693923950195,
            "dev_nll": 2.2927794456481934,
            "dev_kl": 0.025383889204385925,
            "dev_objective": 2.3689311132613513
          },
          {
            "epoch": 3,
            "train_objective": 2.311945915222168,
            "dev_nll": 2.293937921524048,
            "dev_kl": 0.041579554956406355,
            "dev_objective": 2.418676586393267
          },
          {
            "epoch": 4,
            "train_objective": 2.33811354637146,
            "dev_nll": 2.28706693649292,
            "dev_kl": 0.03282195436593611,
            "dev_objective": 2.3855327995907283
          },
          {
            "epoch": 5,
            "train_objective": 2.3163130283355713,
            "dev_nll": 2.280813694000244,
            "dev_kl": 0.015371213809266919,
            "dev_objective": 2.326927335428045
          },
          {
            "epoch": 6,
            "train_objective": 2.281458616256714,
            "dev_nll": 2.284227132797241,
            "dev_kl": 0.00458882097620517,
            "dev_objective": 2.2979935957258566
          },
          {
            "epoch": 7,
            "train_objective": 2.2690391540527344,
            "dev_nll": 2.29384183883667,
            "dev_kl": 0.003860433743102476,
            "dev_objective": 2.3054231400659773
          },
          {
            "epoch": 8,
            "train_objective": 2.2815802097320557,
            "dev_nll": 2.297464370727539,
            "dev_kl": 0.005495671832759399,
            "dev_objective": 2.3139513862258174
          },
          {
            "epoch": 9,
            "train_objective": 2.289172887802124,
            "dev_nll": 2.2908129692077637,
            "dev_kl": 0.005011738285975298,
            "dev_objective": 2.3058481840656895
          },
          {
            "epoch": 10,
            "train_objective": 2.278177261352539,
            "dev_nll": 2.278980255126953,
            "dev_kl": 0.004662995581747964,
            "dev_objective": 2.292969241872197
          },
          {
            "epoch": 11,
            "train_objective": 2.2610995769500732,
            "dev_nll": 2.2686939239501953,
            "dev_kl": 0.0076513739276560955,
            "dev_objective": 2.2916480457331634
          },
          {
            "epoch": 12,
            "train_objective": 2.253201484680176,
            "dev_nll": 2.2628493309020996,
            "dev_kl": 0.013471640992793254,
            "dev_objective": 2.3032642538804793
          },
          {
            "epoch": 13,
            "train_objective": 2.256049633026123,
            "dev_nll": 2.26008677482605,
            "dev_kl": 0.0184286268777214,
            "dev_objective": 2.315372655459214
          },
          {
            "epoch": 14,
            "train_objective": 2.260864734649658,
            "dev_nll": 2.2582225799560547,
            "dev_kl": 0.019575007595703936,
            "dev_objective": 2.3169476027431664
          },
          {
            "epoch": 15,
            "train_objective": 2.260310173034668,
            "dev_nll": 2.2567598819732666,
            "dev_kl": 0.016877353026065977,
            "dev_objective": 2.3073919410514647
          },
          {
            "epoch": 16,
            "train_objective": 2.2538139820098877,
            "dev_nll": 2.2566635608673096,
            "dev_kl": 0.012502878794912249,
            "dev_objective": 2.2941721972520464
          },
          {
            "epoch": 17,
            "train_objective": 2.2458035945892334,
            "dev_nll": 2.258753776550293,
            "dev_kl": 0.00892925329564605,
            "dev_objective": 2.285541536437231
          },
          {
            "epoch": 18,
            "train_objective": 2.2412288188934326,
            "dev_nll": 2.2623093128204346,
            "dev_kl": 0.00730745805602055,
            "dev_objective": 2.2842316869884964
          },
          {
            "epoch": 19,
            "train_objective": 2.2415215969085693,
            "dev_nll": 2.265113115310669,
            "dev_kl": 0.007091062157414853,
            "dev_objective": 2.2863863017829136
          },
          {
            "epoch": 20,
            "train_objective": 2.2435250282287598,
            "dev_nll": 2.265105962753296,
            "dev_kl": 0.0071720855875173585,
            "dev_objective": 2.286622219515848
          },
          {
            "epoch": 21,
            "train_objective": 2.242950916290283,
            "dev_nll": 2.261986255645752,
            "dev_kl": 0.007190781715908087,
            "dev_objective": 2.283558600793476
          },
          {
            "epoch": 22,
            "train_objective": 2.2388229370117188,
            "dev_nll": 2.257171869277954,
            "dev_kl": 0.007647848483757116,
            "dev_objective": 2.2801154147292255
          },
          {
            "epoch": 23,
            "train_objective": 2.233767032623291,
            "dev_nll": 2.2525298595428467,
            "dev_kl": 0.009035977310850285,
            "dev_objective": 2.2796377914753974
          },
          {
            "epoch": 24,
            "train_objective": 2.2307112216949463,
            "dev_nll": 2.249182939529419,
            "dev_kl": 0.011071181499864906,
            "dev_objective": 2.2823964840290136
          },
          {
            "epoch": 25,
            "train_objective": 2.230172634124756,
            "dev_nll": 2.2472407817840576,
            "dev_kl": 0.012781228859676048,
            "dev_objective": 2.2855844683630857
          },
          {
            "epoch": 26,
            "train_objective": 2.230436325073242,
            "dev_nll": 2.2463464736938477,
            "dev_kl": 0.013261930186999962,
            "dev_objective": 2.2861322642548476
          },
          {
            "epoch": 27,
            "train_objective": 2.229550361633301,
            "dev_nll": 2.246291160583496,
            "dev_kl": 0.012323242308339104,
            "dev_objective": 2.283260887508513
          },
          {
            "epoch": 28,
            "train_objective": 2.226956844329834,
            "dev_nll": 2.247140407562256,
            "dev_kl": 0.010533669086871669,
            "dev_objective": 2.278741414822871
          },
          {
            "epoch": 29,
            "train_objective": 2.2236568927764893,
            "dev_nll": 2.2488980293273926,
            "dev_kl": 0.008752188702346756,
            "dev_objective": 2.275154595434433
          },
          {
            "epoch": 30,
            "train_objective": 2.2211527824401855,
            "dev_nll": 2.251108407974243,
            "dev_kl": 0.007558505327324383,
            "dev_objective": 2.2737839239562163
          },
          {
            "epoch": 31,
            "train_objective": 2.2200987339019775,
            "dev_nll": 2.252859115600586,
            "dev_kl": 0.007007857873686589,
            "dev_objective": 2.2738826892216455
          },
          {
            "epoch": 32,
            "train_objective": 2.219757556915283,
            "dev_nll": 2.2532825469970703,
            "dev_kl": 0.006857088895048946,
            "dev_objective": 2.273853813682217
          },
          {
            "epoch": 33,
            "train_objective": 2.2188284397125244,
            "dev_nll": 2.25213885307312,
            "dev_kl": 0.006956669771461747,
            "dev_objective": 2.2730088623875053
          },
          {
            "epoch": 34,
            "train_objective": 2.2168209552764893,
            "dev_nll": 2.2499289512634277,
            "dev_kl": 0.007370562762371264,
            "dev_objective": 2.2720406395505415
          },
          {
            "epoch": 35,
            "train_objective": 2.2144322395324707,
            "dev_nll": 2.2474920749664307,
            "dev_kl": 0.00815453139017336,
            "dev_objective": 2.271955669136951
          },
          {
            "epoch": 36,
            "train_objective": 2.212641477584839,
            "dev_nll": 2.245495557785034,
            "dev_kl": 0.009110605767928064,
            "dev_objective": 2.272827375088818
          },
          {
            "epoch": 37,
            "train_objective": 2.2116875648498535,
            "dev_nll": 2.244224786758423,
            "dev_kl": 0.009824484427226707,
            "dev_objective": 2.273698240040103
          },
          {
            "epoch": 38,
            "train_objective": 2.210984945297241,
            "dev_nll": 2.243701696395874,
            "dev_kl": 0.009954425003379584,
            "dev_objective": 2.273564971406013
          },
          {
            "epoch": 39,
            "train_objective": 2.2098445892333984,
            "dev_nll": 2.2438788414001465,
            "dev_kl": 0.009481242276378907,
            "dev_objective": 2.272322568229283
          },
          {
            "epoch": 40,
            "train_objective": 2.2081363201141357,
            "dev_nll": 2.2446675300598145,
            "dev_kl": 0.008698443620814941,
            "dev_objective": 2.270762860922259
          },
          {
            "epoch": 41,
            "train_objective": 2.206322431564331,
            "dev_nll": 2.2458176612854004,
            "dev_kl": 0.007979084245162084,
            "dev_objective": 2.269754914020887
          },
          {
            "epoch": 42,
            "train_objective": 2.204926013946533,
            "dev_nll": 2.2468557357788086,
            "dev_kl": 0.007537882958422415,
            "dev_objective": 2.2694693846540757
          },
          {
            "epoch": 43,
            "train_objective": 2.2039942741394043,
            "dev_nll": 2.247241258621216,
            "dev_kl": 0.007382601201534271,
            "dev_objective": 2.2693890622258186
          },
          {
            "epoch": 44,
            "train_objective": 2.2030999660491943,
            "dev_nll": 2.2466704845428467,
            "dev_kl": 0.007443537748185918,
            "dev_objective": 2.269001097787404
          },
          {
            "epoch": 45,
            "train_objective": 2.201859712600708,
            "dev_nll": 2.245260238647461,
            "dev_kl": 0.007692707583773881,
            "dev_objective": 2.2683383613987824
          },
          {
            "epoch": 46,
            "train_objective": 2.2003531455993652,
            "dev_nll": 2.243452548980713,
            "dev_kl": 0.008119237675564363,
            "dev_objective": 2.267810262007406
          },
          {
            "epoch": 47,
            "train_objective": 2.198958396911621,
            "dev_nll": 2.2417452335357666,
            "dev_kl": 0.008630357303190976,
            "dev_objective": 2.2676363054453397
          },
          {
            "epoch": 48,
            "train_objective": 2.197888135910034,
            "dev_nll": 2.2404792308807373,
            "dev_kl": 0.00903708083089441,
            "dev_objective": 2.2675904733734207
          },
          {
            "epoch": 49,
            "train_objective": 2.196985960006714,
            "dev_nll": 2.2397966384887695,
            "dev_kl": 0.009167521692579611,
            "dev_objective": 2.2672992035665085
          },
          {
            "epoch": 50,
            "train_objective": 2.19596266746521,
            "dev_nll": 2.2396962642669678,
            "dev_kl": 0.008993674434022977,
            "dev_objective": 2.2666772875690366
          },
          {
            "epoch": 51,
            "train_objective": 2.194730281829834,
            "dev_nll": 2.2400574684143066,
            "dev_kl": 0.00864418753539212,
            "dev_objective": 2.265990031020483
          },
          {
            "epoch": 52,
            "train_objective": 2.193463087081909,
            "dev_nll": 2.240628242492676,
            "dev_kl": 0.008299514602986164,
            "dev_objective": 2.2655267863016344
          },
          {
            "epoch": 53,
            "train_objective": 2.1923670768737793,
            "dev_nll": 2.241053581237793,
            "dev_kl": 0.008076782518182881,
            "dev_objective": 2.2652839287923414
          },
          {
            "epoch": 54,
            "train_objective": 2.191443681716919,
            "dev_nll": 2.241004467010498,
            "dev_kl": 0.00800222143123392,
            "dev_objective": 2.2650111313042
          },
          {
            "epoch": 55,
            "train_objective": 2.190514326095581,
            "dev_nll": 2.240347146987915,
            "dev_kl": 0.008060862887650727,
            "dev_objective": 2.2645297356508673
          },
          {
            "epoch": 56,
            "train_objective": 2.1894571781158447,
            "dev_nll": 2.2392091751098633,
            "dev_kl": 0.008235236239852384,
            "dev_objective": 2.2639148838294205
          },
          {
            "epoch": 57,
            "train_objective": 2.188344955444336,
            "dev_nll": 2.2378933429718018,
            "dev_kl": 0.008487692454946228,
            "dev_objective": 2.2633564203366405
          },
          {
            "epoch": 58,
            "train_objective": 2.1873257160186768,
            "dev_nll": 2.23671555519104,
            "dev_kl": 0.008733820070046932,
            "dev_objective": 2.2629170154011806
          },
          {
            "epoch": 59,
            "train_objective": 2.186434268951416,
            "dev_nll": 2.235886573791504,
            "dev_kl": 0.008869148896774277,
            "dev_objective": 2.2624940204818267
          },
          {
            "epoch": 60,
            "train_objective": 2.1855690479278564,
            "dev_nll": 2.2354812622070312,
            "dev_kl": 0.008837551219039596,
            "dev_objective": 2.26199391586415
          },
          {
            "epoch": 61,
            "train_objective": 2.184638738632202,
            "dev_nll": 2.2354493141174316,
            "dev_kl": 0.008671363116591238,
            "dev_objective": 2.2614634034672054
          },
          {
            "epoch": 62,
            "train_objective": 2.183668613433838,
            "dev_nll": 2.235628843307495,
            "dev_kl": 0.008463047061813994,
            "dev_objective": 2.2610179844929372
          },
          {
            "epoch": 63,
            "train_objective": 2.1827518939971924,
            "dev_nll": 2.2357802391052246,
            "dev_kl": 0.008300659780506975,
            "dev_objective": 2.2606822184467457
          },
          {
            "epoch": 64,
            "train_objective": 2.1819255352020264,
            "dev_nll": 2.2356672286987305,
            "dev_kl": 0.008228356015169993,
            "dev_objective": 2.2603522967442404
          },
          {
            "epoch": 65,
            "train_objective": 2.18113112449646,
            "dev_nll": 2.235166311264038,
            "dev_kl": 0.008252513968618586,
            "dev_objective": 2.259923853169894
          },
          {
            "epoch": 66,
            "train_objective": 2.1803035736083984,
            "dev_nll": 2.234325647354126,
            "dev_kl": 0.008360747604165226,
            "dev_objective": 2.2594078901666217
          },
          {
            "epoch": 67,
            "train_objective": 2.179455518722534,
            "dev_nll": 2.2333297729492188,
            "dev_kl": 0.008522728560492396,
            "dev_objective": 2.258897958630696
          },
          {
            "epoch": 68,
            "train_objective": 2.1786482334136963,
            "dev_nll": 2.232400894165039,
            "dev_kl": 0.008684817579924129,
            "dev_objective": 2.2584553469048116
          },
          {
            "epoch": 69,
            "train_objective": 2.177902936935425,
            "dev_nll": 2.2317051887512207,
            "dev_kl": 0.008786779398215004,
            "dev_objective": 2.258065526945866
          },
          {
            "epoch": 70,
            "train_objective": 2.1771810054779053,
            "dev_nll": 2.2313077449798584,
            "dev_kl": 0.008797858163597993,
            "dev_objective": 2.2577013194706526
          },
          {
            "epoch": 71,
            "train_objective": 2.1764421463012695,
            "dev_nll": 2.2311644554138184,
            "dev_kl": 0.00873716829577461,
            "dev_objective": 2.2573759603011423
          },
          {
            "epoch": 72,
            "train_objective": 2.17569899559021,
            "dev_nll": 2.231140375137329,
            "dev_kl": 0.008657056919764728,
            "dev_objective": 2.257111545896623
          },
          {
            "epoch": 73,
            "train_objective": 2.174989938735962,
            "dev_nll": 2.2310526371002197,
            "dev_kl": 0.008607610902399756,
            "dev_objective": 2.256875469807419
          },
          {
            "epoch": 74,
            "train_objective": 2.174325942993164,
            "dev_nll": 2.2307448387145996,
            "dev_kl": 0.008614715643343516,
            "dev_objective": 2.25658898564463
          },
          {
            "epoch": 75,
            "train_objective": 2.173677444458008,
            "dev_nll": 2.2301573753356934,
            "dev_kl": 0.008681084893760271,
            "dev_objective": 2.2562006300169744
          },
          {
            "epoch": 76,
            "train_objective": 2.173022508621216,
            "dev_nll": 2.229355812072754,
            "dev_kl": 0.008793276256765238,
            "dev_objective": 2.25573564084305
          },
          {
            "epoch": 77,
            "train_objective": 2.172375440597534,
            "dev_nll": 2.228489637374878,
            "dev_kl": 0.008923599143745378,
            "dev_objective": 2.255260434806114
          },
          {
            "epoch": 78,
            "train_objective": 2.1717612743377686,
            "dev_nll": 2.2277159690856934,
            "dev_kl": 0.009035177832702175,
            "dev_objective": 2.2548215025838
          },
          {
            "epoch": 79,
            "train_objective": 2.1711771488189697,
            "dev_nll": 2.227137565612793,
            "dev_kl": 0.009099167912499978,
            "dev_objective": 2.254435069350293
          },
          {
            "epoch": 80,
            "train_objective": 2.1706018447875977,
            "dev_nll": 2.2267675399780273,
            "dev_kl": 0.009112660930259153,
            "dev_objective": 2.2541055227688047
          },
          {
            "epoch": 81,
            "train_objective": 2.170027256011963,
            "dev_nll": 2.226533889770508,
            "dev_kl": 0.009099406020832248,
            "dev_objective": 2.2538321078330044
          },
          {
            "epoch": 82,
            "train_objective": 2.169468641281128,
            "dev_nll": 2.2263100147247314,
            "dev_kl": 0.009092067600577139,
            "dev_objective": 2.253586217526463
          },
          {
            "epoch": 83,
            "train_objective": 2.1689374446868896,
            "dev_nll": 2.2259671688079834,
            "dev_kl": 0.009113772641285323,
            "dev_objective": 2.2533084867318394
          },
          {
            "epoch": 84,
            "train_objective": 2.168424606323242,
            "dev_nll": 2.225436210632324,
            "dev_kl": 0.009171935535268858,
            "dev_objective": 2.252952017238131
          },
          {
            "epoch": 85,
            "train_objective": 2.1679179668426514,
            "dev_nll": 2.224740982055664,
            "dev_kl": 0.009260668547940441,
            "dev_objective": 2.2525229876994852
          },
          {
            "epoch": 86,
            "train_objective": 2.1674187183380127,
            "dev_nll": 2.223978042602539,
            "dev_kl": 0.009363558375043794,
            "dev_objective": 2.2520687177276706
          },
          {
            "epoch": 87,
            "train_objective": 2.166937828063965,
            "dev_nll": 2.2232658863067627,
            "dev_kl": 0.009458053027628921,
            "dev_objective": 2.2516400453896495
          },
          {
            "epoch": 88,
            "train_objective": 2.1664774417877197,
            "dev_nll": 2.2226881980895996,
            "dev_kl": 0.00952584697981365,
            "dev_objective": 2.2512657390290407
          },
          {
            "epoch": 89,
            "train_objective": 2.166027069091797,
            "dev_nll": 2.2222602367401123,
            "dev_kl": 0.009563913837773726,
            "dev_objective": 2.2509519782534335
          },
          {
            "epoch": 90,
            "train_objective": 2.1655831336975098,
            "dev_nll": 2.2219269275665283,
            "dev_kl": 0.00958575720374938,
            "dev_objective": 2.2506841991777766
          },
          {
            "epoch": 91,
            "train_objective": 2.165151357650757,
            "dev_nll": 2.2215917110443115,
            "dev_kl": 0.009611307181767188,
            "dev_objective": 2.250425632589613
          },
          {
            "epoch": 92,
            "train_objective": 2.164736270904541,
            "dev_nll": 2.2211616039276123,
            "dev_kl": 0.009655422233045101,
            "dev_objective": 2.2501278706267476
          },
          {
            "epoch": 93,
            "train_objective": 2.164334535598755,
            "dev_nll": 2.220593214035034,
            "dev_kl": 0.009722809444065205,
            "dev_objective": 2.24976164236723
          },
          {
            "epoch": 94,
            "train_objective": 2.1639394760131836,
            "dev_nll": 2.2199132442474365,
            "dev_kl": 0.009808728193165734,
            "dev_objective": 2.249339428826934
          },
          {
            "epoch": 95,
            "train_objective": 2.163553237915039,
            "dev_nll": 2.2192015647888184,
            "dev_kl": 0.00990123651281465,
            "dev_objective": 2.2489052743272624
          },
          {
            "epoch": 96,
            "train_objective": 2.1631805896759033,
            "dev_nll": 2.2185442447662354,
            "dev_kl": 0.009985875053098425,
            "dev_objective": 2.248501869925531
          },
          {
            "epoch": 97,
            "train_objective": 2.1628198623657227,
            "dev_nll": 2.2179934978485107,
            "dev_kl": 0.010053450777777471,
            "dev_objective": 2.248153850181843
          },
          {
            "epoch": 98,
            "train_objective": 2.1624672412872314,
            "dev_nll": 2.217543601989746,
            "dev_kl": 0.010105540819931775,
            "dev_objective": 2.2478602244495414
          },
          {
            "epoch": 99,
            "train_objective": 2.1621220111846924,
            "dev_nll": 2.217139482498169,
            "dev_kl": 0.010152630074881017,
            "dev_objective": 2.247597372722812
          },
          {
            "epoch": 100,
            "train_objective": 2.161787271499634,
            "dev_nll": 2.216705799102783,
            "dev_kl": 0.010206623959820717,
            "dev_objective": 2.2473256709822453
          },
          {
            "epoch": 101,
            "train_objective": 2.161463499069214,
            "dev_nll": 2.2161858081817627,
            "dev_kl": 0.01027449193643406,
            "dev_objective": 2.2470092839910647
          },
          {
            "epoch": 102,
            "train_objective": 2.1611478328704834,
            "dev_nll": 2.2155725955963135,
            "dev_kl": 0.010356134726316668,
            "dev_objective": 2.2466409997752637
          },
          {
            "epoch": 103,
            "train_objective": 2.1608378887176514,
            "dev_nll": 2.2149083614349365,
            "dev_kl": 0.010445295206736774,
            "dev_objective": 2.246244247055147
          },
          {
            "epoch": 104,
            "train_objective": 2.1605374813079834,
            "dev_nll": 2.214259386062622,
            "dev_kl": 0.01053257356514223,
            "dev_objective": 2.2458571067580486
          },
          {
            "epoch": 105,
            "train_objective": 2.160245895385742,
            "dev_nll": 2.2136783599853516,
            "dev_kl": 0.01061004951770883,
            "dev_objective": 2.245508508538478
          },
          {
            "epoch": 106,
            "train_objective": 2.159961700439453,
            "dev_nll": 2.213176965713501,
            "dev_kl": 0.010675989634473809,
            "dev_objective": 2.2452049346169223
          },
          {
            "epoch": 107,
            "train_objective": 2.1596837043762207,
            "dev_nll": 2.2127249240875244,
            "dev_kl": 0.010735477148555219,
            "dev_objective": 2.2449313555331902
          },
          {
            "epoch": 108,
            "train_objective": 2.1594128608703613,
            "dev_nll": 2.212266683578491,
            "dev_kl": 0.010796399195678532,
            "dev_objective": 2.2446558811655266
          },
          {
            "epoch": 109,
            "train_objective": 2.1591498851776123,
            "dev_nll": 2.2117552757263184,
            "dev_kl": 0.0108645770594012,
            "dev_objective": 2.244349006904522
          },
          {
            "epoch": 110,
            "train_objective": 2.158893346786499,
            "dev_nll": 2.211177110671997,
            "dev_kl": 0.010941130825085566,
            "dev_objective": 2.244000503147254
          },
          {
            "epoch": 111,
            "train_objective": 2.1586427688598633,
            "dev_nll": 2.210557460784912,
            "dev_kl": 0.011022724924841895,
            "dev_objective": 2.2436256355594377
          },
          {
            "epoch": 112,
            "train_objective": 2.158398151397705,
            "dev_nll": 2.2099449634552,
            "dev_kl": 0.011103333621285856,
            "dev_objective": 2.243254964319058
          },
          {
            "epoch": 113,
            "train_objective": 2.158160448074341,
            "dev_nll": 2.209381103515625,
            "dev_kl": 0.011177633312763646,
            "dev_objective": 2.242914003453916
          },
          {
            "epoch": 114,
            "train_objective": 2.157928228378296,
            "dev_nll": 2.2088773250579834,
            "dev_kl": 0.011244224132969976,
            "dev_objective": 2.2426099974568934
          },
          {
            "epoch": 115,
            "train_objective": 2.1577014923095703,
            "dev_nll": 2.2084107398986816,
            "dev_kl": 0.011306328309001402,
            "dev_objective": 2.242329724825686
          },
          {
            "epoch": 116,
            "train_objective": 2.157480239868164,
            "dev_nll": 2.2079405784606934,
            "dev_kl": 0.011369169363752008,
            "dev_objective": 2.242048086551949
          },
          {
            "epoch": 117,
            "train_objective": 2.1572647094726562,
            "dev_nll": 2.207430839538574,
            "dev_kl": 0.011436682548373938,
            "dev_objective": 2.241740887183696
          },
          {
            "epoch": 118,
            "train_objective": 2.1570544242858887,
            "dev_nll": 2.206873655319214,
            "dev_kl": 0.011509609465720131,
            "dev_objective": 2.2414024837163744
          },
          {
            "epoch": 119,
            "train_objective": 2.156848669052124,
            "dev_nll": 2.206289052963257,
            "dev_kl": 0.011585540628293528,
            "dev_objective": 2.2410456748481375
          },
          {
            "epoch": 120,
            "train_objective": 2.1566481590270996,
            "dev_nll": 2.205714225769043,
            "dev_kl": 0.01166034206864424,
            "dev_objective": 2.2406952519749757
          },
          {
            "epoch": 121,
            "train_objective": 2.1564524173736572,
            "dev_nll": 2.205177068710327,
            "dev_kl": 0.011730788906570524,
            "dev_objective": 2.2403694354300385
          },
          {
            "epoch": 122,
            "train_objective": 2.1562612056732178,
            "dev_nll": 2.204680919647217,
            "dev_kl": 0.011796600125962868,
            "dev_objective": 2.2400707200251055
          },
          {
            "epoch": 123,
            "train_objective": 2.1560747623443604,
            "dev_nll": 2.2042057514190674,
            "dev_kl": 0.011860364191234112,
            "dev_objective": 2.2397868439927695
          },
          {
            "epoch": 124,
            "train_objective": 2.1558923721313477,
            "dev_nll": 2.2037200927734375,
            "dev_kl": 0.01192557071801275,
            "dev_objective": 2.2394968049274757
          },
          {
            "epoch": 125,
            "train_objective": 2.155714988708496,
            "dev_nll": 2.203202247619629,
            "dev_kl": 0.011994477907428518,
            "dev_objective": 2.2391856813419144
          },
          {
            "epoch": 126,
            "train_objective": 2.155541181564331,
            "dev_nll": 2.2026538848876953,
            "dev_kl": 0.01206678817863576,
            "dev_objective": 2.2388542494236026
          },
          {
            "epoch": 127,
            "train_objective": 2.1553711891174316,
            "dev_nll": 2.2020959854125977,
            "dev_kl": 0.012140251258388161,
            "dev_objective": 2.2385167391877623
          },
          {
            "epoch": 128,
            "train_objective": 2.155205488204956,
            "dev_nll": 2.201555013656616,
            "dev_kl": 0.012211971805663779,
            "dev_objective": 2.2381909290736077
          },
          {
            "epoch": 129,
            "train_objective": 2.1550440788269043,
            "dev_nll": 2.2010462284088135,
            "dev_kl": 0.012280353896785527,
            "dev_objective": 2.23788729009917
          },
          {
            "epoch": 130,
            "train_objective": 2.154886245727539,
            "dev_nll": 2.200563907623291,
            "dev_kl": 0.0123460161651019,
            "dev_objective": 2.237601956118597
          },
          {
            "epoch": 131,
            "train_objective": 2.1547317504882812,
            "dev_nll": 2.200087547302246,
            "dev_kl": 0.012411160568008199,
            "dev_objective": 2.237321029006271
          },
          {
            "epoch": 132,
            "train_objective": 2.154581308364868,
            "dev_nll": 2.1995949745178223,
            "dev_kl": 0.01247790539637208,
            "dev_objective": 2.2370286907069383
          },
          {
            "epoch": 133,
            "train_objective": 2.1544342041015625,
            "dev_nll": 2.1990790367126465,
            "dev_kl": 0.012546978630125523,
            "dev_objective": 2.236719972603023
          },
          {
            "epoch": 134,
            "train_objective": 2.1542904376983643,
            "dev_nll": 2.198549270629883,
            "dev_kl": 0.012617312725633384,
            "dev_objective": 2.236401208806783
          },
          {
            "epoch": 135,
            "train_objective": 2.1541502475738525,
            "dev_nll": 2.1980254650115967,
            "dev_kl": 0.012686930090421811,
            "dev_objective": 2.236086255282862
          },
          {
            "epoch": 136,
            "train_objective": 2.154013156890869,
            "dev_nll": 2.197524070739746,
            "dev_kl": 0.01275419518351555,
            "dev_objective": 2.235786656290293
          },
          {
            "epoch": 137,
            "train_objective": 2.1538796424865723,
            "dev_nll": 2.1970467567443848,
            "dev_kl": 0.01281891698949039,
            "dev_objective": 2.2355035077128558
          },
          {
            "epoch": 138,
            "train_objective": 2.1537489891052246,
            "dev_nll": 2.1965816020965576,
            "dev_kl": 0.012882410197053105,
            "dev_objective": 2.2352288326877168
          },
          {
            "epoch": 139,
            "train_objective": 2.1536216735839844,
            "dev_nll": 2.1961112022399902,
            "dev_kl": 0.012946354373125359,
            "dev_objective": 2.2349502653593665
          },
          {
            "epoch": 140,
            "train_objective": 2.1534972190856934,
            "dev_nll": 2.195626735687256,
            "dev_kl": 0.013011689792620018,
            "dev_objective": 2.234661805065116
          },
          {
            "epoch": 141,
            "train_objective": 2.1533756256103516,
            "dev_nll": 2.1951308250427246,
            "dev_kl": 0.013078071553027258,
            "dev_objective": 2.234365039701806
          },
          {
            "epoch": 142,
            "train_objective": 2.153257369995117,
            "dev_nll": 2.1946380138397217,
            "dev_kl": 0.013144150990992785,
            "dev_objective": 2.2340704668127
          },
          {
            "epoch": 143,
            "train_objective": 2.153141736984253,
            "dev_nll": 2.1941611766815186,
            "dev_kl": 0.01320863320142962,
            "dev_objective": 2.2337870762858074
          },
          {
            "epoch": 144,
            "train_objective": 2.153028964996338,
            "dev_nll": 2.1937038898468018,
            "dev_kl": 0.013271124880993738,
            "dev_objective": 2.233517264489783
          },
          {
            "epoch": 145,
            "train_objective": 2.1529183387756348,
            "dev_nll": 2.1932592391967773,
            "dev_kl": 0.013332403134554624,
            "dev_objective": 2.233256448600441
          },
          {
            "epoch": 146,
            "train_objective": 2.152811050415039,
            "dev_nll": 2.192814350128174,
            "dev_kl": 0.013393693562829868,
            "dev_objective": 2.2329954308166635
          },
          {
            "epoch": 147,
            "train_objective": 2.1527059078216553,
            "dev_nll": 2.1923601627349854,
            "dev_kl": 0.013455829340964556,
            "dev_objective": 2.232727650757879
          },
          {
            "epoch": 148,
            "train_objective": 2.1526033878326416,
            "dev_nll": 2.1918985843658447,
            "dev_kl": 0.013518688809126616,
            "dev_objective": 2.2324546507932244
          },
          {
            "epoch": 149,
            "train_objective": 2.152503252029419,
            "dev_nll": 2.191439628601074,
            "dev_kl": 0.013581322283716873,
            "dev_objective": 2.232183595452225
          },
          {
            "epoch": 150,
            "train_objective": 2.1524059772491455,
            "dev_nll": 2.190992593765259,
            "dev_kl": 0.013642751701408997,
            "dev_objective": 2.231920848869486
          },
          {
            "epoch": 151,
            "train_objective": 2.152310371398926,
            "dev_nll": 2.1905617713928223,
            "dev_kl": 0.01370263914577663,
            "dev_objective": 2.231669688830152
          },
          {
            "epoch": 152,
            "train_objective": 2.1522178649902344,
            "dev_nll": 2.1901419162750244,
            "dev_kl": 0.013761496028164401,
            "dev_objective": 2.231426404359518
          },
          {
            "epoch": 153,
            "train_objective": 2.1521270275115967,
            "dev_nll": 2.189723253250122,
            "dev_kl": 0.013820263793459162,
            "dev_objective": 2.2311840446304996
          },
          {
            "epoch": 154,
            "train_objective": 2.15203857421875,
            "dev_nll": 2.1892995834350586,
            "dev_kl": 0.013879513532156124,
            "dev_objective": 2.230938124031527
          },
          {
            "epoch": 155,
            "train_objective": 2.1519522666931152,
            "dev_nll": 2.1888720989227295,
            "dev_kl": 0.01393911161692813,
            "dev_objective": 2.230689433773514
          },
          {
            "epoch": 156,
            "train_objective": 2.1518678665161133,
            "dev_nll": 2.188448667526245,
            "dev_kl": 0.013998336797812953,
            "dev_objective": 2.230443677919684
          },
          {
            "epoch": 157,
            "train_objective": 2.1517858505249023,
            "dev_nll": 2.1880364418029785,
            "dev_kl": 0.014056459099519998,
            "dev_objective": 2.2302058191015384
          },
          {
            "epoch": 158,
            "train_objective": 2.151705503463745,
            "dev_nll": 2.1876373291015625,
            "dev_kl": 0.014113242616876959,
            "dev_objective": 2.2299770569521935
          },
          {
            "epoch": 159,
            "train_objective": 2.1516273021698,
            "dev_nll": 2.187246799468994,
            "dev_kl": 0.014169155748095363,
            "dev_objective": 2.22975426671328
          },
          {
            "epoch": 160,
            "train_objective": 2.151550531387329,
            "dev_nll": 2.1868574619293213,
            "dev_kl": 0.014224831691244617,
            "dev_objective": 2.229531957003055
          },
          {
            "epoch": 161,
            "train_objective": 2.1514763832092285,
            "dev_nll": 2.1864659786224365,
            "dev_kl": 0.014280664841644466,
            "dev_objective": 2.2293079731473697
          },
          {
            "epoch": 162,
            "train_objective": 2.1514034271240234,
            "dev_nll": 2.1860735416412354,
            "dev_kl": 0.01433646020363085,
            "dev_objective": 2.229082922252128
          },
          {
            "epoch": 163,
            "train_objective": 2.151332378387451,
            "dev_nll": 2.185687303543091,
            "dev_kl": 0.01439162808121182,
            "dev_objective": 2.228862187786726
          },
          {
            "epoch": 164,
            "train_objective": 2.1512627601623535,
            "dev_nll": 2.1853110790252686,
            "dev_kl": 0.014445664884988219,
            "dev_objective": 2.228648073680233
          },
          {
            "epoch": 165,
            "train_objective": 2.1511948108673096,
            "dev_nll": 2.184945583343506,
            "dev_kl": 0.014498576038749888,
            "dev_objective": 2.2284413114597554
          },
          {
            "epoch": 166,
            "train_objective": 2.1511290073394775,
            "dev_nll": 2.184586524963379,
            "dev_kl": 0.014550756994867697,
            "dev_objective": 2.228238795947982
          },
          {
            "epoch": 167,
            "train_objective": 2.151064157485962,
            "dev_nll": 2.1842286586761475,
            "dev_kl": 0.014602704149438069,
            "dev_objective": 2.2280367711244615
          },
          {
            "epoch": 168,
            "train_objective": 2.151001214981079,
            "dev_nll": 2.183870792388916,
            "dev_kl": 0.01465459770290181,
            "dev_objective": 2.2278345854976216
          },
          {
            "epoch": 169,
            "train_objective": 2.150939464569092,
            "dev_nll": 2.1835150718688965,
            "dev_kl": 0.014706159445922821,
            "dev_objective": 2.227633550206665
          },
          {
            "epoch": 170,
            "train_objective": 2.150879383087158,
            "dev_nll": 2.18316650390625,
            "dev_kl": 0.014756908995332196,
            "dev_objective": 2.2274372308922468
          },
          {
            "epoch": 171,
            "train_objective": 2.150820255279541,
            "dev_nll": 2.1828274726867676,
            "dev_kl": 0.014806607782375067,
            "dev_objective": 2.2272472960338927
          },
          {
            "epoch": 172,
            "train_objective": 2.1507630348205566,
            "dev_nll": 2.1824967861175537,
            "dev_kl": 0.01485536920838058,
            "dev_objective": 2.2270628937426955
          },
          {
            "epoch": 173,
            "train_objective": 2.1507067680358887,
            "dev_nll": 2.1821701526641846,
            "dev_kl": 0.014903542440151796,
            "dev_objective": 2.22688077998464
          },
          {
            "epoch": 174,
            "train_objective": 2.150651693344116,
            "dev_nll": 2.181845188140869,
            "dev_kl": 0.014951487119542434,
            "dev_objective": 2.2266996494994964
          },
          {
            "epoch": 175,
            "train_objective": 2.1505980491638184,
            "dev_nll": 2.181521415710449,
            "dev_kl": 0.014999142206506803,
            "dev_objective": 2.2265188423299698
          },
          {
            "epoch": 176,
            "train_objective": 2.150545597076416,
            "dev_nll": 2.1812024116516113,
            "dev_kl": 0.015046236066846177,
            "dev_objective": 2.2263411198521497
          },
          {
            "epoch": 177,
            "train_objective": 2.150493860244751,
            "dev_nll": 2.1808905601501465,
            "dev_kl": 0.015092412552330643,
            "dev_objective": 2.2261677978071384
          },
          {
            "epoch": 178,
            "train_objective": 2.1504437923431396,
            "dev_nll": 2.18058705329895,
            "dev_kl": 0.015137611931422726,
            "dev_objective": 2.2259998890932184
          },
          {
            "epoch": 179,
            "train_objective": 2.1503944396972656,
            "dev_nll": 2.1802892684936523,
            "dev_kl": 0.015182060680817813,
            "dev_objective": 2.2258354505361058
          },
          {
            "epoch": 180,
            "train_objective": 2.150346517562866,
            "dev_nll": 2.179994583129883,
            "dev_kl": 0.01522609090898186,
            "dev_objective": 2.2256728558568284
          },
          {
            "epoch": 181,
            "train_objective": 2.150299549102783,
            "dev_nll": 2.179701566696167,
            "dev_kl": 0.015269774565240368,
            "dev_objective": 2.225510890391888
          },
          {
            "epoch": 182,
            "train_objective": 2.1502530574798584,
            "dev_nll": 2.1794116497039795,
            "dev_kl": 0.015312996522989125,
            "dev_objective": 2.2253506392729467
          },
          {
            "epoch": 183,
            "train_objective": 2.15020751953125,
            "dev_nll": 2.1791276931762695,
            "dev_kl": 0.015355441512074321,
            "dev_objective": 2.2251940177124925
          },
          {
            "epoch": 184,
            "train_objective": 2.150163173675537,
            "dev_nll": 2.1788506507873535,
            "dev_kl": 0.015396987727144732,
            "dev_objective": 2.225041613968788
          },
          {
            "epoch": 185,
            "train_objective": 2.1501200199127197,
            "dev_nll": 2.1785800457000732,
            "dev_kl": 0.015437726404052228,
            "dev_objective": 2.22489322491223
          },
          {
            "epoch": 186,
            "train_objective": 2.1500773429870605,
            "dev_nll": 2.1783127784729004,
            "dev_kl": 0.01547792280325666,
            "dev_objective": 2.2247465468826704
          },
          {
            "epoch": 187,
            "train_objective": 2.1500353813171387,
            "dev_nll": 2.1780474185943604,
            "dev_kl": 0.0155177236138843,
            "dev_objective": 2.2246005894360135
          },
          {
            "epoch": 188,
            "train_objective": 2.1499946117401123,
            "dev_nll": 2.1777851581573486,
            "dev_kl": 0.015557070871582255,
            "dev_objective": 2.2244563707720952
          },
          {
            "epoch": 189,
            "train_objective": 2.149954319000244,
            "dev_nll": 2.17752742767334,
            "dev_kl": 0.015595776863628999,
            "dev_objective": 2.2243147582642266
          },
          {
            "epoch": 190,
            "train_objective": 2.1499149799346924,
            "dev_nll": 2.1772756576538086,
            "dev_kl": 0.015633678697049617,
            "dev_objective": 2.2241766937449574
          },
          {
            "epoch": 191,
            "train_objective": 2.149876117706299,
            "dev_nll": 2.1770293712615967,
            "dev_kl": 0.015670825220877305,
            "dev_objective": 2.2240418469242287
          },
          {
            "epoch": 192,
            "train_objective": 2.1498382091522217,
            "dev_nll": 2.1767868995666504,
            "dev_kl": 0.01570738189155236,
            "dev_objective": 2.2239090452413075
          },
          {
            "epoch": 193,
            "train_objective": 2.1498007774353027,
            "dev_nll": 2.176547050476074,
            "dev_kl": 0.0157435333263129,
            "dev_objective": 2.223777650455013
          },
          {
            "epoch": 194,
            "train_objective": 2.149764060974121,
            "dev_nll": 2.176309585571289,
            "dev_kl": 0.015779244685545563,
            "dev_objective": 2.2236473196279256
          },
          {
            "epoch": 195,
            "train_objective": 2.1497280597686768,
            "dev_nll": 2.1760761737823486,
            "dev_kl": 0.015814389606239276,
            "dev_objective": 2.2235193426010667
          },
          {
            "epoch": 196,
            "train_objective": 2.1496927738189697,
            "dev_nll": 2.1758475303649902,
            "dev_kl": 0.01584884963929653,
            "dev_objective": 2.2233940792828797
          },
          {
            "epoch": 197,
            "train_objective": 2.149657726287842,
            "dev_nll": 2.175623655319214,
            "dev_kl": 0.015882587936939672,
            "dev_objective": 2.223271419130033
          },
          {
            "epoch": 198,
            "train_objective": 2.1496236324310303,
            "dev_nll": 2.1754038333892822,
            "dev_kl": 0.015915775058092548,
            "dev_objective": 2.2231511585635597
          },
          {
            "epoch": 199,
            "train_objective": 2.1495895385742188,
            "dev_nll": 2.1751866340637207,
            "dev_kl": 0.015948505033738913,
            "dev_objective": 2.2230321491649376
          },
          {
            "epoch": 200,
            "train_objective": 2.1495563983917236,
            "dev_nll": 2.17497181892395,
            "dev_kl": 0.01598083151737228,
            "dev_objective": 2.222914313476067
          },
          {
            "epoch": 201,
            "train_objective": 2.149523973464966,
            "dev_nll": 2.174759864807129,
            "dev_kl": 0.016012641640845687,
            "dev_objective": 2.222797789729666
          },
          {
            "epoch": 202,
            "train_objective": 2.149491548538208,
            "dev_nll": 2.1745526790618896,
            "dev_kl": 0.016043823425425218,
            "dev_objective": 2.2226841493381655
          },
          {
            "epoch": 203,
            "train_objective": 2.1494600772857666,
            "dev_nll": 2.174349784851074,
            "dev_kl": 0.016074356199242176,
            "dev_objective": 2.222572853448801
          },
          {
            "epoch": 204,
            "train_objective": 2.149428606033325,
            "dev_nll": 2.174149751663208,
            "dev_kl": 0.016104336185380815,
            "dev_objective": 2.2224627602193503
          },
          {
            "epoch": 205,
            "train_objective": 2.149397850036621,
            "dev_nll": 2.173952579498291,
            "dev_kl": 0.016133937669219448,
            "dev_objective": 2.2223543925059492
          },
          {
            "epoch": 206,
            "train_objective": 2.1493678092956543,
            "dev_nll": 2.173757791519165,
            "dev_kl": 0.016163089635083453,
            "dev_objective": 2.2222470604244156
          },
          {
            "epoch": 207,
            "train_objective": 2.1493375301361084,
            "dev_nll": 2.1735658645629883,
            "dev_kl": 0.016191770839504897,
            "dev_objective": 2.222141177081503
          },
          {
            "epoch": 208,
            "train_objective": 2.149308204650879,
            "dev_nll": 2.173377752304077,
            "dev_kl": 0.01621989825856872,
            "dev_objective": 2.2220374470797832
          },
          {
            "epoch": 209,
            "train_objective": 2.1492793560028076,
            "dev_nll": 2.1731934547424316,
            "dev_kl": 0.01624743454041891,
            "dev_objective": 2.2219357583636885
          },
          {
            "epoch": 210,
            "train_objective": 2.1492507457733154,
            "dev_nll": 2.1730117797851562,
            "dev_kl": 0.016274500258732588,
            "dev_objective": 2.221835280561354
          },
          {
            "epoch": 211,
            "train_objective": 2.1492221355438232,
            "dev_nll": 2.172832727432251,
            "dev_kl": 0.016301171185914426,
            "dev_objective": 2.221736240989994
          },
          {
            "epoch": 212,
            "train_objective": 2.1491944789886475,
            "dev_nll": 2.1726553440093994,
            "dev_kl": 0.016327467401279137,
            "dev_objective": 2.221637746213237
          },
          {
            "epoch": 213,
            "train_objective": 2.1491668224334717,
            "dev_nll": 2.172480821609497,
            "dev_kl": 0.016353318301262333,
            "dev_objective": 2.221540776513284
          },
          {
            "epoch": 214,
            "train_objective": 2.149139881134033,
            "dev_nll": 2.172309637069702,
            "dev_kl": 0.0163786692742724,
            "dev_objective": 2.2214456448925195
          },
          {
            "epoch": 215,
            "train_objective": 2.1491127014160156,
            "dev_nll": 2.1721415519714355,
            "dev_kl": 0.016403525264468043,
            "dev_objective": 2.2213521277648396
          },
          {
            "epoch": 216,
            "train_objective": 2.1490859985351562,
            "dev_nll": 2.171976089477539,
            "dev_kl": 0.016427971192169936,
            "dev_objective": 2.221260003054049
          },
          {
            "epoch": 217,
            "train_objective": 2.149059534072876,
            "dev_nll": 2.1718122959136963,
            "dev_kl": 0.01645205358741805,
            "dev_objective": 2.2211684566759504
          },
          {
            "epoch": 218,
            "train_objective": 2.149033784866333,
            "dev_nll": 2.1716506481170654,
            "dev_kl": 0.016475811372511088,
            "dev_objective": 2.2210780822345986
          },
          {
            "epoch": 219,
            "train_objective": 2.149008274078369,
            "dev_nll": 2.1714916229248047,
            "dev_kl": 0.016499154357006773,
            "dev_objective": 2.220989085995825
          },
          {
            "epoch": 220,
            "train_objective": 2.1489832401275635,
            "dev_nll": 2.171335220336914,
            "dev_kl": 0.01652204945567064,
            "dev_objective": 2.220901368703926
          },
          {
            "epoch": 221,
            "train_objective": 2.148958206176758,
            "dev_nll": 2.1711816787719727,
            "dev_kl": 0.016544523489428684,
            "dev_objective": 2.2208152492402586
          },
          {
            "epoch": 222,
            "train_objective": 2.148933172225952,
            "dev_nll": 2.171029806137085,
            "dev_kl": 0.016566658687079325,
            "dev_objective": 2.220729782198323
          },
          {
            "epoch": 223,
            "train_objective": 2.148908853530884,
            "dev_nll": 2.170880079269409,
            "dev_kl": 0.016588492835871875,
            "dev_objective": 2.2206455577770248
          },
          {
            "epoch": 224,
            "train_objective": 2.1488842964172363,
            "dev_nll": 2.170732259750366,
            "dev_kl": 0.016610003201058134,
            "dev_objective": 2.2205622693535405
          },
          {
            "epoch": 225,
            "train_objective": 2.1488606929779053,
            "dev_nll": 2.170586347579956,
            "dev_kl": 0.01663112565758638,
            "dev_objective": 2.2204797245527153
          },
          {
            "epoch": 226,
            "train_objective": 2.148836851119995,
            "dev_nll": 2.170443058013916,
            "dev_kl": 0.016651892705122007,
            "dev_objective": 2.220398736129282
          },
          {
            "epoch": 227,
            "train_objective": 2.148813247680664,
            "dev_nll": 2.170301914215088,
            "dev_kl": 0.016672276463359594,
            "dev_objective": 2.2203187436051666
          },
          {
            "epoch": 228,
            "train_objective": 2.148790121078491,
            "dev_nll": 2.1701624393463135,
            "dev_kl": 0.016692378509324046,
            "dev_objective": 2.220239574874286
          },
          {
            "epoch": 229,
            "train_objective": 2.1487672328948975,
            "dev_nll": 2.1700246334075928,
            "dev_kl": 0.0167122151539661,
            "dev_objective": 2.220161278869491
          },
          {
            "epoch": 230,
            "train_objective": 2.1487443447113037,
            "dev_nll": 2.169888734817505,
            "dev_kl": 0.016731768175959588,
            "dev_objective": 2.220084039345384
          },
          {
            "epoch": 231,
            "train_objective": 2.1487221717834473,
            "dev_nll": 2.16975474357605,
            "dev_kl": 0.016750967849511654,
            "dev_objective": 2.220007647124585
          },
          {
            "epoch": 232,
            "train_objective": 2.1486995220184326,
            "dev_nll": 2.1696228981018066,
            "dev_kl": 0.016769824138609692,
            "dev_objective": 2.2199323705176357
          },
          {
            "epoch": 233,
            "train_objective": 2.1486778259277344,
            "dev_nll": 2.169492721557617,
            "dev_kl": 0.016788429300067947,
            "dev_objective": 2.219858009457821
          },
          {
            "epoch": 234,
            "train_objective": 2.148655652999878,
            "dev_nll": 2.1693642139434814,
            "dev_kl": 0.01680677671567537,
            "dev_objective": 2.2197845440905075
          },
          {
            "epoch": 235,
            "train_objective": 2.148634195327759,
            "dev_nll": 2.169236898422241,
            "dev_kl": 0.016824888018891215,
            "dev_objective": 2.2197115624789148
          },
          {
            "epoch": 236,
            "train_objective": 2.1486124992370605,
            "dev_nll": 2.169111728668213,
            "dev_kl": 0.01684272146085277,
            "dev_objective": 2.219639893050771
          },
          {
            "epoch": 237,
            "train_objective": 2.1485915184020996,
            "dev_nll": 2.16898775100708,
            "dev_kl": 0.016860283475834875,
            "dev_objective": 2.2195686014345846
          },
          {
            "epoch": 238,
            "train_objective": 2.1485702991485596,
            "dev_nll": 2.1688661575317383,
            "dev_kl": 0.016877580793807283,
            "dev_objective": 2.21949889991316
          },
          {
            "epoch": 239,
            "train_objective": 2.148549795150757,
            "dev_nll": 2.168745517730713,
            "dev_kl": 0.016894622015533968,
            "dev_objective": 2.2194293837773147
          },
          {
            "epoch": 240,
            "train_objective": 2.148529291152954,
            "dev_nll": 2.168626308441162,
            "dev_kl": 0.016911470263730733,
            "dev_objective": 2.219360719232354
          },
          {
            "epoch": 241,
            "train_objective": 2.1485085487365723,
            "dev_nll": 2.168508529663086,
            "dev_kl": 0.016928100053919478,
            "dev_objective": 2.219292829824844
          },
          {
            "epoch": 242,
            "train_objective": 2.1484885215759277,
            "dev_nll": 2.1683924198150635,
            "dev_kl": 0.01694450392969884,
            "dev_objective": 2.21922593160416
          },
          {
            "epoch": 243,
            "train_objective": 2.148468494415283,
            "dev_nll": 2.1682775020599365,
            "dev_kl": 0.016960665649967267,
            "dev_objective": 2.219159499009838
          },
          {
            "epoch": 244,
            "train_objective": 2.1484484672546387,
            "dev_nll": 2.1681642532348633,
            "dev_kl": 0.016976600618800148,
            "dev_objective": 2.2190940550912637
          },
          {
            "epoch": 245,
            "train_objective": 2.1484286785125732,
            "dev_nll": 2.1680519580841064,
            "dev_kl": 0.016992372150998563,
            "dev_objective": 2.219029074537102
          },
          {
            "epoch": 246,
            "train_objective": 2.148409128189087,
            "dev_nll": 2.167941093444824,
            "dev_kl": 0.01700796031858772,
            "dev_objective": 2.2189649744005875
          },
          {
            "epoch": 247,
            "train_objective": 2.1483898162841797,
            "dev_nll": 2.1678316593170166,
            "dev_kl": 0.017023333770921453,
            "dev_objective": 2.218901660629781
          },
          {
            "epoch": 248,
            "train_objective": 2.1483707427978516,
            "dev_nll": 2.1677234172821045,
            "dev_kl": 0.017038517157780007,
            "dev_objective": 2.2188389687554446
          },
          {
            "epoch": 249,
            "train_objective": 2.1483516693115234,
            "dev_nll": 2.167616605758667,
            "dev_kl": 0.017053502390626817,
            "dev_objective": 2.2187771129305474
          },
          {
            "epoch": 250,
            "train_objective": 2.1483328342437744,
            "dev_nll": 2.167510986328125,
            "dev_kl": 0.017068355610826983,
            "dev_objective": 2.218716053160606
          },
          {
            "epoch": 251,
            "train_objective": 2.1483142375946045,
            "dev_nll": 2.1674060821533203,
            "dev_kl": 0.017083022028673442,
            "dev_objective": 2.218655148239341
          },
          {
            "epoch": 252,
            "train_objective": 2.1482956409454346,
            "dev_nll": 2.1673026084899902,
            "dev_kl": 0.017097508660517634,
            "dev_objective": 2.2185951344715433
          },
          {
            "epoch": 253,
            "train_objective": 2.1482772827148438,
            "dev_nll": 2.1672003269195557,
            "dev_kl": 0.017111843086313458,
            "dev_objective": 2.2185358561784962
          },
          {
            "epoch": 254,
            "train_objective": 2.148259162902832,
            "dev_nll": 2.1670992374420166,
            "dev_kl": 0.017126022707670926,
            "dev_objective": 2.2184773055650293
          },
          {
            "epoch": 255,
            "train_objective": 2.1482410430908203,
            "dev_nll": 2.166999101638794,
            "dev_kl": 0.017140041481470688,
            "dev_objective": 2.218419226083206
          },
          {
            "epoch": 256,
            "train_objective": 2.1482231616973877,
            "dev_nll": 2.1668999195098877,
            "dev_kl": 0.01715392420417629,
            "dev_objective": 2.2183616921224165
          },
          {
            "epoch": 257,
            "train_objective": 2.1482057571411133,
            "dev_nll": 2.166801929473877,
            "dev_kl": 0.01716767255216837,
            "dev_objective": 2.218304947130382
          },
          {
            "epoch": 258,
            "train_objective": 2.1481878757476807,
            "dev_nll": 2.1667051315307617,
            "dev_kl": 0.017181279758224265,
            "dev_objective": 2.2182489708054347
          },
          {
            "epoch": 259,
            "train_objective": 2.1481704711914062,
            "dev_nll": 2.166609287261963,
            "dev_kl": 0.017194735567318275,
            "dev_objective": 2.2181934939639176
          },
          {
            "epoch": 260,
            "train_objective": 2.148153305053711,
            "dev_nll": 2.1665141582489014,
            "dev_kl": 0.01720805447199382,
            "dev_objective": 2.218138321664883
          },
          {
            "epoch": 261,
            "train_objective": 2.1481363773345947,
            "dev_nll": 2.1664202213287354,
            "dev_kl": 0.01722127107321285,
            "dev_objective": 2.218084034548374
          },
          {
            "epoch": 262,
            "train_objective": 2.1481194496154785,
            "dev_nll": 2.1663269996643066,
            "dev_kl": 0.017234371654922143,
            "dev_objective": 2.218030114629073
          },
          {
            "epoch": 263,
            "train_objective": 2.1481025218963623,
            "dev_nll": 2.1662347316741943,
            "dev_kl": 0.017247342867776752,
            "dev_objective": 2.2179767602775247
          },
          {
            "epoch": 264,
            "train_objective": 2.148085832595825,
            "dev_nll": 2.1661434173583984,
            "dev_kl": 0.01726020309259184,
            "dev_objective": 2.217924026636174
          },
          {
            "epoch": 265,
            "train_objective": 2.148069381713867,
            "dev_nll": 2.166053056716919,
            "dev_kl": 0.017272933167405427,
            "dev_objective": 2.2178718562191353
          },
          {
            "epoch": 266,
            "train_objective": 2.1480531692504883,
            "dev_nll": 2.165963649749756,
            "dev_kl": 0.017285560984164478,
            "dev_objective": 2.2178203327022494
          },
          {
            "epoch": 267,
            "train_objective": 2.1480367183685303,
            "dev_nll": 2.16587495803833,
            "dev_kl": 0.017298109668772668,
            "dev_objective": 2.217769287044648
          },
          {
            "epoch": 268,
            "train_objective": 2.1480207443237305,
            "dev_nll": 2.1657872200012207,
            "dev_kl": 0.017310541983461006,
            "dev_objective": 2.2177188459516035
          },
          {
            "epoch": 269,
            "train_objective": 2.1480045318603516,
            "dev_nll": 2.1656999588012695,
            "dev_kl": 0.01732286182115786,
            "dev_objective": 2.2176685442647432
          },
          {
            "epoch": 270,
            "train_objective": 2.14798903465271,
            "dev_nll": 2.165614366531372,
            "dev_kl": 0.01733509531011805,
            "dev_objective": 2.2176196524617264
          },
          {
            "epoch": 271,
            "train_objective": 2.14797306060791,
            "dev_nll": 2.165529251098633,
            "dev_kl": 0.01734722822206095,
            "dev_objective": 2.2175709357648157
          },
          {
            "epoch": 272,
            "train_objective": 2.1479575634002686,
            "dev_nll": 2.1654441356658936,
            "dev_kl": 0.017359289082232863,
            "dev_objective": 2.217522002912592
          },
          {
            "epoch": 273,
            "train_objective": 2.147942066192627,
            "dev_nll": 2.165360450744629,
            "dev_kl": 0.017371255930047482,
            "dev_objective": 2.2174742185347713
          },
          {
            "epoch": 274,
            "train_objective": 2.1479268074035645,
            "dev_nll": 2.1652774810791016,
            "dev_kl": 0.017383109813090415,
            "dev_objective": 2.217426810518373
          },
          {
            "epoch": 275,
            "train_objective": 2.147911787033081,
            "dev_nll": 2.1651952266693115,
            "dev_kl": 0.0173948973196093,
            "dev_objective": 2.2173799186281395
          },
          {
            "epoch": 276,
            "train_objective": 2.1478965282440186,
            "dev_nll": 2.1651134490966797,
            "dev_kl": 0.01740660397801548,
            "dev_objective": 2.217333261030726
          },
          {
            "epoch": 277,
            "train_objective": 2.147881507873535,
            "dev_nll": 2.165032386779785,
            "dev_kl": 0.017418242008425296,
            "dev_objective": 2.217287112805061
          },
          {
            "epoch": 278,
            "train_objective": 2.147867202758789,
            "dev_nll": 2.164952278137207,
            "dev_kl": 0.017429807299049572,
            "dev_objective": 2.217241700034356
          },
          {
            "epoch": 279,
            "train_objective": 2.1478524208068848,
            "dev_nll": 2.1648731231689453,
            "dev_kl": 0.01744127454003319,
            "dev_objective": 2.217196946789045
          },
          {
            "epoch": 280,
            "train_objective": 2.1478378772735596,
            "dev_nll": 2.1647942066192627,
            "dev_kl": 0.017452669114572928,
            "dev_objective": 2.2171522139629816
          },
          {
            "epoch": 281,
            "train_objective": 2.1478235721588135,
            "dev_nll": 2.1647157669067383,
            "dev_kl": 0.017464015455916523,
            "dev_objective": 2.2171078132744877
          },
          {
            "epoch": 282,
            "train_objective": 2.1478090286254883,
            "dev_nll": 2.1646382808685303,
            "dev_kl": 0.017475289480062203,
            "dev_objective": 2.217064149308717
          },
          {
            "epoch": 283,
            "train_objective": 2.147794723510742,
            "dev_nll": 2.1645615100860596,
            "dev_kl": 0.017486483653774487,
            "dev_objective": 2.217020961047383
          },
          {
            "epoch": 284,
            "train_objective": 2.1477808952331543,
            "dev_nll": 2.164485216140747,
            "dev_kl": 0.017497636667685584,
            "dev_objective": 2.216978126143804
          },
          {
            "epoch": 285,
            "train_objective": 2.1477668285369873,
            "dev_nll": 2.164409875869751,
            "dev_kl": 0.017508688723901288,
            "dev_objective": 2.216935942041455
          },
          {
            "epoch": 286,
            "train_objective": 2.1477532386779785,
            "dev_nll": 2.164334774017334,
            "dev_kl": 0.01751971786026843,
            "dev_objective": 2.2168939275981394
          },
          {
            "epoch": 287,
            "train_objective": 2.1477394104003906,
            "dev_nll": 2.164260149002075,
            "dev_kl": 0.017530668166000397,
            "dev_objective": 2.2168521535000765
          },
          {
            "epoch": 288,
            "train_objective": 2.1477255821228027,
            "dev_nll": 2.1641862392425537,
            "dev_kl": 0.01754156031413004,
            "dev_objective": 2.216810920184944
          },
          {
            "epoch": 289,
            "train_objective": 2.147712469100952,
            "dev_nll": 2.1641130447387695,
            "dev_kl": 0.0175523953337688,
            "dev_objective": 2.216770230740076
          },
          {
            "epoch": 290,
            "train_objective": 2.1476988792419434,
            "dev_nll": 2.1640405654907227,
            "dev_kl": 0.01756316463695839,
            "dev_objective": 2.216730059401598
          },
          {
            "epoch": 291,
            "train_objective": 2.147686004638672,
            "dev_nll": 2.163968563079834,
            "dev_kl": 0.017573902376461774,
            "dev_objective": 2.2166902702092193
          },
          {
            "epoch": 292,
            "train_objective": 2.1476728916168213,
            "dev_nll": 2.1638970375061035,
            "dev_kl": 0.017584570614853873,
            "dev_objective": 2.216650749350665
          },
          {
            "epoch": 293,
            "train_objective": 2.1476597785949707,
            "dev_nll": 2.163825750350952,
            "dev_kl": 0.017595189883140846,
            "dev_objective": 2.2166113200003745
          },
          {
            "epoch": 294,
            "train_objective": 2.14764666557312,
            "dev_nll": 2.163755416870117,
            "dev_kl": 0.017605755283730106,
            "dev_objective": 2.2165726827213077
          },
          {
            "epoch": 295,
            "train_objective": 2.1476340293884277,
            "dev_nll": 2.1636855602264404,
            "dev_kl": 0.01761627240339294,
            "dev_objective": 2.216534377436619
          },
          {
            "epoch": 296,
            "train_objective": 2.1476211547851562,
            "dev_nll": 2.1636159420013428,
            "dev_kl": 0.01762674536788836,
            "dev_objective": 2.216496178105008
          },
          {
            "epoch": 297,
            "train_objective": 2.147608757019043,
            "dev_nll": 2.1635472774505615,
            "dev_kl": 0.017637167314533145,
            "dev_objective": 2.216458779394161
          },
          {
            "epoch": 298,
            "train_objective": 2.1475963592529297,
            "dev_nll": 2.1634786128997803,
            "dev_kl": 0.01764753323397599,
            "dev_objective": 2.216421212601708
          },
          {
            "epoch": 299,
            "train_objective": 2.1475839614868164,
            "dev_nll": 2.1634109020233154,
            "dev_kl": 0.017657871736446396,
            "dev_objective": 2.2163845172326546
          }
        ]
      },
      {
        "kl_lambda": 10.0,
        "best_dev_nll": 2.2408535480499268,
        "best_dev_kl": 0.003233994964539306,
        "best_dev_objective": 2.2731934976953196,
        "epochs_run": 300,
        "history": [
          {
            "epoch": 0,
            "train_objective": 2.4941823482513428,
            "dev_nll": 2.314453363418579,
            "dev_kl": 0.010452727763331495,
            "dev_objective": 2.418980641051894
          },
          {
            "epoch": 1,
            "train_objective": 2.364914655685425,
            "dev_nll": 2.307844638824463,
            "dev_kl": 0.017914276963965678,
            "dev_objective": 2.4869874084641195
          },
          {
            "epoch": 2,
            "train_objective": 2.402271270751953,
            "dev_nll": 2.3046581745147705,
            "dev_kl": 0.005927885516339302,
            "dev_objective": 2.3639370296781634
          },
          {
            "epoch": 3,
            "train_objective": 2.323983907699585,
            "dev_nll": 2.3119475841522217,
            "dev_kl": 0.0004721041371340107,
            "dev_objective": 2.316668625523562
          },
          {
            "epoch": 4,
            "train_objective": 2.3130931854248047,
            "dev_nll": 2.317638635635376,
            "dev_kl": 0.0019780710386839927,
            "dev_objective": 2.337419346022216
          },
          {
            "epoch": 5,
            "train_objective": 2.3411457538604736,
            "dev_nll": 2.3104639053344727,
            "dev_kl": 0.0016121640337951248,
            "dev_objective": 2.326585545672424
          },
          {
            "epoch": 6,
            "train_objective": 2.323185920715332,
            "dev_nll": 2.296773910522461,
            "dev_kl": 0.0012014130854367977,
            "dev_objective": 2.308788041376829
          },
          {
            "epoch": 7,
            "train_objective": 2.2929210662841797,
            "dev_nll": 2.2861409187316895,
            "dev_kl": 0.0041570364760991655,
            "dev_objective": 2.327711283492681
          },
          {
            "epoch": 8,
            "train_objective": 2.298413038253784,
            "dev_nll": 2.2812507152557373,
            "dev_kl": 0.007078210174659034,
            "dev_objective": 2.3520328170023275
          },
          {
            "epoch": 9,
            "train_objective": 2.3147802352905273,
            "dev_nll": 2.279958486557007,
            "dev_kl": 0.006185394557833206,
            "dev_objective": 2.341812432135339
          },
          {
            "epoch": 10,
            "train_objective": 2.307164192199707,
            "dev_nll": 2.282024621963501,
            "dev_kl": 0.0033456622184894515,
            "dev_objective": 2.3154812441483954
          },
          {
            "epoch": 11,
            "train_objective": 2.2884671688079834,
            "dev_nll": 2.2872395515441895,
            "dev_kl": 0.0019137514405883848,
            "dev_objective": 2.3063770659500733
          },
          {
            "epoch": 12,
            "train_objective": 2.2846016883850098,
            "dev_nll": 2.292022228240967,
            "dev_kl": 0.0021741108876813086,
            "dev_objective": 2.3137633371177797
          },
          {
            "epoch": 13,
            "train_objective": 2.293433427810669,
            "dev_nll": 2.292210578918457,
            "dev_kl": 0.002252564208392869,
            "dev_objective": 2.3147362210023856
          },
          {
            "epoch": 14,
            "train_objective": 2.2933928966522217,
            "dev_nll": 2.2878072261810303,
            "dev_kl": 0.0018532226488605374,
            "dev_objective": 2.3063394526696355
          },
          {
            "epoch": 15,
            "train_objective": 2.281913995742798,
            "dev_nll": 2.282107353210449,
            "dev_kl": 0.002218409293127479,
            "dev_objective": 2.304291446141724
          },
          {
            "epoch": 16,
            "train_objective": 2.2744081020355225,
            "dev_nll": 2.2780814170837402,
            "dev_kl": 0.0036095957882935183,
            "dev_objective": 2.3141773749666754
          },
          {
            "epoch": 17,
            "train_objective": 2.2776780128479004,
            "dev_nll": 2.276496648788452,
            "dev_kl": 0.00458918424876174,
            "dev_objective": 2.3223884912760697
          },
          {
            "epoch": 18,
            "train_objective": 2.2816390991210938,
            "dev_nll": 2.276963233947754,
            "dev_kl": 0.004086387196439318,
            "dev_objective": 2.317827105912147
          },
          {
            "epoch": 19,
            "train_objective": 2.2776379585266113,
            "dev_nll": 2.2792251110076904,
            "dev_kl": 0.002751639243797399,
            "dev_objective": 2.3067415034456644
          },
          {
            "epoch": 20,
            "train_objective": 2.2704203128814697,
            "dev_nll": 2.2826287746429443,
            "dev_kl": 0.0018237975343799917,
            "dev_objective": 2.3008667499867443
          },
          {
            "epoch": 21,
            "train_objective": 2.2685418128967285,
            "dev_nll": 2.2854044437408447,
            "dev_kl": 0.0015957323735347017,
            "dev_objective": 2.301361767476192
          },
          {
            "epoch": 22,
            "train_objective": 2.27122163772583,
            "dev_nll": 2.285715341567993,
            "dev_kl": 0.0015440741024212912,
            "dev_objective": 2.301156082592206
          },
          {
            "epoch": 23,
            "train_objective": 2.2710325717926025,
            "dev_nll": 2.2833385467529297,
            "dev_kl": 0.001476439190482779,
            "dev_objective": 2.2981029386577574
          },
          {
            "epoch": 24,
            "train_objective": 2.266162872314453,
            "dev_nll": 2.279726982116699,
            "dev_kl": 0.001738930291030556,
            "dev_objective": 2.2971162850270046
          },
          {
            "epoch": 25,
            "train_objective": 2.2621121406555176,
            "dev_nll": 2.2766380310058594,
            "dev_kl": 0.0023912395717343316,
            "dev_objective": 2.300550426723203
          },
          {
            "epoch": 26,
            "train_objective": 2.262357473373413,
            "dev_nll": 2.275003433227539,
            "dev_kl": 0.0028351204079808665,
            "dev_objective": 2.303354637307348
          },
          {
            "epoch": 27,
            "train_objective": 2.263429641723633,
            "dev_nll": 2.2749814987182617,
            "dev_kl": 0.0025832168411579915,
            "dev_objective": 2.300813667129842
          },
          {
            "epoch": 28,
            "train_objective": 2.2613744735717773,
            "dev_nll": 2.276395797729492,
            "dev_kl": 0.0019245189178036526,
            "dev_objective": 2.2956409869075287
          },
          {
            "epoch": 29,
            "train_objective": 2.257889747619629,
            "dev_nll": 2.278578996658325,
            "dev_kl": 0.0014688400078739505,
            "dev_objective": 2.2932673967370647
          },
          {
            "epoch": 30,
            "train_objective": 2.256776809692383,
            "dev_nll": 2.2802178859710693,
            "dev_kl": 0.0013719317491631955,
            "dev_objective": 2.2939372034627015
          },
          {
            "epoch": 31,
            "train_objective": 2.2575843334198,
            "dev_nll": 2.2801265716552734,
            "dev_kl": 0.0013831427181867184,
            "dev_objective": 2.293957998837141
          },
          {
            "epoch": 32,
            "train_objective": 2.2568552494049072,
            "dev_nll": 2.278275728225708,
            "dev_kl": 0.0014282012396870413,
            "dev_objective": 2.2925577406225783
          },
          {
            "epoch": 33,
            "train_objective": 2.2541794776916504,
            "dev_nll": 2.2757554054260254,
            "dev_kl": 0.0016616126337612514,
            "dev_objective": 2.2923715317636377
          },
          {
            "epoch": 34,
            "train_objective": 2.252393960952759,
            "dev_nll": 2.273805856704712,
            "dev_kl": 0.0020144102128688245,
            "dev_objective": 2.2939499588334002
          },
          {
            "epoch": 35,
            "train_objective": 2.252405881881714,
            "dev_nll": 2.2730867862701416,
            "dev_kl": 0.002147154460544698,
            "dev_objective": 2.2945583308755886
          },
          {
            "epoch": 36,
            "train_objective": 2.252023935317993,
            "dev_nll": 2.2736635208129883,
            "dev_kl": 0.0019350438058609142,
            "dev_objective": 2.2930139588715974
          },
          {
            "epoch": 37,
            "train_objective": 2.25016450881958,
            "dev_nll": 2.275139570236206,
            "dev_kl": 0.0016389018890913575,
            "dev_objective": 2.2915285891271195
          },
          {
            "epoch": 38,
            "train_objective": 2.2485270500183105,
            "dev_nll": 2.276643991470337,
            "dev_kl": 0.0015065070785931312,
            "dev_objective": 2.291709062256268
          },
          {
            "epoch": 39,
            "train_objective": 2.2482872009277344,
            "dev_nll": 2.2771706581115723,
            "dev_kl": 0.001505539107893128,
            "dev_objective": 2.2922260491905035
          },
          {
            "epoch": 40,
            "train_objective": 2.248136043548584,
            "dev_nll": 2.2763125896453857,
            "dev_kl": 0.0015459771300083958,
            "dev_objective": 2.29177236094547
          },
          {
            "epoch": 41,
            "train_objective": 2.246929883956909,
            "dev_nll": 2.2745747566223145,
            "dev_kl": 0.0016699895878264214,
            "dev_objective": 2.2912746525005785
          },
          {
            "epoch": 42,
            "train_objective": 2.2456467151641846,
            "dev_nll": 2.2728917598724365,
            "dev_kl": 0.0018762753510964104,
            "dev_objective": 2.2916545133834005
          },
          {
            "epoch": 43,
            "train_objective": 2.2452783584594727,
            "dev_nll": 2.2719643115997314,
            "dev_kl": 0.00199569115327904,
            "dev_objective": 2.2919212231325217
          },
          {
            "epoch": 44,
            "train_objective": 2.245033025741577,
            "dev_nll": 2.2720022201538086,
            "dev_kl": 0.0019128227076726035,
            "dev_objective": 2.2911304472305347
          },
          {
            "epoch": 45,
            "train_objective": 2.244039535522461,
            "dev_nll": 2.2727537155151367,
            "dev_kl": 0.0017394763251650147,
            "dev_objective": 2.290148478766787
          },
          {
            "epoch": 46,
            "train_objective": 2.2429449558258057,
            "dev_nll": 2.273575782775879,
            "dev_kl": 0.0016359180214931257,
            "dev_objective": 2.2899349629908103
          },
          {
            "epoch": 47,
            "train_objective": 2.2425074577331543,
            "dev_nll": 2.2737226486206055,
            "dev_kl": 0.0016167152632260695,
            "dev_objective": 2.2898898012528663
          },
          {
            "epoch": 48,
            "train_objective": 2.2421934604644775,
            "dev_nll": 2.2728772163391113,
            "dev_kl": 0.0016382341996359173,
            "dev_objective": 2.2892595583354707
          },
          {
            "epoch": 49,
            "train_objective": 2.2413885593414307,
            "dev_nll": 2.271399736404419,
            "dev_kl": 0.0017140593595104292,
            "dev_objective": 2.288540329999523
          },
          {
            "epoch": 50,
            "train_objective": 2.240574836730957,
            "dev_nll": 2.2700045108795166,
            "dev_kl": 0.0018309115922602358,
            "dev_objective": 2.288313626802119
          },
          {
            "epoch": 51,
            "train_objective": 2.2402358055114746,
            "dev_nll": 2.269247531890869,
            "dev_kl": 0.0018918191066768487,
            "dev_objective": 2.2881657229576375
          },
          {
            "epoch": 52,
            "train_objective": 2.2399232387542725,
            "dev_nll": 2.2692716121673584,
            "dev_kl": 0.0018470946815796196,
            "dev_objective": 2.2877425589831546
          },
          {
            "epoch": 53,
            "train_objective": 2.239258050918579,
            "dev_nll": 2.2697970867156982,
            "dev_kl": 0.001769755601126235,
            "dev_objective": 2.2874946427269607
          },
          {
            "epoch": 54,
            "train_objective": 2.2386434078216553,
            "dev_nll": 2.270254373550415,
            "dev_kl": 0.00173778254109493,
            "dev_objective": 2.287632198961364
          },
          {
            "epoch": 55,
            "train_objective": 2.2383432388305664,
            "dev_nll": 2.2701199054718018,
            "dev_kl": 0.0017514339917397593,
            "dev_objective": 2.2876342453891994
          },
          {
            "epoch": 56,
            "train_objective": 2.2379837036132812,
            "dev_nll": 2.2692978382110596,
            "dev_kl": 0.0017980036785593255,
            "dev_objective": 2.287277874996653
          },
          {
            "epoch": 57,
            "train_objective": 2.2374041080474854,
            "dev_nll": 2.268171787261963,
            "dev_kl": 0.0018819283481570893,
            "dev_objective": 2.2869910707435337
          },
          {
            "epoch": 58,
            "train_objective": 2.236949920654297,
            "dev_nll": 2.267270565032959,
            "dev_kl": 0.0019673276325920595,
            "dev_objective": 2.2869438413588794
          },
          {
            "epoch": 59,
            "train_objective": 2.236697196960449,
            "dev_nll": 2.266908645629883,
            "dev_kl": 0.0019954005951876752,
            "dev_objective": 2.2868626515817594
          },
          {
            "epoch": 60,
            "train_objective": 2.2363438606262207,
            "dev_nll": 2.2670421600341797,
            "dev_kl": 0.001970314589998452,
            "dev_objective": 2.286745305934164
          },
          {
            "epoch": 61,
            "train_objective": 2.2358856201171875,
            "dev_nll": 2.267317771911621,
            "dev_kl": 0.001948427755269222,
            "dev_objective": 2.2868020494643133
          },
          {
            "epoch": 62,
            "train_objective": 2.235572576522827,
            "dev_nll": 2.2672839164733887,
            "dev_kl": 0.0019574580212065483,
            "dev_objective": 2.286858496685454
          },
          {
            "epoch": 63,
            "train_objective": 2.235344171524048,
            "dev_nll": 2.266709804534912,
            "dev_kl": 0.001991088512004353,
            "dev_objective": 2.2866206896549555
          },
          {
            "epoch": 64,
            "train_objective": 2.235002279281616,
            "dev_nll": 2.2657601833343506,
            "dev_kl": 0.0020460042510239873,
            "dev_objective": 2.2862202258445903
          },
          {
            "epoch": 65,
            "train_objective": 2.234649896621704,
            "dev_nll": 2.264843463897705,
            "dev_kl": 0.002107067410106538,
            "dev_objective": 2.2859141379987706
          },
          {
            "epoch": 66,
            "train_objective": 2.234422206878662,
            "dev_nll": 2.2642993927001953,
            "dev_kl": 0.002138740284135565,
            "dev_objective": 2.285686795541551
          },
          {
            "epoch": 67,
            "train_objective": 2.23419451713562,
            "dev_nll": 2.2641940116882324,
            "dev_kl": 0.0021316690433013717,
            "dev_objective": 2.285510702121246
          },
          {
            "epoch": 68,
            "train_objective": 2.233894109725952,
            "dev_nll": 2.2643043994903564,
            "dev_kl": 0.0021166727713716684,
            "dev_objective": 2.2854711272040733
          },
          {
            "epoch": 69,
            "train_objective": 2.2336487770080566,
            "dev_nll": 2.264272928237915,
            "dev_kl": 0.002118175960931694,
            "dev_objective": 2.285454687847232
          },
          {
            "epoch": 70,
            "train_objective": 2.2334718704223633,
            "dev_nll": 2.2638731002807617,
            "dev_kl": 0.0021364868973614646,
            "dev_objective": 2.2852379692543763
          },
          {
            "epoch": 71,
            "train_objective": 2.233248233795166,
            "dev_nll": 2.2631828784942627,
            "dev_kl": 0.00216895511635812,
            "dev_objective": 2.284872429657844
          },
          {
            "epoch": 72,
            "train_objective": 2.2330057621002197,
            "dev_nll": 2.2625014781951904,
            "dev_kl": 0.002206454791303258,
            "dev_objective": 2.284566026108223
          },
          {
            "epoch": 73,
            "train_objective": 2.232828378677368,
            "dev_nll": 2.262099266052246,
            "dev_kl": 0.002227326965512475,
            "dev_objective": 2.2843725357073708
          },
          {
            "epoch": 74,
            "train_objective": 2.2326560020446777,
            "dev_nll": 2.2620296478271484,
            "dev_kl": 0.0022243382997112347,
            "dev_objective": 2.2842730308242607
          },
          {
            "epoch": 75,
            "train_objective": 2.23244571685791,
            "dev_nll": 2.262108564376831,
            "dev_kl": 0.0022156415008066687,
            "dev_objective": 2.284264979384898
          },
          {
            "epoch": 76,
            "train_objective": 2.2322659492492676,
            "dev_nll": 2.2620527744293213,
            "dev_kl": 0.0022176776820560917,
            "dev_objective": 2.284229551249882
          },
          {
            "epoch": 77,
            "train_objective": 2.232123374938965,
            "dev_nll": 2.2616994380950928,
            "dev_kl": 0.002232941024340107,
            "dev_objective": 2.284028848338494
          },
          {
            "epoch": 78,
            "train_objective": 2.231957197189331,
            "dev_nll": 2.2611260414123535,
            "dev_kl": 0.0022592319831892384,
            "dev_objective": 2.283718361244246
          },
          {
            "epoch": 79,
            "train_objective": 2.231790542602539,
            "dev_nll": 2.2605698108673096,
            "dev_kl": 0.0022872365765215365,
            "dev_objective": 2.283442176632525
          },
          {
            "epoch": 80,
            "train_objective": 2.2316601276397705,
            "dev_nll": 2.260225772857666,
            "dev_kl": 0.0023022835204028523,
            "dev_objective": 2.2832486080616947
          },
          {
            "epoch": 81,
            "train_objective": 2.2315258979797363,
            "dev_nll": 2.2601046562194824,
            "dev_kl": 0.0023031062191876117,
            "dev_objective": 2.2831357184113585
          },
          {
            "epoch": 82,
            "train_objective": 2.2313766479492188,
            "dev_nll": 2.2600412368774414,
            "dev_kl": 0.002303072855138453,
            "dev_objective": 2.283071965428826
          },
          {
            "epoch": 83,
            "train_objective": 2.231250286102295,
            "dev_nll": 2.259829521179199,
            "dev_kl": 0.0023117437196196987,
            "dev_objective": 2.2829469583753963
          },
          {
            "epoch": 84,
            "train_objective": 2.2311346530914307,
            "dev_nll": 2.2593929767608643,
            "dev_kl": 0.0023299760260852053,
            "dev_objective": 2.2826927370217165
          },
          {
            "epoch": 85,
            "train_objective": 2.2310054302215576,
            "dev_nll": 2.2588438987731934,
            "dev_kl": 0.0023542646190617233,
            "dev_objective": 2.2823865449638108
          },
          {
            "epoch": 86,
            "train_objective": 2.230886220932007,
            "dev_nll": 2.258375883102417,
            "dev_kl": 0.0023757356517307925,
            "dev_objective": 2.282133239619725
          },
          {
            "epoch": 87,
            "train_objective": 2.2307839393615723,
            "dev_nll": 2.2581019401550293,
            "dev_kl": 0.0023867602614336646,
            "dev_objective": 2.281969542769366
          },
          {
            "epoch": 88,
            "train_objective": 2.2306742668151855,
            "dev_nll": 2.2579734325408936,
            "dev_kl": 0.0023910946110845543,
            "dev_objective": 2.281884378651739
          },
          {
            "epoch": 89,
            "train_objective": 2.230565309524536,
            "dev_nll": 2.2578301429748535,
            "dev_kl": 0.002397858270269353,
            "dev_objective": 2.2818087256775472
          },
          {
            "epoch": 90,
            "train_objective": 2.230471611022949,
            "dev_nll": 2.257540225982666,
            "dev_kl": 0.002411114738933975,
            "dev_objective": 2.281651373372006
          },
          {
            "epoch": 91,
            "train_objective": 2.2303757667541504,
            "dev_nll": 2.2571122646331787,
            "dev_kl": 0.0024301128330989743,
            "dev_objective": 2.2814133929641685
          },
          {
            "epoch": 92,
            "train_objective": 2.2302768230438232,
            "dev_nll": 2.2566771507263184,
            "dev_kl": 0.0024503221178019887,
            "dev_objective": 2.2811803719043384
          },
          {
            "epoch": 93,
            "train_objective": 2.230189561843872,
            "dev_nll": 2.256364345550537,
            "dev_kl": 0.002464935314783361,
            "dev_objective": 2.281013698698371
          },
          {
            "epoch": 94,
            "train_objective": 2.230104446411133,
            "dev_nll": 2.2561912536621094,
            "dev_kl": 0.002472568337689154,
            "dev_objective": 2.280916937039001
          },
          {
            "epoch": 95,
            "train_objective": 2.2300164699554443,
            "dev_nll": 2.256057024002075,
            "dev_kl": 0.002478844791185111,
            "dev_objective": 2.2808454719139264
          },
          {
            "epoch": 96,
            "train_objective": 2.229936361312866,
            "dev_nll": 2.2558343410491943,
            "dev_kl": 0.0024889144556073006,
            "dev_objective": 2.280723485605267
          },
          {
            "epoch": 97,
            "train_objective": 2.229860305786133,
            "dev_nll": 2.255483627319336,
            "dev_kl": 0.002503732946352102,
            "dev_objective": 2.280520956782857
          },
          {
            "epoch": 98,
            "train_objective": 2.22978138923645,
            "dev_nll": 2.2550806999206543,
            "dev_kl": 0.0025207583844894543,
            "dev_objective": 2.280288283765549
          },
          {
            "epoch": 99,
            "train_objective": 2.2297074794769287,
            "dev_nll": 2.2547407150268555,
            "dev_kl": 0.002534987453836948,
            "dev_objective": 2.280090589565225
          },
          {
            "epoch": 100,
            "train_objective": 2.22963809967041,
            "dev_nll": 2.2545111179351807,
            "dev_kl": 0.002543872825335711,
            "dev_objective": 2.2799498461885377
          },
          {
            "epoch": 101,
            "train_objective": 2.229567289352417,
            "dev_nll": 2.2543387413024902,
            "dev_kl": 0.002550473600567784,
            "dev_objective": 2.279843477308168
          },
          {
            "epoch": 102,
            "train_objective": 2.2294998168945312,
            "dev_nll": 2.2541234493255615,
            "dev_kl": 0.0025593180555733854,
            "dev_objective": 2.279716629881295
          },
          {
            "epoch": 103,
            "train_objective": 2.2294368743896484,
            "dev_nll": 2.253814458847046,
            "dev_kl": 0.0025720288684533445,
            "dev_objective": 2.2795347475315793
          },
          {
            "epoch": 104,
            "train_objective": 2.22937273979187,
            "dev_nll": 2.253455877304077,
            "dev_kl": 0.002587065146508394,
            "dev_objective": 2.279326528769161
          },
          {
            "epoch": 105,
            "train_objective": 2.229311227798462,
            "dev_nll": 2.2531397342681885,
            "dev_kl": 0.002600864466803614,
            "dev_objective": 2.279148378936225
          },
          {
            "epoch": 106,
            "train_objective": 2.2292540073394775,
            "dev_nll": 2.252915382385254,
            "dev_kl": 0.002610890589712653,
            "dev_objective": 2.2790242882823804
          },
          {
            "epoch": 107,
            "train_objective": 2.2291958332061768,
            "dev_nll": 2.2527506351470947,
            "dev_kl": 0.00261877397148055,
            "dev_objective": 2.2789383748619003
          },
          {
            "epoch": 108,
            "train_objective": 2.229140043258667,
            "dev_nll": 2.252565383911133,
            "dev_kl": 0.0026278434143750928,
            "dev_objective": 2.2788438180548836
          },
          {
            "epoch": 109,
            "train_objective": 2.2290868759155273,
            "dev_nll": 2.252311944961548,
            "dev_kl": 0.0026396274224680383,
            "dev_objective": 2.2787082191862282
          },
          {
            "epoch": 110,
            "train_objective": 2.2290337085723877,
            "dev_nll": 2.252017021179199,
            "dev_kl": 0.002653079248848371,
            "dev_objective": 2.278547813667683
          },
          {
            "epoch": 111,
            "train_objective": 2.22898268699646,
            "dev_nll": 2.2517507076263428,
            "dev_kl": 0.002665396373195108,
            "dev_objective": 2.278404671358294
          },
          {
            "epoch": 112,
            "train_objective": 2.228933811187744,
            "dev_nll": 2.251553535461426,
            "dev_kl": 0.0026746311638271435,
            "dev_objective": 2.278299847099697
          },
          {
            "epoch": 113,
            "train_objective": 2.2288856506347656,
            "dev_nll": 2.2513999938964844,
            "dev_kl": 0.0026818971993634476,
            "dev_objective": 2.278218965890119
          },
          {
            "epoch": 114,
            "train_objective": 2.2288386821746826,
            "dev_nll": 2.2512290477752686,
            "dev_kl": 0.0026897659628593827,
            "dev_objective": 2.2781267074038625
          },
          {
            "epoch": 115,
            "train_objective": 2.2287940979003906,
            "dev_nll": 2.2510039806365967,
            "dev_kl": 0.0026994897982513064,
            "dev_objective": 2.2779988786191097
          },
          {
            "epoch": 116,
            "train_objective": 2.2287495136260986,
            "dev_nll": 2.2507500648498535,
            "dev_kl": 0.0027102580065547954,
            "dev_objective": 2.2778526449154013
          },
          {
            "epoch": 117,
            "train_objective": 2.228706121444702,
            "dev_nll": 2.2505228519439697,
            "dev_kl": 0.002719892592722317,
            "dev_objective": 2.277721777871193
          },
          {
            "epoch": 118,
            "train_objective": 2.2286646366119385,
            "dev_nll": 2.2503507137298584,
            "dev_kl": 0.0027271911868592723,
            "dev_objective": 2.2776226255984513
          },
          {
            "epoch": 119,
            "train_objective": 2.228623390197754,
            "dev_nll": 2.2502095699310303,
            "dev_kl": 0.0027332610433222727,
            "dev_objective": 2.277542180364253
          },
          {
            "epoch": 120,
            "train_objective": 2.228583574295044,
            "dev_nll": 2.250051259994507,
            "dev_kl": 0.0027401372631720732,
            "dev_objective": 2.2774526326262277
          },
          {
            "epoch": 121,
            "train_objective": 2.2285451889038086,
            "dev_nll": 2.2498536109924316,
            "dev_kl": 0.002748635344032664,
            "dev_objective": 2.277339964432758
          },
          {
            "epoch": 122,
            "train_objective": 2.2285070419311523,
            "dev_nll": 2.2496423721313477,
            "dev_kl": 0.002757808995229425,
            "dev_objective": 2.277220462083642
          },
          {
            "epoch": 123,
            "train_objective": 2.2284700870513916,
            "dev_nll": 2.249459981918335,
            "dev_kl": 0.0027659819940163287,
            "dev_objective": 2.277119801858498
          },
          {
            "epoch": 124,
            "train_objective": 2.2284343242645264,
            "dev_nll": 2.2493202686309814,
            "dev_kl": 0.00277252255633357,
            "dev_objective": 2.2770454941943172
          },
          {
            "epoch": 125,
            "train_objective": 2.2283987998962402,
            "dev_nll": 2.2491960525512695,
            "dev_kl": 0.002778563131869305,
            "dev_objective": 2.2769816838699626
          },
          {
            "epoch": 126,
            "train_objective": 2.2283642292022705,
            "dev_nll": 2.2490508556365967,
            "dev_kl": 0.002785561519121984,
            "dev_objective": 2.2769064708278166
          },
          {
            "epoch": 127,
            "train_objective": 2.2283308506011963,
            "dev_nll": 2.2488765716552734,
            "dev_kl": 0.0027937578601995483,
            "dev_objective": 2.2768141502572687
          },
          {
            "epoch": 128,
            "train_objective": 2.228297472000122,
            "dev_nll": 2.2487006187438965,
            "dev_kl": 0.0028020915531669745,
            "dev_objective": 2.2767215342755662
          },
          {
            "epoch": 129,
            "train_objective": 2.2282652854919434,
            "dev_nll": 2.2485527992248535,
            "dev_kl": 0.0028092681497219017,
            "dev_objective": 2.2766454807220726
          },
          {
            "epoch": 130,
            "train_objective": 2.228233814239502,
            "dev_nll": 2.2484328746795654,
            "dev_kl": 0.00281521464290563,
            "dev_objective": 2.276585021108622
          },
          {
            "epoch": 131,
            "train_objective": 2.2282023429870605,
            "dev_nll": 2.248314380645752,
            "dev_kl": 0.002821071191574447,
            "dev_objective": 2.2765250925614966
          },
          {
            "epoch": 132,
            "train_objective": 2.228172540664673,
            "dev_nll": 2.2481741905212402,
            "dev_kl": 0.002827771865413524,
            "dev_objective": 2.2764519091753757
          },
          {
            "epoch": 133,
            "train_objective": 2.228142738342285,
            "dev_nll": 2.2480177879333496,
            "dev_kl": 0.0028350694531400224,
            "dev_objective": 2.2763684824647497
          },
          {
            "epoch": 134,
            "train_objective": 2.2281134128570557,
            "dev_nll": 2.2478721141815186,
            "dev_kl": 0.0028419093719276134,
            "dev_objective": 2.276291207900795
          },
          {
            "epoch": 135,
            "train_objective": 2.2280850410461426,
            "dev_nll": 2.247753620147705,
            "dev_kl": 0.002847563322575297,
            "dev_objective": 2.276229253373458
          },
          {
            "epoch": 136,
            "train_objective": 2.2280569076538086,
            "dev_nll": 2.247652053833008,
            "dev_kl": 0.0028525002949754707,
            "dev_objective": 2.2761770567827626
          },
          {
            "epoch": 137,
            "train_objective": 2.228029251098633,
            "dev_nll": 2.2475435733795166,
            "dev_kl": 0.0028577383719675708,
            "dev_objective": 2.2761209570991925
          },
          {
            "epoch": 138,
            "train_objective": 2.2280025482177734,
            "dev_nll": 2.2474193572998047,
            "dev_kl": 0.002863645283796359,
            "dev_objective": 2.2760558101377684
          },
          {
            "epoch": 139,
            "train_objective": 2.227975606918335,
            "dev_nll": 2.247293710708618,
            "dev_kl": 0.002869641230208799,
            "dev_objective": 2.2759901230107062
          },
          {
            "epoch": 140,
            "train_objective": 2.227949619293213,
            "dev_nll": 2.247185707092285,
            "dev_kl": 0.00287489761802135,
            "dev_objective": 2.2759346832724985
          },
          {
            "epoch": 141,
            "train_objective": 2.22792387008667,
            "dev_nll": 2.2470977306365967,
            "dev_kl": 0.0028792751813307405,
            "dev_objective": 2.275890482449904
          },
          {
            "epoch": 142,
            "train_objective": 2.2278988361358643,
            "dev_nll": 2.2470128536224365,
            "dev_kl": 0.0028835008025635033,
            "dev_objective": 2.2758478616480717
          },
          {
            "epoch": 143,
            "train_objective": 2.227874279022217,
            "dev_nll": 2.246915817260742,
            "dev_kl": 0.0028882349947525654,
            "dev_objective": 2.2757981672082677
          },
          {
            "epoch": 144,
            "train_objective": 2.2278501987457275,
            "dev_nll": 2.246809959411621,
            "dev_kl": 0.002893328298086999,
            "dev_objective": 2.2757432423924913
          },
          {
            "epoch": 145,
            "train_objective": 2.2278261184692383,
            "dev_nll": 2.246711015701294,
            "dev_kl": 0.002898118571611121,
            "dev_objective": 2.2756922014174052
          },
          {
            "epoch": 146,
            "train_objective": 2.2278027534484863,
            "dev_nll": 2.246628522872925,
            "dev_kl": 0.002902138520439621,
            "dev_objective": 2.275649908077321
          },
          {
            "epoch": 147,
            "train_objective": 2.2277798652648926,
            "dev_nll": 2.246553897857666,
            "dev_kl": 0.0029057765469769946,
            "dev_objective": 2.275611663327436
          },
          {
            "epoch": 148,
            "train_objective": 2.227757215499878,
            "dev_nll": 2.2464723587036133,
            "dev_kl": 0.0029097048833500593,
            "dev_objective": 2.275569407537114
          },
          {
            "epoch": 149,
            "train_objective": 2.2277348041534424,
            "dev_nll": 2.2463817596435547,
            "dev_kl": 0.0029140674947120714,
            "dev_objective": 2.2755224345906755
          },
          {
            "epoch": 150,
            "train_objective": 2.227712869644165,
            "dev_nll": 2.2462921142578125,
            "dev_kl": 0.0029184067095047793,
            "dev_objective": 2.27547618135286
          },
          {
            "epoch": 151,
            "train_objective": 2.227691411972046,
            "dev_nll": 2.2462148666381836,
            "dev_kl": 0.002922181825560983,
            "dev_objective": 2.2754366848937932
          },
          {
            "epoch": 152,
            "train_objective": 2.2276699542999268,
            "dev_nll": 2.246147632598877,
            "dev_kl": 0.0029255105572519825,
            "dev_objective": 2.2754027381713966
          },
          {
            "epoch": 153,
            "train_objective": 2.227649211883545,
            "dev_nll": 2.246079206466675,
            "dev_kl": 0.002928909790207399,
            "dev_objective": 2.2753683043687487
          },
          {
            "epoch": 154,
            "train_objective": 2.227628707885742,
            "dev_nll": 2.2460029125213623,
            "dev_kl": 0.002932670608133776,
            "dev_objective": 2.2753296186027
          },
          {
            "epoch": 155,
            "train_objective": 2.2276084423065186,
            "dev_nll": 2.245925188064575,
            "dev_kl": 0.0029365149237855805,
            "dev_objective": 2.275290337302431
          },
          {
            "epoch": 156,
            "train_objective": 2.227588653564453,
            "dev_nll": 2.2458558082580566,
            "dev_kl": 0.0029399903205921873,
            "dev_objective": 2.2752557114639784
          },
          {
            "epoch": 157,
            "train_objective": 2.2275688648223877,
            "dev_nll": 2.245795488357544,
            "dev_kl": 0.0029429855567286722,
            "dev_objective": 2.2752253439248307
          },
          {
            "epoch": 158,
            "train_objective": 2.2275495529174805,
            "dev_nll": 2.245736598968506,
            "dev_kl": 0.0029459259983559607,
            "dev_objective": 2.2751958589520656
          },
          {
            "epoch": 159,
            "train_objective": 2.2275307178497314,
            "dev_nll": 2.245671272277832,
            "dev_kl": 0.002949138517433312,
            "dev_objective": 2.275162657452165
          },
          {
            "epoch": 160,
            "train_objective": 2.2275121212005615,
            "dev_nll": 2.245603322982788,
            "dev_kl": 0.0029524833662435412,
            "dev_objective": 2.2751281566452235
          },
          {
            "epoch": 161,
            "train_objective": 2.2274935245513916,
            "dev_nll": 2.245539903640747,
            "dev_kl": 0.002955596216197591,
            "dev_objective": 2.275095865802723
          },
          {
            "epoch": 162,
            "train_objective": 2.227475643157959,
            "dev_nll": 2.2454843521118164,
            "dev_kl": 0.002958326547231991,
            "dev_objective": 2.2750676175841362
          },
          {
            "epoch": 163,
            "train_objective": 2.2274577617645264,
            "dev_nll": 2.2454309463500977,
            "dev_kl": 0.0029609410469129214,
            "dev_objective": 2.275040356819227
          },
          {
            "epoch": 164,
            "train_objective": 2.2274398803710938,
            "dev_nll": 2.245373010635376,
            "dev_kl": 0.00296378105704207,
            "dev_objective": 2.2750108212057967
          },
          {
            "epoch": 165,
            "train_objective": 2.2274229526519775,
            "dev_nll": 2.245311737060547,
            "dev_kl": 0.00296682125350344,
            "dev_objective": 2.2749799495955814
          },
          {
            "epoch": 166,
            "train_objective": 2.2274057865142822,
            "dev_nll": 2.245253801345825,
            "dev_kl": 0.0029697291553020476,
            "dev_objective": 2.2749510928988457
          },
          {
            "epoch": 167,
            "train_objective": 2.227389097213745,
            "dev_nll": 2.24520206451416,
            "dev_kl": 0.0029723215778358282,
            "dev_objective": 2.2749252802925186
          },
          {
            "epoch": 168,
            "train_objective": 2.227372407913208,
            "dev_nll": 2.245152473449707,
            "dev_kl": 0.002974811394960852,
            "dev_objective": 2.2749005873993156
          },
          {
            "epoch": 169,
            "train_objective": 2.227356195449829,
            "dev_nll": 2.2451000213623047,
            "dev_kl": 0.0029774721800640692,
            "dev_objective": 2.2748747431629455
          },
          {
            "epoch": 170,
            "train_objective": 2.2273404598236084,
            "dev_nll": 2.245044469833374,
            "dev_kl": 0.00298033035476692,
            "dev_objective": 2.274847773381043
          },
          {
            "epoch": 171,
            "train_objective": 2.2273244857788086,
            "dev_nll": 2.2449917793273926,
            "dev_kl": 0.0029830621877044907,
            "dev_objective": 2.2748224012044376
          },
          {
            "epoch": 172,
            "train_objective": 2.227309226989746,
            "dev_nll": 2.244943618774414,
            "dev_kl": 0.0029855584929464386,
            "dev_objective": 2.2747992037038784
          },
          {
            "epoch": 173,
            "train_objective": 2.2272939682006836,
            "dev_nll": 2.2448973655700684,
            "dev_kl": 0.0029879263014299796,
            "dev_objective": 2.2747766285843682
          },
          {
            "epoch": 174,
            "train_objective": 2.2272789478302,
            "dev_nll": 2.2448487281799316,
            "dev_kl": 0.002990445566829294,
            "dev_objective": 2.2747531838482247
          },
          {
            "epoch": 175,
            "train_objective": 2.227264165878296,
            "dev_nll": 2.244797468185425,
            "dev_kl": 0.0029930729445186446,
            "dev_objective": 2.274728197630611
          },
          {
            "epoch": 176,
            "train_objective": 2.2272496223449707,
            "dev_nll": 2.2447478771209717,
            "dev_kl": 0.002995629726938205,
            "dev_objective": 2.2747041743903536
          },
          {
            "epoch": 177,
            "train_objective": 2.2272353172302246,
            "dev_nll": 2.244701862335205,
            "dev_kl": 0.0029979663633275776,
            "dev_objective": 2.274681525968481
          },
          {
            "epoch": 178,
            "train_objective": 2.2272212505340576,
            "dev_nll": 2.244657516479492,
            "dev_kl": 0.0030002347347908654,
            "dev_objective": 2.274659863827401
          },
          {
            "epoch": 179,
            "train_objective": 2.2272071838378906,
            "dev_nll": 2.2446112632751465,
            "dev_kl": 0.0030026248458307238,
            "dev_objective": 2.2746375117334536
          },
          {
            "epoch": 180,
            "train_objective": 2.227193593978882,
            "dev_nll": 2.244563102722168,
            "dev_kl": 0.003005119678855408,
            "dev_objective": 2.274614299510722
          },
          {
            "epoch": 181,
            "train_objective": 2.227180242538452,
            "dev_nll": 2.2445168495178223,
            "dev_kl": 0.003007558159006294,
            "dev_objective": 2.274592431107885
          },
          {
            "epoch": 182,
            "train_objective": 2.2271668910980225,
            "dev_nll": 2.2444732189178467,
            "dev_kl": 0.003009843144827755,
            "dev_objective": 2.2745716503661244
          },
          {
            "epoch": 183,
            "train_objective": 2.227154016494751,
            "dev_nll": 2.2444305419921875,
            "dev_kl": 0.0030120765932952053,
            "dev_objective": 2.2745513079251394
          },
          {
            "epoch": 184,
            "train_objective": 2.2271409034729004,
            "dev_nll": 2.2443861961364746,
            "dev_kl": 0.0030144418569398113,
            "dev_objective": 2.274530614705873
          },
          {
            "epoch": 185,
            "train_objective": 2.227128505706787,
            "dev_nll": 2.244340419769287,
            "dev_kl": 0.0030168876427342185,
            "dev_objective": 2.274509296196629
          },
          {
            "epoch": 186,
            "train_objective": 2.2271158695220947,
            "dev_nll": 2.2442963123321533,
            "dev_kl": 0.003019270009244792,
            "dev_objective": 2.2744890124246013
          },
          {
            "epoch": 187,
            "train_objective": 2.2271037101745605,
            "dev_nll": 2.2442541122436523,
            "dev_kl": 0.003021526796510443,
            "dev_objective": 2.2744693802087568
          },
          {
            "epoch": 188,
            "train_objective": 2.2270915508270264,
            "dev_nll": 2.2442123889923096,
            "dev_kl": 0.003023777798807714,
            "dev_objective": 2.2744501669803867
          },
          {
            "epoch": 189,
            "train_objective": 2.2270798683166504,
            "dev_nll": 2.244169235229492,
            "dev_kl": 0.003026117779663764,
            "dev_objective": 2.27443041302613
          },
          {
            "epoch": 190,
            "train_objective": 2.2270684242248535,
            "dev_nll": 2.2441253662109375,
            "dev_kl": 0.003028518518403871,
            "dev_objective": 2.2744105513949764
          },
          {
            "epoch": 191,
            "train_objective": 2.2270567417144775,
            "dev_nll": 2.2440826892852783,
            "dev_kl": 0.0030308376462198795,
            "dev_objective": 2.2743910657474773
          },
          {
            "epoch": 192,
            "train_objective": 2.2270452976226807,
            "dev_nll": 2.244041681289673,
            "dev_kl": 0.0030330669952672905,
            "dev_objective": 2.274372351242346
          },
          {
            "epoch": 193,
            "train_objective": 2.227034091949463,
            "dev_nll": 2.2440006732940674,
            "dev_kl": 0.003035317434114404,
            "dev_objective": 2.2743538476352114
          },
          {
            "epoch": 194,
            "train_objective": 2.227023124694824,
            "dev_nll": 2.2439587116241455,
            "dev_kl": 0.003037635816144757,
            "dev_objective": 2.274335069785593
          },
          {
            "epoch": 195,
            "train_objective": 2.2270126342773438,
            "dev_nll": 2.2439165115356445,
            "dev_kl": 0.00303998380099074,
            "dev_objective": 2.274316349545552
          },
          {
            "epoch": 196,
            "train_objective": 2.227001428604126,
            "dev_nll": 2.243875503540039,
            "dev_kl": 0.003042268983263057,
            "dev_objective": 2.27429819337267
          },
          {
            "epoch": 197,
            "train_objective": 2.2269911766052246,
            "dev_nll": 2.243835926055908,
            "dev_kl": 0.003044489957683254,
            "dev_objective": 2.274280825632741
          },
          {
            "epoch": 198,
            "train_objective": 2.2269809246063232,
            "dev_nll": 2.243795871734619,
            "dev_kl": 0.0030467266371124423,
            "dev_objective": 2.2742631381057437
          },
          {
            "epoch": 199,
            "train_objective": 2.226970672607422,
            "dev_nll": 2.2437546253204346,
            "dev_kl": 0.0030490556068252773,
            "dev_objective": 2.2742451813886873
          },
          {
            "epoch": 200,
            "train_objective": 2.226961135864258,
            "dev_nll": 2.2437140941619873,
            "dev_kl": 0.003051373138150666,
            "dev_objective": 2.274227825543494
          },
          {
            "epoch": 201,
            "train_objective": 2.2269511222839355,
            "dev_nll": 2.2436745166778564,
            "dev_kl": 0.0030536078197474126,
            "dev_objective": 2.2742105948753304
          },
          {
            "epoch": 202,
            "train_objective": 2.2269413471221924,
            "dev_nll": 2.243635654449463,
            "dev_kl": 0.0030558268036111258,
            "dev_objective": 2.274193922485574
          },
          {
            "epoch": 203,
            "train_objective": 2.226931571960449,
            "dev_nll": 2.243596076965332,
            "dev_kl": 0.0030580714669486042,
            "dev_objective": 2.274176791634818
          },
          {
            "epoch": 204,
            "train_objective": 2.2269222736358643,
            "dev_nll": 2.243556261062622,
            "dev_kl": 0.0030603863339638336,
            "dev_objective": 2.2741601244022602
          },
          {
            "epoch": 205,
            "train_objective": 2.2269129753112793,
            "dev_nll": 2.243516683578491,
            "dev_kl": 0.003062654511159053,
            "dev_objective": 2.2741432286900816
          },
          {
            "epoch": 206,
            "train_objective": 2.2269039154052734,
            "dev_nll": 2.2434780597686768,
            "dev_kl": 0.0030648878987994976,
            "dev_objective": 2.274126938756672
          },
          {
            "epoch": 207,
            "train_objective": 2.2268948554992676,
            "dev_nll": 2.2434399127960205,
            "dev_kl": 0.003067104219517205,
            "dev_objective": 2.2741109549911926
          },
          {
            "epoch": 208,
            "train_objective": 2.22688627243042,
            "dev_nll": 2.243401288986206,
            "dev_kl": 0.003069364875846077,
            "dev_objective": 2.2740949377446666
          },
          {
            "epoch": 209,
            "train_objective": 2.226877212524414,
            "dev_nll": 2.2433621883392334,
            "dev_kl": 0.003071645688614808,
            "dev_objective": 2.2740786452253814
          },
          {
            "epoch": 210,
            "train_objective": 2.2268688678741455,
            "dev_nll": 2.243324041366577,
            "dev_kl": 0.0030738763435510918,
            "dev_objective": 2.274062804802088
          },
          {
            "epoch": 211,
            "train_objective": 2.226860523223877,
            "dev_nll": 2.2432868480682373,
            "dev_kl": 0.0030760805055615494,
            "dev_objective": 2.2740476531238527
          },
          {
            "epoch": 212,
            "train_objective": 2.2268521785736084,
            "dev_nll": 2.2432494163513184,
            "dev_kl": 0.0030782953662856017,
            "dev_objective": 2.2740323700141745
          },
          {
            "epoch": 213,
            "train_objective": 2.226844072341919,
            "dev_nll": 2.2432117462158203,
            "dev_kl": 0.0030805315387260634,
            "dev_objective": 2.274017061603081
          },
          {
            "epoch": 214,
            "train_objective": 2.2268359661102295,
            "dev_nll": 2.2431743144989014,
            "dev_kl": 0.0030827811453491448,
            "dev_objective": 2.274002125952393
          },
          {
            "epoch": 215,
            "train_objective": 2.22682785987854,
            "dev_nll": 2.2431375980377197,
            "dev_kl": 0.003084972836077213,
            "dev_objective": 2.2739873263984918
          },
          {
            "epoch": 216,
            "train_objective": 2.226820468902588,
            "dev_nll": 2.243101119995117,
            "dev_kl": 0.0030871539092913736,
            "dev_objective": 2.273972659088031
          },
          {
            "epoch": 217,
            "train_objective": 2.2268126010894775,
            "dev_nll": 2.2430646419525146,
            "dev_kl": 0.00308935699169524,
            "dev_objective": 2.2739582118694672
          },
          {
            "epoch": 218,
            "train_objective": 2.2268049716949463,
            "dev_nll": 2.243027925491333,
            "dev_kl": 0.0030915570390061477,
            "dev_objective": 2.2739434958813947
          },
          {
            "epoch": 219,
            "train_objective": 2.226797342300415,
            "dev_nll": 2.2429919242858887,
            "dev_kl": 0.003093753021385055,
            "dev_objective": 2.273929454499739
          },
          {
            "epoch": 220,
            "train_objective": 2.226790189743042,
            "dev_nll": 2.2429561614990234,
            "dev_kl": 0.003095915802696254,
            "dev_objective": 2.273915319525986
          },
          {
            "epoch": 221,
            "train_objective": 2.226783037185669,
            "dev_nll": 2.2429208755493164,
            "dev_kl": 0.003098061085620429,
            "dev_objective": 2.2739014864055207
          },
          {
            "epoch": 222,
            "train_objective": 2.226775646209717,
            "dev_nll": 2.242885112762451,
            "dev_kl": 0.00310025506420061,
            "dev_objective": 2.2738876634044574
          },
          {
            "epoch": 223,
            "train_objective": 2.226768732070923,
            "dev_nll": 2.242849588394165,
            "dev_kl": 0.003102425284014316,
            "dev_objective": 2.273873841234308
          },
          {
            "epoch": 224,
            "train_objective": 2.22676157951355,
            "dev_nll": 2.242814779281616,
            "dev_kl": 0.0031045678607188164,
            "dev_objective": 2.273860457888804
          },
          {
            "epoch": 225,
            "train_objective": 2.226754903793335,
            "dev_nll": 2.2427802085876465,
            "dev_kl": 0.003106692743021995,
            "dev_objective": 2.2738471360178663
          },
          {
            "epoch": 226,
            "train_objective": 2.22674822807312,
            "dev_nll": 2.2427456378936768,
            "dev_kl": 0.003108833957958268,
            "dev_objective": 2.2738339774732594
          },
          {
            "epoch": 227,
            "train_objective": 2.2267417907714844,
            "dev_nll": 2.242711305618286,
            "dev_kl": 0.003110973641742021,
            "dev_objective": 2.2738210420357063
          },
          {
            "epoch": 228,
            "train_objective": 2.2267348766326904,
            "dev_nll": 2.2426772117614746,
            "dev_kl": 0.0031130822777049615,
            "dev_objective": 2.2738080345385243
          },
          {
            "epoch": 229,
            "train_objective": 2.2267284393310547,
            "dev_nll": 2.2426438331604004,
            "dev_kl": 0.0031151771693839693,
            "dev_objective": 2.2737956048542403
          },
          {
            "epoch": 230,
            "train_objective": 2.226722002029419,
            "dev_nll": 2.242610216140747,
            "dev_kl": 0.003117258869751822,
            "dev_objective": 2.273782804838265
          },
          {
            "epoch": 231,
            "train_objective": 2.2267160415649414,
            "dev_nll": 2.242576837539673,
            "dev_kl": 0.003119359395059291,
            "dev_objective": 2.2737704314902656
          },
          {
            "epoch": 232,
            "train_objective": 2.2267098426818848,
            "dev_nll": 2.2425436973571777,
            "dev_kl": 0.0031214368299697526,
            "dev_objective": 2.2737580656568754
          },
          {
            "epoch": 233,
            "train_objective": 2.2267038822174072,
            "dev_nll": 2.242511034011841,
            "dev_kl": 0.0031235023640329017,
            "dev_objective": 2.2737460576521697
          },
          {
            "epoch": 234,
            "train_objective": 2.2266979217529297,
            "dev_nll": 2.242478847503662,
            "dev_kl": 0.0031255495712684935,
            "dev_objective": 2.273734343216347
          },
          {
            "epoch": 235,
            "train_objective": 2.226691722869873,
            "dev_nll": 2.2424464225769043,
            "dev_kl": 0.003127591306110844,
            "dev_objective": 2.2737223356380127
          },
          {
            "epoch": 236,
            "train_objective": 2.2266860008239746,
            "dev_nll": 2.2424142360687256,
            "dev_kl": 0.0031296469546214212,
            "dev_objective": 2.2737107056149397
          },
          {
            "epoch": 237,
            "train_objective": 2.226680040359497,
            "dev_nll": 2.242382526397705,
            "dev_kl": 0.0031316659640287983,
            "dev_objective": 2.273699186037993
          },
          {
            "epoch": 238,
            "train_objective": 2.226674795150757,
            "dev_nll": 2.2423512935638428,
            "dev_kl": 0.0031336673127952963,
            "dev_objective": 2.2736879666917957
          },
          {
            "epoch": 239,
            "train_objective": 2.2266690731048584,
            "dev_nll": 2.2423200607299805,
            "dev_kl": 0.00313566794997314,
            "dev_objective": 2.273676740229712
          },
          {
            "epoch": 240,
            "train_objective": 2.226663589477539,
            "dev_nll": 2.242288589477539,
            "dev_kl": 0.0031376730362535454,
            "dev_objective": 2.2736653198400747
          },
          {
            "epoch": 241,
            "train_objective": 2.2266581058502197,
            "dev_nll": 2.242258071899414,
            "dev_kl": 0.0031396404810948297,
            "dev_objective": 2.2736544767103624
          },
          {
            "epoch": 242,
            "train_objective": 2.2266526222229004,
            "dev_nll": 2.242227792739868,
            "dev_kl": 0.0031416020495817066,
            "dev_objective": 2.2736438132356853
          },
          {
            "epoch": 243,
            "train_objective": 2.22664737701416,
            "dev_nll": 2.242197275161743,
            "dev_kl": 0.0031435672371299007,
            "dev_objective": 2.2736329475330423
          },
          {
            "epoch": 244,
            "train_objective": 2.22664213180542,
            "dev_nll": 2.2421669960021973,
            "dev_kl": 0.0031455250218277797,
            "dev_objective": 2.273622246220475
          },
          {
            "epoch": 245,
            "train_objective": 2.226637125015259,
            "dev_nll": 2.2421371936798096,
            "dev_kl": 0.003147463501081802,
            "dev_objective": 2.2736118286906275
          },
          {
            "epoch": 246,
            "train_objective": 2.2266321182250977,
            "dev_nll": 2.242107629776001,
            "dev_kl": 0.0031493769348890054,
            "dev_objective": 2.273601399124891
          },
          {
            "epoch": 247,
            "train_objective": 2.2266268730163574,
            "dev_nll": 2.2420783042907715,
            "dev_kl": 0.003151288384542568,
            "dev_objective": 2.273591188136197
          },
          {
            "epoch": 248,
            "train_objective": 2.2266218662261963,
            "dev_nll": 2.2420494556427,
            "dev_kl": 0.0031531923127477057,
            "dev_objective": 2.273581378770177
          },
          {
            "epoch": 249,
            "train_objective": 2.2266170978546143,
            "dev_nll": 2.24202036857605,
            "dev_kl": 0.0031550786580191925,
            "dev_objective": 2.2735711551562416
          },
          {
            "epoch": 250,
            "train_objective": 2.226612091064453,
            "dev_nll": 2.2419919967651367,
            "dev_kl": 0.0031569530720298644,
            "dev_objective": 2.2735615274854353
          },
          {
            "epoch": 251,
            "train_objective": 2.226607322692871,
            "dev_nll": 2.2419636249542236,
            "dev_kl": 0.0031588153162738306,
            "dev_objective": 2.273551778116962
          },
          {
            "epoch": 252,
            "train_objective": 2.226602792739868,
            "dev_nll": 2.2419354915618896,
            "dev_kl": 0.003160674847458722,
            "dev_objective": 2.273542240036477
          },
          {
            "epoch": 253,
            "train_objective": 2.2265982627868652,
            "dev_nll": 2.2419075965881348,
            "dev_kl": 0.003162513265560847,
            "dev_objective": 2.273532729243743
          },
          {
            "epoch": 254,
            "train_objective": 2.2265937328338623,
            "dev_nll": 2.241879463195801,
            "dev_kl": 0.003164339640934486,
            "dev_objective": 2.2735228596051456
          },
          {
            "epoch": 255,
            "train_objective": 2.2265892028808594,
            "dev_nll": 2.2418525218963623,
            "dev_kl": 0.003166153098864015,
            "dev_objective": 2.2735140528850026
          },
          {
            "epoch": 256,
            "train_objective": 2.2265846729278564,
            "dev_nll": 2.2418253421783447,
            "dev_kl": 0.003167947393958457,
            "dev_objective": 2.273504816117929
          },
          {
            "epoch": 257,
            "train_objective": 2.2265801429748535,
            "dev_nll": 2.241798162460327,
            "dev_kl": 0.003169741121819243,
            "dev_objective": 2.2734955736785194
          },
          {
            "epoch": 258,
            "train_objective": 2.2265758514404297,
            "dev_nll": 2.2417714595794678,
            "dev_kl": 0.0031715338231879287,
            "dev_objective": 2.273486797811347
          },
          {
            "epoch": 259,
            "train_objective": 2.226571559906006,
            "dev_nll": 2.2417449951171875,
            "dev_kl": 0.0031732839746109677,
            "dev_objective": 2.2734778348632974
          },
          {
            "epoch": 260,
            "train_objective": 2.226567506790161,
            "dev_nll": 2.2417187690734863,
            "dev_kl": 0.0031750233052298426,
            "dev_objective": 2.273469002125785
          },
          {
            "epoch": 261,
            "train_objective": 2.226562976837158,
            "dev_nll": 2.2416927814483643,
            "dev_kl": 0.003176771296566585,
            "dev_objective": 2.27346049441403
          },
          {
            "epoch": 262,
            "train_objective": 2.2265589237213135,
            "dev_nll": 2.241666793823242,
            "dev_kl": 0.0031785107837640682,
            "dev_objective": 2.273451901660883
          },
          {
            "epoch": 263,
            "train_objective": 2.2265546321868896,
            "dev_nll": 2.2416412830352783,
            "dev_kl": 0.003180223350354936,
            "dev_objective": 2.2734435165388276
          },
          {
            "epoch": 264,
            "train_objective": 2.226550817489624,
            "dev_nll": 2.2416160106658936,
            "dev_kl": 0.0031819280455238188,
            "dev_objective": 2.2734352911211317
          },
          {
            "epoch": 265,
            "train_objective": 2.2265465259552,
            "dev_nll": 2.241590976715088,
            "dev_kl": 0.0031836145320266952,
            "dev_objective": 2.273427122035355
          },
          {
            "epoch": 266,
            "train_objective": 2.2265427112579346,
            "dev_nll": 2.2415659427642822,
            "dev_kl": 0.0031852911433088594,
            "dev_objective": 2.273418854197371
          },
          {
            "epoch": 267,
            "train_objective": 2.2265384197235107,
            "dev_nll": 2.2415413856506348,
            "dev_kl": 0.003186952771502547,
            "dev_objective": 2.27341091336566
          },
          {
            "epoch": 268,
            "train_objective": 2.226534605026245,
            "dev_nll": 2.2415168285369873,
            "dev_kl": 0.0031886064287391493,
            "dev_objective": 2.273402892824379
          },
          {
            "epoch": 269,
            "train_objective": 2.2265310287475586,
            "dev_nll": 2.241492509841919,
            "dev_kl": 0.003190253105130978,
            "dev_objective": 2.2733950408932286
          },
          {
            "epoch": 270,
            "train_objective": 2.226527214050293,
            "dev_nll": 2.2414684295654297,
            "dev_kl": 0.0031918900225718972,
            "dev_objective": 2.2733873297911487
          },
          {
            "epoch": 271,
            "train_objective": 2.2265236377716064,
            "dev_nll": 2.2414443492889404,
            "dev_kl": 0.0031935114751104267,
            "dev_objective": 2.273379464040045
          },
          {
            "epoch": 272,
            "train_objective": 2.2265195846557617,
            "dev_nll": 2.2414209842681885,
            "dev_kl": 0.003195109209918883,
            "dev_objective": 2.2733720763673775
          },
          {
            "epoch": 273,
            "train_objective": 2.226516008377075,
            "dev_nll": 2.2413973808288574,
            "dev_kl": 0.0031966957957774867,
            "dev_objective": 2.2733643387866325
          },
          {
            "epoch": 274,
            "train_objective": 2.2265121936798096,
            "dev_nll": 2.2413744926452637,
            "dev_kl": 0.0031982851139036937,
            "dev_objective": 2.2733573437843004
          },
          {
            "epoch": 275,
            "train_objective": 2.226508617401123,
            "dev_nll": 2.2413511276245117,
            "dev_kl": 0.0031998495462175923,
            "dev_objective": 2.2733496230866876
          },
          {
            "epoch": 276,
            "train_objective": 2.2265050411224365,
            "dev_nll": 2.241328239440918,
            "dev_kl": 0.003201391110633267,
            "dev_objective": 2.2733421505472506
          },
          {
            "epoch": 277,
            "train_objective": 2.22650146484375,
            "dev_nll": 2.2413055896759033,
            "dev_kl": 0.003202940764313098,
            "dev_objective": 2.273334997319034
          },
          {
            "epoch": 278,
            "train_objective": 2.2264983654022217,
            "dev_nll": 2.2412831783294678,
            "dev_kl": 0.003204479384003207,
            "dev_objective": 2.2733279721694997
          },
          {
            "epoch": 279,
            "train_objective": 2.226494312286377,
            "dev_nll": 2.2412607669830322,
            "dev_kl": 0.0032059943288913926,
            "dev_objective": 2.273320710271946
          },
          {
            "epoch": 280,
            "train_objective": 2.2264909744262695,
            "dev_nll": 2.241238832473755,
            "dev_kl": 0.003207500640855869,
            "dev_objective": 2.2733138388823138
          },
          {
            "epoch": 281,
            "train_objective": 2.226487636566162,
            "dev_nll": 2.2412171363830566,
            "dev_kl": 0.0032089941496087704,
            "dev_objective": 2.2733070778791444
          },
          {
            "epoch": 282,
            "train_objective": 2.2264842987060547,
            "dev_nll": 2.2411954402923584,
            "dev_kl": 0.0032104813228943387,
            "dev_objective": 2.2733002535213016
          },
          {
            "epoch": 283,
            "train_objective": 2.2264809608459473,
            "dev_nll": 2.24117374420166,
            "dev_kl": 0.0032119522530410904,
            "dev_objective": 2.273293266732071
          },
          {
            "epoch": 284,
            "train_objective": 2.2264773845672607,
            "dev_nll": 2.24115252494812,
            "dev_kl": 0.0032134201032749843,
            "dev_objective": 2.27328672598087
          },
          {
            "epoch": 285,
            "train_objective": 2.2264742851257324,
            "dev_nll": 2.24113130569458,
            "dev_kl": 0.003214859296131181,
            "dev_objective": 2.273279898655892
          },
          {
            "epoch": 286,
            "train_objective": 2.226471185684204,
            "dev_nll": 2.2411105632781982,
            "dev_kl": 0.003216299338382669,
            "dev_objective": 2.273273556662025
          },
          {
            "epoch": 287,
            "train_objective": 2.2264678478240967,
            "dev_nll": 2.2410895824432373,
            "dev_kl": 0.0032177348870027346,
            "dev_objective": 2.2732669313132647
          },
          {
            "epoch": 288,
            "train_objective": 2.2264647483825684,
            "dev_nll": 2.2410690784454346,
            "dev_kl": 0.0032191419147420673,
            "dev_objective": 2.2732604975928554
          },
          {
            "epoch": 289,
            "train_objective": 2.226461172103882,
            "dev_nll": 2.241048812866211,
            "dev_kl": 0.003220550052355975,
            "dev_objective": 2.2732543133897707
          },
          {
            "epoch": 290,
            "train_objective": 2.2264583110809326,
            "dev_nll": 2.241028308868408,
            "dev_kl": 0.0032219407861703076,
            "dev_objective": 2.2732477167301113
          },
          {
            "epoch": 291,
            "train_objective": 2.2264552116394043,
            "dev_nll": 2.2410085201263428,
            "dev_kl": 0.0032233137146977244,
            "dev_objective": 2.27324165727332
          },
          {
            "epoch": 292,
            "train_objective": 2.226451873779297,
            "dev_nll": 2.2409884929656982,
            "dev_kl": 0.0032246721709088886,
            "dev_objective": 2.273235214674787
          },
          {
            "epoch": 293,
            "train_objective": 2.2264487743377686,
            "dev_nll": 2.240968704223633,
            "dev_kl": 0.0032260589630459437,
            "dev_objective": 2.2732292938540923
          },
          {
            "epoch": 294,
            "train_objective": 2.2264459133148193,
            "dev_nll": 2.2409491539001465,
            "dev_kl": 0.0032273992673435715,
            "dev_objective": 2.2732231465735824
          },
          {
            "epoch": 295,
            "train_objective": 2.226442813873291,
            "dev_nll": 2.24092960357666,
            "dev_kl": 0.003228731008421164,
            "dev_objective": 2.273216913660872
          },
          {
            "epoch": 296,
            "train_objective": 2.2264397144317627,
            "dev_nll": 2.240910530090332,
            "dev_kl": 0.003230060536734527,
            "dev_objective": 2.2732111354576774
          },
          {
            "epoch": 297,
            "train_objective": 2.2264368534088135,
            "dev_nll": 2.240891456604004,
            "dev_kl": 0.0032313769987376874,
            "dev_objective": 2.2732052265913807
          },
          {
            "epoch": 298,
            "train_objective": 2.226433753967285,
            "dev_nll": 2.240872383117676,
            "dev_kl": 0.003232699571235571,
            "dev_objective": 2.2731993788300313
          },
          {
            "epoch": 299,
            "train_objective": 2.226430654525757,
            "dev_nll": 2.2408535480499268,
            "dev_kl": 0.003233994964539306,
            "dev_objective": 2.2731934976953196
          }
        ]
      }
    ],
    "constrained_stage_calibration_head": {
      "kl_lambda": 3.0,
      "best_dev_nll": 2.1458165645599365,
      "best_dev_kl": 0.020794839658847195,
      "best_dev_objective": 2.208201083536478,
      "epochs_run": 234,
      "history": [
        {
          "epoch": 0,
          "train_objective": 2.3096671104431152,
          "dev_nll": 2.3174326419830322,
          "dev_kl": 0.0001129896752172499,
          "dev_objective": 2.317771611008684
        },
        {
          "epoch": 1,
          "train_objective": 2.3060145378112793,
          "dev_nll": 2.316328525543213,
          "dev_kl": 0.00032593298390565906,
          "dev_objective": 2.31730632449493
        },
        {
          "epoch": 2,
          "train_objective": 2.303065061569214,
          "dev_nll": 2.314361333847046,
          "dev_kl": 0.00042196962938760406,
          "dev_objective": 2.315627242735209
        },
        {
          "epoch": 3,
          "train_objective": 2.3001885414123535,
          "dev_nll": 2.3117425441741943,
          "dev_kl": 0.0004245130452909507,
          "dev_objective": 2.313016083310067
        },
        {
          "epoch": 4,
          "train_objective": 2.2972869873046875,
          "dev_nll": 2.308830499649048,
          "dev_kl": 0.00041784188579185866,
          "dev_objective": 2.3100840253064234
        },
        {
          "epoch": 5,
          "train_objective": 2.294494390487671,
          "dev_nll": 2.3059401512145996,
          "dev_kl": 0.0004471665608798503,
          "dev_objective": 2.3072816508972394
        },
        {
          "epoch": 6,
          "train_objective": 2.2918365001678467,
          "dev_nll": 2.3032381534576416,
          "dev_kl": 0.0005084728719884879,
          "dev_objective": 2.304763572073607
        },
        {
          "epoch": 7,
          "train_objective": 2.289222002029419,
          "dev_nll": 2.3007471561431885,
          "dev_kl": 0.0005951317770814058,
          "dev_objective": 2.3025325514744326
        },
        {
          "epoch": 8,
          "train_objective": 2.286618947982788,
          "dev_nll": 2.2984447479248047,
          "dev_kl": 0.0007125123614241602,
          "dev_objective": 2.300582285009077
        },
        {
          "epoch": 9,
          "train_objective": 2.284065008163452,
          "dev_nll": 2.2962889671325684,
          "dev_kl": 0.000865300387958996,
          "dev_objective": 2.2988848682964456
        },
        {
          "epoch": 10,
          "train_objective": 2.2816057205200195,
          "dev_nll": 2.294205904006958,
          "dev_kl": 0.0010466311208438127,
          "dev_objective": 2.2973457973694895
        },
        {
          "epoch": 11,
          "train_objective": 2.2792563438415527,
          "dev_nll": 2.292104721069336,
          "dev_kl": 0.001236306736827828,
          "dev_objective": 2.2958136412798194
        },
        {
          "epoch": 12,
          "train_objective": 2.276989221572876,
          "dev_nll": 2.289918899536133,
          "dev_kl": 0.0014141314307926222,
          "dev_objective": 2.2941612938285108
        },
        {
          "epoch": 13,
          "train_objective": 2.2747621536254883,
          "dev_nll": 2.287639617919922,
          "dev_kl": 0.001574805328855291,
          "dev_objective": 2.292364033906488
        },
        {
          "epoch": 14,
          "train_objective": 2.2725627422332764,
          "dev_nll": 2.285301446914673,
          "dev_kl": 0.0017268847057130188,
          "dev_objective": 2.2904821010318117
        },
        {
          "epoch": 15,
          "train_objective": 2.2704102993011475,
          "dev_nll": 2.282959222793579,
          "dev_kl": 0.0018827334816160146,
          "dev_objective": 2.2886074232384273
        },
        {
          "epoch": 16,
          "train_objective": 2.268331289291382,
          "dev_nll": 2.280665874481201,
          "dev_kl": 0.0020505347213475036,
          "dev_objective": 2.2868174786452435
        },
        {
          "epoch": 17,
          "train_objective": 2.2663345336914062,
          "dev_nll": 2.2784624099731445,
          "dev_kl": 0.002231471869745292,
          "dev_objective": 2.2851568255823804
        },
        {
          "epoch": 18,
          "train_objective": 2.264406442642212,
          "dev_nll": 2.276362657546997,
          "dev_kl": 0.0024221320191281847,
          "dev_objective": 2.2836290536043817
        },
        {
          "epoch": 19,
          "train_objective": 2.262526512145996,
          "dev_nll": 2.2743546962738037,
          "dev_kl": 0.0026187728092190807,
          "dev_objective": 2.282211014701461
        },
        {
          "epoch": 20,
          "train_objective": 2.260683536529541,
          "dev_nll": 2.2724077701568604,
          "dev_kl": 0.0028191829241404776,
          "dev_objective": 2.2808653189292816
        },
        {
          "epoch": 21,
          "train_objective": 2.258882761001587,
          "dev_nll": 2.2704813480377197,
          "dev_kl": 0.003021145067177713,
          "dev_objective": 2.279544783239253
        },
        {
          "epoch": 22,
          "train_objective": 2.2571334838867188,
          "dev_nll": 2.268536329269409,
          "dev_kl": 0.003220594460144639,
          "dev_objective": 2.278198112649843
        },
        {
          "epoch": 23,
          "train_objective": 2.255439519882202,
          "dev_nll": 2.2665462493896484,
          "dev_kl": 0.00341212658182485,
          "dev_objective": 2.276782629135123
        },
        {
          "epoch": 24,
          "train_objective": 2.2537968158721924,
          "dev_nll": 2.2645063400268555,
          "dev_kl": 0.003591921419138089,
          "dev_objective": 2.27528210428427
        },
        {
          "epoch": 25,
          "train_objective": 2.2521989345550537,
          "dev_nll": 2.2624382972717285,
          "dev_kl": 0.0037602808250812815,
          "dev_objective": 2.2737191397469725
        },
        {
          "epoch": 26,
          "train_objective": 2.2506422996520996,
          "dev_nll": 2.260383367538452,
          "dev_kl": 0.003921453790680971,
          "dev_objective": 2.272147728910495
        },
        {
          "epoch": 27,
          "train_objective": 2.2491278648376465,
          "dev_nll": 2.2583887577056885,
          "dev_kl": 0.004081068538362161,
          "dev_objective": 2.270631963320775
        },
        {
          "epoch": 28,
          "train_objective": 2.247655153274536,
          "dev_nll": 2.2564918994903564,
          "dev_kl": 0.004243797201197595,
          "dev_objective": 2.269223291093949
        },
        {
          "epoch": 29,
          "train_objective": 2.2462222576141357,
          "dev_nll": 2.254709243774414,
          "dev_kl": 0.004412260156241246,
          "dev_objective": 2.267946024243138
        },
        {
          "epoch": 30,
          "train_objective": 2.2448253631591797,
          "dev_nll": 2.253032922744751,
          "dev_kl": 0.004586959375883453,
          "dev_objective": 2.266793800872401
        },
        {
          "epoch": 31,
          "train_objective": 2.243464469909668,
          "dev_nll": 2.2514328956604004,
          "dev_kl": 0.004766246843209956,
          "dev_objective": 2.26573163619003
        },
        {
          "epoch": 32,
          "train_objective": 2.242141008377075,
          "dev_nll": 2.2498672008514404,
          "dev_kl": 0.004946346216602251,
          "dev_objective": 2.264706239501247
        },
        {
          "epoch": 33,
          "train_objective": 2.240854501724243,
          "dev_nll": 2.24829363822937,
          "dev_kl": 0.005122142926848028,
          "dev_objective": 2.2636600670099143
        },
        {
          "epoch": 34,
          "train_objective": 2.23960018157959,
          "dev_nll": 2.2466835975646973,
          "dev_kl": 0.005289396900043358,
          "dev_objective": 2.2625517882648274
        },
        {
          "epoch": 35,
          "train_objective": 2.2383739948272705,
          "dev_nll": 2.2450318336486816,
          "dev_kl": 0.005446571153879631,
          "dev_objective": 2.2613715471103206
        },
        {
          "epoch": 36,
          "train_objective": 2.2371721267700195,
          "dev_nll": 2.2433555126190186,
          "dev_kl": 0.005595518185873516,
          "dev_objective": 2.260142067176639
        },
        {
          "epoch": 37,
          "train_objective": 2.2359964847564697,
          "dev_nll": 2.2416892051696777,
          "dev_kl": 0.005740185113972984,
          "dev_objective": 2.258909760511597
        },
        {
          "epoch": 38,
          "train_objective": 2.234848976135254,
          "dev_nll": 2.2400705814361572,
          "dev_kl": 0.00588454739714507,
          "dev_objective": 2.2577242236275925
        },
        {
          "epoch": 39,
          "train_objective": 2.2337284088134766,
          "dev_nll": 2.2385289669036865,
          "dev_kl": 0.00603122693952173,
          "dev_objective": 2.2566226477222515
        },
        {
          "epoch": 40,
          "train_objective": 2.2326302528381348,
          "dev_nll": 2.237076759338379,
          "dev_kl": 0.006180897755548358,
          "dev_objective": 2.255619452605024
        },
        {
          "epoch": 41,
          "train_objective": 2.2315514087677,
          "dev_nll": 2.2357048988342285,
          "dev_kl": 0.006332585927739273,
          "dev_objective": 2.254702656617446
        },
        {
          "epoch": 42,
          "train_objective": 2.230490207672119,
          "dev_nll": 2.2343881130218506,
          "dev_kl": 0.0064838090375997125,
          "dev_objective": 2.2538395401346496
        },
        {
          "epoch": 43,
          "train_objective": 2.229448080062866,
          "dev_nll": 2.2330946922302246,
          "dev_kl": 0.006631220209528692,
          "dev_objective": 2.252988352858811
        },
        {
          "epoch": 44,
          "train_objective": 2.2284250259399414,
          "dev_nll": 2.2317962646484375,
          "dev_kl": 0.0067716639954596754,
          "dev_objective": 2.2521112566348167
        },
        {
          "epoch": 45,
          "train_objective": 2.227419376373291,
          "dev_nll": 2.2304763793945312,
          "dev_kl": 0.006903577914345078,
          "dev_objective": 2.2511871131375667
        },
        {
          "epoch": 46,
          "train_objective": 2.2264292240142822,
          "dev_nll": 2.2291367053985596,
          "dev_kl": 0.007027739757904783,
          "dev_objective": 2.250219924672274
        },
        {
          "epoch": 47,
          "train_objective": 2.2254531383514404,
          "dev_nll": 2.2277934551239014,
          "dev_kl": 0.007146758077433333,
          "dev_objective": 2.2492337293562015
        },
        {
          "epoch": 48,
          "train_objective": 2.2244908809661865,
          "dev_nll": 2.2264695167541504,
          "dev_kl": 0.007263852589530871,
          "dev_objective": 2.248261074522743
        },
        {
          "epoch": 49,
          "train_objective": 2.2235424518585205,
          "dev_nll": 2.2251856327056885,
          "dev_kl": 0.007381466981896665,
          "dev_objective": 2.2473300336513784
        },
        {
          "epoch": 50,
          "train_objective": 2.2226064205169678,
          "dev_nll": 2.223952054977417,
          "dev_kl": 0.007500484298216179,
          "dev_objective": 2.2464535078720655
        },
        {
          "epoch": 51,
          "train_objective": 2.2216830253601074,
          "dev_nll": 2.2227678298950195,
          "dev_kl": 0.007620045597141143,
          "dev_objective": 2.245627966686443
        },
        {
          "epoch": 52,
          "train_objective": 2.220771551132202,
          "dev_nll": 2.2216198444366455,
          "dev_kl": 0.007737921640218701,
          "dev_objective": 2.244833609357302
        },
        {
          "epoch": 53,
          "train_objective": 2.219871997833252,
          "dev_nll": 2.2204911708831787,
          "dev_kl": 0.007851385317626408,
          "dev_objective": 2.244045326836058
        },
        {
          "epoch": 54,
          "train_objective": 2.2189834117889404,
          "dev_nll": 2.219367742538452,
          "dev_kl": 0.00795849660265958,
          "dev_objective": 2.243243232346431
        },
        {
          "epoch": 55,
          "train_objective": 2.2181053161621094,
          "dev_nll": 2.2182435989379883,
          "dev_kl": 0.008059043851972092,
          "dev_objective": 2.2424207304939046
        },
        {
          "epoch": 56,
          "train_objective": 2.2172369956970215,
          "dev_nll": 2.2171223163604736,
          "dev_kl": 0.008154587970493595,
          "dev_objective": 2.2415860802719543
        },
        {
          "epoch": 57,
          "train_objective": 2.216379404067993,
          "dev_nll": 2.2160141468048096,
          "dev_kl": 0.008247629619872895,
          "dev_objective": 2.240757035664428
        },
        {
          "epoch": 58,
          "train_objective": 2.2155327796936035,
          "dev_nll": 2.214930534362793,
          "dev_kl": 0.00834056013423833,
          "dev_objective": 2.2399522147655078
        },
        {
          "epoch": 59,
          "train_objective": 2.214695692062378,
          "dev_nll": 2.2138776779174805,
          "dev_kl": 0.00843477628644905,
          "dev_objective": 2.2391820067768275
        },
        {
          "epoch": 60,
          "train_objective": 2.2138686180114746,
          "dev_nll": 2.212855100631714,
          "dev_kl": 0.008530336119874846,
          "dev_objective": 2.2384461089913383
        },
        {
          "epoch": 61,
          "train_objective": 2.2130508422851562,
          "dev_nll": 2.2118544578552246,
          "dev_kl": 0.008626206181070302,
          "dev_objective": 2.2377330763984355
        },
        {
          "epoch": 62,
          "train_objective": 2.2122433185577393,
          "dev_nll": 2.2108662128448486,
          "dev_kl": 0.00872063985094428,
          "dev_objective": 2.2370281323976813
        },
        {
          "epoch": 63,
          "train_objective": 2.2114453315734863,
          "dev_nll": 2.20988130569458,
          "dev_kl": 0.008812105400138534,
          "dev_objective": 2.2363176218949956
        },
        {
          "epoch": 64,
          "train_objective": 2.2106575965881348,
          "dev_nll": 2.208897113800049,
          "dev_kl": 0.008900063797773328,
          "dev_objective": 2.2355973051933686
        },
        {
          "epoch": 65,
          "train_objective": 2.2098796367645264,
          "dev_nll": 2.207918405532837,
          "dev_kl": 0.008985247515374795,
          "dev_objective": 2.234874148078961
        },
        {
          "epoch": 66,
          "train_objective": 2.209110975265503,
          "dev_nll": 2.206953763961792,
          "dev_kl": 0.009069363386370242,
          "dev_objective": 2.2341618541209027
        },
        {
          "epoch": 67,
          "train_objective": 2.2083520889282227,
          "dev_nll": 2.2060117721557617,
          "dev_kl": 0.009154231994616567,
          "dev_objective": 2.2334744681396113
        },
        {
          "epoch": 68,
          "train_objective": 2.207603931427002,
          "dev_nll": 2.2050957679748535,
          "dev_kl": 0.009241039507178356,
          "dev_objective": 2.2328188864963887
        },
        {
          "epoch": 69,
          "train_objective": 2.206865072250366,
          "dev_nll": 2.204202890396118,
          "dev_kl": 0.009329953077103709,
          "dev_objective": 2.2321927496274294
        },
        {
          "epoch": 70,
          "train_objective": 2.206136703491211,
          "dev_nll": 2.203324317932129,
          "dev_kl": 0.00942020040252828,
          "dev_objective": 2.231584919139714
        },
        {
          "epoch": 71,
          "train_objective": 2.205418586730957,
          "dev_nll": 2.202449321746826,
          "dev_kl": 0.009510573418810963,
          "dev_objective": 2.230981042003259
        },
        {
          "epoch": 72,
          "train_objective": 2.2047107219696045,
          "dev_nll": 2.201570749282837,
          "dev_kl": 0.009600009855930694,
          "dev_objective": 2.230370778850629
        },
        {
          "epoch": 73,
          "train_objective": 2.204012870788574,
          "dev_nll": 2.2006869316101074,
          "dev_kl": 0.009688226575235603,
          "dev_objective": 2.2297516113358142
        },
        {
          "epoch": 74,
          "train_objective": 2.2033252716064453,
          "dev_nll": 2.1998026371002197,
          "dev_kl": 0.009775832336745225,
          "dev_objective": 2.2291301341104552
        },
        {
          "epoch": 75,
          "train_objective": 2.202648401260376,
          "dev_nll": 2.1989269256591797,
          "dev_kl": 0.009863927484693703,
          "dev_objective": 2.2285187081132607
        },
        {
          "epoch": 76,
          "train_objective": 2.201981782913208,
          "dev_nll": 2.1980676651000977,
          "dev_kl": 0.009953615467675264,
          "dev_objective": 2.2279285115031233
        },
        {
          "epoch": 77,
          "train_objective": 2.2013261318206787,
          "dev_nll": 2.1972289085388184,
          "dev_kl": 0.010045523249864345,
          "dev_objective": 2.2273654782884114
        },
        {
          "epoch": 78,
          "train_objective": 2.200680732727051,
          "dev_nll": 2.196408271789551,
          "dev_kl": 0.010139500217628666,
          "dev_objective": 2.2268267724424367
        },
        {
          "epoch": 79,
          "train_objective": 2.2000458240509033,
          "dev_nll": 2.1955995559692383,
          "dev_kl": 0.010234862978250022,
          "dev_objective": 2.226304144903988
        },
        {
          "epoch": 80,
          "train_objective": 2.1994216442108154,
          "dev_nll": 2.1947944164276123,
          "dev_kl": 0.010330735867464682,
          "dev_objective": 2.225786624030006
        },
        {
          "epoch": 81,
          "train_objective": 2.198808431625366,
          "dev_nll": 2.1939878463745117,
          "dev_kl": 0.010426528173411498,
          "dev_objective": 2.225267430894746
        },
        {
          "epoch": 82,
          "train_objective": 2.1982057094573975,
          "dev_nll": 2.1931779384613037,
          "dev_kl": 0.010522269038337981,
          "dev_objective": 2.224744745576318
        },
        {
          "epoch": 83,
          "train_objective": 2.1976139545440674,
          "dev_nll": 2.1923694610595703,
          "dev_kl": 0.01061852299812017,
          "dev_objective": 2.224225030053931
        },
        {
          "epoch": 84,
          "train_objective": 2.1970326900482178,
          "dev_nll": 2.1915676593780518,
          "dev_kl": 0.010716092787333764,
          "dev_objective": 2.223715937740053
        },
        {
          "epoch": 85,
          "train_objective": 2.196462392807007,
          "dev_nll": 2.1907780170440674,
          "dev_kl": 0.010815569155529375,
          "dev_objective": 2.2232247245106556
        },
        {
          "epoch": 86,
          "train_objective": 2.1959025859832764,
          "dev_nll": 2.1900031566619873,
          "dev_kl": 0.010917118015931919,
          "dev_objective": 2.222754510709783
        },
        {
          "epoch": 87,
          "train_objective": 2.1953537464141846,
          "dev_nll": 2.1892402172088623,
          "dev_kl": 0.011020320019888459,
          "dev_objective": 2.2223011772685277
        },
        {
          "epoch": 88,
          "train_objective": 2.1948153972625732,
          "dev_nll": 2.188485622406006,
          "dev_kl": 0.011124555428687018,
          "dev_objective": 2.221859288692067
        },
        {
          "epoch": 89,
          "train_objective": 2.1942877769470215,
          "dev_nll": 2.1877355575561523,
          "dev_kl": 0.011229271990305278,
          "dev_objective": 2.221423373527068
        },
        {
          "epoch": 90,
          "train_objective": 2.1937708854675293,
          "dev_nll": 2.1869874000549316,
          "dev_kl": 0.011334293467516545,
          "dev_objective": 2.2209902804574813
        },
        {
          "epoch": 91,
          "train_objective": 2.193264961242676,
          "dev_nll": 2.18624210357666,
          "dev_kl": 0.011439863608247834,
          "dev_objective": 2.2205616944014035
        },
        {
          "epoch": 92,
          "train_objective": 2.1927690505981445,
          "dev_nll": 2.18550181388855,
          "dev_kl": 0.011546540930576157,
          "dev_objective": 2.220141436680278
        },
        {
          "epoch": 93,
          "train_objective": 2.192284107208252,
          "dev_nll": 2.184770107269287,
          "dev_kl": 0.011654732439783402,
          "dev_objective": 2.2197343045886373
        },
        {
          "epoch": 94,
          "train_objective": 2.1918094158172607,
          "dev_nll": 2.1840481758117676,
          "dev_kl": 0.011764644188515376,
          "dev_objective": 2.2193421083773135
        },
        {
          "epoch": 95,
          "train_objective": 2.191345453262329,
          "dev_nll": 2.1833343505859375,
          "dev_kl": 0.011876031632564264,
          "dev_objective": 2.2189624454836303
        },
        {
          "epoch": 96,
          "train_objective": 2.1908912658691406,
          "dev_nll": 2.1826272010803223,
          "dev_kl": 0.011988471788499737,
          "dev_objective": 2.2185926164458216
        },
        {
          "epoch": 97,
          "train_objective": 2.1904478073120117,
          "dev_nll": 2.1819241046905518,
          "dev_kl": 0.012101516201946652,
          "dev_objective": 2.2182286532963915
        },
        {
          "epoch": 98,
          "train_objective": 2.190014362335205,
          "dev_nll": 2.181225061416626,
          "dev_kl": 0.012214938866964075,
          "dev_objective": 2.217869878017518
        },
        {
          "epoch": 99,
          "train_objective": 2.189591407775879,
          "dev_nll": 2.180530071258545,
          "dev_kl": 0.012328865999006667,
          "dev_objective": 2.217516669255565
        },
        {
          "epoch": 100,
          "train_objective": 2.189178228378296,
          "dev_nll": 2.179841995239258,
          "dev_kl": 0.01244360975069867,
          "dev_objective": 2.217172824491354
        },
        {
          "epoch": 101,
          "train_objective": 2.188775062561035,
          "dev_nll": 2.1791622638702393,
          "dev_kl": 0.012559472047068993,
          "dev_objective": 2.216840680011446
        },
        {
          "epoch": 102,
          "train_objective": 2.1883816719055176,
          "dev_nll": 2.1784918308258057,
          "dev_kl": 0.012676563901259215,
          "dev_objective": 2.2165215225295833
        },
        {
          "epoch": 103,
          "train_objective": 2.187998056411743,
          "dev_nll": 2.1778290271759033,
          "dev_kl": 0.01279471677094989,
          "dev_objective": 2.216213177488753
        },
        {
          "epoch": 104,
          "train_objective": 2.187624216079712,
          "dev_nll": 2.1771719455718994,
          "dev_kl": 0.012913588423398323,
          "dev_objective": 2.2159127108420944
        },
        {
          "epoch": 105,
          "train_objective": 2.1872596740722656,
          "dev_nll": 2.1765191555023193,
          "dev_kl": 0.013032862945401576,
          "dev_objective": 2.215617744338524
        },
        {
          "epoch": 106,
          "train_objective": 2.1869051456451416,
          "dev_nll": 2.1758697032928467,
          "dev_kl": 0.0131523461456527,
          "dev_objective": 2.215326741729805
        },
        {
          "epoch": 107,
          "train_objective": 2.1865596771240234,
          "dev_nll": 2.175225257873535,
          "dev_kl": 0.013272059984155931,
          "dev_objective": 2.215041437826003
        },
        {
          "epoch": 108,
          "train_objective": 2.1862235069274902,
          "dev_nll": 2.1745879650115967,
          "dev_kl": 0.013392245450086193,
          "dev_objective": 2.2147647013618554
        },
        {
          "epoch": 109,
          "train_objective": 2.1858959197998047,
          "dev_nll": 2.173959493637085,
          "dev_kl": 0.013513062368074315,
          "dev_objective": 2.214498680741308
        },
        {
          "epoch": 110,
          "train_objective": 2.185577869415283,
          "dev_nll": 2.1733410358428955,
          "dev_kl": 0.013634541271821945,
          "dev_objective": 2.214244659658361
        },
        {
          "epoch": 111,
          "train_objective": 2.1852686405181885,
          "dev_nll": 2.172731399536133,
          "dev_kl": 0.013756506449644802,
          "dev_objective": 2.214000918885067
        },
        {
          "epoch": 112,
          "train_objective": 2.1849679946899414,
          "dev_nll": 2.172128200531006,
          "dev_kl": 0.013878677182437968,
          "dev_objective": 2.21376423207832
        },
        {
          "epoch": 113,
          "train_objective": 2.184675931930542,
          "dev_nll": 2.1715304851531982,
          "dev_kl": 0.01400080844417971,
          "dev_objective": 2.2135329104857373
        },
        {
          "epoch": 114,
          "train_objective": 2.1843924522399902,
          "dev_nll": 2.1709377765655518,
          "dev_kl": 0.014122777996090009,
          "dev_objective": 2.213306110553822
        },
        {
          "epoch": 115,
          "train_objective": 2.184117078781128,
          "dev_nll": 2.1703505516052246,
          "dev_kl": 0.014244601807877188,
          "dev_objective": 2.213084357028856
        },
        {
          "epoch": 116,
          "train_objective": 2.183849811553955,
          "dev_nll": 2.1697707176208496,
          "dev_kl": 0.014366415617259917,
          "dev_objective": 2.2128699644726293
        },
        {
          "epoch": 117,
          "train_objective": 2.18359112739563,
          "dev_nll": 2.1691994667053223,
          "dev_kl": 0.014488312741959816,
          "dev_objective": 2.2126644049312016
        },
        {
          "epoch": 118,
          "train_objective": 2.183339834213257,
          "dev_nll": 2.1686370372772217,
          "dev_kl": 0.014610230436810525,
          "dev_objective": 2.212467728587653
        },
        {
          "epoch": 119,
          "train_objective": 2.183096408843994,
          "dev_nll": 2.1680831909179688,
          "dev_kl": 0.014731993556342787,
          "dev_objective": 2.212279171586997
        },
        {
          "epoch": 120,
          "train_objective": 2.182860851287842,
          "dev_nll": 2.167536973953247,
          "dev_kl": 0.014853417242266005,
          "dev_objective": 2.2120972256800453
        },
        {
          "epoch": 121,
          "train_objective": 2.1826324462890625,
          "dev_nll": 2.1669974327087402,
          "dev_kl": 0.014974301891488722,
          "dev_objective": 2.2119203383832065
        },
        {
          "epoch": 122,
          "train_objective": 2.1824114322662354,
          "dev_nll": 2.166463851928711,
          "dev_kl": 0.015094615192865604,
          "dev_objective": 2.211747697507308
        },
        {
          "epoch": 123,
          "train_objective": 2.1821978092193604,
          "dev_nll": 2.1659374237060547,
          "dev_kl": 0.015214388067033725,
          "dev_objective": 2.211580587907156
        },
        {
          "epoch": 124,
          "train_objective": 2.1819911003112793,
          "dev_nll": 2.1654186248779297,
          "dev_kl": 0.015333668577441131,
          "dev_objective": 2.211419630610253
        },
        {
          "epoch": 125,
          "train_objective": 2.181791067123413,
          "dev_nll": 2.1649081707000732,
          "dev_kl": 0.01545252356765559,
          "dev_objective": 2.21126574140304
        },
        {
          "epoch": 126,
          "train_objective": 2.181598424911499,
          "dev_nll": 2.1644058227539062,
          "dev_kl": 0.015570838764106157,
          "dev_objective": 2.211118339046225
        },
        {
          "epoch": 127,
          "train_objective": 2.1814117431640625,
          "dev_nll": 2.1639115810394287,
          "dev_kl": 0.01568849587252771,
          "dev_objective": 2.210977068657012
        },
        {
          "epoch": 128,
          "train_objective": 2.181231737136841,
          "dev_nll": 2.163424015045166,
          "dev_kl": 0.01580535204797343,
          "dev_objective": 2.2108400711890863
        },
        {
          "epoch": 129,
          "train_objective": 2.181057929992676,
          "dev_nll": 2.1629438400268555,
          "dev_kl": 0.01592129873657541,
          "dev_objective": 2.2107077362365817
        },
        {
          "epoch": 130,
          "train_objective": 2.1808903217315674,
          "dev_nll": 2.162471055984497,
          "dev_kl": 0.016036340254904646,
          "dev_objective": 2.210580076749211
        },
        {
          "epoch": 131,
          "train_objective": 2.1807284355163574,
          "dev_nll": 2.16200590133667,
          "dev_kl": 0.01615051278462488,
          "dev_objective": 2.2104574396905448
        },
        {
          "epoch": 132,
          "train_objective": 2.180572986602783,
          "dev_nll": 2.1615488529205322,
          "dev_kl": 0.016263895470146963,
          "dev_objective": 2.210340539330973
        },
        {
          "epoch": 133,
          "train_objective": 2.180422782897949,
          "dev_nll": 2.161099910736084,
          "dev_kl": 0.01637640503980947,
          "dev_objective": 2.2102291258555122
        },
        {
          "epoch": 134,
          "train_objective": 2.1802780628204346,
          "dev_nll": 2.160658836364746,
          "dev_kl": 0.016487982683320298,
          "dev_objective": 2.210122784414707
        },
        {
          "epoch": 135,
          "train_objective": 2.1801388263702393,
          "dev_nll": 2.160224676132202,
          "dev_kl": 0.016598527057576574,
          "dev_objective": 2.2100202573049317
        },
        {
          "epoch": 136,
          "train_objective": 2.180004596710205,
          "dev_nll": 2.1597976684570312,
          "dev_kl": 0.0167079350777567,
          "dev_objective": 2.2099214736903012
        },
        {
          "epoch": 137,
          "train_objective": 2.1798758506774902,
          "dev_nll": 2.159377336502075,
          "dev_kl": 0.016816180504247314,
          "dev_objective": 2.2098258780148172
        },
        {
          "epoch": 138,
          "train_objective": 2.1797518730163574,
          "dev_nll": 2.1589646339416504,
          "dev_kl": 0.01692327175212995,
          "dev_objective": 2.20973444919804
        },
        {
          "epoch": 139,
          "train_objective": 2.1796329021453857,
          "dev_nll": 2.158559799194336,
          "dev_kl": 0.01702929077182489,
          "dev_objective": 2.209647671509811
        },
        {
          "epoch": 140,
          "train_objective": 2.179518699645996,
          "dev_nll": 2.158162832260132,
          "dev_kl": 0.01713418933151843,
          "dev_objective": 2.209565400254687
        },
        {
          "epoch": 141,
          "train_objective": 2.179408550262451,
          "dev_nll": 2.157773971557617,
          "dev_kl": 0.01723793227734859,
          "dev_objective": 2.2094877683896628
        },
        {
          "epoch": 142,
          "train_objective": 2.1793031692504883,
          "dev_nll": 2.1573920249938965,
          "dev_kl": 0.01734043549600756,
          "dev_objective": 2.2094133314819193
        },
        {
          "epoch": 143,
          "train_objective": 2.17920184135437,
          "dev_nll": 2.1570167541503906,
          "dev_kl": 0.01744163377163204,
          "dev_objective": 2.2093416554652867
        },
        {
          "epoch": 144,
          "train_objective": 2.179104804992676,
          "dev_nll": 2.1566481590270996,
          "dev_kl": 0.0175415045243426,
          "dev_objective": 2.2092726726001275
        },
        {
          "epoch": 145,
          "train_objective": 2.1790120601654053,
          "dev_nll": 2.1562867164611816,
          "dev_kl": 0.01764004866443429,
          "dev_objective": 2.2092068624544847
        },
        {
          "epoch": 146,
          "train_objective": 2.178922653198242,
          "dev_nll": 2.1559319496154785,
          "dev_kl": 0.017737281007684944,
          "dev_objective": 2.2091437926385336
        },
        {
          "epoch": 147,
          "train_objective": 2.1788370609283447,
          "dev_nll": 2.1555850505828857,
          "dev_kl": 0.017833229986572406,
          "dev_objective": 2.209084740542603
        },
        {
          "epoch": 148,
          "train_objective": 2.178755521774292,
          "dev_nll": 2.155245304107666,
          "dev_kl": 0.017927907781449905,
          "dev_objective": 2.209029027452016
        },
        {
          "epoch": 149,
          "train_objective": 2.1786770820617676,
          "dev_nll": 2.1549124717712402,
          "dev_kl": 0.018021209176458795,
          "dev_objective": 2.2089760993006164
        },
        {
          "epoch": 150,
          "train_objective": 2.178602457046509,
          "dev_nll": 2.1545865535736084,
          "dev_kl": 0.018113124745832467,
          "dev_objective": 2.208925927811106
        },
        {
          "epoch": 151,
          "train_objective": 2.17853045463562,
          "dev_nll": 2.154266595840454,
          "dev_kl": 0.018203611007284053,
          "dev_objective": 2.2088774288623063
        },
        {
          "epoch": 152,
          "train_objective": 2.178462028503418,
          "dev_nll": 2.1539535522460938,
          "dev_kl": 0.018292711127814984,
          "dev_objective": 2.208831685629539
        },
        {
          "epoch": 153,
          "train_objective": 2.178396701812744,
          "dev_nll": 2.153646945953369,
          "dev_kl": 0.01838041058364979,
          "dev_objective": 2.2087881777043186
        },
        {
          "epoch": 154,
          "train_objective": 2.1783344745635986,
          "dev_nll": 2.1533467769622803,
          "dev_kl": 0.018466756905982037,
          "dev_objective": 2.2087470476802262
        },
        {
          "epoch": 155,
          "train_objective": 2.178274631500244,
          "dev_nll": 2.1530532836914062,
          "dev_kl": 0.018551750722454016,
          "dev_objective": 2.208708535858768
        },
        {
          "epoch": 156,
          "train_objective": 2.178217649459839,
          "dev_nll": 2.152766227722168,
          "dev_kl": 0.01863535202195635,
          "dev_objective": 2.208672283788037
        },
        {
          "epoch": 157,
          "train_objective": 2.178163528442383,
          "dev_nll": 2.1524853706359863,
          "dev_kl": 0.018717529627674593,
          "dev_objective": 2.20863795951901
        },
        {
          "epoch": 158,
          "train_objective": 2.1781115531921387,
          "dev_nll": 2.1522104740142822,
          "dev_kl": 0.01879828135165553,
          "dev_objective": 2.2086053180692486
        },
        {
          "epoch": 159,
          "train_objective": 2.1780624389648438,
          "dev_nll": 2.1519417762756348,
          "dev_kl": 0.01887762142225256,
          "dev_objective": 2.2085746405423925
        },
        {
          "epoch": 160,
          "train_objective": 2.1780152320861816,
          "dev_nll": 2.1516788005828857,
          "dev_kl": 0.018955593535629305,
          "dev_objective": 2.2085455811897736
        },
        {
          "epoch": 161,
          "train_objective": 2.1779704093933105,
          "dev_nll": 2.1514217853546143,
          "dev_kl": 0.01903216999151482,
          "dev_objective": 2.2085182953291587
        },
        {
          "epoch": 162,
          "train_objective": 2.1779277324676514,
          "dev_nll": 2.1511712074279785,
          "dev_kl": 0.019107373198989988,
          "dev_objective": 2.2084933270249483
        },
        {
          "epoch": 163,
          "train_objective": 2.177887439727783,
          "dev_nll": 2.150925874710083,
          "dev_kl": 0.0191812163664963,
          "dev_objective": 2.2084695238095717
        },
        {
          "epoch": 164,
          "train_objective": 2.1778488159179688,
          "dev_nll": 2.150686025619507,
          "dev_kl": 0.019253642203889285,
          "dev_objective": 2.2084469522311747
        },
        {
          "epoch": 165,
          "train_objective": 2.177812337875366,
          "dev_nll": 2.150451898574829,
          "dev_kl": 0.019324686572820157,
          "dev_objective": 2.2084259582932897
        },
        {
          "epoch": 166,
          "train_objective": 2.1777772903442383,
          "dev_nll": 2.1502230167388916,
          "dev_kl": 0.019394314411184724,
          "dev_objective": 2.208405959972446
        },
        {
          "epoch": 167,
          "train_objective": 2.177744150161743,
          "dev_nll": 2.1499996185302734,
          "dev_kl": 0.01946260483734402,
          "dev_objective": 2.2083874330423057
        },
        {
          "epoch": 168,
          "train_objective": 2.177712917327881,
          "dev_nll": 2.1497817039489746,
          "dev_kl": 0.019529552306236157,
          "dev_objective": 2.2083703608676832
        },
        {
          "epoch": 169,
          "train_objective": 2.177682876586914,
          "dev_nll": 2.149569272994995,
          "dev_kl": 0.019595149848789788,
          "dev_objective": 2.2083547225413644
        },
        {
          "epoch": 170,
          "train_objective": 2.177654504776001,
          "dev_nll": 2.1493618488311768,
          "dev_kl": 0.019659408013731082,
          "dev_objective": 2.20834007287237
        },
        {
          "epoch": 171,
          "train_objective": 2.1776278018951416,
          "dev_nll": 2.1491594314575195,
          "dev_kl": 0.019722313910879165,
          "dev_objective": 2.208326373190157
        },
        {
          "epoch": 172,
          "train_objective": 2.1776022911071777,
          "dev_nll": 2.1489620208740234,
          "dev_kl": 0.019783884247526657,
          "dev_objective": 2.2083136736166034
        },
        {
          "epoch": 173,
          "train_objective": 2.1775779724121094,
          "dev_nll": 2.1487691402435303,
          "dev_kl": 0.019844152104096794,
          "dev_objective": 2.208301596555821
        },
        {
          "epoch": 174,
          "train_objective": 2.1775553226470947,
          "dev_nll": 2.1485812664031982,
          "dev_kl": 0.019903103487831687,
          "dev_objective": 2.2082905768666934
        },
        {
          "epoch": 175,
          "train_objective": 2.1775338649749756,
          "dev_nll": 2.1483981609344482,
          "dev_kl": 0.019960769450135557,
          "dev_objective": 2.2082804692848548
        },
        {
          "epoch": 176,
          "train_objective": 2.177513360977173,
          "dev_nll": 2.1482198238372803,
          "dev_kl": 0.02001720121244034,
          "dev_objective": 2.2082714274746014
        },
        {
          "epoch": 177,
          "train_objective": 2.1774935722351074,
          "dev_nll": 2.1480460166931152,
          "dev_kl": 0.020072337941201113,
          "dev_objective": 2.2082630305167186
        },
        {
          "epoch": 178,
          "train_objective": 2.1774754524230957,
          "dev_nll": 2.147876501083374,
          "dev_kl": 0.020126224816140167,
          "dev_objective": 2.2082551755317947
        },
        {
          "epoch": 179,
          "train_objective": 2.1774582862854004,
          "dev_nll": 2.147711753845215,
          "dev_kl": 0.02017885600504087,
          "dev_objective": 2.2082483218603373
        },
        {
          "epoch": 180,
          "train_objective": 2.1774418354034424,
          "dev_nll": 2.1475510597229004,
          "dev_kl": 0.02023029341655274,
          "dev_objective": 2.2082419399725586
        },
        {
          "epoch": 181,
          "train_objective": 2.17742657661438,
          "dev_nll": 2.1473941802978516,
          "dev_kl": 0.02028049741853465,
          "dev_objective": 2.2082356725534553
        },
        {
          "epoch": 182,
          "train_objective": 2.1774117946624756,
          "dev_nll": 2.1472420692443848,
          "dev_kl": 0.02032953760226519,
          "dev_objective": 2.2082306820511803
        },
        {
          "epoch": 183,
          "train_objective": 2.1773979663848877,
          "dev_nll": 2.1470937728881836,
          "dev_kl": 0.020377403747552307,
          "dev_objective": 2.2082259841308405
        },
        {
          "epoch": 184,
          "train_objective": 2.1773853302001953,
          "dev_nll": 2.146949529647827,
          "dev_kl": 0.020424097614559288,
          "dev_objective": 2.208221822491505
        },
        {
          "epoch": 185,
          "train_objective": 2.177372932434082,
          "dev_nll": 2.1468091011047363,
          "dev_kl": 0.020469663911699174,
          "dev_objective": 2.208218092839834
        },
        {
          "epoch": 186,
          "train_objective": 2.177361249923706,
          "dev_nll": 2.146672487258911,
          "dev_kl": 0.020514076608014874,
          "dev_objective": 2.2082147170829556
        },
        {
          "epoch": 187,
          "train_objective": 2.1773505210876465,
          "dev_nll": 2.1465396881103516,
          "dev_kl": 0.020557376478827792,
          "dev_objective": 2.208211817546835
        },
        {
          "epoch": 188,
          "train_objective": 2.177340507507324,
          "dev_nll": 2.1464104652404785,
          "dev_kl": 0.02059959013311527,
          "dev_objective": 2.208209235639824
        },
        {
          "epoch": 189,
          "train_objective": 2.17733097076416,
          "dev_nll": 2.146284580230713,
          "dev_kl": 0.020640748062924104,
          "dev_objective": 2.2082068244194852
        },
        {
          "epoch": 190,
          "train_objective": 2.177321672439575,
          "dev_nll": 2.146162748336792,
          "dev_kl": 0.02068081805411566,
          "dev_objective": 2.2082052024991388
        },
        {
          "epoch": 191,
          "train_objective": 2.1773128509521484,
          "dev_nll": 2.1460442543029785,
          "dev_kl": 0.02071985026515904,
          "dev_objective": 2.2082038050984556
        },
        {
          "epoch": 192,
          "train_objective": 2.177305221557617,
          "dev_nll": 2.1459288597106934,
          "dev_kl": 0.020757846931046514,
          "dev_objective": 2.2082024005038328
        },
        {
          "epoch": 193,
          "train_objective": 2.177297830581665,
          "dev_nll": 2.1458165645599365,
          "dev_kl": 0.020794839658847195,
          "dev_objective": 2.208201083536478
        },
        {
          "epoch": 194,
          "train_objective": 2.177290439605713,
          "dev_nll": 2.1457080841064453,
          "dev_kl": 0.02083082263588949,
          "dev_objective": 2.2082005520141137
        },
        {
          "epoch": 195,
          "train_objective": 2.177283763885498,
          "dev_nll": 2.1456024646759033,
          "dev_kl": 0.02086584576218229,
          "dev_objective": 2.2082000019624504
        },
        {
          "epoch": 196,
          "train_objective": 2.1772778034210205,
          "dev_nll": 2.1454999446868896,
          "dev_kl": 0.02089991258486407,
          "dev_objective": 2.208199682441482
        },
        {
          "epoch": 197,
          "train_objective": 2.177271842956543,
          "dev_nll": 2.1454007625579834,
          "dev_kl": 0.02093303448280494,
          "dev_objective": 2.208199866006398
        },
        {
          "epoch": 198,
          "train_objective": 2.1772661209106445,
          "dev_nll": 2.1453042030334473,
          "dev_kl": 0.020965225544787244,
          "dev_objective": 2.208199879667809
        },
        {
          "epoch": 199,
          "train_objective": 2.1772613525390625,
          "dev_nll": 2.1452105045318604,
          "dev_kl": 0.02099650502932491,
          "dev_objective": 2.2082000196198353
        },
        {
          "epoch": 200,
          "train_objective": 2.1772563457489014,
          "dev_nll": 2.1451196670532227,
          "dev_kl": 0.021026901058612567,
          "dev_objective": 2.2082003702290605
        },
        {
          "epoch": 201,
          "train_objective": 2.1772520542144775,
          "dev_nll": 2.145031690597534,
          "dev_kl": 0.02105641370995727,
          "dev_objective": 2.208200931727406
        },
        {
          "epoch": 202,
          "train_objective": 2.1772475242614746,
          "dev_nll": 2.144946336746216,
          "dev_kl": 0.02108509588349989,
          "dev_objective": 2.2082016243967155
        },
        {
          "epoch": 203,
          "train_objective": 2.177243709564209,
          "dev_nll": 2.1448633670806885,
          "dev_kl": 0.021112927234535162,
          "dev_objective": 2.2082021487842938
        },
        {
          "epoch": 204,
          "train_objective": 2.1772396564483643,
          "dev_nll": 2.1447832584381104,
          "dev_kl": 0.0211399483180503,
          "dev_objective": 2.208203103392261
        },
        {
          "epoch": 205,
          "train_objective": 2.177236318588257,
          "dev_nll": 2.1447055339813232,
          "dev_kl": 0.021166175740981997,
          "dev_objective": 2.208204061204269
        },
        {
          "epoch": 206,
          "train_objective": 2.1772334575653076,
          "dev_nll": 2.144630193710327,
          "dev_kl": 0.021191606209395104,
          "dev_objective": 2.2082050123385124
        },
        {
          "epoch": 207,
          "train_objective": 2.1772301197052,
          "dev_nll": 2.144557237625122,
          "dev_kl": 0.021216270247241483,
          "dev_objective": 2.2082060483668466
        },
        {
          "epoch": 208,
          "train_objective": 2.17722749710083,
          "dev_nll": 2.144486427307129,
          "dev_kl": 0.021240182618385006,
          "dev_objective": 2.208206975162284
        },
        {
          "epoch": 209,
          "train_objective": 2.177224636077881,
          "dev_nll": 2.144418239593506,
          "dev_kl": 0.021263385585698416,
          "dev_objective": 2.208208396350601
        },
        {
          "epoch": 210,
          "train_objective": 2.17722225189209,
          "dev_nll": 2.1443521976470947,
          "dev_kl": 0.021285847988438036,
          "dev_objective": 2.208209741612409
        },
        {
          "epoch": 211,
          "train_objective": 2.177219867706299,
          "dev_nll": 2.1442880630493164,
          "dev_kl": 0.021307623156644695,
          "dev_objective": 2.2082109325192505
        },
        {
          "epoch": 212,
          "train_objective": 2.177217960357666,
          "dev_nll": 2.14422607421875,
          "dev_kl": 0.021328711111527808,
          "dev_objective": 2.2082122075533333
        },
        {
          "epoch": 213,
          "train_objective": 2.177215814590454,
          "dev_nll": 2.1441659927368164,
          "dev_kl": 0.021349111456838727,
          "dev_objective": 2.2082133271073325
        },
        {
          "epoch": 214,
          "train_objective": 2.1772141456604004,
          "dev_nll": 2.1441080570220947,
          "dev_kl": 0.02136887483397004,
          "dev_objective": 2.2082146815240047
        },
        {
          "epoch": 215,
          "train_objective": 2.1772122383117676,
          "dev_nll": 2.144052028656006,
          "dev_kl": 0.021388013506766584,
          "dev_objective": 2.2082160691763058
        },
        {
          "epoch": 216,
          "train_objective": 2.177210807800293,
          "dev_nll": 2.143998146057129,
          "dev_kl": 0.021406529745181615,
          "dev_objective": 2.2082177352926737
        },
        {
          "epoch": 217,
          "train_objective": 2.1772091388702393,
          "dev_nll": 2.1439456939697266,
          "dev_kl": 0.021424436907291237,
          "dev_objective": 2.2082190046916
        },
        {
          "epoch": 218,
          "train_objective": 2.1772077083587646,
          "dev_nll": 2.143894910812378,
          "dev_kl": 0.02144173688207957,
          "dev_objective": 2.208220121458617
        },
        {
          "epoch": 219,
          "train_objective": 2.17720627784729,
          "dev_nll": 2.143846035003662,
          "dev_kl": 0.021458483156675357,
          "dev_objective": 2.2082214844736883
        },
        {
          "epoch": 220,
          "train_objective": 2.1772053241729736,
          "dev_nll": 2.143799066543579,
          "dev_kl": 0.021474663699700615,
          "dev_objective": 2.208223057642681
        },
        {
          "epoch": 221,
          "train_objective": 2.177204132080078,
          "dev_nll": 2.1437532901763916,
          "dev_kl": 0.021490297237651248,
          "dev_objective": 2.2082241818893453
        },
        {
          "epoch": 222,
          "train_objective": 2.1772031784057617,
          "dev_nll": 2.143709421157837,
          "dev_kl": 0.021505402262373536,
          "dev_objective": 2.2082256279449575
        },
        {
          "epoch": 223,
          "train_objective": 2.1772022247314453,
          "dev_nll": 2.143667221069336,
          "dev_kl": 0.02152000944781321,
          "dev_objective": 2.2082272494127757
        },
        {
          "epoch": 224,
          "train_objective": 2.177201271057129,
          "dev_nll": 2.1436262130737305,
          "dev_kl": 0.021534102197547325,
          "dev_objective": 2.2082285196663722
        },
        {
          "epoch": 225,
          "train_objective": 2.1772003173828125,
          "dev_nll": 2.1435866355895996,
          "dev_kl": 0.021547682817326858,
          "dev_objective": 2.20822968404158
        },
        {
          "epoch": 226,
          "train_objective": 2.177199602127075,
          "dev_nll": 2.1435482501983643,
          "dev_kl": 0.021560830542584883,
          "dev_objective": 2.208230741826119
        },
        {
          "epoch": 227,
          "train_objective": 2.177199125289917,
          "dev_nll": 2.1435117721557617,
          "dev_kl": 0.02157348016549804,
          "dev_objective": 2.208232212652256
        },
        {
          "epoch": 228,
          "train_objective": 2.1771984100341797,
          "dev_nll": 2.1434762477874756,
          "dev_kl": 0.02158570897532627,
          "dev_objective": 2.2082333747134544
        },
        {
          "epoch": 229,
          "train_objective": 2.1771974563598633,
          "dev_nll": 2.143442153930664,
          "dev_kl": 0.02159749397618725,
          "dev_objective": 2.2082346358592257
        },
        {
          "epoch": 230,
          "train_objective": 2.177196979522705,
          "dev_nll": 2.143409490585327,
          "dev_kl": 0.021608851062555914,
          "dev_objective": 2.208236043772995
        },
        {
          "epoch": 231,
          "train_objective": 2.177196741104126,
          "dev_nll": 2.1433777809143066,
          "dev_kl": 0.02161979778044042,
          "dev_objective": 2.2082371742556277
        },
        {
          "epoch": 232,
          "train_objective": 2.1771960258483887,
          "dev_nll": 2.1433472633361816,
          "dev_kl": 0.02163035080448026,
          "dev_objective": 2.2082383157496226
        },
        {
          "epoch": 233,
          "train_objective": 2.1771957874298096,
          "dev_nll": 2.143317699432373,
          "dev_kl": 0.021640515962280914,
          "dev_objective": 2.2082392473192156
        }
      ]
    },
    "constrained_stage_candidates": [
      {
        "kl_lambda": 1.0,
        "best_dev_nll": 2.055485725402832,
        "best_dev_kl": 0.07259779678177437,
        "best_dev_objective": 2.1280835221846064,
        "epochs_run": 300,
        "history": [
          {
            "epoch": 0,
            "train_objective": 2.3096673488616943,
            "dev_nll": 2.3174326419830322,
            "dev_kl": 0.00011298963388981065,
            "dev_objective": 2.317545631616922
          },
          {
            "epoch": 1,
            "train_objective": 2.3057901859283447,
            "dev_nll": 2.3167426586151123,
            "dev_kl": 0.0004229950982698938,
            "dev_objective": 2.3171656537133822
          },
          {
            "epoch": 2,
            "train_objective": 2.3023695945739746,
            "dev_nll": 2.315889596939087,
            "dev_kl": 0.0008179959099652479,
            "dev_objective": 2.316707592849052
          },
          {
            "epoch": 3,
            "train_objective": 2.299295425415039,
            "dev_nll": 2.3145782947540283,
            "dev_kl": 0.0011416049815306905,
            "dev_objective": 2.315719899735559
          },
          {
            "epoch": 4,
            "train_objective": 2.296365261077881,
            "dev_nll": 2.312730312347412,
            "dev_kl": 0.0013294525383389555,
            "dev_objective": 2.314059764885751
          },
          {
            "epoch": 5,
            "train_objective": 2.293449878692627,
            "dev_nll": 2.3104236125946045,
            "dev_kl": 0.0014029479888267816,
            "dev_objective": 2.311826560583431
          },
          {
            "epoch": 6,
            "train_objective": 2.2905313968658447,
            "dev_nll": 2.3077874183654785,
            "dev_kl": 0.0014117943435849156,
            "dev_objective": 2.3091992127090633
          },
          {
            "epoch": 7,
            "train_objective": 2.28764009475708,
            "dev_nll": 2.304966926574707,
            "dev_kl": 0.001406828144827159,
            "dev_objective": 2.306373754719534
          },
          {
            "epoch": 8,
            "train_objective": 2.28480863571167,
            "dev_nll": 2.302100419998169,
            "dev_kl": 0.0014238230873888824,
            "dev_objective": 2.303524243085558
          },
          {
            "epoch": 9,
            "train_objective": 2.2820487022399902,
            "dev_nll": 2.2992942333221436,
            "dev_kl": 0.001476205529179424,
            "dev_objective": 2.300770438851323
          },
          {
            "epoch": 10,
            "train_objective": 2.2793383598327637,
            "dev_nll": 2.2966065406799316,
            "dev_kl": 0.00156229572094162,
            "dev_objective": 2.2981688364008734
          },
          {
            "epoch": 11,
            "train_objective": 2.2766475677490234,
            "dev_nll": 2.294055700302124,
            "dev_kl": 0.0016792402866121848,
            "dev_objective": 2.295734940588736
          },
          {
            "epoch": 12,
            "train_objective": 2.2739641666412354,
            "dev_nll": 2.2916409969329834,
            "dev_kl": 0.0018291163964022417,
            "dev_objective": 2.2934701133293856
          },
          {
            "epoch": 13,
            "train_objective": 2.2712955474853516,
            "dev_nll": 2.2893526554107666,
            "dev_kl": 0.0020165847780299374,
            "dev_objective": 2.2913692401887964
          },
          {
            "epoch": 14,
            "train_objective": 2.2686591148376465,
            "dev_nll": 2.287172317504883,
            "dev_kl": 0.0022442227852297945,
            "dev_objective": 2.2894165402901128
          },
          {
            "epoch": 15,
            "train_objective": 2.2660725116729736,
            "dev_nll": 2.2850708961486816,
            "dev_kl": 0.002508824653632473,
            "dev_objective": 2.2875797208023143
          },
          {
            "epoch": 16,
            "train_objective": 2.2635457515716553,
            "dev_nll": 2.2830097675323486,
            "dev_kl": 0.002799718033638783,
            "dev_objective": 2.2858094855659874
          },
          {
            "epoch": 17,
            "train_objective": 2.261077404022217,
            "dev_nll": 2.280945062637329,
            "dev_kl": 0.003100830485345796,
            "dev_objective": 2.284045893122675
          },
          {
            "epoch": 18,
            "train_objective": 2.2586565017700195,
            "dev_nll": 2.278841972351074,
            "dev_kl": 0.003396083498373628,
            "dev_objective": 2.2822380558494477
          },
          {
            "epoch": 19,
            "train_objective": 2.2562685012817383,
            "dev_nll": 2.276681423187256,
            "dev_kl": 0.0036758004256989807,
            "dev_objective": 2.280357223612955
          },
          {
            "epoch": 20,
            "train_objective": 2.2539024353027344,
            "dev_nll": 2.2744674682617188,
            "dev_kl": 0.003939227513619699,
            "dev_objective": 2.2784066957753386
          },
          {
            "epoch": 21,
            "train_objective": 2.251556634902954,
            "dev_nll": 2.272219181060791,
            "dev_kl": 0.004192991530289874,
            "dev_objective": 2.276412172591081
          },
          {
            "epoch": 22,
            "train_objective": 2.249237298965454,
            "dev_nll": 2.2699644565582275,
            "dev_kl": 0.004447212609229609,
            "dev_objective": 2.274411669167457
          },
          {
            "epoch": 23,
            "train_objective": 2.2469537258148193,
            "dev_nll": 2.267732620239258,
            "dev_kl": 0.004711687859380618,
            "dev_objective": 2.2724443080986383
          },
          {
            "epoch": 24,
            "train_objective": 2.244713306427002,
            "dev_nll": 2.265549898147583,
            "dev_kl": 0.0049932551995152605,
            "dev_objective": 2.270543153347098
          },
          {
            "epoch": 25,
            "train_objective": 2.242518186569214,
            "dev_nll": 2.2634339332580566,
            "dev_kl": 0.00529481639910955,
            "dev_objective": 2.268728749657166
          },
          {
            "epoch": 26,
            "train_objective": 2.2403652667999268,
            "dev_nll": 2.261392831802368,
            "dev_kl": 0.005615789963630959,
            "dev_objective": 2.2670086217659993
          },
          {
            "epoch": 27,
            "train_objective": 2.2382493019104004,
            "dev_nll": 2.259423017501831,
            "dev_kl": 0.005953411995433271,
            "dev_objective": 2.2653764294972643
          },
          {
            "epoch": 28,
            "train_objective": 2.236164093017578,
            "dev_nll": 2.257511615753174,
            "dev_kl": 0.006303944433457218,
            "dev_objective": 2.263815560186631
          },
          {
            "epoch": 29,
            "train_objective": 2.2341082096099854,
            "dev_nll": 2.25563907623291,
            "dev_kl": 0.0066634067706763745,
            "dev_objective": 2.2623024830035865
          },
          {
            "epoch": 30,
            "train_objective": 2.232081174850464,
            "dev_nll": 2.253781318664551,
            "dev_kl": 0.007027395498589613,
            "dev_objective": 2.2608087141631406
          },
          {
            "epoch": 31,
            "train_objective": 2.2300853729248047,
            "dev_nll": 2.251915693283081,
            "dev_kl": 0.007390944667859003,
            "dev_objective": 2.25930663795094
          },
          {
            "epoch": 32,
            "train_objective": 2.2281219959259033,
            "dev_nll": 2.2500216960906982,
            "dev_kl": 0.007748872612719424,
            "dev_objective": 2.2577705687034175
          },
          {
            "epoch": 33,
            "train_objective": 2.2261908054351807,
            "dev_nll": 2.2480857372283936,
            "dev_kl": 0.008096545286243782,
            "dev_objective": 2.2561822825146374
          },
          {
            "epoch": 34,
            "train_objective": 2.2242915630340576,
            "dev_nll": 2.2461042404174805,
            "dev_kl": 0.008431102454778738,
            "dev_objective": 2.254535342872259
          },
          {
            "epoch": 35,
            "train_objective": 2.222421407699585,
            "dev_nll": 2.244084119796753,
            "dev_kl": 0.008752313013537787,
            "dev_objective": 2.2528364328102906
          },
          {
            "epoch": 36,
            "train_objective": 2.220580577850342,
            "dev_nll": 2.2420427799224854,
            "dev_kl": 0.009062727994751186,
            "dev_objective": 2.2511055079172366
          },
          {
            "epoch": 37,
            "train_objective": 2.2187681198120117,
            "dev_nll": 2.2400035858154297,
            "dev_kl": 0.009366783920559101,
            "dev_objective": 2.249370369735989
          },
          {
            "epoch": 38,
            "train_objective": 2.2169852256774902,
            "dev_nll": 2.237992286682129,
            "dev_kl": 0.009669648462440818,
            "dev_objective": 2.2476619351445697
          },
          {
            "epoch": 39,
            "train_objective": 2.215230941772461,
            "dev_nll": 2.236032485961914,
            "dev_kl": 0.009976004920899869,
            "dev_objective": 2.2460084908828137
          },
          {
            "epoch": 40,
            "train_objective": 2.2135047912597656,
            "dev_nll": 2.2341413497924805,
            "dev_kl": 0.0102892395487288,
            "dev_objective": 2.244430589341209
          },
          {
            "epoch": 41,
            "train_objective": 2.2118053436279297,
            "dev_nll": 2.2323262691497803,
            "dev_kl": 0.010611128290183841,
            "dev_objective": 2.242937397439964
          },
          {
            "epoch": 42,
            "train_objective": 2.210130453109741,
            "dev_nll": 2.2305855751037598,
            "dev_kl": 0.010941853212425485,
            "dev_objective": 2.2415274283161852
          },
          {
            "epoch": 43,
            "train_objective": 2.2084801197052,
            "dev_nll": 2.228908061981201,
            "dev_kl": 0.011280059656128287,
            "dev_objective": 2.2401881216373294
          },
          {
            "epoch": 44,
            "train_objective": 2.206855535507202,
            "dev_nll": 2.2272753715515137,
            "dev_kl": 0.011622953615151345,
            "dev_objective": 2.238898325166665
          },
          {
            "epoch": 45,
            "train_objective": 2.205256223678589,
            "dev_nll": 2.225666046142578,
            "dev_kl": 0.011966647562221624,
            "dev_objective": 2.2376326937048
          },
          {
            "epoch": 46,
            "train_objective": 2.203683376312256,
            "dev_nll": 2.2240569591522217,
            "dev_kl": 0.012306743420776912,
            "dev_objective": 2.2363637025729988
          },
          {
            "epoch": 47,
            "train_objective": 2.2021360397338867,
            "dev_nll": 2.222431182861328,
            "dev_kl": 0.01263931653869804,
            "dev_objective": 2.235070499400026
          },
          {
            "epoch": 48,
            "train_objective": 2.2006125450134277,
            "dev_nll": 2.2207772731781006,
            "dev_kl": 0.012961838564951905,
            "dev_objective": 2.2337391117430525
          },
          {
            "epoch": 49,
            "train_objective": 2.1991119384765625,
            "dev_nll": 2.2190935611724854,
            "dev_kl": 0.013273892835713922,
            "dev_objective": 2.2323674540081995
          },
          {
            "epoch": 50,
            "train_objective": 2.1976327896118164,
            "dev_nll": 2.2173869609832764,
            "dev_kl": 0.013577121895505116,
            "dev_objective": 2.2309640828787813
          },
          {
            "epoch": 51,
            "train_objective": 2.1961755752563477,
            "dev_nll": 2.2156717777252197,
            "dev_kl": 0.013874788091052324,
            "dev_objective": 2.229546565816272
          },
          {
            "epoch": 52,
            "train_objective": 2.1947402954101562,
            "dev_nll": 2.2139639854431152,
            "dev_kl": 0.01417081187828444,
            "dev_objective": 2.2281347973214
          },
          {
            "epoch": 53,
            "train_objective": 2.1933274269104004,
            "dev_nll": 2.2122809886932373,
            "dev_kl": 0.014468940087826922,
            "dev_objective": 2.2267499287810644
          },
          {
            "epoch": 54,
            "train_objective": 2.1919362545013428,
            "dev_nll": 2.210636854171753,
            "dev_kl": 0.014771874728612602,
            "dev_objective": 2.2254087289003657
          },
          {
            "epoch": 55,
            "train_objective": 2.190565824508667,
            "dev_nll": 2.209038734436035,
            "dev_kl": 0.01508113112533465,
            "dev_objective": 2.2241198655613696
          },
          {
            "epoch": 56,
            "train_objective": 2.189215898513794,
            "dev_nll": 2.207489013671875,
            "dev_kl": 0.015396697171963751,
            "dev_objective": 2.2228857108438387
          },
          {
            "epoch": 57,
            "train_objective": 2.187885284423828,
            "dev_nll": 2.205982208251953,
            "dev_kl": 0.015717280671233312,
            "dev_objective": 2.2216994889231865
          },
          {
            "epoch": 58,
            "train_objective": 2.1865744590759277,
            "dev_nll": 2.2045092582702637,
            "dev_kl": 0.01604057567252312,
            "dev_objective": 2.220549833942787
          },
          {
            "epoch": 59,
            "train_objective": 2.185281991958618,
            "dev_nll": 2.2030577659606934,
            "dev_kl": 0.01636375593196135,
            "dev_objective": 2.2194215218926545
          },
          {
            "epoch": 60,
            "train_objective": 2.1840081214904785,
            "dev_nll": 2.2016162872314453,
            "dev_kl": 0.016684199884184635,
            "dev_objective": 2.2183004871156298
          },
          {
            "epoch": 61,
            "train_objective": 2.1827526092529297,
            "dev_nll": 2.2001752853393555,
            "dev_kl": 0.016999964404967614,
            "dev_objective": 2.217175249744323
          },
          {
            "epoch": 62,
            "train_objective": 2.1815147399902344,
            "dev_nll": 2.198730230331421,
            "dev_kl": 0.017310340822441504,
            "dev_objective": 2.2160405711538624
          },
          {
            "epoch": 63,
            "train_objective": 2.1802940368652344,
            "dev_nll": 2.1972806453704834,
            "dev_kl": 0.017615840481594206,
            "dev_objective": 2.2148964858520777
          },
          {
            "epoch": 64,
            "train_objective": 2.1790897846221924,
            "dev_nll": 2.195831060409546,
            "dev_kl": 0.017918041188386268,
            "dev_objective": 2.2137491015979323
          },
          {
            "epoch": 65,
            "train_objective": 2.1779024600982666,
            "dev_nll": 2.194387674331665,
            "dev_kl": 0.01821902824623976,
            "dev_objective": 2.212606702577905
          },
          {
            "epoch": 66,
            "train_objective": 2.1767313480377197,
            "dev_nll": 2.192957639694214,
            "dev_kl": 0.01852088388404809,
            "dev_objective": 2.211478523578262
          },
          {
            "epoch": 67,
            "train_objective": 2.1755757331848145,
            "dev_nll": 2.191546678543091,
            "dev_kl": 0.018825181131251156,
            "dev_objective": 2.210371859674342
          },
          {
            "epoch": 68,
            "train_objective": 2.174435615539551,
            "dev_nll": 2.1901590824127197,
            "dev_kl": 0.019132661686744542,
            "dev_objective": 2.209291744099464
          },
          {
            "epoch": 69,
            "train_objective": 2.1733100414276123,
            "dev_nll": 2.1887943744659424,
            "dev_kl": 0.0194431429420365,
            "dev_objective": 2.2082375174079787
          },
          {
            "epoch": 70,
            "train_objective": 2.172199010848999,
            "dev_nll": 2.187450408935547,
            "dev_kl": 0.01975561102561187,
            "dev_objective": 2.2072060199611587
          },
          {
            "epoch": 71,
            "train_objective": 2.171102523803711,
            "dev_nll": 2.1861231327056885,
            "dev_kl": 0.020068418448208832,
            "dev_objective": 2.206191551153897
          },
          {
            "epoch": 72,
            "train_objective": 2.1700198650360107,
            "dev_nll": 2.1848065853118896,
            "dev_kl": 0.020379775752080605,
            "dev_objective": 2.20518636106397
          },
          {
            "epoch": 73,
            "train_objective": 2.1689510345458984,
            "dev_nll": 2.183497667312622,
            "dev_kl": 0.02068816006067209,
            "dev_objective": 2.204185827373294
          },
          {
            "epoch": 74,
            "train_objective": 2.167895555496216,
            "dev_nll": 2.1821935176849365,
            "dev_kl": 0.020992647517705337,
            "dev_objective": 2.203186165202642
          },
          {
            "epoch": 75,
            "train_objective": 2.1668529510498047,
            "dev_nll": 2.1808950901031494,
            "dev_kl": 0.02129316875070799,
            "dev_objective": 2.2021882588538575
          },
          {
            "epoch": 76,
            "train_objective": 2.165822982788086,
            "dev_nll": 2.1796042919158936,
            "dev_kl": 0.021590452014934272,
            "dev_objective": 2.2011947439308277
          },
          {
            "epoch": 77,
            "train_objective": 2.1648054122924805,
            "dev_nll": 2.1783251762390137,
            "dev_kl": 0.02188577186432667,
            "dev_objective": 2.2002109481033405
          },
          {
            "epoch": 78,
            "train_objective": 2.163800001144409,
            "dev_nll": 2.1770617961883545,
            "dev_kl": 0.022180449001607486,
            "dev_objective": 2.199242245189962
          },
          {
            "epoch": 79,
            "train_objective": 2.162806510925293,
            "dev_nll": 2.175816535949707,
            "dev_kl": 0.02247565650148317,
            "dev_objective": 2.19829219245119
          },
          {
            "epoch": 80,
            "train_objective": 2.1618247032165527,
            "dev_nll": 2.174590826034546,
            "dev_kl": 0.0227719472796889,
            "dev_objective": 2.197362773314235
          },
          {
            "epoch": 81,
            "train_objective": 2.1608541011810303,
            "dev_nll": 2.1733832359313965,
            "dev_kl": 0.023069284819066525,
            "dev_objective": 2.196452520750463
          },
          {
            "epoch": 82,
            "train_objective": 2.1598949432373047,
            "dev_nll": 2.1721911430358887,
            "dev_kl": 0.02336702021304518,
            "dev_objective": 2.195558163248934
          },
          {
            "epoch": 83,
            "train_objective": 2.1589467525482178,
            "dev_nll": 2.1710097789764404,
            "dev_kl": 0.023664120491012,
            "dev_objective": 2.1946738994674524
          },
          {
            "epoch": 84,
            "train_objective": 2.1580095291137695,
            "dev_nll": 2.1698360443115234,
            "dev_kl": 0.023959405512432568,
            "dev_objective": 2.193795449823956
          },
          {
            "epoch": 85,
            "train_objective": 2.1570823192596436,
            "dev_nll": 2.1686666011810303,
            "dev_kl": 0.024251986561575904,
            "dev_objective": 2.1929185877426063
          },
          {
            "epoch": 86,
            "train_objective": 2.156165838241577,
            "dev_nll": 2.1675004959106445,
            "dev_kl": 0.024541278652031907,
            "dev_objective": 2.1920417745626763
          },
          {
            "epoch": 87,
            "train_objective": 2.155259609222412,
            "dev_nll": 2.1663384437561035,
            "dev_kl": 0.024827365562669002,
            "dev_objective": 2.1911658093187727
          },
          {
            "epoch": 88,
            "train_objective": 2.1543631553649902,
            "dev_nll": 2.1651833057403564,
            "dev_kl": 0.02511079413292464,
            "dev_objective": 2.190294099873281
          },
          {
            "epoch": 89,
            "train_objective": 2.1534762382507324,
            "dev_nll": 2.1640381813049316,
            "dev_kl": 0.025392408380866982,
            "dev_objective": 2.1894305896857986
          },
          {
            "epoch": 90,
            "train_objective": 2.1525988578796387,
            "dev_nll": 2.1629068851470947,
            "dev_kl": 0.025673158990684897,
            "dev_objective": 2.1885800441377796
          },
          {
            "epoch": 91,
            "train_objective": 2.151731491088867,
            "dev_nll": 2.1617918014526367,
            "dev_kl": 0.025953785662422887,
            "dev_objective": 2.1877455871150597
          },
          {
            "epoch": 92,
            "train_objective": 2.1508731842041016,
            "dev_nll": 2.160693407058716,
            "dev_kl": 0.02623459460097365,
            "dev_objective": 2.1869280016596893
          },
          {
            "epoch": 93,
            "train_objective": 2.150024175643921,
            "dev_nll": 2.159611701965332,
            "dev_kl": 0.02651558295590803,
            "dev_objective": 2.18612728492124
          },
          {
            "epoch": 94,
            "train_objective": 2.149184226989746,
            "dev_nll": 2.158543586730957,
            "dev_kl": 0.026796248274622486,
            "dev_objective": 2.1853398350055797
          },
          {
            "epoch": 95,
            "train_objective": 2.148352861404419,
            "dev_nll": 2.1574859619140625,
            "dev_kl": 0.027075959244393745,
            "dev_objective": 2.184561921158456
          },
          {
            "epoch": 96,
            "train_objective": 2.1475307941436768,
            "dev_nll": 2.156435966491699,
            "dev_kl": 0.02735404015693348,
            "dev_objective": 2.183790006648633
          },
          {
            "epoch": 97,
            "train_objective": 2.1467175483703613,
            "dev_nll": 2.155390977859497,
            "dev_kl": 0.027630012042354792,
            "dev_objective": 2.183020989901852
          },
          {
            "epoch": 98,
            "train_objective": 2.1459124088287354,
            "dev_nll": 2.1543502807617188,
            "dev_kl": 0.02790373398689553,
            "dev_objective": 2.1822540147486142
          },
          {
            "epoch": 99,
            "train_objective": 2.145115613937378,
            "dev_nll": 2.1533141136169434,
            "dev_kl": 0.028175372586701997,
            "dev_objective": 2.1814894862036454
          },
          {
            "epoch": 100,
            "train_objective": 2.1443278789520264,
            "dev_nll": 2.152283191680908,
            "dev_kl": 0.02844550102192443,
            "dev_objective": 2.1807286927028326
          },
          {
            "epoch": 101,
            "train_objective": 2.143548011779785,
            "dev_nll": 2.1512608528137207,
            "dev_kl": 0.028714657821692528,
            "dev_objective": 2.1799755106354133
          },
          {
            "epoch": 102,
            "train_objective": 2.1427767276763916,
            "dev_nll": 2.150247812271118,
            "dev_kl": 0.02898347171372734,
            "dev_objective": 2.1792312839848456
          },
          {
            "epoch": 103,
            "train_objective": 2.1420133113861084,
            "dev_nll": 2.1492464542388916,
            "dev_kl": 0.029252288326388223,
            "dev_objective": 2.1784987425652798
          },
          {
            "epoch": 104,
            "train_objective": 2.1412580013275146,
            "dev_nll": 2.148256778717041,
            "dev_kl": 0.02952121877518948,
            "dev_objective": 2.1777779974922304
          },
          {
            "epoch": 105,
            "train_objective": 2.1405107975006104,
            "dev_nll": 2.147278308868408,
            "dev_kl": 0.029790065221022816,
            "dev_objective": 2.177068374089431
          },
          {
            "epoch": 106,
            "train_objective": 2.1397714614868164,
            "dev_nll": 2.1463096141815186,
            "dev_kl": 0.030058497959398665,
            "dev_objective": 2.176368112140917
          },
          {
            "epoch": 107,
            "train_objective": 2.139039993286133,
            "dev_nll": 2.1453490257263184,
            "dev_kl": 0.030326099661178888,
            "dev_objective": 2.1756751253874973
          },
          {
            "epoch": 108,
            "train_objective": 2.1383163928985596,
            "dev_nll": 2.144395589828491,
            "dev_kl": 0.030592573786852883,
            "dev_objective": 2.1749881636153443
          },
          {
            "epoch": 109,
            "train_objective": 2.1376001834869385,
            "dev_nll": 2.1434483528137207,
            "dev_kl": 0.03085777133877855,
            "dev_objective": 2.1743061241524995
          },
          {
            "epoch": 110,
            "train_objective": 2.136892080307007,
            "dev_nll": 2.1425068378448486,
            "dev_kl": 0.031121808273310306,
            "dev_objective": 2.173628646118159
          },
          {
            "epoch": 111,
            "train_objective": 2.1361916065216064,
            "dev_nll": 2.1415717601776123,
            "dev_kl": 0.03138497513631591,
            "dev_objective": 2.172956735313928
          },
          {
            "epoch": 112,
            "train_objective": 2.135498523712158,
            "dev_nll": 2.140643835067749,
            "dev_kl": 0.03164765403780621,
            "dev_objective": 2.172291489105555
          },
          {
            "epoch": 113,
            "train_objective": 2.134812831878662,
            "dev_nll": 2.139724016189575,
            "dev_kl": 0.031910217078402636,
            "dev_objective": 2.171634233267978
          },
          {
            "epoch": 114,
            "train_objective": 2.1341352462768555,
            "dev_nll": 2.138812780380249,
            "dev_kl": 0.03217287154868245,
            "dev_objective": 2.1709856519289317
          },
          {
            "epoch": 115,
            "train_objective": 2.1334645748138428,
            "dev_nll": 2.1379098892211914,
            "dev_kl": 0.03243575031141518,
            "dev_objective": 2.1703456395326066
          },
          {
            "epoch": 116,
            "train_objective": 2.1328017711639404,
            "dev_nll": 2.1370153427124023,
            "dev_kl": 0.03269867775554303,
            "dev_objective": 2.1697140204679455
          },
          {
            "epoch": 117,
            "train_objective": 2.132146120071411,
            "dev_nll": 2.1361281871795654,
            "dev_kl": 0.03296145322034136,
            "dev_objective": 2.169089640399907
          },
          {
            "epoch": 118,
            "train_objective": 2.131497859954834,
            "dev_nll": 2.1352477073669434,
            "dev_kl": 0.03322385259612929,
            "dev_objective": 2.1684715599630726
          },
          {
            "epoch": 119,
            "train_objective": 2.130856990814209,
            "dev_nll": 2.134373188018799,
            "dev_kl": 0.03348567439825274,
            "dev_objective": 2.1678588624170514
          },
          {
            "epoch": 120,
            "train_objective": 2.130223274230957,
            "dev_nll": 2.133504629135132,
            "dev_kl": 0.033746846682042815,
            "dev_objective": 2.167251475817175
          },
          {
            "epoch": 121,
            "train_objective": 2.129596710205078,
            "dev_nll": 2.1326425075531006,
            "dev_kl": 0.03400746436673217,
            "dev_objective": 2.1666499719198327
          },
          {
            "epoch": 122,
            "train_objective": 2.1289777755737305,
            "dev_nll": 2.131786823272705,
            "dev_kl": 0.03426772832230199,
            "dev_objective": 2.166054551595007
          },
          {
            "epoch": 123,
            "train_objective": 2.1283655166625977,
            "dev_nll": 2.1309385299682617,
            "dev_kl": 0.03452788221067749,
            "dev_objective": 2.1654664121789393
          },
          {
            "epoch": 124,
            "train_objective": 2.127760648727417,
            "dev_nll": 2.1300978660583496,
            "dev_kl": 0.0347881358792074,
            "dev_objective": 2.164886001937557
          },
          {
            "epoch": 125,
            "train_objective": 2.1271626949310303,
            "dev_nll": 2.129265546798706,
            "dev_kl": 0.035048614817205816,
            "dev_objective": 2.164314161615912
          },
          {
            "epoch": 126,
            "train_objective": 2.1265721321105957,
            "dev_nll": 2.1284406185150146,
            "dev_kl": 0.03530930342007196,
            "dev_objective": 2.1637499219350866
          },
          {
            "epoch": 127,
            "train_objective": 2.125988721847534,
            "dev_nll": 2.127622604370117,
            "dev_kl": 0.03557012199802557,
            "dev_objective": 2.163192726368143
          },
          {
            "epoch": 128,
            "train_objective": 2.1254119873046875,
            "dev_nll": 2.1268110275268555,
            "dev_kl": 0.0358309212239692,
            "dev_objective": 2.162641948750825
          },
          {
            "epoch": 129,
            "train_objective": 2.124842643737793,
            "dev_nll": 2.126005172729492,
            "dev_kl": 0.03609152711374918,
            "dev_objective": 2.162096699843241
          },
          {
            "epoch": 130,
            "train_objective": 2.1242799758911133,
            "dev_nll": 2.125204563140869,
            "dev_kl": 0.036351868070487396,
            "dev_objective": 2.1615564312113564
          },
          {
            "epoch": 131,
            "train_objective": 2.1237244606018066,
            "dev_nll": 2.1244094371795654,
            "dev_kl": 0.03661193848238327,
            "dev_objective": 2.1610213756619485
          },
          {
            "epoch": 132,
            "train_objective": 2.123175621032715,
            "dev_nll": 2.12362003326416,
            "dev_kl": 0.03687179849366658,
            "dev_objective": 2.1604918317578266
          },
          {
            "epoch": 133,
            "train_objective": 2.122633695602417,
            "dev_nll": 2.1228368282318115,
            "dev_kl": 0.037131615230464377,
            "dev_objective": 2.159968443462276
          },
          {
            "epoch": 134,
            "train_objective": 2.122098684310913,
            "dev_nll": 2.1220598220825195,
            "dev_kl": 0.03739152462687343,
            "dev_objective": 2.159451346709393
          },
          {
            "epoch": 135,
            "train_objective": 2.121570587158203,
            "dev_nll": 2.1212897300720215,
            "dev_kl": 0.0376516455959063,
            "dev_objective": 2.158941375667928
          },
          {
            "epoch": 136,
            "train_objective": 2.121049165725708,
            "dev_nll": 2.1205265522003174,
            "dev_kl": 0.03791202307445928,
            "dev_objective": 2.1584385752747766
          },
          {
            "epoch": 137,
            "train_objective": 2.120534658432007,
            "dev_nll": 2.1197702884674072,
            "dev_kl": 0.03817263757897308,
            "dev_objective": 2.1579429260463803
          },
          {
            "epoch": 138,
            "train_objective": 2.1200265884399414,
            "dev_nll": 2.119020462036133,
            "dev_kl": 0.03843337482161587,
            "dev_objective": 2.1574538368577487
          },
          {
            "epoch": 139,
            "train_objective": 2.119525194168091,
            "dev_nll": 2.118276357650757,
            "dev_kl": 0.0386941477007349,
            "dev_objective": 2.1569705053514916
          },
          {
            "epoch": 140,
            "train_objective": 2.119030475616455,
            "dev_nll": 2.1175377368927,
            "dev_kl": 0.038954867859138174,
            "dev_objective": 2.1564926047518385
          },
          {
            "epoch": 141,
            "train_objective": 2.1185426712036133,
            "dev_nll": 2.116804599761963,
            "dev_kl": 0.03921552142186556,
            "dev_objective": 2.1560201211838286
          },
          {
            "epoch": 142,
            "train_objective": 2.118061065673828,
            "dev_nll": 2.116076707839966,
            "dev_kl": 0.03947614711243659,
            "dev_objective": 2.1555528549524023
          },
          {
            "epoch": 143,
            "train_objective": 2.117586374282837,
            "dev_nll": 2.115354537963867,
            "dev_kl": 0.039736772756004936,
            "dev_objective": 2.155091310719872
          },
          {
            "epoch": 144,
            "train_objective": 2.1171181201934814,
            "dev_nll": 2.114637851715088,
            "dev_kl": 0.03999753912255983,
            "dev_objective": 2.154635390837648
          },
          {
            "epoch": 145,
            "train_objective": 2.1166560649871826,
            "dev_nll": 2.113927125930786,
            "dev_kl": 0.04025850308375084,
            "dev_objective": 2.154185629014537
          },
          {
            "epoch": 146,
            "train_objective": 2.1162006855010986,
            "dev_nll": 2.113222122192383,
            "dev_kl": 0.04051969417792861,
            "dev_objective": 2.1537418163703115
          },
          {
            "epoch": 147,
            "train_objective": 2.1157515048980713,
            "dev_nll": 2.1125235557556152,
            "dev_kl": 0.040781122093176234,
            "dev_objective": 2.1533046778487916
          },
          {
            "epoch": 148,
            "train_objective": 2.1153087615966797,
            "dev_nll": 2.111830234527588,
            "dev_kl": 0.041042689163587054,
            "dev_objective": 2.152872923691175
          },
          {
            "epoch": 149,
            "train_objective": 2.1148719787597656,
            "dev_nll": 2.111142873764038,
            "dev_kl": 0.04130436264153104,
            "dev_objective": 2.1524472364055693
          },
          {
            "epoch": 150,
            "train_objective": 2.1144421100616455,
            "dev_nll": 2.1104607582092285,
            "dev_kl": 0.041566076984454414,
            "dev_objective": 2.152026835193683
          },
          {
            "epoch": 151,
            "train_objective": 2.114018440246582,
            "dev_nll": 2.1097841262817383,
            "dev_kl": 0.04182777716574492,
            "dev_objective": 2.151611903447483
          },
          {
            "epoch": 152,
            "train_objective": 2.113600492477417,
            "dev_nll": 2.1091127395629883,
            "dev_kl": 0.04208950776141137,
            "dev_objective": 2.1512022473243997
          },
          {
            "epoch": 153,
            "train_objective": 2.1131887435913086,
            "dev_nll": 2.1084465980529785,
            "dev_kl": 0.042351256761321565,
            "dev_objective": 2.1507978548143
          },
          {
            "epoch": 154,
            "train_objective": 2.112783193588257,
            "dev_nll": 2.107786178588867,
            "dev_kl": 0.04261310847345157,
            "dev_objective": 2.150399287062319
          },
          {
            "epoch": 155,
            "train_objective": 2.1123836040496826,
            "dev_nll": 2.107131004333496,
            "dev_kl": 0.04287509054367547,
            "dev_objective": 2.1500060948771718
          },
          {
            "epoch": 156,
            "train_objective": 2.111989974975586,
            "dev_nll": 2.1064813137054443,
            "dev_kl": 0.0431372080235451,
            "dev_objective": 2.1496185217289896
          },
          {
            "epoch": 157,
            "train_objective": 2.111602544784546,
            "dev_nll": 2.105837345123291,
            "dev_kl": 0.04339941396305221,
            "dev_objective": 2.1492367590863433
          },
          {
            "epoch": 158,
            "train_objective": 2.111220598220825,
            "dev_nll": 2.105198383331299,
            "dev_kl": 0.04366170517561841,
            "dev_objective": 2.1488600885069173
          },
          {
            "epoch": 159,
            "train_objective": 2.1108450889587402,
            "dev_nll": 2.1045644283294678,
            "dev_kl": 0.0439240083367622,
            "dev_objective": 2.14848843666623
          },
          {
            "epoch": 160,
            "train_objective": 2.1104748249053955,
            "dev_nll": 2.103935956954956,
            "dev_kl": 0.04418627657723846,
            "dev_objective": 2.1481222335321943
          },
          {
            "epoch": 161,
            "train_objective": 2.1101105213165283,
            "dev_nll": 2.1033120155334473,
            "dev_kl": 0.044448424679867454,
            "dev_objective": 2.1477604402133146
          },
          {
            "epoch": 162,
            "train_objective": 2.1097519397735596,
            "dev_nll": 2.1026933193206787,
            "dev_kl": 0.044710518960637276,
            "dev_objective": 2.147403838281316
          },
          {
            "epoch": 163,
            "train_objective": 2.1093990802764893,
            "dev_nll": 2.1020801067352295,
            "dev_kl": 0.04497253458117484,
            "dev_objective": 2.1470526413164044
          },
          {
            "epoch": 164,
            "train_objective": 2.1090519428253174,
            "dev_nll": 2.101471424102783,
            "dev_kl": 0.045234497169731186,
            "dev_objective": 2.1467059212725146
          },
          {
            "epoch": 165,
            "train_objective": 2.1087100505828857,
            "dev_nll": 2.1008682250976562,
            "dev_kl": 0.045496412887732735,
            "dev_objective": 2.146364637985389
          },
          {
            "epoch": 166,
            "train_objective": 2.1083734035491943,
            "dev_nll": 2.1002702713012695,
            "dev_kl": 0.04575824881205335,
            "dev_objective": 2.146028520113323
          },
          {
            "epoch": 167,
            "train_objective": 2.1080427169799805,
            "dev_nll": 2.099677562713623,
            "dev_kl": 0.046020024461613504,
            "dev_objective": 2.1456975871752366
          },
          {
            "epoch": 168,
            "train_objective": 2.107717275619507,
            "dev_nll": 2.0990898609161377,
            "dev_kl": 0.04628164500216372,
            "dev_objective": 2.1453715059183014
          },
          {
            "epoch": 169,
            "train_objective": 2.1073968410491943,
            "dev_nll": 2.0985069274902344,
            "dev_kl": 0.046543092476640596,
            "dev_objective": 2.145050019966875
          },
          {
            "epoch": 170,
            "train_objective": 2.1070821285247803,
            "dev_nll": 2.097929000854492,
            "dev_kl": 0.04680433239409467,
            "dev_objective": 2.144733333248587
          },
          {
            "epoch": 171,
            "train_objective": 2.1067726612091064,
            "dev_nll": 2.097355604171753,
            "dev_kl": 0.04706529703340493,
            "dev_objective": 2.144420901205158
          },
          {
            "epoch": 172,
            "train_objective": 2.1064679622650146,
            "dev_nll": 2.096787214279175,
            "dev_kl": 0.047326005195063775,
            "dev_objective": 2.1441132194742387
          },
          {
            "epoch": 173,
            "train_objective": 2.106168746948242,
            "dev_nll": 2.0962235927581787,
            "dev_kl": 0.04758641936859931,
            "dev_objective": 2.143810012126778
          },
          {
            "epoch": 174,
            "train_objective": 2.1058740615844727,
            "dev_nll": 2.0956645011901855,
            "dev_kl": 0.04784658900418435,
            "dev_objective": 2.14351109019437
          },
          {
            "epoch": 175,
            "train_objective": 2.1055848598480225,
            "dev_nll": 2.0951104164123535,
            "dev_kl": 0.04810647336220427,
            "dev_objective": 2.143216889774558
          },
          {
            "epoch": 176,
            "train_objective": 2.1053009033203125,
            "dev_nll": 2.0945615768432617,
            "dev_kl": 0.04836605098054861,
            "dev_objective": 2.1429276278238105
          },
          {
            "epoch": 177,
            "train_objective": 2.1050212383270264,
            "dev_nll": 2.094017505645752,
            "dev_kl": 0.04862530082406011,
            "dev_objective": 2.142642806469812
          },
          {
            "epoch": 178,
            "train_objective": 2.1047465801239014,
            "dev_nll": 2.093477964401245,
            "dev_kl": 0.048884176998981274,
            "dev_objective": 2.1423621414002265
          },
          {
            "epoch": 179,
            "train_objective": 2.1044764518737793,
            "dev_nll": 2.0929431915283203,
            "dev_kl": 0.04914266135485377,
            "dev_objective": 2.142085852883174
          },
          {
            "epoch": 180,
            "train_objective": 2.1042113304138184,
            "dev_nll": 2.0924129486083984,
            "dev_kl": 0.04940069194039097,
            "dev_objective": 2.1418136405487895
          },
          {
            "epoch": 181,
            "train_objective": 2.1039509773254395,
            "dev_nll": 2.0918877124786377,
            "dev_kl": 0.04965826853978797,
            "dev_objective": 2.141545981018426
          },
          {
            "epoch": 182,
            "train_objective": 2.1036949157714844,
            "dev_nll": 2.0913665294647217,
            "dev_kl": 0.04991535795968957,
            "dev_objective": 2.141281887424411
          },
          {
            "epoch": 183,
            "train_objective": 2.1034436225891113,
            "dev_nll": 2.090850353240967,
            "dev_kl": 0.050171949011783,
            "dev_objective": 2.14102230225275
          },
          {
            "epoch": 184,
            "train_objective": 2.103196382522583,
            "dev_nll": 2.0903384685516357,
            "dev_kl": 0.050428039697217174,
            "dev_objective": 2.140766508248853
          },
          {
            "epoch": 185,
            "train_objective": 2.102954387664795,
            "dev_nll": 2.0898313522338867,
            "dev_kl": 0.05068363584934559,
            "dev_objective": 2.140514988083232
          },
          {
            "epoch": 186,
            "train_objective": 2.1027159690856934,
            "dev_nll": 2.0893290042877197,
            "dev_kl": 0.050938691290284624,
            "dev_objective": 2.1402676955780042
          },
          {
            "epoch": 187,
            "train_objective": 2.1024820804595947,
            "dev_nll": 2.0888309478759766,
            "dev_kl": 0.051193161061528374,
            "dev_objective": 2.1400241089375047
          },
          {
            "epoch": 188,
            "train_objective": 2.102252721786499,
            "dev_nll": 2.0883371829986572,
            "dev_kl": 0.051447027043177516,
            "dev_objective": 2.1397842100418347
          },
          {
            "epoch": 189,
            "train_objective": 2.102027416229248,
            "dev_nll": 2.087847948074341,
            "dev_kl": 0.05170027122461761,
            "dev_objective": 2.1395482192989586
          },
          {
            "epoch": 190,
            "train_objective": 2.101806402206421,
            "dev_nll": 2.0873634815216064,
            "dev_kl": 0.05195283116700011,
            "dev_objective": 2.1393163126886066
          },
          {
            "epoch": 191,
            "train_objective": 2.1015894412994385,
            "dev_nll": 2.086883306503296,
            "dev_kl": 0.0522047447777004,
            "dev_objective": 2.1390880512809964
          },
          {
            "epoch": 192,
            "train_objective": 2.1013762950897217,
            "dev_nll": 2.086407423019409,
            "dev_kl": 0.052455932269076584,
            "dev_objective": 2.138863355288486
          },
          {
            "epoch": 193,
            "train_objective": 2.1011672019958496,
            "dev_nll": 2.0859360694885254,
            "dev_kl": 0.052706431853293906,
            "dev_objective": 2.138642501341819
          },
          {
            "epoch": 194,
            "train_objective": 2.100961923599243,
            "dev_nll": 2.0854687690734863,
            "dev_kl": 0.052956200445478316,
            "dev_objective": 2.1384249695189648
          },
          {
            "epoch": 195,
            "train_objective": 2.1007609367370605,
            "dev_nll": 2.085005760192871,
            "dev_kl": 0.05320522265865293,
            "dev_objective": 2.138210982851524
          },
          {
            "epoch": 196,
            "train_objective": 2.1005630493164062,
            "dev_nll": 2.084547281265259,
            "dev_kl": 0.053453490855245034,
            "dev_objective": 2.138000772120504
          },
          {
            "epoch": 197,
            "train_objective": 2.100369453430176,
            "dev_nll": 2.084092855453491,
            "dev_kl": 0.053700962520742905,
            "dev_objective": 2.137793817974234
          },
          {
            "epoch": 198,
            "train_objective": 2.100179433822632,
            "dev_nll": 2.0836427211761475,
            "dev_kl": 0.053947602875196024,
            "dev_objective": 2.1375903240513434
          },
          {
            "epoch": 199,
            "train_objective": 2.0999932289123535,
            "dev_nll": 2.0831968784332275,
            "dev_kl": 0.054193391228400285,
            "dev_objective": 2.137390269661628
          },
          {
            "epoch": 200,
            "train_objective": 2.0998103618621826,
            "dev_nll": 2.0827550888061523,
            "dev_kl": 0.054438297933629656,
            "dev_objective": 2.137193386739782
          },
          {
            "epoch": 201,
            "train_objective": 2.099630832672119,
            "dev_nll": 2.082317352294922,
            "dev_kl": 0.054682351015544556,
            "dev_objective": 2.1369997033104666
          },
          {
            "epoch": 202,
            "train_objective": 2.0994553565979004,
            "dev_nll": 2.0818841457366943,
            "dev_kl": 0.05492548436988727,
            "dev_objective": 2.1368096301065815
          },
          {
            "epoch": 203,
            "train_objective": 2.099283218383789,
            "dev_nll": 2.0814545154571533,
            "dev_kl": 0.0551677158640814,
            "dev_objective": 2.1366222313212346
          },
          {
            "epoch": 204,
            "train_objective": 2.099114179611206,
            "dev_nll": 2.081029176712036,
            "dev_kl": 0.05540902027008997,
            "dev_objective": 2.1364381969821262
          },
          {
            "epoch": 205,
            "train_objective": 2.0989484786987305,
            "dev_nll": 2.0806081295013428,
            "dev_kl": 0.05564937440878566,
            "dev_objective": 2.1362575039101284
          },
          {
            "epoch": 206,
            "train_objective": 2.0987863540649414,
            "dev_nll": 2.080191135406494,
            "dev_kl": 0.05588874174423836,
            "dev_objective": 2.1360798771507326
          },
          {
            "epoch": 207,
            "train_objective": 2.0986270904541016,
            "dev_nll": 2.079777956008911,
            "dev_kl": 0.05612714746101119,
            "dev_objective": 2.135905103469922
          },
          {
            "epoch": 208,
            "train_objective": 2.098470687866211,
            "dev_nll": 2.079368829727173,
            "dev_kl": 0.05636451980775746,
            "dev_objective": 2.1357333495349304
          },
          {
            "epoch": 209,
            "train_objective": 2.098318099975586,
            "dev_nll": 2.078963279724121,
            "dev_kl": 0.056600856287295755,
            "dev_objective": 2.135564136011417
          },
          {
            "epoch": 210,
            "train_objective": 2.0981686115264893,
            "dev_nll": 2.078562021255493,
            "dev_kl": 0.056836151454845094,
            "dev_objective": 2.1353981727103384
          },
          {
            "epoch": 211,
            "train_objective": 2.0980217456817627,
            "dev_nll": 2.0781643390655518,
            "dev_kl": 0.05707039610057109,
            "dev_objective": 2.1352347351661227
          },
          {
            "epoch": 212,
            "train_objective": 2.0978777408599854,
            "dev_nll": 2.077770948410034,
            "dev_kl": 0.057303550142751195,
            "dev_objective": 2.135074498552785
          },
          {
            "epoch": 213,
            "train_objective": 2.0977368354797363,
            "dev_nll": 2.0773813724517822,
            "dev_kl": 0.0575356423051926,
            "dev_objective": 2.134917014756975
          },
          {
            "epoch": 214,
            "train_objective": 2.0975987911224365,
            "dev_nll": 2.076995372772217,
            "dev_kl": 0.05776660603896744,
            "dev_objective": 2.1347619788111842
          },
          {
            "epoch": 215,
            "train_objective": 2.097463846206665,
            "dev_nll": 2.076613187789917,
            "dev_kl": 0.057996480537785826,
            "dev_objective": 2.1346096683277027
          },
          {
            "epoch": 216,
            "train_objective": 2.0973312854766846,
            "dev_nll": 2.076235055923462,
            "dev_kl": 0.05822516051883213,
            "dev_objective": 2.134460216442294
          },
          {
            "epoch": 217,
            "train_objective": 2.0972015857696533,
            "dev_nll": 2.0758605003356934,
            "dev_kl": 0.05845271968433735,
            "dev_objective": 2.1343132200200308
          },
          {
            "epoch": 218,
            "train_objective": 2.0970747470855713,
            "dev_nll": 2.0754897594451904,
            "dev_kl": 0.058679117305182445,
            "dev_objective": 2.134168876750373
          },
          {
            "epoch": 219,
            "train_objective": 2.0969502925872803,
            "dev_nll": 2.075122356414795,
            "dev_kl": 0.05890432630794749,
            "dev_objective": 2.1340266827227423
          },
          {
            "epoch": 220,
            "train_objective": 2.0968286991119385,
            "dev_nll": 2.074759006500244,
            "dev_kl": 0.059128350438240884,
            "dev_objective": 2.133887356938485
          },
          {
            "epoch": 221,
            "train_objective": 2.0967090129852295,
            "dev_nll": 2.074398994445801,
            "dev_kl": 0.05935118028988654,
            "dev_objective": 2.1337501747356873
          },
          {
            "epoch": 222,
            "train_objective": 2.096592426300049,
            "dev_nll": 2.074042558670044,
            "dev_kl": 0.05957279694109275,
            "dev_objective": 2.133615355611137
          },
          {
            "epoch": 223,
            "train_objective": 2.096478223800659,
            "dev_nll": 2.073690176010132,
            "dev_kl": 0.0597931846202755,
            "dev_objective": 2.1334833606304073
          },
          {
            "epoch": 224,
            "train_objective": 2.0963664054870605,
            "dev_nll": 2.073341131210327,
            "dev_kl": 0.060012345739728516,
            "dev_objective": 2.1333534769500555
          },
          {
            "epoch": 225,
            "train_objective": 2.096257209777832,
            "dev_nll": 2.072995662689209,
            "dev_kl": 0.06023024914488815,
            "dev_objective": 2.133225911834097
          },
          {
            "epoch": 226,
            "train_objective": 2.0961496829986572,
            "dev_nll": 2.0726535320281982,
            "dev_kl": 0.0604468931404665,
            "dev_objective": 2.133100425168665
          },
          {
            "epoch": 227,
            "train_objective": 2.0960447788238525,
            "dev_nll": 2.072314977645874,
            "dev_kl": 0.06066225364661136,
            "dev_objective": 2.1329772312924855
          },
          {
            "epoch": 228,
            "train_objective": 2.095942258834839,
            "dev_nll": 2.0719797611236572,
            "dev_kl": 0.06087635948862953,
            "dev_objective": 2.1328561206122867
          },
          {
            "epoch": 229,
            "train_objective": 2.095841646194458,
            "dev_nll": 2.071648359298706,
            "dev_kl": 0.061089183752715145,
            "dev_objective": 2.1327375430514213
          },
          {
            "epoch": 230,
            "train_objective": 2.095743417739868,
            "dev_nll": 2.0713202953338623,
            "dev_kl": 0.06130070162972515,
            "dev_objective": 2.1326209969635874
          },
          {
            "epoch": 231,
            "train_objective": 2.0956473350524902,
            "dev_nll": 2.0709950923919678,
            "dev_kl": 0.06151090665573065,
            "dev_objective": 2.1325059990476984
          },
          {
            "epoch": 232,
            "train_objective": 2.095553159713745,
            "dev_nll": 2.070673704147339,
            "dev_kl": 0.06171982536468931,
            "dev_objective": 2.132393529512028
          },
          {
            "epoch": 233,
            "train_objective": 2.095460891723633,
            "dev_nll": 2.0703554153442383,
            "dev_kl": 0.061927415813006516,
            "dev_objective": 2.132282831157245
          },
          {
            "epoch": 234,
            "train_objective": 2.0953710079193115,
            "dev_nll": 2.070040702819824,
            "dev_kl": 0.06213366683363347,
            "dev_objective": 2.1321743696534576
          },
          {
            "epoch": 235,
            "train_objective": 2.095282793045044,
            "dev_nll": 2.0697290897369385,
            "dev_kl": 0.06233859222616957,
            "dev_objective": 2.132067681963108
          },
          {
            "epoch": 236,
            "train_objective": 2.0951967239379883,
            "dev_nll": 2.06942081451416,
            "dev_kl": 0.06254215893630316,
            "dev_objective": 2.1319629734504635
          },
          {
            "epoch": 237,
            "train_objective": 2.0951123237609863,
            "dev_nll": 2.06911563873291,
            "dev_kl": 0.0627444164796907,
            "dev_objective": 2.131860055212601
          },
          {
            "epoch": 238,
            "train_objective": 2.0950300693511963,
            "dev_nll": 2.0688135623931885,
            "dev_kl": 0.06294527099820697,
            "dev_objective": 2.1317588333913955
          },
          {
            "epoch": 239,
            "train_objective": 2.09494948387146,
            "dev_nll": 2.068514823913574,
            "dev_kl": 0.0631448047322192,
            "dev_objective": 2.1316596286457936
          },
          {
            "epoch": 240,
            "train_objective": 2.0948708057403564,
            "dev_nll": 2.0682191848754883,
            "dev_kl": 0.06334297843855893,
            "dev_objective": 2.1315621633140474
          },
          {
            "epoch": 241,
            "train_objective": 2.0947933197021484,
            "dev_nll": 2.0679268836975098,
            "dev_kl": 0.06353976432113996,
            "dev_objective": 2.13146664801865
          },
          {
            "epoch": 242,
            "train_objective": 2.0947182178497314,
            "dev_nll": 2.0676374435424805,
            "dev_kl": 0.06373517672866001,
            "dev_objective": 2.1313726202711405
          },
          {
            "epoch": 243,
            "train_objective": 2.09464430809021,
            "dev_nll": 2.0673511028289795,
            "dev_kl": 0.06392922722039657,
            "dev_objective": 2.131280330049376
          },
          {
            "epoch": 244,
            "train_objective": 2.0945723056793213,
            "dev_nll": 2.0670676231384277,
            "dev_kl": 0.06412188344980678,
            "dev_objective": 2.1311895065882345
          },
          {
            "epoch": 245,
            "train_objective": 2.0945019721984863,
            "dev_nll": 2.0667877197265625,
            "dev_kl": 0.06431315734324017,
            "dev_objective": 2.1311008770698026
          },
          {
            "epoch": 246,
            "train_objective": 2.094433307647705,
            "dev_nll": 2.0665104389190674,
            "dev_kl": 0.06450304061676433,
            "dev_objective": 2.1310134795358318
          },
          {
            "epoch": 247,
            "train_objective": 2.0943658351898193,
            "dev_nll": 2.0662360191345215,
            "dev_kl": 0.06469155548627896,
            "dev_objective": 2.1309275746208005
          },
          {
            "epoch": 248,
            "train_objective": 2.0943002700805664,
            "dev_nll": 2.065964937210083,
            "dev_kl": 0.06487866171166388,
            "dev_objective": 2.130843598921747
          },
          {
            "epoch": 249,
            "train_objective": 2.094236135482788,
            "dev_nll": 2.0656967163085938,
            "dev_kl": 0.06506436099272833,
            "dev_objective": 2.130761077301322
          },
          {
            "epoch": 250,
            "train_objective": 2.0941731929779053,
            "dev_nll": 2.0654311180114746,
            "dev_kl": 0.06524869281434803,
            "dev_objective": 2.1306798108258227
          },
          {
            "epoch": 251,
            "train_objective": 2.094111680984497,
            "dev_nll": 2.065168619155884,
            "dev_kl": 0.06543160353030544,
            "dev_objective": 2.1306002226861893
          },
          {
            "epoch": 252,
            "train_objective": 2.0940518379211426,
            "dev_nll": 2.064908742904663,
            "dev_kl": 0.06561312819958402,
            "dev_objective": 2.1305218711042473
          },
          {
            "epoch": 253,
            "train_objective": 2.0939931869506836,
            "dev_nll": 2.0646517276763916,
            "dev_kl": 0.06579324260230351,
            "dev_objective": 2.130444970278695
          },
          {
            "epoch": 254,
            "train_objective": 2.093935966491699,
            "dev_nll": 2.0643978118896484,
            "dev_kl": 0.06597197070623224,
            "dev_objective": 2.1303697825958805
          },
          {
            "epoch": 255,
            "train_objective": 2.0938801765441895,
            "dev_nll": 2.064146041870117,
            "dev_kl": 0.06614926776237554,
            "dev_objective": 2.130295309632493
          },
          {
            "epoch": 256,
            "train_objective": 2.093825578689575,
            "dev_nll": 2.0638973712921143,
            "dev_kl": 0.0663251714726357,
            "dev_objective": 2.13022254276475
          },
          {
            "epoch": 257,
            "train_objective": 2.0937721729278564,
            "dev_nll": 2.0636518001556396,
            "dev_kl": 0.06649967603261757,
            "dev_objective": 2.1301514761882574
          },
          {
            "epoch": 258,
            "train_objective": 2.093719959259033,
            "dev_nll": 2.063408613204956,
            "dev_kl": 0.06667279402659915,
            "dev_objective": 2.1300814072315553
          },
          {
            "epoch": 259,
            "train_objective": 2.0936689376831055,
            "dev_nll": 2.0631682872772217,
            "dev_kl": 0.06684450435270264,
            "dev_objective": 2.1300127916299245
          },
          {
            "epoch": 260,
            "train_objective": 2.0936193466186523,
            "dev_nll": 2.062930107116699,
            "dev_kl": 0.06701480777286634,
            "dev_objective": 2.1299449148895655
          },
          {
            "epoch": 261,
            "train_objective": 2.0935704708099365,
            "dev_nll": 2.062695026397705,
            "dev_kl": 0.06718371582341205,
            "dev_objective": 2.129878742221117
          },
          {
            "epoch": 262,
            "train_objective": 2.0935230255126953,
            "dev_nll": 2.062462568283081,
            "dev_kl": 0.06735122037753172,
            "dev_objective": 2.1298137886606128
          },
          {
            "epoch": 263,
            "train_objective": 2.0934767723083496,
            "dev_nll": 2.062232494354248,
            "dev_kl": 0.06751732602526317,
            "dev_objective": 2.1297498203795113
          },
          {
            "epoch": 264,
            "train_objective": 2.0934314727783203,
            "dev_nll": 2.062005043029785,
            "dev_kl": 0.06768205078784377,
            "dev_objective": 2.129687093817629
          },
          {
            "epoch": 265,
            "train_objective": 2.0933871269226074,
            "dev_nll": 2.0617799758911133,
            "dev_kl": 0.06784537272178567,
            "dev_objective": 2.129625348612899
          },
          {
            "epoch": 266,
            "train_objective": 2.093344211578369,
            "dev_nll": 2.0615575313568115,
            "dev_kl": 0.06800732328403683,
            "dev_objective": 2.1295648546408485
          },
          {
            "epoch": 267,
            "train_objective": 2.093302011489868,
            "dev_nll": 2.06133770942688,
            "dev_kl": 0.06816787534931791,
            "dev_objective": 2.1295055847761977
          },
          {
            "epoch": 268,
            "train_objective": 2.0932610034942627,
            "dev_nll": 2.0611202716827393,
            "dev_kl": 0.06832703185282299,
            "dev_objective": 2.1294473035355623
          },
          {
            "epoch": 269,
            "train_objective": 2.0932207107543945,
            "dev_nll": 2.0609054565429688,
            "dev_kl": 0.06848480777407531,
            "dev_objective": 2.129390264317044
          },
          {
            "epoch": 270,
            "train_objective": 2.093181848526001,
            "dev_nll": 2.06069278717041,
            "dev_kl": 0.06864122032362502,
            "dev_objective": 2.1293340074940352
          },
          {
            "epoch": 271,
            "train_objective": 2.0931432247161865,
            "dev_nll": 2.0604827404022217,
            "dev_kl": 0.06879625562025467,
            "dev_objective": 2.1292789960224763
          },
          {
            "epoch": 272,
            "train_objective": 2.0931060314178467,
            "dev_nll": 2.060275077819824,
            "dev_kl": 0.06894991705572466,
            "dev_objective": 2.129224994875549
          },
          {
            "epoch": 273,
            "train_objective": 2.093069314956665,
            "dev_nll": 2.0600693225860596,
            "dev_kl": 0.06910222033831814,
            "dev_objective": 2.129171542924378
          },
          {
            "epoch": 274,
            "train_objective": 2.093034029006958,
            "dev_nll": 2.059866428375244,
            "dev_kl": 0.06925312714338361,
            "dev_objective": 2.1291195555186277
          },
          {
            "epoch": 275,
            "train_objective": 2.0929994583129883,
            "dev_nll": 2.0596654415130615,
            "dev_kl": 0.06940272017614917,
            "dev_objective": 2.1290681616892106
          },
          {
            "epoch": 276,
            "train_objective": 2.0929653644561768,
            "dev_nll": 2.059467077255249,
            "dev_kl": 0.06955090899820789,
            "dev_objective": 2.129017986253457
          },
          {
            "epoch": 277,
            "train_objective": 2.0929322242736816,
            "dev_nll": 2.0592708587646484,
            "dev_kl": 0.06969776949634252,
            "dev_objective": 2.1289686282609908
          },
          {
            "epoch": 278,
            "train_objective": 2.092900276184082,
            "dev_nll": 2.0590767860412598,
            "dev_kl": 0.06984330865358061,
            "dev_objective": 2.1289200946948403
          },
          {
            "epoch": 279,
            "train_objective": 2.0928685665130615,
            "dev_nll": 2.058884859085083,
            "dev_kl": 0.06998746398894581,
            "dev_objective": 2.1288723230740287
          },
          {
            "epoch": 280,
            "train_objective": 2.0928375720977783,
            "dev_nll": 2.0586957931518555,
            "dev_kl": 0.0701303072587325,
            "dev_objective": 2.128826100410588
          },
          {
            "epoch": 281,
            "train_objective": 2.0928077697753906,
            "dev_nll": 2.0585083961486816,
            "dev_kl": 0.07027182388381334,
            "dev_objective": 2.128780220032495
          },
          {
            "epoch": 282,
            "train_objective": 2.0927786827087402,
            "dev_nll": 2.0583231449127197,
            "dev_kl": 0.070412000010474,
            "dev_objective": 2.1287351449231937
          },
          {
            "epoch": 283,
            "train_objective": 2.092749834060669,
            "dev_nll": 2.0581395626068115,
            "dev_kl": 0.0705508611445839,
            "dev_objective": 2.1286904237513955
          },
          {
            "epoch": 284,
            "train_objective": 2.0927224159240723,
            "dev_nll": 2.0579590797424316,
            "dev_kl": 0.07068840439525957,
            "dev_objective": 2.1286474841376912
          },
          {
            "epoch": 285,
            "train_objective": 2.0926949977874756,
            "dev_nll": 2.0577802658081055,
            "dev_kl": 0.07082462674414274,
            "dev_objective": 2.1286048925522483
          },
          {
            "epoch": 286,
            "train_objective": 2.0926685333251953,
            "dev_nll": 2.057603359222412,
            "dev_kl": 0.0709595643416833,
            "dev_objective": 2.1285629235640955
          },
          {
            "epoch": 287,
            "train_objective": 2.0926427841186523,
            "dev_nll": 2.0574288368225098,
            "dev_kl": 0.0710931927312049,
            "dev_objective": 2.128522029553715
          },
          {
            "epoch": 288,
            "train_objective": 2.0926175117492676,
            "dev_nll": 2.0572562217712402,
            "dev_kl": 0.07122552748674935,
            "dev_objective": 2.1284817492579897
          },
          {
            "epoch": 289,
            "train_objective": 2.09259295463562,
            "dev_nll": 2.0570855140686035,
            "dev_kl": 0.07135656476879376,
            "dev_objective": 2.1284420788373972
          },
          {
            "epoch": 290,
            "train_objective": 2.09256911277771,
            "dev_nll": 2.0569167137145996,
            "dev_kl": 0.07148634602766833,
            "dev_objective": 2.128403059742268
          },
          {
            "epoch": 291,
            "train_objective": 2.092545747756958,
            "dev_nll": 2.0567502975463867,
            "dev_kl": 0.07161483721574768,
            "dev_objective": 2.1283651347621344
          },
          {
            "epoch": 292,
            "train_objective": 2.0925228595733643,
            "dev_nll": 2.0565853118896484,
            "dev_kl": 0.0717420820237021,
            "dev_objective": 2.1283273939133505
          },
          {
            "epoch": 293,
            "train_objective": 2.092500686645508,
            "dev_nll": 2.056422472000122,
            "dev_kl": 0.07186805520366761,
            "dev_objective": 2.1282905272037898
          },
          {
            "epoch": 294,
            "train_objective": 2.0924789905548096,
            "dev_nll": 2.0562617778778076,
            "dev_kl": 0.07199277326348237,
            "dev_objective": 2.12825455114129
          },
          {
            "epoch": 295,
            "train_objective": 2.0924580097198486,
            "dev_nll": 2.056102991104126,
            "dev_kl": 0.07211623239010806,
            "dev_objective": 2.128219223494234
          },
          {
            "epoch": 296,
            "train_objective": 2.092437267303467,
            "dev_nll": 2.055945873260498,
            "dev_kl": 0.07223846209715702,
            "dev_objective": 2.128184335357655
          },
          {
            "epoch": 297,
            "train_objective": 2.0924172401428223,
            "dev_nll": 2.055790662765503,
            "dev_kl": 0.0723594628367573,
            "dev_objective": 2.1281501256022604
          },
          {
            "epoch": 298,
            "train_objective": 2.092397689819336,
            "dev_nll": 2.0556371212005615,
            "dev_kl": 0.07247925188392401,
            "dev_objective": 2.1281163730844854
          },
          {
            "epoch": 299,
            "train_objective": 2.092378616333008,
            "dev_nll": 2.055485725402832,
            "dev_kl": 0.07259779678177437,
            "dev_objective": 2.1280835221846064
          }
        ]
      },
      {
        "kl_lambda": 3.0,
        "best_dev_nll": 2.1458165645599365,
        "best_dev_kl": 0.020794839658847195,
        "best_dev_objective": 2.208201083536478,
        "epochs_run": 234,
        "history": [
          {
            "epoch": 0,
            "train_objective": 2.3096671104431152,
            "dev_nll": 2.3174326419830322,
            "dev_kl": 0.0001129896752172499,
            "dev_objective": 2.317771611008684
          },
          {
            "epoch": 1,
            "train_objective": 2.3060145378112793,
            "dev_nll": 2.316328525543213,
            "dev_kl": 0.00032593298390565906,
            "dev_objective": 2.31730632449493
          },
          {
            "epoch": 2,
            "train_objective": 2.303065061569214,
            "dev_nll": 2.314361333847046,
            "dev_kl": 0.00042196962938760406,
            "dev_objective": 2.315627242735209
          },
          {
            "epoch": 3,
            "train_objective": 2.3001885414123535,
            "dev_nll": 2.3117425441741943,
            "dev_kl": 0.0004245130452909507,
            "dev_objective": 2.313016083310067
          },
          {
            "epoch": 4,
            "train_objective": 2.2972869873046875,
            "dev_nll": 2.308830499649048,
            "dev_kl": 0.00041784188579185866,
            "dev_objective": 2.3100840253064234
          },
          {
            "epoch": 5,
            "train_objective": 2.294494390487671,
            "dev_nll": 2.3059401512145996,
            "dev_kl": 0.0004471665608798503,
            "dev_objective": 2.3072816508972394
          },
          {
            "epoch": 6,
            "train_objective": 2.2918365001678467,
            "dev_nll": 2.3032381534576416,
            "dev_kl": 0.0005084728719884879,
            "dev_objective": 2.304763572073607
          },
          {
            "epoch": 7,
            "train_objective": 2.289222002029419,
            "dev_nll": 2.3007471561431885,
            "dev_kl": 0.0005951317770814058,
            "dev_objective": 2.3025325514744326
          },
          {
            "epoch": 8,
            "train_objective": 2.286618947982788,
            "dev_nll": 2.2984447479248047,
            "dev_kl": 0.0007125123614241602,
            "dev_objective": 2.300582285009077
          },
          {
            "epoch": 9,
            "train_objective": 2.284065008163452,
            "dev_nll": 2.2962889671325684,
            "dev_kl": 0.000865300387958996,
            "dev_objective": 2.2988848682964456
          },
          {
            "epoch": 10,
            "train_objective": 2.2816057205200195,
            "dev_nll": 2.294205904006958,
            "dev_kl": 0.0010466311208438127,
            "dev_objective": 2.2973457973694895
          },
          {
            "epoch": 11,
            "train_objective": 2.2792563438415527,
            "dev_nll": 2.292104721069336,
            "dev_kl": 0.001236306736827828,
            "dev_objective": 2.2958136412798194
          },
          {
            "epoch": 12,
            "train_objective": 2.276989221572876,
            "dev_nll": 2.289918899536133,
            "dev_kl": 0.0014141314307926222,
            "dev_objective": 2.2941612938285108
          },
          {
            "epoch": 13,
            "train_objective": 2.2747621536254883,
            "dev_nll": 2.287639617919922,
            "dev_kl": 0.001574805328855291,
            "dev_objective": 2.292364033906488
          },
          {
            "epoch": 14,
            "train_objective": 2.2725627422332764,
            "dev_nll": 2.285301446914673,
            "dev_kl": 0.0017268847057130188,
            "dev_objective": 2.2904821010318117
          },
          {
            "epoch": 15,
            "train_objective": 2.2704102993011475,
            "dev_nll": 2.282959222793579,
            "dev_kl": 0.0018827334816160146,
            "dev_objective": 2.2886074232384273
          },
          {
            "epoch": 16,
            "train_objective": 2.268331289291382,
            "dev_nll": 2.280665874481201,
            "dev_kl": 0.0020505347213475036,
            "dev_objective": 2.2868174786452435
          },
          {
            "epoch": 17,
            "train_objective": 2.2663345336914062,
            "dev_nll": 2.2784624099731445,
            "dev_kl": 0.002231471869745292,
            "dev_objective": 2.2851568255823804
          },
          {
            "epoch": 18,
            "train_objective": 2.264406442642212,
            "dev_nll": 2.276362657546997,
            "dev_kl": 0.0024221320191281847,
            "dev_objective": 2.2836290536043817
          },
          {
            "epoch": 19,
            "train_objective": 2.262526512145996,
            "dev_nll": 2.2743546962738037,
            "dev_kl": 0.0026187728092190807,
            "dev_objective": 2.282211014701461
          },
          {
            "epoch": 20,
            "train_objective": 2.260683536529541,
            "dev_nll": 2.2724077701568604,
            "dev_kl": 0.0028191829241404776,
            "dev_objective": 2.2808653189292816
          },
          {
            "epoch": 21,
            "train_objective": 2.258882761001587,
            "dev_nll": 2.2704813480377197,
            "dev_kl": 0.003021145067177713,
            "dev_objective": 2.279544783239253
          },
          {
            "epoch": 22,
            "train_objective": 2.2571334838867188,
            "dev_nll": 2.268536329269409,
            "dev_kl": 0.003220594460144639,
            "dev_objective": 2.278198112649843
          },
          {
            "epoch": 23,
            "train_objective": 2.255439519882202,
            "dev_nll": 2.2665462493896484,
            "dev_kl": 0.00341212658182485,
            "dev_objective": 2.276782629135123
          },
          {
            "epoch": 24,
            "train_objective": 2.2537968158721924,
            "dev_nll": 2.2645063400268555,
            "dev_kl": 0.003591921419138089,
            "dev_objective": 2.27528210428427
          },
          {
            "epoch": 25,
            "train_objective": 2.2521989345550537,
            "dev_nll": 2.2624382972717285,
            "dev_kl": 0.0037602808250812815,
            "dev_objective": 2.2737191397469725
          },
          {
            "epoch": 26,
            "train_objective": 2.2506422996520996,
            "dev_nll": 2.260383367538452,
            "dev_kl": 0.003921453790680971,
            "dev_objective": 2.272147728910495
          },
          {
            "epoch": 27,
            "train_objective": 2.2491278648376465,
            "dev_nll": 2.2583887577056885,
            "dev_kl": 0.004081068538362161,
            "dev_objective": 2.270631963320775
          },
          {
            "epoch": 28,
            "train_objective": 2.247655153274536,
            "dev_nll": 2.2564918994903564,
            "dev_kl": 0.004243797201197595,
            "dev_objective": 2.269223291093949
          },
          {
            "epoch": 29,
            "train_objective": 2.2462222576141357,
            "dev_nll": 2.254709243774414,
            "dev_kl": 0.004412260156241246,
            "dev_objective": 2.267946024243138
          },
          {
            "epoch": 30,
            "train_objective": 2.2448253631591797,
            "dev_nll": 2.253032922744751,
            "dev_kl": 0.004586959375883453,
            "dev_objective": 2.266793800872401
          },
          {
            "epoch": 31,
            "train_objective": 2.243464469909668,
            "dev_nll": 2.2514328956604004,
            "dev_kl": 0.004766246843209956,
            "dev_objective": 2.26573163619003
          },
          {
            "epoch": 32,
            "train_objective": 2.242141008377075,
            "dev_nll": 2.2498672008514404,
            "dev_kl": 0.004946346216602251,
            "dev_objective": 2.264706239501247
          },
          {
            "epoch": 33,
            "train_objective": 2.240854501724243,
            "dev_nll": 2.24829363822937,
            "dev_kl": 0.005122142926848028,
            "dev_objective": 2.2636600670099143
          },
          {
            "epoch": 34,
            "train_objective": 2.23960018157959,
            "dev_nll": 2.2466835975646973,
            "dev_kl": 0.005289396900043358,
            "dev_objective": 2.2625517882648274
          },
          {
            "epoch": 35,
            "train_objective": 2.2383739948272705,
            "dev_nll": 2.2450318336486816,
            "dev_kl": 0.005446571153879631,
            "dev_objective": 2.2613715471103206
          },
          {
            "epoch": 36,
            "train_objective": 2.2371721267700195,
            "dev_nll": 2.2433555126190186,
            "dev_kl": 0.005595518185873516,
            "dev_objective": 2.260142067176639
          },
          {
            "epoch": 37,
            "train_objective": 2.2359964847564697,
            "dev_nll": 2.2416892051696777,
            "dev_kl": 0.005740185113972984,
            "dev_objective": 2.258909760511597
          },
          {
            "epoch": 38,
            "train_objective": 2.234848976135254,
            "dev_nll": 2.2400705814361572,
            "dev_kl": 0.00588454739714507,
            "dev_objective": 2.2577242236275925
          },
          {
            "epoch": 39,
            "train_objective": 2.2337284088134766,
            "dev_nll": 2.2385289669036865,
            "dev_kl": 0.00603122693952173,
            "dev_objective": 2.2566226477222515
          },
          {
            "epoch": 40,
            "train_objective": 2.2326302528381348,
            "dev_nll": 2.237076759338379,
            "dev_kl": 0.006180897755548358,
            "dev_objective": 2.255619452605024
          },
          {
            "epoch": 41,
            "train_objective": 2.2315514087677,
            "dev_nll": 2.2357048988342285,
            "dev_kl": 0.006332585927739273,
            "dev_objective": 2.254702656617446
          },
          {
            "epoch": 42,
            "train_objective": 2.230490207672119,
            "dev_nll": 2.2343881130218506,
            "dev_kl": 0.0064838090375997125,
            "dev_objective": 2.2538395401346496
          },
          {
            "epoch": 43,
            "train_objective": 2.229448080062866,
            "dev_nll": 2.2330946922302246,
            "dev_kl": 0.006631220209528692,
            "dev_objective": 2.252988352858811
          },
          {
            "epoch": 44,
            "train_objective": 2.2284250259399414,
            "dev_nll": 2.2317962646484375,
            "dev_kl": 0.0067716639954596754,
            "dev_objective": 2.2521112566348167
          },
          {
            "epoch": 45,
            "train_objective": 2.227419376373291,
            "dev_nll": 2.2304763793945312,
            "dev_kl": 0.006903577914345078,
            "dev_objective": 2.2511871131375667
          },
          {
            "epoch": 46,
            "train_objective": 2.2264292240142822,
            "dev_nll": 2.2291367053985596,
            "dev_kl": 0.007027739757904783,
            "dev_objective": 2.250219924672274
          },
          {
            "epoch": 47,
            "train_objective": 2.2254531383514404,
            "dev_nll": 2.2277934551239014,
            "dev_kl": 0.007146758077433333,
            "dev_objective": 2.2492337293562015
          },
          {
            "epoch": 48,
            "train_objective": 2.2244908809661865,
            "dev_nll": 2.2264695167541504,
            "dev_kl": 0.007263852589530871,
            "dev_objective": 2.248261074522743
          },
          {
            "epoch": 49,
            "train_objective": 2.2235424518585205,
            "dev_nll": 2.2251856327056885,
            "dev_kl": 0.007381466981896665,
            "dev_objective": 2.2473300336513784
          },
          {
            "epoch": 50,
            "train_objective": 2.2226064205169678,
            "dev_nll": 2.223952054977417,
            "dev_kl": 0.007500484298216179,
            "dev_objective": 2.2464535078720655
          },
          {
            "epoch": 51,
            "train_objective": 2.2216830253601074,
            "dev_nll": 2.2227678298950195,
            "dev_kl": 0.007620045597141143,
            "dev_objective": 2.245627966686443
          },
          {
            "epoch": 52,
            "train_objective": 2.220771551132202,
            "dev_nll": 2.2216198444366455,
            "dev_kl": 0.007737921640218701,
            "dev_objective": 2.244833609357302
          },
          {
            "epoch": 53,
            "train_objective": 2.219871997833252,
            "dev_nll": 2.2204911708831787,
            "dev_kl": 0.007851385317626408,
            "dev_objective": 2.244045326836058
          },
          {
            "epoch": 54,
            "train_objective": 2.2189834117889404,
            "dev_nll": 2.219367742538452,
            "dev_kl": 0.00795849660265958,
            "dev_objective": 2.243243232346431
          },
          {
            "epoch": 55,
            "train_objective": 2.2181053161621094,
            "dev_nll": 2.2182435989379883,
            "dev_kl": 0.008059043851972092,
            "dev_objective": 2.2424207304939046
          },
          {
            "epoch": 56,
            "train_objective": 2.2172369956970215,
            "dev_nll": 2.2171223163604736,
            "dev_kl": 0.008154587970493595,
            "dev_objective": 2.2415860802719543
          },
          {
            "epoch": 57,
            "train_objective": 2.216379404067993,
            "dev_nll": 2.2160141468048096,
            "dev_kl": 0.008247629619872895,
            "dev_objective": 2.240757035664428
          },
          {
            "epoch": 58,
            "train_objective": 2.2155327796936035,
            "dev_nll": 2.214930534362793,
            "dev_kl": 0.00834056013423833,
            "dev_objective": 2.2399522147655078
          },
          {
            "epoch": 59,
            "train_objective": 2.214695692062378,
            "dev_nll": 2.2138776779174805,
            "dev_kl": 0.00843477628644905,
            "dev_objective": 2.2391820067768275
          },
          {
            "epoch": 60,
            "train_objective": 2.2138686180114746,
            "dev_nll": 2.212855100631714,
            "dev_kl": 0.008530336119874846,
            "dev_objective": 2.2384461089913383
          },
          {
            "epoch": 61,
            "train_objective": 2.2130508422851562,
            "dev_nll": 2.2118544578552246,
            "dev_kl": 0.008626206181070302,
            "dev_objective": 2.2377330763984355
          },
          {
            "epoch": 62,
            "train_objective": 2.2122433185577393,
            "dev_nll": 2.2108662128448486,
            "dev_kl": 0.00872063985094428,
            "dev_objective": 2.2370281323976813
          },
          {
            "epoch": 63,
            "train_objective": 2.2114453315734863,
            "dev_nll": 2.20988130569458,
            "dev_kl": 0.008812105400138534,
            "dev_objective": 2.2363176218949956
          },
          {
            "epoch": 64,
            "train_objective": 2.2106575965881348,
            "dev_nll": 2.208897113800049,
            "dev_kl": 0.008900063797773328,
            "dev_objective": 2.2355973051933686
          },
          {
            "epoch": 65,
            "train_objective": 2.2098796367645264,
            "dev_nll": 2.207918405532837,
            "dev_kl": 0.008985247515374795,
            "dev_objective": 2.234874148078961
          },
          {
            "epoch": 66,
            "train_objective": 2.209110975265503,
            "dev_nll": 2.206953763961792,
            "dev_kl": 0.009069363386370242,
            "dev_objective": 2.2341618541209027
          },
          {
            "epoch": 67,
            "train_objective": 2.2083520889282227,
            "dev_nll": 2.2060117721557617,
            "dev_kl": 0.009154231994616567,
            "dev_objective": 2.2334744681396113
          },
          {
            "epoch": 68,
            "train_objective": 2.207603931427002,
            "dev_nll": 2.2050957679748535,
            "dev_kl": 0.009241039507178356,
            "dev_objective": 2.2328188864963887
          },
          {
            "epoch": 69,
            "train_objective": 2.206865072250366,
            "dev_nll": 2.204202890396118,
            "dev_kl": 0.009329953077103709,
            "dev_objective": 2.2321927496274294
          },
          {
            "epoch": 70,
            "train_objective": 2.206136703491211,
            "dev_nll": 2.203324317932129,
            "dev_kl": 0.00942020040252828,
            "dev_objective": 2.231584919139714
          },
          {
            "epoch": 71,
            "train_objective": 2.205418586730957,
            "dev_nll": 2.202449321746826,
            "dev_kl": 0.009510573418810963,
            "dev_objective": 2.230981042003259
          },
          {
            "epoch": 72,
            "train_objective": 2.2047107219696045,
            "dev_nll": 2.201570749282837,
            "dev_kl": 0.009600009855930694,
            "dev_objective": 2.230370778850629
          },
          {
            "epoch": 73,
            "train_objective": 2.204012870788574,
            "dev_nll": 2.2006869316101074,
            "dev_kl": 0.009688226575235603,
            "dev_objective": 2.2297516113358142
          },
          {
            "epoch": 74,
            "train_objective": 2.2033252716064453,
            "dev_nll": 2.1998026371002197,
            "dev_kl": 0.009775832336745225,
            "dev_objective": 2.2291301341104552
          },
          {
            "epoch": 75,
            "train_objective": 2.202648401260376,
            "dev_nll": 2.1989269256591797,
            "dev_kl": 0.009863927484693703,
            "dev_objective": 2.2285187081132607
          },
          {
            "epoch": 76,
            "train_objective": 2.201981782913208,
            "dev_nll": 2.1980676651000977,
            "dev_kl": 0.009953615467675264,
            "dev_objective": 2.2279285115031233
          },
          {
            "epoch": 77,
            "train_objective": 2.2013261318206787,
            "dev_nll": 2.1972289085388184,
            "dev_kl": 0.010045523249864345,
            "dev_objective": 2.2273654782884114
          },
          {
            "epoch": 78,
            "train_objective": 2.200680732727051,
            "dev_nll": 2.196408271789551,
            "dev_kl": 0.010139500217628666,
            "dev_objective": 2.2268267724424367
          },
          {
            "epoch": 79,
            "train_objective": 2.2000458240509033,
            "dev_nll": 2.1955995559692383,
            "dev_kl": 0.010234862978250022,
            "dev_objective": 2.226304144903988
          },
          {
            "epoch": 80,
            "train_objective": 2.1994216442108154,
            "dev_nll": 2.1947944164276123,
            "dev_kl": 0.010330735867464682,
            "dev_objective": 2.225786624030006
          },
          {
            "epoch": 81,
            "train_objective": 2.198808431625366,
            "dev_nll": 2.1939878463745117,
            "dev_kl": 0.010426528173411498,
            "dev_objective": 2.225267430894746
          },
          {
            "epoch": 82,
            "train_objective": 2.1982057094573975,
            "dev_nll": 2.1931779384613037,
            "dev_kl": 0.010522269038337981,
            "dev_objective": 2.224744745576318
          },
          {
            "epoch": 83,
            "train_objective": 2.1976139545440674,
            "dev_nll": 2.1923694610595703,
            "dev_kl": 0.01061852299812017,
            "dev_objective": 2.224225030053931
          },
          {
            "epoch": 84,
            "train_objective": 2.1970326900482178,
            "dev_nll": 2.1915676593780518,
            "dev_kl": 0.010716092787333764,
            "dev_objective": 2.223715937740053
          },
          {
            "epoch": 85,
            "train_objective": 2.196462392807007,
            "dev_nll": 2.1907780170440674,
            "dev_kl": 0.010815569155529375,
            "dev_objective": 2.2232247245106556
          },
          {
            "epoch": 86,
            "train_objective": 2.1959025859832764,
            "dev_nll": 2.1900031566619873,
            "dev_kl": 0.010917118015931919,
            "dev_objective": 2.222754510709783
          },
          {
            "epoch": 87,
            "train_objective": 2.1953537464141846,
            "dev_nll": 2.1892402172088623,
            "dev_kl": 0.011020320019888459,
            "dev_objective": 2.2223011772685277
          },
          {
            "epoch": 88,
            "train_objective": 2.1948153972625732,
            "dev_nll": 2.188485622406006,
            "dev_kl": 0.011124555428687018,
            "dev_objective": 2.221859288692067
          },
          {
            "epoch": 89,
            "train_objective": 2.1942877769470215,
            "dev_nll": 2.1877355575561523,
            "dev_kl": 0.011229271990305278,
            "dev_objective": 2.221423373527068
          },
          {
            "epoch": 90,
            "train_objective": 2.1937708854675293,
            "dev_nll": 2.1869874000549316,
            "dev_kl": 0.011334293467516545,
            "dev_objective": 2.2209902804574813
          },
          {
            "epoch": 91,
            "train_objective": 2.193264961242676,
            "dev_nll": 2.18624210357666,
            "dev_kl": 0.011439863608247834,
            "dev_objective": 2.2205616944014035
          },
          {
            "epoch": 92,
            "train_objective": 2.1927690505981445,
            "dev_nll": 2.18550181388855,
            "dev_kl": 0.011546540930576157,
            "dev_objective": 2.220141436680278
          },
          {
            "epoch": 93,
            "train_objective": 2.192284107208252,
            "dev_nll": 2.184770107269287,
            "dev_kl": 0.011654732439783402,
            "dev_objective": 2.2197343045886373
          },
          {
            "epoch": 94,
            "train_objective": 2.1918094158172607,
            "dev_nll": 2.1840481758117676,
            "dev_kl": 0.011764644188515376,
            "dev_objective": 2.2193421083773135
          },
          {
            "epoch": 95,
            "train_objective": 2.191345453262329,
            "dev_nll": 2.1833343505859375,
            "dev_kl": 0.011876031632564264,
            "dev_objective": 2.2189624454836303
          },
          {
            "epoch": 96,
            "train_objective": 2.1908912658691406,
            "dev_nll": 2.1826272010803223,
            "dev_kl": 0.011988471788499737,
            "dev_objective": 2.2185926164458216
          },
          {
            "epoch": 97,
            "train_objective": 2.1904478073120117,
            "dev_nll": 2.1819241046905518,
            "dev_kl": 0.012101516201946652,
            "dev_objective": 2.2182286532963915
          },
          {
            "epoch": 98,
            "train_objective": 2.190014362335205,
            "dev_nll": 2.181225061416626,
            "dev_kl": 0.012214938866964075,
            "dev_objective": 2.217869878017518
          },
          {
            "epoch": 99,
            "train_objective": 2.189591407775879,
            "dev_nll": 2.180530071258545,
            "dev_kl": 0.012328865999006667,
            "dev_objective": 2.217516669255565
          },
          {
            "epoch": 100,
            "train_objective": 2.189178228378296,
            "dev_nll": 2.179841995239258,
            "dev_kl": 0.01244360975069867,
            "dev_objective": 2.217172824491354
          },
          {
            "epoch": 101,
            "train_objective": 2.188775062561035,
            "dev_nll": 2.1791622638702393,
            "dev_kl": 0.012559472047068993,
            "dev_objective": 2.216840680011446
          },
          {
            "epoch": 102,
            "train_objective": 2.1883816719055176,
            "dev_nll": 2.1784918308258057,
            "dev_kl": 0.012676563901259215,
            "dev_objective": 2.2165215225295833
          },
          {
            "epoch": 103,
            "train_objective": 2.187998056411743,
            "dev_nll": 2.1778290271759033,
            "dev_kl": 0.01279471677094989,
            "dev_objective": 2.216213177488753
          },
          {
            "epoch": 104,
            "train_objective": 2.187624216079712,
            "dev_nll": 2.1771719455718994,
            "dev_kl": 0.012913588423398323,
            "dev_objective": 2.2159127108420944
          },
          {
            "epoch": 105,
            "train_objective": 2.1872596740722656,
            "dev_nll": 2.1765191555023193,
            "dev_kl": 0.013032862945401576,
            "dev_objective": 2.215617744338524
          },
          {
            "epoch": 106,
            "train_objective": 2.1869051456451416,
            "dev_nll": 2.1758697032928467,
            "dev_kl": 0.0131523461456527,
            "dev_objective": 2.215326741729805
          },
          {
            "epoch": 107,
            "train_objective": 2.1865596771240234,
            "dev_nll": 2.175225257873535,
            "dev_kl": 0.013272059984155931,
            "dev_objective": 2.215041437826003
          },
          {
            "epoch": 108,
            "train_objective": 2.1862235069274902,
            "dev_nll": 2.1745879650115967,
            "dev_kl": 0.013392245450086193,
            "dev_objective": 2.2147647013618554
          },
          {
            "epoch": 109,
            "train_objective": 2.1858959197998047,
            "dev_nll": 2.173959493637085,
            "dev_kl": 0.013513062368074315,
            "dev_objective": 2.214498680741308
          },
          {
            "epoch": 110,
            "train_objective": 2.185577869415283,
            "dev_nll": 2.1733410358428955,
            "dev_kl": 0.013634541271821945,
            "dev_objective": 2.214244659658361
          },
          {
            "epoch": 111,
            "train_objective": 2.1852686405181885,
            "dev_nll": 2.172731399536133,
            "dev_kl": 0.013756506449644802,
            "dev_objective": 2.214000918885067
          },
          {
            "epoch": 112,
            "train_objective": 2.1849679946899414,
            "dev_nll": 2.172128200531006,
            "dev_kl": 0.013878677182437968,
            "dev_objective": 2.21376423207832
          },
          {
            "epoch": 113,
            "train_objective": 2.184675931930542,
            "dev_nll": 2.1715304851531982,
            "dev_kl": 0.01400080844417971,
            "dev_objective": 2.2135329104857373
          },
          {
            "epoch": 114,
            "train_objective": 2.1843924522399902,
            "dev_nll": 2.1709377765655518,
            "dev_kl": 0.014122777996090009,
            "dev_objective": 2.213306110553822
          },
          {
            "epoch": 115,
            "train_objective": 2.184117078781128,
            "dev_nll": 2.1703505516052246,
            "dev_kl": 0.014244601807877188,
            "dev_objective": 2.213084357028856
          },
          {
            "epoch": 116,
            "train_objective": 2.183849811553955,
            "dev_nll": 2.1697707176208496,
            "dev_kl": 0.014366415617259917,
            "dev_objective": 2.2128699644726293
          },
          {
            "epoch": 117,
            "train_objective": 2.18359112739563,
            "dev_nll": 2.1691994667053223,
            "dev_kl": 0.014488312741959816,
            "dev_objective": 2.2126644049312016
          },
          {
            "epoch": 118,
            "train_objective": 2.183339834213257,
            "dev_nll": 2.1686370372772217,
            "dev_kl": 0.014610230436810525,
            "dev_objective": 2.212467728587653
          },
          {
            "epoch": 119,
            "train_objective": 2.183096408843994,
            "dev_nll": 2.1680831909179688,
            "dev_kl": 0.014731993556342787,
            "dev_objective": 2.212279171586997
          },
          {
            "epoch": 120,
            "train_objective": 2.182860851287842,
            "dev_nll": 2.167536973953247,
            "dev_kl": 0.014853417242266005,
            "dev_objective": 2.2120972256800453
          },
          {
            "epoch": 121,
            "train_objective": 2.1826324462890625,
            "dev_nll": 2.1669974327087402,
            "dev_kl": 0.014974301891488722,
            "dev_objective": 2.2119203383832065
          },
          {
            "epoch": 122,
            "train_objective": 2.1824114322662354,
            "dev_nll": 2.166463851928711,
            "dev_kl": 0.015094615192865604,
            "dev_objective": 2.211747697507308
          },
          {
            "epoch": 123,
            "train_objective": 2.1821978092193604,
            "dev_nll": 2.1659374237060547,
            "dev_kl": 0.015214388067033725,
            "dev_objective": 2.211580587907156
          },
          {
            "epoch": 124,
            "train_objective": 2.1819911003112793,
            "dev_nll": 2.1654186248779297,
            "dev_kl": 0.015333668577441131,
            "dev_objective": 2.211419630610253
          },
          {
            "epoch": 125,
            "train_objective": 2.181791067123413,
            "dev_nll": 2.1649081707000732,
            "dev_kl": 0.01545252356765559,
            "dev_objective": 2.21126574140304
          },
          {
            "epoch": 126,
            "train_objective": 2.181598424911499,
            "dev_nll": 2.1644058227539062,
            "dev_kl": 0.015570838764106157,
            "dev_objective": 2.211118339046225
          },
          {
            "epoch": 127,
            "train_objective": 2.1814117431640625,
            "dev_nll": 2.1639115810394287,
            "dev_kl": 0.01568849587252771,
            "dev_objective": 2.210977068657012
          },
          {
            "epoch": 128,
            "train_objective": 2.181231737136841,
            "dev_nll": 2.163424015045166,
            "dev_kl": 0.01580535204797343,
            "dev_objective": 2.2108400711890863
          },
          {
            "epoch": 129,
            "train_objective": 2.181057929992676,
            "dev_nll": 2.1629438400268555,
            "dev_kl": 0.01592129873657541,
            "dev_objective": 2.2107077362365817
          },
          {
            "epoch": 130,
            "train_objective": 2.1808903217315674,
            "dev_nll": 2.162471055984497,
            "dev_kl": 0.016036340254904646,
            "dev_objective": 2.210580076749211
          },
          {
            "epoch": 131,
            "train_objective": 2.1807284355163574,
            "dev_nll": 2.16200590133667,
            "dev_kl": 0.01615051278462488,
            "dev_objective": 2.2104574396905448
          },
          {
            "epoch": 132,
            "train_objective": 2.180572986602783,
            "dev_nll": 2.1615488529205322,
            "dev_kl": 0.016263895470146963,
            "dev_objective": 2.210340539330973
          },
          {
            "epoch": 133,
            "train_objective": 2.180422782897949,
            "dev_nll": 2.161099910736084,
            "dev_kl": 0.01637640503980947,
            "dev_objective": 2.2102291258555122
          },
          {
            "epoch": 134,
            "train_objective": 2.1802780628204346,
            "dev_nll": 2.160658836364746,
            "dev_kl": 0.016487982683320298,
            "dev_objective": 2.210122784414707
          },
          {
            "epoch": 135,
            "train_objective": 2.1801388263702393,
            "dev_nll": 2.160224676132202,
            "dev_kl": 0.016598527057576574,
            "dev_objective": 2.2100202573049317
          },
          {
            "epoch": 136,
            "train_objective": 2.180004596710205,
            "dev_nll": 2.1597976684570312,
            "dev_kl": 0.0167079350777567,
            "dev_objective": 2.2099214736903012
          },
          {
            "epoch": 137,
            "train_objective": 2.1798758506774902,
            "dev_nll": 2.159377336502075,
            "dev_kl": 0.016816180504247314,
            "dev_objective": 2.2098258780148172
          },
          {
            "epoch": 138,
            "train_objective": 2.1797518730163574,
            "dev_nll": 2.1589646339416504,
            "dev_kl": 0.01692327175212995,
            "dev_objective": 2.20973444919804
          },
          {
            "epoch": 139,
            "train_objective": 2.1796329021453857,
            "dev_nll": 2.158559799194336,
            "dev_kl": 0.01702929077182489,
            "dev_objective": 2.209647671509811
          },
          {
            "epoch": 140,
            "train_objective": 2.179518699645996,
            "dev_nll": 2.158162832260132,
            "dev_kl": 0.01713418933151843,
            "dev_objective": 2.209565400254687
          },
          {
            "epoch": 141,
            "train_objective": 2.179408550262451,
            "dev_nll": 2.157773971557617,
            "dev_kl": 0.01723793227734859,
            "dev_objective": 2.2094877683896628
          },
          {
            "epoch": 142,
            "train_objective": 2.1793031692504883,
            "dev_nll": 2.1573920249938965,
            "dev_kl": 0.01734043549600756,
            "dev_objective": 2.2094133314819193
          },
          {
            "epoch": 143,
            "train_objective": 2.17920184135437,
            "dev_nll": 2.1570167541503906,
            "dev_kl": 0.01744163377163204,
            "dev_objective": 2.2093416554652867
          },
          {
            "epoch": 144,
            "train_objective": 2.179104804992676,
            "dev_nll": 2.1566481590270996,
            "dev_kl": 0.0175415045243426,
            "dev_objective": 2.2092726726001275
          },
          {
            "epoch": 145,
            "train_objective": 2.1790120601654053,
            "dev_nll": 2.1562867164611816,
            "dev_kl": 0.01764004866443429,
            "dev_objective": 2.2092068624544847
          },
          {
            "epoch": 146,
            "train_objective": 2.178922653198242,
            "dev_nll": 2.1559319496154785,
            "dev_kl": 0.017737281007684944,
            "dev_objective": 2.2091437926385336
          },
          {
            "epoch": 147,
            "train_objective": 2.1788370609283447,
            "dev_nll": 2.1555850505828857,
            "dev_kl": 0.017833229986572406,
            "dev_objective": 2.209084740542603
          },
          {
            "epoch": 148,
            "train_objective": 2.178755521774292,
            "dev_nll": 2.155245304107666,
            "dev_kl": 0.017927907781449905,
            "dev_objective": 2.209029027452016
          },
          {
            "epoch": 149,
            "train_objective": 2.1786770820617676,
            "dev_nll": 2.1549124717712402,
            "dev_kl": 0.018021209176458795,
            "dev_objective": 2.2089760993006164
          },
          {
            "epoch": 150,
            "train_objective": 2.178602457046509,
            "dev_nll": 2.1545865535736084,
            "dev_kl": 0.018113124745832467,
            "dev_objective": 2.208925927811106
          },
          {
            "epoch": 151,
            "train_objective": 2.17853045463562,
            "dev_nll": 2.154266595840454,
            "dev_kl": 0.018203611007284053,
            "dev_objective": 2.2088774288623063
          },
          {
            "epoch": 152,
            "train_objective": 2.178462028503418,
            "dev_nll": 2.1539535522460938,
            "dev_kl": 0.018292711127814984,
            "dev_objective": 2.208831685629539
          },
          {
            "epoch": 153,
            "train_objective": 2.178396701812744,
            "dev_nll": 2.153646945953369,
            "dev_kl": 0.01838041058364979,
            "dev_objective": 2.2087881777043186
          },
          {
            "epoch": 154,
            "train_objective": 2.1783344745635986,
            "dev_nll": 2.1533467769622803,
            "dev_kl": 0.018466756905982037,
            "dev_objective": 2.2087470476802262
          },
          {
            "epoch": 155,
            "train_objective": 2.178274631500244,
            "dev_nll": 2.1530532836914062,
            "dev_kl": 0.018551750722454016,
            "dev_objective": 2.208708535858768
          },
          {
            "epoch": 156,
            "train_objective": 2.178217649459839,
            "dev_nll": 2.152766227722168,
            "dev_kl": 0.01863535202195635,
            "dev_objective": 2.208672283788037
          },
          {
            "epoch": 157,
            "train_objective": 2.178163528442383,
            "dev_nll": 2.1524853706359863,
            "dev_kl": 0.018717529627674593,
            "dev_objective": 2.20863795951901
          },
          {
            "epoch": 158,
            "train_objective": 2.1781115531921387,
            "dev_nll": 2.1522104740142822,
            "dev_kl": 0.01879828135165553,
            "dev_objective": 2.2086053180692486
          },
          {
            "epoch": 159,
            "train_objective": 2.1780624389648438,
            "dev_nll": 2.1519417762756348,
            "dev_kl": 0.01887762142225256,
            "dev_objective": 2.2085746405423925
          },
          {
            "epoch": 160,
            "train_objective": 2.1780152320861816,
            "dev_nll": 2.1516788005828857,
            "dev_kl": 0.018955593535629305,
            "dev_objective": 2.2085455811897736
          },
          {
            "epoch": 161,
            "train_objective": 2.1779704093933105,
            "dev_nll": 2.1514217853546143,
            "dev_kl": 0.01903216999151482,
            "dev_objective": 2.2085182953291587
          },
          {
            "epoch": 162,
            "train_objective": 2.1779277324676514,
            "dev_nll": 2.1511712074279785,
            "dev_kl": 0.019107373198989988,
            "dev_objective": 2.2084933270249483
          },
          {
            "epoch": 163,
            "train_objective": 2.177887439727783,
            "dev_nll": 2.150925874710083,
            "dev_kl": 0.0191812163664963,
            "dev_objective": 2.2084695238095717
          },
          {
            "epoch": 164,
            "train_objective": 2.1778488159179688,
            "dev_nll": 2.150686025619507,
            "dev_kl": 0.019253642203889285,
            "dev_objective": 2.2084469522311747
          },
          {
            "epoch": 165,
            "train_objective": 2.177812337875366,
            "dev_nll": 2.150451898574829,
            "dev_kl": 0.019324686572820157,
            "dev_objective": 2.2084259582932897
          },
          {
            "epoch": 166,
            "train_objective": 2.1777772903442383,
            "dev_nll": 2.1502230167388916,
            "dev_kl": 0.019394314411184724,
            "dev_objective": 2.208405959972446
          },
          {
            "epoch": 167,
            "train_objective": 2.177744150161743,
            "dev_nll": 2.1499996185302734,
            "dev_kl": 0.01946260483734402,
            "dev_objective": 2.2083874330423057
          },
          {
            "epoch": 168,
            "train_objective": 2.177712917327881,
            "dev_nll": 2.1497817039489746,
            "dev_kl": 0.019529552306236157,
            "dev_objective": 2.2083703608676832
          },
          {
            "epoch": 169,
            "train_objective": 2.177682876586914,
            "dev_nll": 2.149569272994995,
            "dev_kl": 0.019595149848789788,
            "dev_objective": 2.2083547225413644
          },
          {
            "epoch": 170,
            "train_objective": 2.177654504776001,
            "dev_nll": 2.1493618488311768,
            "dev_kl": 0.019659408013731082,
            "dev_objective": 2.20834007287237
          },
          {
            "epoch": 171,
            "train_objective": 2.1776278018951416,
            "dev_nll": 2.1491594314575195,
            "dev_kl": 0.019722313910879165,
            "dev_objective": 2.208326373190157
          },
          {
            "epoch": 172,
            "train_objective": 2.1776022911071777,
            "dev_nll": 2.1489620208740234,
            "dev_kl": 0.019783884247526657,
            "dev_objective": 2.2083136736166034
          },
          {
            "epoch": 173,
            "train_objective": 2.1775779724121094,
            "dev_nll": 2.1487691402435303,
            "dev_kl": 0.019844152104096794,
            "dev_objective": 2.208301596555821
          },
          {
            "epoch": 174,
            "train_objective": 2.1775553226470947,
            "dev_nll": 2.1485812664031982,
            "dev_kl": 0.019903103487831687,
            "dev_objective": 2.2082905768666934
          },
          {
            "epoch": 175,
            "train_objective": 2.1775338649749756,
            "dev_nll": 2.1483981609344482,
            "dev_kl": 0.019960769450135557,
            "dev_objective": 2.2082804692848548
          },
          {
            "epoch": 176,
            "train_objective": 2.177513360977173,
            "dev_nll": 2.1482198238372803,
            "dev_kl": 0.02001720121244034,
            "dev_objective": 2.2082714274746014
          },
          {
            "epoch": 177,
            "train_objective": 2.1774935722351074,
            "dev_nll": 2.1480460166931152,
            "dev_kl": 0.020072337941201113,
            "dev_objective": 2.2082630305167186
          },
          {
            "epoch": 178,
            "train_objective": 2.1774754524230957,
            "dev_nll": 2.147876501083374,
            "dev_kl": 0.020126224816140167,
            "dev_objective": 2.2082551755317947
          },
          {
            "epoch": 179,
            "train_objective": 2.1774582862854004,
            "dev_nll": 2.147711753845215,
            "dev_kl": 0.02017885600504087,
            "dev_objective": 2.2082483218603373
          },
          {
            "epoch": 180,
            "train_objective": 2.1774418354034424,
            "dev_nll": 2.1475510597229004,
            "dev_kl": 0.02023029341655274,
            "dev_objective": 2.2082419399725586
          },
          {
            "epoch": 181,
            "train_objective": 2.17742657661438,
            "dev_nll": 2.1473941802978516,
            "dev_kl": 0.02028049741853465,
            "dev_objective": 2.2082356725534553
          },
          {
            "epoch": 182,
            "train_objective": 2.1774117946624756,
            "dev_nll": 2.1472420692443848,
            "dev_kl": 0.02032953760226519,
            "dev_objective": 2.2082306820511803
          },
          {
            "epoch": 183,
            "train_objective": 2.1773979663848877,
            "dev_nll": 2.1470937728881836,
            "dev_kl": 0.020377403747552307,
            "dev_objective": 2.2082259841308405
          },
          {
            "epoch": 184,
            "train_objective": 2.1773853302001953,
            "dev_nll": 2.146949529647827,
            "dev_kl": 0.020424097614559288,
            "dev_objective": 2.208221822491505
          },
          {
            "epoch": 185,
            "train_objective": 2.177372932434082,
            "dev_nll": 2.1468091011047363,
            "dev_kl": 0.020469663911699174,
            "dev_objective": 2.208218092839834
          },
          {
            "epoch": 186,
            "train_objective": 2.177361249923706,
            "dev_nll": 2.146672487258911,
            "dev_kl": 0.020514076608014874,
            "dev_objective": 2.2082147170829556
          },
          {
            "epoch": 187,
            "train_objective": 2.1773505210876465,
            "dev_nll": 2.1465396881103516,
            "dev_kl": 0.020557376478827792,
            "dev_objective": 2.208211817546835
          },
          {
            "epoch": 188,
            "train_objective": 2.177340507507324,
            "dev_nll": 2.1464104652404785,
            "dev_kl": 0.02059959013311527,
            "dev_objective": 2.208209235639824
          },
          {
            "epoch": 189,
            "train_objective": 2.17733097076416,
            "dev_nll": 2.146284580230713,
            "dev_kl": 0.020640748062924104,
            "dev_objective": 2.2082068244194852
          },
          {
            "epoch": 190,
            "train_objective": 2.177321672439575,
            "dev_nll": 2.146162748336792,
            "dev_kl": 0.02068081805411566,
            "dev_objective": 2.2082052024991388
          },
          {
            "epoch": 191,
            "train_objective": 2.1773128509521484,
            "dev_nll": 2.1460442543029785,
            "dev_kl": 0.02071985026515904,
            "dev_objective": 2.2082038050984556
          },
          {
            "epoch": 192,
            "train_objective": 2.177305221557617,
            "dev_nll": 2.1459288597106934,
            "dev_kl": 0.020757846931046514,
            "dev_objective": 2.2082024005038328
          },
          {
            "epoch": 193,
            "train_objective": 2.177297830581665,
            "dev_nll": 2.1458165645599365,
            "dev_kl": 0.020794839658847195,
            "dev_objective": 2.208201083536478
          },
          {
            "epoch": 194,
            "train_objective": 2.177290439605713,
            "dev_nll": 2.1457080841064453,
            "dev_kl": 0.02083082263588949,
            "dev_objective": 2.2082005520141137
          },
          {
            "epoch": 195,
            "train_objective": 2.177283763885498,
            "dev_nll": 2.1456024646759033,
            "dev_kl": 0.02086584576218229,
            "dev_objective": 2.2082000019624504
          },
          {
            "epoch": 196,
            "train_objective": 2.1772778034210205,
            "dev_nll": 2.1454999446868896,
            "dev_kl": 0.02089991258486407,
            "dev_objective": 2.208199682441482
          },
          {
            "epoch": 197,
            "train_objective": 2.177271842956543,
            "dev_nll": 2.1454007625579834,
            "dev_kl": 0.02093303448280494,
            "dev_objective": 2.208199866006398
          },
          {
            "epoch": 198,
            "train_objective": 2.1772661209106445,
            "dev_nll": 2.1453042030334473,
            "dev_kl": 0.020965225544787244,
            "dev_objective": 2.208199879667809
          },
          {
            "epoch": 199,
            "train_objective": 2.1772613525390625,
            "dev_nll": 2.1452105045318604,
            "dev_kl": 0.02099650502932491,
            "dev_objective": 2.2082000196198353
          },
          {
            "epoch": 200,
            "train_objective": 2.1772563457489014,
            "dev_nll": 2.1451196670532227,
            "dev_kl": 0.021026901058612567,
            "dev_objective": 2.2082003702290605
          },
          {
            "epoch": 201,
            "train_objective": 2.1772520542144775,
            "dev_nll": 2.145031690597534,
            "dev_kl": 0.02105641370995727,
            "dev_objective": 2.208200931727406
          },
          {
            "epoch": 202,
            "train_objective": 2.1772475242614746,
            "dev_nll": 2.144946336746216,
            "dev_kl": 0.02108509588349989,
            "dev_objective": 2.2082016243967155
          },
          {
            "epoch": 203,
            "train_objective": 2.177243709564209,
            "dev_nll": 2.1448633670806885,
            "dev_kl": 0.021112927234535162,
            "dev_objective": 2.2082021487842938
          },
          {
            "epoch": 204,
            "train_objective": 2.1772396564483643,
            "dev_nll": 2.1447832584381104,
            "dev_kl": 0.0211399483180503,
            "dev_objective": 2.208203103392261
          },
          {
            "epoch": 205,
            "train_objective": 2.177236318588257,
            "dev_nll": 2.1447055339813232,
            "dev_kl": 0.021166175740981997,
            "dev_objective": 2.208204061204269
          },
          {
            "epoch": 206,
            "train_objective": 2.1772334575653076,
            "dev_nll": 2.144630193710327,
            "dev_kl": 0.021191606209395104,
            "dev_objective": 2.2082050123385124
          },
          {
            "epoch": 207,
            "train_objective": 2.1772301197052,
            "dev_nll": 2.144557237625122,
            "dev_kl": 0.021216270247241483,
            "dev_objective": 2.2082060483668466
          },
          {
            "epoch": 208,
            "train_objective": 2.17722749710083,
            "dev_nll": 2.144486427307129,
            "dev_kl": 0.021240182618385006,
            "dev_objective": 2.208206975162284
          },
          {
            "epoch": 209,
            "train_objective": 2.177224636077881,
            "dev_nll": 2.144418239593506,
            "dev_kl": 0.021263385585698416,
            "dev_objective": 2.208208396350601
          },
          {
            "epoch": 210,
            "train_objective": 2.17722225189209,
            "dev_nll": 2.1443521976470947,
            "dev_kl": 0.021285847988438036,
            "dev_objective": 2.208209741612409
          },
          {
            "epoch": 211,
            "train_objective": 2.177219867706299,
            "dev_nll": 2.1442880630493164,
            "dev_kl": 0.021307623156644695,
            "dev_objective": 2.2082109325192505
          },
          {
            "epoch": 212,
            "train_objective": 2.177217960357666,
            "dev_nll": 2.14422607421875,
            "dev_kl": 0.021328711111527808,
            "dev_objective": 2.2082122075533333
          },
          {
            "epoch": 213,
            "train_objective": 2.177215814590454,
            "dev_nll": 2.1441659927368164,
            "dev_kl": 0.021349111456838727,
            "dev_objective": 2.2082133271073325
          },
          {
            "epoch": 214,
            "train_objective": 2.1772141456604004,
            "dev_nll": 2.1441080570220947,
            "dev_kl": 0.02136887483397004,
            "dev_objective": 2.2082146815240047
          },
          {
            "epoch": 215,
            "train_objective": 2.1772122383117676,
            "dev_nll": 2.144052028656006,
            "dev_kl": 0.021388013506766584,
            "dev_objective": 2.2082160691763058
          },
          {
            "epoch": 216,
            "train_objective": 2.177210807800293,
            "dev_nll": 2.143998146057129,
            "dev_kl": 0.021406529745181615,
            "dev_objective": 2.2082177352926737
          },
          {
            "epoch": 217,
            "train_objective": 2.1772091388702393,
            "dev_nll": 2.1439456939697266,
            "dev_kl": 0.021424436907291237,
            "dev_objective": 2.2082190046916
          },
          {
            "epoch": 218,
            "train_objective": 2.1772077083587646,
            "dev_nll": 2.143894910812378,
            "dev_kl": 0.02144173688207957,
            "dev_objective": 2.208220121458617
          },
          {
            "epoch": 219,
            "train_objective": 2.17720627784729,
            "dev_nll": 2.143846035003662,
            "dev_kl": 0.021458483156675357,
            "dev_objective": 2.2082214844736883
          },
          {
            "epoch": 220,
            "train_objective": 2.1772053241729736,
            "dev_nll": 2.143799066543579,
            "dev_kl": 0.021474663699700615,
            "dev_objective": 2.208223057642681
          },
          {
            "epoch": 221,
            "train_objective": 2.177204132080078,
            "dev_nll": 2.1437532901763916,
            "dev_kl": 0.021490297237651248,
            "dev_objective": 2.2082241818893453
          },
          {
            "epoch": 222,
            "train_objective": 2.1772031784057617,
            "dev_nll": 2.143709421157837,
            "dev_kl": 0.021505402262373536,
            "dev_objective": 2.2082256279449575
          },
          {
            "epoch": 223,
            "train_objective": 2.1772022247314453,
            "dev_nll": 2.143667221069336,
            "dev_kl": 0.02152000944781321,
            "dev_objective": 2.2082272494127757
          },
          {
            "epoch": 224,
            "train_objective": 2.177201271057129,
            "dev_nll": 2.1436262130737305,
            "dev_kl": 0.021534102197547325,
            "dev_objective": 2.2082285196663722
          },
          {
            "epoch": 225,
            "train_objective": 2.1772003173828125,
            "dev_nll": 2.1435866355895996,
            "dev_kl": 0.021547682817326858,
            "dev_objective": 2.20822968404158
          },
          {
            "epoch": 226,
            "train_objective": 2.177199602127075,
            "dev_nll": 2.1435482501983643,
            "dev_kl": 0.021560830542584883,
            "dev_objective": 2.208230741826119
          },
          {
            "epoch": 227,
            "train_objective": 2.177199125289917,
            "dev_nll": 2.1435117721557617,
            "dev_kl": 0.02157348016549804,
            "dev_objective": 2.208232212652256
          },
          {
            "epoch": 228,
            "train_objective": 2.1771984100341797,
            "dev_nll": 2.1434762477874756,
            "dev_kl": 0.02158570897532627,
            "dev_objective": 2.2082333747134544
          },
          {
            "epoch": 229,
            "train_objective": 2.1771974563598633,
            "dev_nll": 2.143442153930664,
            "dev_kl": 0.02159749397618725,
            "dev_objective": 2.2082346358592257
          },
          {
            "epoch": 230,
            "train_objective": 2.177196979522705,
            "dev_nll": 2.143409490585327,
            "dev_kl": 0.021608851062555914,
            "dev_objective": 2.208236043772995
          },
          {
            "epoch": 231,
            "train_objective": 2.177196741104126,
            "dev_nll": 2.1433777809143066,
            "dev_kl": 0.02161979778044042,
            "dev_objective": 2.2082371742556277
          },
          {
            "epoch": 232,
            "train_objective": 2.1771960258483887,
            "dev_nll": 2.1433472633361816,
            "dev_kl": 0.02163035080448026,
            "dev_objective": 2.2082383157496226
          },
          {
            "epoch": 233,
            "train_objective": 2.1771957874298096,
            "dev_nll": 2.143317699432373,
            "dev_kl": 0.021640515962280914,
            "dev_objective": 2.2082392473192156
          }
        ]
      },
      {
        "kl_lambda": 10.0,
        "best_dev_nll": 2.229940414428711,
        "best_dev_kl": 0.003551821632445353,
        "best_dev_objective": 2.2654586307531646,
        "epochs_run": 122,
        "history": [
          {
            "epoch": 0,
            "train_objective": 2.3096673488616943,
            "dev_nll": 2.3174326419830322,
            "dev_kl": 0.0001129896752172499,
            "dev_objective": 2.318562538735205
          },
          {
            "epoch": 1,
            "train_objective": 2.3067989349365234,
            "dev_nll": 2.314601421356201,
            "dev_kl": 7.979634989169426e-05,
            "dev_objective": 2.315399384855118
          },
          {
            "epoch": 2,
            "train_objective": 2.3037054538726807,
            "dev_nll": 2.311483144760132,
            "dev_kl": 8.536077746157389e-05,
            "dev_objective": 2.3123367525347476
          },
          {
            "epoch": 3,
            "train_objective": 2.3011631965637207,
            "dev_nll": 2.308826208114624,
            "dev_kl": 0.00013213732491522024,
            "dev_objective": 2.3101475813637764
          },
          {
            "epoch": 4,
            "train_objective": 2.298863410949707,
            "dev_nll": 2.3066442012786865,
            "dev_kl": 0.00018351439442994887,
            "dev_objective": 2.308479345222986
          },
          {
            "epoch": 5,
            "train_objective": 2.2964518070220947,
            "dev_nll": 2.3047211170196533,
            "dev_kl": 0.00025648628339695277,
            "dev_objective": 2.307285979853623
          },
          {
            "epoch": 6,
            "train_objective": 2.294214963912964,
            "dev_nll": 2.3027825355529785,
            "dev_kl": 0.0003526302295358619,
            "dev_objective": 2.306308837848337
          },
          {
            "epoch": 7,
            "train_objective": 2.292290687561035,
            "dev_nll": 2.30060076713562,
            "dev_kl": 0.0004423572350060567,
            "dev_objective": 2.305024339485681
          },
          {
            "epoch": 8,
            "train_objective": 2.2904882431030273,
            "dev_nll": 2.298175096511841,
            "dev_kl": 0.0005123502907372312,
            "dev_objective": 2.303298599419213
          },
          {
            "epoch": 9,
            "train_objective": 2.288696765899658,
            "dev_nll": 2.29567551612854,
            "dev_kl": 0.0005773429691180354,
            "dev_objective": 2.3014489458197205
          },
          {
            "epoch": 10,
            "train_objective": 2.2870194911956787,
            "dev_nll": 2.293306589126587,
            "dev_kl": 0.0006501282301178434,
            "dev_objective": 2.2998078714277654
          },
          {
            "epoch": 11,
            "train_objective": 2.2855122089385986,
            "dev_nll": 2.2911994457244873,
            "dev_kl": 0.0007299299164515105,
            "dev_objective": 2.2984987448890024
          },
          {
            "epoch": 12,
            "train_objective": 2.2841079235076904,
            "dev_nll": 2.289356231689453,
            "dev_kl": 0.0008130341070136638,
            "dev_objective": 2.2974865727595897
          },
          {
            "epoch": 13,
            "train_objective": 2.2827577590942383,
            "dev_nll": 2.2876760959625244,
            "dev_kl": 0.0008992451812082436,
            "dev_objective": 2.296668547774607
          },
          {
            "epoch": 14,
            "train_objective": 2.281491756439209,
            "dev_nll": 2.286013126373291,
            "dev_kl": 0.0009850660955271452,
            "dev_objective": 2.2958637873285626
          },
          {
            "epoch": 15,
            "train_objective": 2.2803189754486084,
            "dev_nll": 2.284259557723999,
            "dev_kl": 0.0010624588750943076,
            "dev_objective": 2.294884146474942
          },
          {
            "epoch": 16,
            "train_objective": 2.2791953086853027,
            "dev_nll": 2.2824056148529053,
            "dev_kl": 0.0011276717994041974,
            "dev_objective": 2.2936823328469473
          },
          {
            "epoch": 17,
            "train_objective": 2.2781002521514893,
            "dev_nll": 2.2805285453796387,
            "dev_kl": 0.0011844878325791798,
            "dev_objective": 2.2923734237054303
          },
          {
            "epoch": 18,
            "train_objective": 2.277056932449341,
            "dev_nll": 2.2787506580352783,
            "dev_kl": 0.0012380307710554916,
            "dev_objective": 2.2911309657458334
          },
          {
            "epoch": 19,
            "train_objective": 2.276068687438965,
            "dev_nll": 2.2771730422973633,
            "dev_kl": 0.0012897264027560596,
            "dev_objective": 2.2900703063249237
          },
          {
            "epoch": 20,
            "train_objective": 2.275092840194702,
            "dev_nll": 2.2758138179779053,
            "dev_kl": 0.0013396852779987967,
            "dev_objective": 2.2892106707578934
          },
          {
            "epoch": 21,
            "train_objective": 2.274106979370117,
            "dev_nll": 2.2746195793151855,
            "dev_kl": 0.0013886300799640593,
            "dev_objective": 2.288505880114826
          },
          {
            "epoch": 22,
            "train_objective": 2.2731337547302246,
            "dev_nll": 2.2734973430633545,
            "dev_kl": 0.0014349857495835748,
            "dev_objective": 2.2878472005591903
          },
          {
            "epoch": 23,
            "train_objective": 2.272193670272827,
            "dev_nll": 2.272353410720825,
            "dev_kl": 0.0014739084782922874,
            "dev_objective": 2.287092495503748
          },
          {
            "epoch": 24,
            "train_objective": 2.271268844604492,
            "dev_nll": 2.2711448669433594,
            "dev_kl": 0.0015022977401531535,
            "dev_objective": 2.2861678443448907
          },
          {
            "epoch": 25,
            "train_objective": 2.270336389541626,
            "dev_nll": 2.2699005603790283,
            "dev_kl": 0.0015227676116046495,
            "dev_objective": 2.285128236495075
          },
          {
            "epoch": 26,
            "train_objective": 2.269404411315918,
            "dev_nll": 2.2686927318573,
            "dev_kl": 0.0015407403992139734,
            "dev_objective": 2.2841001358494397
          },
          {
            "epoch": 27,
            "train_objective": 2.2684922218322754,
            "dev_nll": 2.267592668533325,
            "dev_kl": 0.0015597022407746407,
            "dev_objective": 2.2831896909410716
          },
          {
            "epoch": 28,
            "train_objective": 2.2675955295562744,
            "dev_nll": 2.266629219055176,
            "dev_kl": 0.001580392429823405,
            "dev_objective": 2.2824331433534097
          },
          {
            "epoch": 29,
            "train_objective": 2.2667036056518555,
            "dev_nll": 2.2657740116119385,
            "dev_kl": 0.0016016734965523937,
            "dev_objective": 2.2817907465774625
          },
          {
            "epoch": 30,
            "train_objective": 2.2658181190490723,
            "dev_nll": 2.264960527420044,
            "dev_kl": 0.001620884426010889,
            "dev_objective": 2.2811693716801527
          },
          {
            "epoch": 31,
            "train_objective": 2.264946699142456,
            "dev_nll": 2.2641232013702393,
            "dev_kl": 0.0016349472027650336,
            "dev_objective": 2.2804726733978895
          },
          {
            "epoch": 32,
            "train_objective": 2.2640864849090576,
            "dev_nll": 2.263232707977295,
            "dev_kl": 0.001643381284957286,
            "dev_objective": 2.2796665208268676
          },
          {
            "epoch": 33,
            "train_objective": 2.2632362842559814,
            "dev_nll": 2.2623090744018555,
            "dev_kl": 0.0016492269848095021,
            "dev_objective": 2.2788013442499504
          },
          {
            "epoch": 34,
            "train_objective": 2.262403726577759,
            "dev_nll": 2.261401653289795,
            "dev_kl": 0.001656462622413528,
            "dev_objective": 2.2779662795139304
          },
          {
            "epoch": 35,
            "train_objective": 2.2615909576416016,
            "dev_nll": 2.260556221008301,
            "dev_kl": 0.0016674544356646947,
            "dev_objective": 2.2772307653649477
          },
          {
            "epoch": 36,
            "train_objective": 2.2607927322387695,
            "dev_nll": 2.259781837463379,
            "dev_kl": 0.0016828245574288304,
            "dev_objective": 2.276610083037667
          },
          {
            "epoch": 37,
            "train_objective": 2.26000714302063,
            "dev_nll": 2.2590513229370117,
            "dev_kl": 0.0017017324011249003,
            "dev_objective": 2.2760686469482607
          },
          {
            "epoch": 38,
            "train_objective": 2.2592437267303467,
            "dev_nll": 2.258317470550537,
            "dev_kl": 0.0017215929804660845,
            "dev_objective": 2.275533400355198
          },
          {
            "epoch": 39,
            "train_objective": 2.2585039138793945,
            "dev_nll": 2.2575461864471436,
            "dev_kl": 0.0017399191707954743,
            "dev_objective": 2.274945378155098
          },
          {
            "epoch": 40,
            "train_objective": 2.2577810287475586,
            "dev_nll": 2.2567381858825684,
            "dev_kl": 0.0017569691953394796,
            "dev_objective": 2.2743078778359633
          },
          {
            "epoch": 41,
            "train_objective": 2.2570743560791016,
            "dev_nll": 2.255927085876465,
            "dev_kl": 0.0017755435106664662,
            "dev_objective": 2.2736825209831295
          },
          {
            "epoch": 42,
            "train_objective": 2.2563891410827637,
            "dev_nll": 2.255150079727173,
            "dev_kl": 0.0017982136656792137,
            "dev_objective": 2.273132216383965
          },
          {
            "epoch": 43,
            "train_objective": 2.2557263374328613,
            "dev_nll": 2.2544219493865967,
            "dev_kl": 0.0018257502491178456,
            "dev_objective": 2.2726794518777753
          },
          {
            "epoch": 44,
            "train_objective": 2.255082845687866,
            "dev_nll": 2.2537245750427246,
            "dev_kl": 0.0018573174159246264,
            "dev_objective": 2.2722977492019707
          },
          {
            "epoch": 45,
            "train_objective": 2.2544589042663574,
            "dev_nll": 2.253019332885742,
            "dev_kl": 0.0018910182202671422,
            "dev_objective": 2.271929515088414
          },
          {
            "epoch": 46,
            "train_objective": 2.2538557052612305,
            "dev_nll": 2.2522735595703125,
            "dev_kl": 0.001924977524104179,
            "dev_objective": 2.2715233348113544
          },
          {
            "epoch": 47,
            "train_objective": 2.253272294998169,
            "dev_nll": 2.2514841556549072,
            "dev_kl": 0.0019586602834169753,
            "dev_objective": 2.271070758489077
          },
          {
            "epoch": 48,
            "train_objective": 2.2527081966400146,
            "dev_nll": 2.250678300857544,
            "dev_kl": 0.001993193895141303,
            "dev_objective": 2.270610239808957
          },
          {
            "epoch": 49,
            "train_objective": 2.252163887023926,
            "dev_nll": 2.249892473220825,
            "dev_kl": 0.0020301106430633807,
            "dev_objective": 2.270193579651459
          },
          {
            "epoch": 50,
            "train_objective": 2.2516391277313232,
            "dev_nll": 2.2491466999053955,
            "dev_kl": 0.0020700996040250177,
            "dev_objective": 2.2698476959456455
          },
          {
            "epoch": 51,
            "train_objective": 2.251131057739258,
            "dev_nll": 2.2484312057495117,
            "dev_kl": 0.0021128510345442917,
            "dev_objective": 2.2695597160949545
          },
          {
            "epoch": 52,
            "train_objective": 2.250641345977783,
            "dev_nll": 2.2477152347564697,
            "dev_kl": 0.002157075516006444,
            "dev_objective": 2.269285989916534
          },
          {
            "epoch": 53,
            "train_objective": 2.250171422958374,
            "dev_nll": 2.2469708919525146,
            "dev_kl": 0.0022014625459632954,
            "dev_objective": 2.2689855174121476
          },
          {
            "epoch": 54,
            "train_objective": 2.24971866607666,
            "dev_nll": 2.2461931705474854,
            "dev_kl": 0.002245683035253023,
            "dev_objective": 2.2686500009000157
          },
          {
            "epoch": 55,
            "train_objective": 2.2492828369140625,
            "dev_nll": 2.245404005050659,
            "dev_kl": 0.002290674805335584,
            "dev_objective": 2.268310753104015
          },
          {
            "epoch": 56,
            "train_objective": 2.2488646507263184,
            "dev_nll": 2.2446341514587402,
            "dev_kl": 0.0023375880125240654,
            "dev_objective": 2.268010031583981
          },
          {
            "epoch": 57,
            "train_objective": 2.248464584350586,
            "dev_nll": 2.243901014328003,
            "dev_kl": 0.0023867911686829757,
            "dev_objective": 2.2677689260148326
          },
          {
            "epoch": 58,
            "train_objective": 2.2480812072753906,
            "dev_nll": 2.2431976795196533,
            "dev_kl": 0.00243774127218785,
            "dev_objective": 2.2675750922415316
          },
          {
            "epoch": 59,
            "train_objective": 2.247714042663574,
            "dev_nll": 2.242502212524414,
            "dev_kl": 0.0024893606274417833,
            "dev_objective": 2.267395818798832
          },
          {
            "epoch": 60,
            "train_objective": 2.247364044189453,
            "dev_nll": 2.2417948246002197,
            "dev_kl": 0.0025406739968821057,
            "dev_objective": 2.267201564569041
          },
          {
            "epoch": 61,
            "train_objective": 2.247030258178711,
            "dev_nll": 2.241075038909912,
            "dev_kl": 0.0025916103822601145,
            "dev_objective": 2.2669911427325133
          },
          {
            "epoch": 62,
            "train_objective": 2.2467126846313477,
            "dev_nll": 2.240358829498291,
            "dev_kl": 0.0026428250931348884,
            "dev_objective": 2.2667870804296397
          },
          {
            "epoch": 63,
            "train_objective": 2.2464113235473633,
            "dev_nll": 2.239665985107422,
            "dev_kl": 0.0026949812456950896,
            "dev_objective": 2.2666157975643726
          },
          {
            "epoch": 64,
            "train_objective": 2.2461256980895996,
            "dev_nll": 2.2390029430389404,
            "dev_kl": 0.002748035004005942,
            "dev_objective": 2.2664832930789998
          },
          {
            "epoch": 65,
            "train_objective": 2.2458548545837402,
            "dev_nll": 2.2383599281311035,
            "dev_kl": 0.0028013843414009896,
            "dev_objective": 2.2663737715451133
          },
          {
            "epoch": 66,
            "train_objective": 2.2455992698669434,
            "dev_nll": 2.2377219200134277,
            "dev_kl": 0.0028540503737167454,
            "dev_objective": 2.2662624237505953
          },
          {
            "epoch": 67,
            "train_objective": 2.245358467102051,
            "dev_nll": 2.237082004547119,
            "dev_kl": 0.0029054803772305604,
            "dev_objective": 2.2661368083194247
          },
          {
            "epoch": 68,
            "train_objective": 2.245131254196167,
            "dev_nll": 2.236447334289551,
            "dev_kl": 0.002955990171285521,
            "dev_objective": 2.266007236002406
          },
          {
            "epoch": 69,
            "train_objective": 2.244917392730713,
            "dev_nll": 2.2358341217041016,
            "dev_kl": 0.0030062263133004306,
            "dev_objective": 2.265896384837106
          },
          {
            "epoch": 70,
            "train_objective": 2.2447171211242676,
            "dev_nll": 2.23525071144104,
            "dev_kl": 0.0030565865386961376,
            "dev_objective": 2.2658165768280014
          },
          {
            "epoch": 71,
            "train_objective": 2.2445294857025146,
            "dev_nll": 2.234694004058838,
            "dev_kl": 0.0031068016578865354,
            "dev_objective": 2.265762020637703
          },
          {
            "epoch": 72,
            "train_objective": 2.244353771209717,
            "dev_nll": 2.2341504096984863,
            "dev_kl": 0.003156252954067895,
            "dev_objective": 2.2657129392391653
          },
          {
            "epoch": 73,
            "train_objective": 2.244190216064453,
            "dev_nll": 2.2336111068725586,
            "dev_kl": 0.003204389802303922,
            "dev_objective": 2.265655004895598
          },
          {
            "epoch": 74,
            "train_objective": 2.244037389755249,
            "dev_nll": 2.233078956604004,
            "dev_kl": 0.003251194624317577,
            "dev_objective": 2.2655909028471797
          },
          {
            "epoch": 75,
            "train_objective": 2.2438952922821045,
            "dev_nll": 2.2325665950775146,
            "dev_kl": 0.0032970434622620814,
            "dev_objective": 2.2655370297001354
          },
          {
            "epoch": 76,
            "train_objective": 2.2437636852264404,
            "dev_nll": 2.232084035873413,
            "dev_kl": 0.0033423163181396376,
            "dev_objective": 2.2655071990548095
          },
          {
            "epoch": 77,
            "train_objective": 2.2436411380767822,
            "dev_nll": 2.231631278991699,
            "dev_kl": 0.0033869582244915363,
            "dev_objective": 2.2655008612366148
          },
          {
            "epoch": 78,
            "train_objective": 2.243528366088867,
            "dev_nll": 2.231196641921997,
            "dev_kl": 0.003430529599536385,
            "dev_objective": 2.265501937917361
          },
          {
            "epoch": 79,
            "train_objective": 2.2434239387512207,
            "dev_nll": 2.2307698726654053,
            "dev_kl": 0.0034725527664522817,
            "dev_objective": 2.265495400329928
          },
          {
            "epoch": 80,
            "train_objective": 2.243328094482422,
            "dev_nll": 2.2303481101989746,
            "dev_kl": 0.0035128714701750142,
            "dev_objective": 2.2654768249007247
          },
          {
            "epoch": 81,
            "train_objective": 2.2432398796081543,
            "dev_nll": 2.229940414428711,
            "dev_kl": 0.003551821632445353,
            "dev_objective": 2.2654586307531646
          },
          {
            "epoch": 82,
            "train_objective": 2.2431585788726807,
            "dev_nll": 2.229556083679199,
            "dev_kl": 0.0035897351246785545,
            "dev_objective": 2.265453434925985
          },
          {
            "epoch": 83,
            "train_objective": 2.2430849075317383,
            "dev_nll": 2.2291970252990723,
            "dev_kl": 0.003626687766809482,
            "dev_objective": 2.2654639029671673
          },
          {
            "epoch": 84,
            "train_objective": 2.2430169582366943,
            "dev_nll": 2.2288572788238525,
            "dev_kl": 0.003662435054739035,
            "dev_objective": 2.265481629371243
          },
          {
            "epoch": 85,
            "train_objective": 2.2429556846618652,
            "dev_nll": 2.228527307510376,
            "dev_kl": 0.0036966808497345483,
            "dev_objective": 2.2654941160077215
          },
          {
            "epoch": 86,
            "train_objective": 2.2428996562957764,
            "dev_nll": 2.2282042503356934,
            "dev_kl": 0.0037294037819901858,
            "dev_objective": 2.2654982881555954
          },
          {
            "epoch": 87,
            "train_objective": 2.242849111557007,
            "dev_nll": 2.2278923988342285,
            "dev_kl": 0.0037608792250648547,
            "dev_objective": 2.2655011910848772
          },
          {
            "epoch": 88,
            "train_objective": 2.2428033351898193,
            "dev_nll": 2.2275986671447754,
            "dev_kl": 0.003791427253772781,
            "dev_objective": 2.265512939682503
          },
          {
            "epoch": 89,
            "train_objective": 2.2427620887756348,
            "dev_nll": 2.227323532104492,
            "dev_kl": 0.003821160077950481,
            "dev_objective": 2.265535132883997
          },
          {
            "epoch": 90,
            "train_objective": 2.242725372314453,
            "dev_nll": 2.2270638942718506,
            "dev_kl": 0.003849900916184197,
            "dev_objective": 2.2655629034336924
          },
          {
            "epoch": 91,
            "train_objective": 2.242692232131958,
            "dev_nll": 2.2268123626708984,
            "dev_kl": 0.0038774183060559155,
            "dev_objective": 2.2655865457314577
          },
          {
            "epoch": 92,
            "train_objective": 2.2426624298095703,
            "dev_nll": 2.226567506790161,
            "dev_kl": 0.003903664391937127,
            "dev_objective": 2.2656041507095326
          },
          {
            "epoch": 93,
            "train_objective": 2.2426366806030273,
            "dev_nll": 2.226332664489746,
            "dev_kl": 0.003928858005315306,
            "dev_objective": 2.265621244542899
          },
          {
            "epoch": 94,
            "train_objective": 2.2426133155822754,
            "dev_nll": 2.226111650466919,
            "dev_kl": 0.00395318264407706,
            "dev_objective": 2.2656434769076896
          },
          {
            "epoch": 95,
            "train_objective": 2.2425928115844727,
            "dev_nll": 2.225905179977417,
            "dev_kl": 0.003976743147923116,
            "dev_objective": 2.2656726114566483
          },
          {
            "epoch": 96,
            "train_objective": 2.242574691772461,
            "dev_nll": 2.225708246231079,
            "dev_kl": 0.003999368759914432,
            "dev_objective": 2.2657019338302233
          },
          {
            "epoch": 97,
            "train_objective": 2.2425591945648193,
            "dev_nll": 2.2255163192749023,
            "dev_kl": 0.004020858799399321,
            "dev_objective": 2.2657249072688956
          },
          {
            "epoch": 98,
            "train_objective": 2.2425453662872314,
            "dev_nll": 2.2253293991088867,
            "dev_kl": 0.004041274605165199,
            "dev_objective": 2.2657421451605386
          },
          {
            "epoch": 99,
            "train_objective": 2.2425336837768555,
            "dev_nll": 2.225151300430298,
            "dev_kl": 0.004060761879659367,
            "dev_objective": 2.2657589192268914
          },
          {
            "epoch": 100,
            "train_objective": 2.242523431777954,
            "dev_nll": 2.2249855995178223,
            "dev_kl": 0.004079503056242401,
            "dev_objective": 2.265780630080246
          },
          {
            "epoch": 101,
            "train_objective": 2.2425146102905273,
            "dev_nll": 2.224832057952881,
            "dev_kl": 0.004097524828232509,
            "dev_objective": 2.2658073062352058
          },
          {
            "epoch": 102,
            "train_objective": 2.242506742477417,
            "dev_nll": 2.22468638420105,
            "dev_kl": 0.0041147094972116705,
            "dev_objective": 2.2658334791731667
          },
          {
            "epoch": 103,
            "train_objective": 2.2425003051757812,
            "dev_nll": 2.2245445251464844,
            "dev_kl": 0.004130944083398163,
            "dev_objective": 2.265853965980466
          },
          {
            "epoch": 104,
            "train_objective": 2.242494821548462,
            "dev_nll": 2.224407434463501,
            "dev_kl": 0.00414627062749446,
            "dev_objective": 2.2658701407384454
          },
          {
            "epoch": 105,
            "train_objective": 2.242490530014038,
            "dev_nll": 2.224278688430786,
            "dev_kl": 0.004160817700307007,
            "dev_objective": 2.265886865433856
          },
          {
            "epoch": 106,
            "train_objective": 2.2424869537353516,
            "dev_nll": 2.224160671234131,
            "dev_kl": 0.004174679223579006,
            "dev_objective": 2.265907463469921
          },
          {
            "epoch": 107,
            "train_objective": 2.242483615875244,
            "dev_nll": 2.2240524291992188,
            "dev_kl": 0.004187837756683166,
            "dev_objective": 2.2659308067660504
          },
          {
            "epoch": 108,
            "train_objective": 2.242481231689453,
            "dev_nll": 2.223950147628784,
            "dev_kl": 0.004200134983746011,
            "dev_objective": 2.2659514974662445
          },
          {
            "epoch": 109,
            "train_objective": 2.242479085922241,
            "dev_nll": 2.2238521575927734,
            "dev_kl": 0.004211528646651459,
            "dev_objective": 2.265967444059288
          },
          {
            "epoch": 110,
            "train_objective": 2.2424776554107666,
            "dev_nll": 2.223759174346924,
            "dev_kl": 0.004222098872489823,
            "dev_objective": 2.265980163071822
          },
          {
            "epoch": 111,
            "train_objective": 2.24247670173645,
            "dev_nll": 2.2236740589141846,
            "dev_kl": 0.00423193266373346,
            "dev_objective": 2.265993385551519
          },
          {
            "epoch": 112,
            "train_objective": 2.2424755096435547,
            "dev_nll": 2.223597288131714,
            "dev_kl": 0.004241113026578205,
            "dev_objective": 2.266008418397496
          },
          {
            "epoch": 113,
            "train_objective": 2.2424747943878174,
            "dev_nll": 2.223527431488037,
            "dev_kl": 0.004249579648121653,
            "dev_objective": 2.266023227969254
          },
          {
            "epoch": 114,
            "train_objective": 2.242474317550659,
            "dev_nll": 2.2234625816345215,
            "dev_kl": 0.004257281853779204,
            "dev_objective": 2.2660354001723135
          },
          {
            "epoch": 115,
            "train_objective": 2.24247407913208,
            "dev_nll": 2.2234017848968506,
            "dev_kl": 0.004264227145663426,
            "dev_objective": 2.266044056353485
          },
          {
            "epoch": 116,
            "train_objective": 2.24247407913208,
            "dev_nll": 2.2233469486236572,
            "dev_kl": 0.004270513451788247,
            "dev_objective": 2.2660520831415396
          },
          {
            "epoch": 117,
            "train_objective": 2.242473840713501,
            "dev_nll": 2.223299026489258,
            "dev_kl": 0.004276246053805153,
            "dev_objective": 2.2660614870273093
          },
          {
            "epoch": 118,
            "train_objective": 2.242473840713501,
            "dev_nll": 2.223257303237915,
            "dev_kl": 0.004281459601129427,
            "dev_objective": 2.2660718992492095
          },
          {
            "epoch": 119,
            "train_objective": 2.242473602294922,
            "dev_nll": 2.223219871520996,
            "dev_kl": 0.004286097924832575,
            "dev_objective": 2.2660808507693218
          },
          {
            "epoch": 120,
            "train_objective": 2.24247407913208,
            "dev_nll": 2.2231857776641846,
            "dev_kl": 0.00429012948126001,
            "dev_objective": 2.2660870724767848
          },
          {
            "epoch": 121,
            "train_objective": 2.242474317550659,
            "dev_nll": 2.2231552600860596,
            "dev_kl": 0.004293638204767376,
            "dev_objective": 2.266091642133733
          }
        ]
      }
    ]
  },
  "evaluation": {
    "conditions": {
      "plain": {
        "count": 444,
        "top1_accuracy": 0.41216216216216217,
        "mean_expert_probability": 0.2290831718497872,
        "mean_nll": 2.349925525583745,
        "mean_reciprocal_rank": 0.520948696329047,
        "mean_entropy": 2.1880674877011024,
        "mean_kl_from_plain": 0.0,
        "ece": 0.09610184126004978,
        "mean_confidence": 0.3707238307373749,
        "skill_selected_rate": 0.0,
        "mean_rho": 0.0
      },
      "evolved_skill": {
        "count": 444,
        "top1_accuracy": 0.3918918918918919,
        "mean_expert_probability": 0.18401847164113042,
        "mean_nll": 2.254237740833115,
        "mean_reciprocal_rank": 0.515010150460076,
        "mean_entropy": 2.4518860495305277,
        "mean_kl_from_plain": 0.22429254525529876,
        "ece": 0.11653219772553122,
        "mean_confidence": 0.2753596941663607,
        "skill_selected_rate": 1.0,
        "mean_rho": 1.0
      },
      "mismatched_skill": {
        "count": 444,
        "top1_accuracy": 0.3310810810810811,
        "mean_expert_probability": 0.16205528420280782,
        "mean_nll": 2.4214618883728942,
        "mean_reciprocal_rank": 0.47079747274816125,
        "mean_entropy": 2.484923688678054,
        "mean_kl_from_plain": 0.21671312209638255,
        "ece": 0.0705824945424054,
        "mean_confidence": 0.27007031726004843,
        "skill_selected_rate": 1.0,
        "mean_rho": 1.0
      },
      "convex_skill_gate": {
        "count": 444,
        "top1_accuracy": 0.4346846846846847,
        "mean_expert_probability": 0.23402701766620315,
        "mean_nll": 2.2024925037930183,
        "mean_reciprocal_rank": 0.5419471837457935,
        "mean_entropy": 2.205254760679898,
        "mean_kl_from_plain": 0.08798046814574574,
        "ece": 0.12998741269447248,
        "mean_confidence": 0.350407571154269,
        "skill_selected_rate": 0.40540540540540543,
        "mean_rho": 0.5483101736250762
      },
      "stage_calibration_head": {
        "count": 444,
        "top1_accuracy": 0.5,
        "mean_expert_probability": 0.31892943680695435,
        "mean_nll": 1.8421690323125148,
        "mean_reciprocal_rank": 0.6182133762987511,
        "mean_entropy": 1.9916612261587434,
        "mean_kl_from_plain": 0.29171789984851587,
        "ece": 0.08473222471169525,
        "mean_confidence": 0.42642098165175935,
        "skill_selected_rate": 0.0,
        "mean_rho": 0.0
      },
      "signed_logic_repair_head": {
        "count": 444,
        "top1_accuracy": 0.5225225225225225,
        "mean_expert_probability": 0.3531874930265838,
        "mean_nll": 1.722458920467567,
        "mean_reciprocal_rank": 0.6375304327553953,
        "mean_entropy": 1.8544512445459496,
        "mean_kl_from_plain": 0.47652196205800046,
        "ece": 0.08580647477762655,
        "mean_confidence": 0.461867505113955,
        "skill_selected_rate": 0.6711711711711712,
        "mean_rho": 0.6666623866101643
      },
      "signed_logic_repair_trust_region": {
        "count": 444,
        "top1_accuracy": 0.4189189189189189,
        "mean_expert_probability": 0.2577266350893518,
        "mean_nll": 2.0796205297695805,
        "mean_reciprocal_rank": 0.5517363672554478,
        "mean_entropy": 2.126015636902135,
        "mean_kl_from_plain": 0.04562573823322718,
        "ece": 0.07782336498971455,
        "mean_confidence": 0.37864762994351686,
        "skill_selected_rate": 0.536036036036036,
        "mean_rho": 0.5901996728288731
      },
      "constrained_logic_repair_head": {
        "count": 444,
        "top1_accuracy": 0.46621621621621623,
        "mean_expert_probability": 0.25867966141107046,
        "mean_nll": 2.019111459519094,
        "mean_reciprocal_rank": 0.5880913276912906,
        "mean_entropy": 2.158937661765932,
        "mean_kl_from_plain": 0.03660139708904558,
        "ece": 0.09938065690902977,
        "mean_confidence": 0.37338857319172436,
        "skill_selected_rate": 0.0022522522522522522,
        "mean_rho": 0.15105531987658627
      },
      "constrained_stage_calibration_head": {
        "count": 444,
        "top1_accuracy": 0.44819819819819817,
        "mean_expert_probability": 0.25559079090473114,
        "mean_nll": 2.067956166794041,
        "mean_reciprocal_rank": 0.5747504098738284,
        "mean_entropy": 2.1721428387739636,
        "mean_kl_from_plain": 0.02930843394515168,
        "ece": 0.08532897394721038,
        "mean_confidence": 0.37015963089023085,
        "skill_selected_rate": 0.0,
        "mean_rho": 0.0
      }
    },
    "alpha_statistics": {
      "convex_skill_gate": {
        "mean": 0.5483101736250762,
        "min": 0.2004120945930481,
        "max": 0.9988683462142944,
        "negative_rate": 0.0
      },
      "stage_calibration_head": {
        "mean": 0.0,
        "min": 0.0,
        "max": 0.0,
        "negative_rate": 0.0
      },
      "signed_logic_repair_head": {
        "mean": 0.6666623866101643,
        "min": 0.1262316107749939,
        "max": 1.5779536962509155,
        "negative_rate": 0.0
      },
      "signed_logic_repair_trust_region": {
        "mean": 0.5901996728288731,
        "min": 0.07447343599051237,
        "max": 1.0,
        "negative_rate": 0.0
      },
      "constrained_logic_repair_head": {
        "mean": 0.15105531987658627,
        "min": 0.013819623738527298,
        "max": 0.6084644198417664,
        "negative_rate": 0.0
      },
      "constrained_stage_calibration_head": {
        "mean": 0.0,
        "min": 0.0,
        "max": 0.0,
        "negative_rate": 0.0
      }
    },
    "by_action_verb": {
      "clean": {
        "plain": {
          "count": 6,
          "accuracy": 1.0
        },
        "evolved_skill": {
          "count": 6,
          "accuracy": 1.0
        },
        "mismatched_skill": {
          "count": 6,
          "accuracy": 1.0
        },
        "convex_skill_gate": {
          "count": 6,
          "accuracy": 1.0
        },
        "stage_calibration_head": {
          "count": 6,
          "accuracy": 1.0
        },
        "signed_logic_repair_head": {
          "count": 6,
          "accuracy": 1.0
        },
        "signed_logic_repair_trust_region": {
          "count": 6,
          "accuracy": 1.0
        },
        "constrained_logic_repair_head": {
          "count": 6,
          "accuracy": 1.0
        },
        "constrained_stage_calibration_head": {
          "count": 6,
          "accuracy": 1.0
        }
      },
      "close": {
        "plain": {
          "count": 56,
          "accuracy": 0.0
        },
        "evolved_skill": {
          "count": 56,
          "accuracy": 0.017857142857142856
        },
        "mismatched_skill": {
          "count": 56,
          "accuracy": 0.0
        },
        "convex_skill_gate": {
          "count": 56,
          "accuracy": 0.0
        },
        "stage_calibration_head": {
          "count": 56,
          "accuracy": 0.8392857142857143
        },
        "signed_logic_repair_head": {
          "count": 56,
          "accuracy": 0.9107142857142857
        },
        "signed_logic_repair_trust_region": {
          "count": 56,
          "accuracy": 0.03571428571428571
        },
        "constrained_logic_repair_head": {
          "count": 56,
          "accuracy": 0.39285714285714285
        },
        "constrained_stage_calibration_head": {
          "count": 56,
          "accuracy": 0.32142857142857145
        }
      },
      "cool": {
        "plain": {
          "count": 7,
          "accuracy": 1.0
        },
        "evolved_skill": {
          "count": 7,
          "accuracy": 0.8571428571428571
        },
        "mismatched_skill": {
          "count": 7,
          "accuracy": 1.0
        },
        "convex_skill_gate": {
          "count": 7,
          "accuracy": 1.0
        },
        "stage_calibration_head": {
          "count": 7,
          "accuracy": 0.7142857142857143
        },
        "signed_logic_repair_head": {
          "count": 7,
          "accuracy": 0.42857142857142855
        },
        "signed_logic_repair_trust_region": {
          "count": 7,
          "accuracy": 1.0
        },
        "constrained_logic_repair_head": {
          "count": 7,
          "accuracy": 1.0
        },
        "constrained_stage_calibration_head": {
          "count": 7,
          "accuracy": 1.0
        }
      },
      "examine": {
        "plain": {
          "count": 1,
          "accuracy": 0.0
        },
        "evolved_skill": {
          "count": 1,
          "accuracy": 1.0
        },
        "mismatched_skill": {
          "count": 1,
          "accuracy": 0.0
        },
        "convex_skill_gate": {
          "count": 1,
          "accuracy": 0.0
        },
        "stage_calibration_head": {
          "count": 1,
          "accuracy": 0.0
        },
        "signed_logic_repair_head": {
          "count": 1,
          "accuracy": 0.0
        },
        "signed_logic_repair_trust_region": {
          "count": 1,
          "accuracy": 0.0
        },
        "constrained_logic_repair_head": {
          "count": 1,
          "accuracy": 0.0
        },
        "constrained_stage_calibration_head": {
          "count": 1,
          "accuracy": 0.0
        }
      },
      "go": {
        "plain": {
          "count": 238,
          "accuracy": 0.22268907563025211
        },
        "evolved_skill": {
          "count": 238,
          "accuracy": 0.18487394957983194
        },
        "mismatched_skill": {
          "count": 238,
          "accuracy": 0.11764705882352941
        },
        "convex_skill_gate": {
          "count": 238,
          "accuracy": 0.23949579831932774
        },
        "stage_calibration_head": {
          "count": 238,
          "accuracy": 0.19327731092436976
        },
        "signed_logic_repair_head": {
          "count": 238,
          "accuracy": 0.226890756302521
        },
        "signed_logic_repair_trust_region": {
          "count": 238,
          "accuracy": 0.23529411764705882
        },
        "constrained_logic_repair_head": {
          "count": 238,
          "accuracy": 0.22268907563025211
        },
        "constrained_stage_calibration_head": {
          "count": 238,
          "accuracy": 0.21428571428571427
        }
      },
      "heat": {
        "plain": {
          "count": 6,
          "accuracy": 0.3333333333333333
        },
        "evolved_skill": {
          "count": 6,
          "accuracy": 0.3333333333333333
        },
        "mismatched_skill": {
          "count": 6,
          "accuracy": 0.16666666666666666
        },
        "convex_skill_gate": {
          "count": 6,
          "accuracy": 0.3333333333333333
        },
        "stage_calibration_head": {
          "count": 6,
          "accuracy": 1.0
        },
        "signed_logic_repair_head": {
          "count": 6,
          "accuracy": 0.6666666666666666
        },
        "signed_logic_repair_trust_region": {
          "count": 6,
          "accuracy": 0.5
        },
        "constrained_logic_repair_head": {
          "count": 6,
          "accuracy": 0.5
        },
        "constrained_stage_calibration_head": {
          "count": 6,
          "accuracy": 0.5
        }
      },
      "move": {
        "plain": {
          "count": 31,
          "accuracy": 0.967741935483871
        },
        "evolved_skill": {
          "count": 31,
          "accuracy": 1.0
        },
        "mismatched_skill": {
          "count": 31,
          "accuracy": 0.967741935483871
        },
        "convex_skill_gate": {
          "count": 31,
          "accuracy": 1.0
        },
        "stage_calibration_head": {
          "count": 31,
          "accuracy": 0.8064516129032258
        },
        "signed_logic_repair_head": {
          "count": 31,
          "accuracy": 0.8064516129032258
        },
        "signed_logic_repair_trust_region": {
          "count": 31,
          "accuracy": 0.9354838709677419
        },
        "constrained_logic_repair_head": {
          "count": 31,
          "accuracy": 0.9354838709677419
        },
        "constrained_stage_calibration_head": {
          "count": 31,
          "accuracy": 0.9032258064516129
        }
      },
      "open": {
        "plain": {
          "count": 62,
          "accuracy": 0.8870967741935484
        },
        "evolved_skill": {
          "count": 62,
          "accuracy": 0.8225806451612904
        },
        "mismatched_skill": {
          "count": 62,
          "accuracy": 0.7258064516129032
        },
        "convex_skill_gate": {
          "count": 62,
          "accuracy": 0.9354838709677419
        },
        "stage_calibration_head": {
          "count": 62,
          "accuracy": 0.9838709677419355
        },
        "signed_logic_repair_head": {
          "count": 62,
          "accuracy": 0.9838709677419355
        },
        "signed_logic_repair_trust_region": {
          "count": 62,
          "accuracy": 0.9032258064516129
        },
        "constrained_logic_repair_head": {
          "count": 62,
          "accuracy": 0.9193548387096774
        },
        "constrained_stage_calibration_head": {
          "count": 62,
          "accuracy": 0.9193548387096774
        }
      },
      "take": {
        "plain": {
          "count": 34,
          "accuracy": 0.8823529411764706
        },
        "evolved_skill": {
          "count": 34,
          "accuracy": 0.8823529411764706
        },
        "mismatched_skill": {
          "count": 34,
          "accuracy": 0.8823529411764706
        },
        "convex_skill_gate": {
          "count": 34,
          "accuracy": 0.8823529411764706
        },
        "stage_calibration_head": {
          "count": 34,
          "accuracy": 0.6764705882352942
        },
        "signed_logic_repair_head": {
          "count": 34,
          "accuracy": 0.7352941176470589
        },
        "signed_logic_repair_trust_region": {
          "count": 34,
          "accuracy": 0.7941176470588235
        },
        "constrained_logic_repair_head": {
          "count": 34,
          "accuracy": 0.8823529411764706
        },
        "constrained_stage_calibration_head": {
          "count": 34,
          "accuracy": 0.8529411764705882
        }
      },
      "use": {
        "plain": {
          "count": 3,
          "accuracy": 0.0
        },
        "evolved_skill": {
          "count": 3,
          "accuracy": 0.6666666666666666
        },
        "mismatched_skill": {
          "count": 3,
          "accuracy": 0.0
        },
        "convex_skill_gate": {
          "count": 3,
          "accuracy": 0.6666666666666666
        },
        "stage_calibration_head": {
          "count": 3,
          "accuracy": 1.0
        },
        "signed_logic_repair_head": {
          "count": 3,
          "accuracy": 1.0
        },
        "signed_logic_repair_trust_region": {
          "count": 3,
          "accuracy": 0.0
        },
        "constrained_logic_repair_head": {
          "count": 3,
          "accuracy": 0.0
        },
        "constrained_stage_calibration_head": {
          "count": 3,
          "accuracy": 0.0
        }
      }
    },
    "by_task_type": {
      "look_at_obj_in_light": {
        "plain": {
          "count": 52,
          "accuracy": 0.07692307692307693
        },
        "evolved_skill": {
          "count": 52,
          "accuracy": 0.23076923076923078
        },
        "mismatched_skill": {
          "count": 52,
          "accuracy": 0.038461538461538464
        },
        "convex_skill_gate": {
          "count": 52,
          "accuracy": 0.19230769230769232
        },
        "stage_calibration_head": {
          "count": 52,
          "accuracy": 0.36538461538461536
        },
        "signed_logic_repair_head": {
          "count": 52,
          "accuracy": 0.46153846153846156
        },
        "signed_logic_repair_trust_region": {
          "count": 52,
          "accuracy": 0.09615384615384616
        },
        "constrained_logic_repair_head": {
          "count": 52,
          "accuracy": 0.11538461538461539
        },
        "constrained_stage_calibration_head": {
          "count": 52,
          "accuracy": 0.09615384615384616
        }
      },
      "pick_and_place_simple": {
        "plain": {
          "count": 85,
          "accuracy": 0.5294117647058824
        },
        "evolved_skill": {
          "count": 85,
          "accuracy": 0.5529411764705883
        },
        "mismatched_skill": {
          "count": 85,
          "accuracy": 0.49411764705882355
        },
        "convex_skill_gate": {
          "count": 85,
          "accuracy": 0.5411764705882353
        },
        "stage_calibration_head": {
          "count": 85,
          "accuracy": 0.6
        },
        "signed_logic_repair_head": {
          "count": 85,
          "accuracy": 0.6588235294117647
        },
        "signed_logic_repair_trust_region": {
          "count": 85,
          "accuracy": 0.5411764705882353
        },
        "constrained_logic_repair_head": {
          "count": 85,
          "accuracy": 0.5764705882352941
        },
        "constrained_stage_calibration_head": {
          "count": 85,
          "accuracy": 0.5411764705882353
        }
      },
      "pick_clean_then_place_in_recep": {
        "plain": {
          "count": 80,
          "accuracy": 0.5
        },
        "evolved_skill": {
          "count": 80,
          "accuracy": 0.4
        },
        "mismatched_skill": {
          "count": 80,
          "accuracy": 0.4125
        },
        "convex_skill_gate": {
          "count": 80,
          "accuracy": 0.525
        },
        "stage_calibration_head": {
          "count": 80,
          "accuracy": 0.575
        },
        "signed_logic_repair_head": {
          "count": 80,
          "accuracy": 0.5875
        },
        "signed_logic_repair_trust_region": {
          "count": 80,
          "accuracy": 0.475
        },
        "constrained_logic_repair_head": {
          "count": 80,
          "accuracy": 0.575
        },
        "constrained_stage_calibration_head": {
          "count": 80,
          "accuracy": 0.5875
        }
      },
      "pick_cool_then_place_in_recep": {
        "plain": {
          "count": 92,
          "accuracy": 0.4673913043478261
        },
        "evolved_skill": {
          "count": 92,
          "accuracy": 0.43478260869565216
        },
        "mismatched_skill": {
          "count": 92,
          "accuracy": 0.33695652173913043
        },
        "convex_skill_gate": {
          "count": 92,
          "accuracy": 0.44565217391304346
        },
        "stage_calibration_head": {
          "count": 92,
          "accuracy": 0.4782608695652174
        },
        "signed_logic_repair_head": {
          "count": 92,
          "accuracy": 0.4782608695652174
        },
        "signed_logic_repair_trust_region": {
          "count": 92,
          "accuracy": 0.4782608695652174
        },
        "constrained_logic_repair_head": {
          "count": 92,
          "accuracy": 0.532608695652174
        },
        "constrained_stage_calibration_head": {
          "count": 92,
          "accuracy": 0.4891304347826087
        }
      },
      "pick_heat_then_place_in_recep": {
        "plain": {
          "count": 111,
          "accuracy": 0.35135135135135137
        },
        "evolved_skill": {
          "count": 111,
          "accuracy": 0.3153153153153153
        },
        "mismatched_skill": {
          "count": 111,
          "accuracy": 0.27927927927927926
        },
        "convex_skill_gate": {
          "count": 111,
          "accuracy": 0.36936936936936937
        },
        "stage_calibration_head": {
          "count": 111,
          "accuracy": 0.45045045045045046
        },
        "signed_logic_repair_head": {
          "count": 111,
          "accuracy": 0.4594594594594595
        },
        "signed_logic_repair_trust_region": {
          "count": 111,
          "accuracy": 0.36936936936936937
        },
        "constrained_logic_repair_head": {
          "count": 111,
          "accuracy": 0.40540540540540543
        },
        "constrained_stage_calibration_head": {
          "count": 111,
          "accuracy": 0.3963963963963964
        }
      },
      "pick_two_obj_and_place": {
        "plain": {
          "count": 24,
          "accuracy": 0.5
        },
        "evolved_skill": {
          "count": 24,
          "accuracy": 0.3333333333333333
        },
        "mismatched_skill": {
          "count": 24,
          "accuracy": 0.3333333333333333
        },
        "convex_skill_gate": {
          "count": 24,
          "accuracy": 0.5416666666666666
        },
        "stage_calibration_head": {
          "count": 24,
          "accuracy": 0.5
        },
        "signed_logic_repair_head": {
          "count": 24,
          "accuracy": 0.4166666666666667
        },
        "signed_logic_repair_trust_region": {
          "count": 24,
          "accuracy": 0.5
        },
        "constrained_logic_repair_head": {
          "count": 24,
          "accuracy": 0.5
        },
        "constrained_stage_calibration_head": {
          "count": 24,
          "accuracy": 0.5
        }
      }
    }
  },
  "additional_evaluations": {
    "valid_unseen": {
      "conditions": {
        "plain": {
          "count": 527,
          "top1_accuracy": 0.31688804554079697,
          "mean_expert_probability": 0.17699650128502786,
          "mean_nll": 2.5786684621881166,
          "mean_reciprocal_rank": 0.45558479737918295,
          "mean_entropy": 2.271644636621059,
          "mean_kl_from_plain": 0.0,
          "ece": 0.0719584231697857,
          "mean_confidence": 0.34546721665863744,
          "skill_selected_rate": 0.0,
          "mean_rho": 0.0
        },
        "evolved_skill": {
          "count": 527,
          "top1_accuracy": 0.3036053130929791,
          "mean_expert_probability": 0.15494058478757938,
          "mean_nll": 2.4313875036784753,
          "mean_reciprocal_rank": 0.4547576928587782,
          "mean_entropy": 2.517219552392073,
          "mean_kl_from_plain": 0.20540533799844204,
          "ece": 0.07156362572589454,
          "mean_confidence": 0.26232595374167983,
          "skill_selected_rate": 1.0,
          "mean_rho": 1.0
        },
        "mismatched_skill": {
          "count": 527,
          "top1_accuracy": 0.2637571157495256,
          "mean_expert_probability": 0.14001516802492683,
          "mean_nll": 2.575151098384055,
          "mean_reciprocal_rank": 0.4142610508692241,
          "mean_entropy": 2.4905667822998887,
          "mean_kl_from_plain": 0.1773070187035743,
          "ece": 0.10417048033659101,
          "mean_confidence": 0.27316134673255216,
          "skill_selected_rate": 1.0,
          "mean_rho": 1.0
        },
        "convex_skill_gate": {
          "count": 527,
          "top1_accuracy": 0.3301707779886148,
          "mean_expert_probability": 0.18982591604605403,
          "mean_nll": 2.4356516333033746,
          "mean_reciprocal_rank": 0.4708801793363021,
          "mean_entropy": 2.26092010645984,
          "mean_kl_from_plain": 0.0695681087743399,
          "ece": 0.059266393859314065,
          "mean_confidence": 0.3389622069315621,
          "skill_selected_rate": 0.32827324478178366,
          "mean_rho": 0.5029787588899909
        },
        "stage_calibration_head": {
          "count": 527,
          "top1_accuracy": 0.4098671726755218,
          "mean_expert_probability": 0.25149744998423323,
          "mean_nll": 2.1553044829812777,
          "mean_reciprocal_rank": 0.5470266303767152,
          "mean_entropy": 2.127085531572237,
          "mean_kl_from_plain": 0.2383717763760309,
          "ece": 0.062243950251044546,
          "mean_confidence": 0.3976750090378964,
          "skill_selected_rate": 0.0,
          "mean_rho": 0.0
        },
        "signed_logic_repair_head": {
          "count": 527,
          "top1_accuracy": 0.4098671726755218,
          "mean_expert_probability": 0.27719642281007867,
          "mean_nll": 2.0704844859266767,
          "mean_reciprocal_rank": 0.5526059043611509,
          "mean_entropy": 1.9773762571913467,
          "mean_kl_from_plain": 0.370725933488006,
          "ece": 0.05309346248970085,
          "mean_confidence": 0.4368308945868228,
          "skill_selected_rate": 0.5142314990512334,
          "mean_rho": 0.6102225801269515
        },
        "signed_logic_repair_trust_region": {
          "count": 527,
          "top1_accuracy": 0.31688804554079697,
          "mean_expert_probability": 0.20374933940484816,
          "mean_nll": 2.3341480753103636,
          "mean_reciprocal_rank": 0.48260945025653745,
          "mean_entropy": 2.1947060126168,
          "mean_kl_from_plain": 0.045701148724483866,
          "ece": 0.05327169366703991,
          "mean_confidence": 0.3616762499287866,
          "skill_selected_rate": 0.6432637571157496,
          "mean_rho": 0.6353673807909073
        },
        "constrained_logic_repair_head": {
          "count": 527,
          "top1_accuracy": 0.35294117647058826,
          "mean_expert_probability": 0.2018749986199107,
          "mean_nll": 2.3068266682712406,
          "mean_reciprocal_rank": 0.512384307338057,
          "mean_entropy": 2.2479743725660857,
          "mean_kl_from_plain": 0.030324300723256405,
          "ece": 0.02938976762303817,
          "mean_confidence": 0.34755724900361484,
          "skill_selected_rate": 0.017077798861480076,
          "mean_rho": 0.14372396896782363
        },
        "constrained_stage_calibration_head": {
          "count": 527,
          "top1_accuracy": 0.3567362428842505,
          "mean_expert_probability": 0.19757730071620655,
          "mean_nll": 2.35745952608021,
          "mean_reciprocal_rank": 0.5066974411327325,
          "mean_entropy": 2.2630551884929866,
          "mean_kl_from_plain": 0.023427123857881437,
          "ece": 0.052815765184853966,
          "mean_confidence": 0.345844506100527,
          "skill_selected_rate": 0.0,
          "mean_rho": 0.0
        }
      },
      "alpha_statistics": {
        "convex_skill_gate": {
          "mean": 0.5029787588899909,
          "min": 0.19924169778823853,
          "max": 0.9965630173683167,
          "negative_rate": 0.0
        },
        "stage_calibration_head": {
          "mean": 0.0,
          "min": 0.0,
          "max": 0.0,
          "negative_rate": 0.0
        },
        "signed_logic_repair_head": {
          "mean": 0.6102225801269515,
          "min": 0.06995927542448044,
          "max": 1.4291987419128418,
          "negative_rate": 0.0
        },
        "signed_logic_repair_trust_region": {
          "mean": 0.6353673807909073,
          "min": 0.08227040246129036,
          "max": 1.0,
          "negative_rate": 0.0
        },
        "constrained_logic_repair_head": {
          "mean": 0.14372396896782363,
          "min": 0.02727765589952469,
          "max": 0.6088809967041016,
          "negative_rate": 0.0
        },
        "constrained_stage_calibration_head": {
          "mean": 0.0,
          "min": 0.0,
          "max": 0.0,
          "negative_rate": 0.0
        }
      },
      "by_action_verb": {
        "clean": {
          "plain": {
            "count": 11,
            "accuracy": 1.0
          },
          "evolved_skill": {
            "count": 11,
            "accuracy": 1.0
          },
          "mismatched_skill": {
            "count": 11,
            "accuracy": 1.0
          },
          "convex_skill_gate": {
            "count": 11,
            "accuracy": 1.0
          },
          "stage_calibration_head": {
            "count": 11,
            "accuracy": 1.0
          },
          "signed_logic_repair_head": {
            "count": 11,
            "accuracy": 1.0
          },
          "signed_logic_repair_trust_region": {
            "count": 11,
            "accuracy": 1.0
          },
          "constrained_logic_repair_head": {
            "count": 11,
            "accuracy": 1.0
          },
          "constrained_stage_calibration_head": {
            "count": 11,
            "accuracy": 1.0
          }
        },
        "close": {
          "plain": {
            "count": 48,
            "accuracy": 0.0
          },
          "evolved_skill": {
            "count": 48,
            "accuracy": 0.0
          },
          "mismatched_skill": {
            "count": 48,
            "accuracy": 0.0
          },
          "convex_skill_gate": {
            "count": 48,
            "accuracy": 0.0
          },
          "stage_calibration_head": {
            "count": 48,
            "accuracy": 0.875
          },
          "signed_logic_repair_head": {
            "count": 48,
            "accuracy": 0.8958333333333334
          },
          "signed_logic_repair_trust_region": {
            "count": 48,
            "accuracy": 0.0
          },
          "constrained_logic_repair_head": {
            "count": 48,
            "accuracy": 0.3333333333333333
          },
          "constrained_stage_calibration_head": {
            "count": 48,
            "accuracy": 0.3125
          }
        },
        "cool": {
          "plain": {
            "count": 7,
            "accuracy": 1.0
          },
          "evolved_skill": {
            "count": 7,
            "accuracy": 1.0
          },
          "mismatched_skill": {
            "count": 7,
            "accuracy": 1.0
          },
          "convex_skill_gate": {
            "count": 7,
            "accuracy": 1.0
          },
          "stage_calibration_head": {
            "count": 7,
            "accuracy": 0.7142857142857143
          },
          "signed_logic_repair_head": {
            "count": 7,
            "accuracy": 0.7142857142857143
          },
          "signed_logic_repair_trust_region": {
            "count": 7,
            "accuracy": 0.8571428571428571
          },
          "constrained_logic_repair_head": {
            "count": 7,
            "accuracy": 1.0
          },
          "constrained_stage_calibration_head": {
            "count": 7,
            "accuracy": 1.0
          }
        },
        "examine": {
          "plain": {
            "count": 2,
            "accuracy": 0.0
          },
          "evolved_skill": {
            "count": 2,
            "accuracy": 0.0
          },
          "mismatched_skill": {
            "count": 2,
            "accuracy": 0.0
          },
          "convex_skill_gate": {
            "count": 2,
            "accuracy": 0.0
          },
          "stage_calibration_head": {
            "count": 2,
            "accuracy": 0.0
          },
          "signed_logic_repair_head": {
            "count": 2,
            "accuracy": 0.0
          },
          "signed_logic_repair_trust_region": {
            "count": 2,
            "accuracy": 0.0
          },
          "constrained_logic_repair_head": {
            "count": 2,
            "accuracy": 0.0
          },
          "constrained_stage_calibration_head": {
            "count": 2,
            "accuracy": 0.0
          }
        },
        "go": {
          "plain": {
            "count": 330,
            "accuracy": 0.14242424242424243
          },
          "evolved_skill": {
            "count": 330,
            "accuracy": 0.14545454545454545
          },
          "mismatched_skill": {
            "count": 330,
            "accuracy": 0.09393939393939393
          },
          "convex_skill_gate": {
            "count": 330,
            "accuracy": 0.1484848484848485
          },
          "stage_calibration_head": {
            "count": 330,
            "accuracy": 0.12727272727272726
          },
          "signed_logic_repair_head": {
            "count": 330,
            "accuracy": 0.13636363636363635
          },
          "signed_logic_repair_trust_region": {
            "count": 330,
            "accuracy": 0.14242424242424243
          },
          "constrained_logic_repair_head": {
            "count": 330,
            "accuracy": 0.1393939393939394
          },
          "constrained_stage_calibration_head": {
            "count": 330,
            "accuracy": 0.14242424242424243
          }
        },
        "heat": {
          "plain": {
            "count": 4,
            "accuracy": 0.0
          },
          "evolved_skill": {
            "count": 4,
            "accuracy": 0.0
          },
          "mismatched_skill": {
            "count": 4,
            "accuracy": 0.5
          },
          "convex_skill_gate": {
            "count": 4,
            "accuracy": 0.0
          },
          "stage_calibration_head": {
            "count": 4,
            "accuracy": 1.0
          },
          "signed_logic_repair_head": {
            "count": 4,
            "accuracy": 0.5
          },
          "signed_logic_repair_trust_region": {
            "count": 4,
            "accuracy": 0.0
          },
          "constrained_logic_repair_head": {
            "count": 4,
            "accuracy": 0.0
          },
          "constrained_stage_calibration_head": {
            "count": 4,
            "accuracy": 0.25
          }
        },
        "move": {
          "plain": {
            "count": 29,
            "accuracy": 0.9655172413793104
          },
          "evolved_skill": {
            "count": 29,
            "accuracy": 0.9655172413793104
          },
          "mismatched_skill": {
            "count": 29,
            "accuracy": 0.9655172413793104
          },
          "convex_skill_gate": {
            "count": 29,
            "accuracy": 0.9655172413793104
          },
          "stage_calibration_head": {
            "count": 29,
            "accuracy": 0.896551724137931
          },
          "signed_logic_repair_head": {
            "count": 29,
            "accuracy": 0.896551724137931
          },
          "signed_logic_repair_trust_region": {
            "count": 29,
            "accuracy": 0.9655172413793104
          },
          "constrained_logic_repair_head": {
            "count": 29,
            "accuracy": 0.9655172413793104
          },
          "constrained_stage_calibration_head": {
            "count": 29,
            "accuracy": 0.9655172413793104
          }
        },
        "open": {
          "plain": {
            "count": 55,
            "accuracy": 0.8
          },
          "evolved_skill": {
            "count": 55,
            "accuracy": 0.6
          },
          "mismatched_skill": {
            "count": 55,
            "accuracy": 0.5818181818181818
          },
          "convex_skill_gate": {
            "count": 55,
            "accuracy": 0.8363636363636363
          },
          "stage_calibration_head": {
            "count": 55,
            "accuracy": 1.0
          },
          "signed_logic_repair_head": {
            "count": 55,
            "accuracy": 1.0
          },
          "signed_logic_repair_trust_region": {
            "count": 55,
            "accuracy": 0.9454545454545454
          },
          "constrained_logic_repair_head": {
            "count": 55,
            "accuracy": 0.9272727272727272
          },
          "constrained_stage_calibration_head": {
            "count": 55,
            "accuracy": 0.9454545454545454
          }
        },
        "take": {
          "plain": {
            "count": 35,
            "accuracy": 0.8571428571428571
          },
          "evolved_skill": {
            "count": 35,
            "accuracy": 0.8571428571428571
          },
          "mismatched_skill": {
            "count": 35,
            "accuracy": 0.8
          },
          "convex_skill_gate": {
            "count": 35,
            "accuracy": 0.8857142857142857
          },
          "stage_calibration_head": {
            "count": 35,
            "accuracy": 0.7142857142857143
          },
          "signed_logic_repair_head": {
            "count": 35,
            "accuracy": 0.6571428571428571
          },
          "signed_logic_repair_trust_region": {
            "count": 35,
            "accuracy": 0.6571428571428571
          },
          "constrained_logic_repair_head": {
            "count": 35,
            "accuracy": 0.7714285714285715
          },
          "constrained_stage_calibration_head": {
            "count": 35,
            "accuracy": 0.7714285714285715
          }
        },
        "use": {
          "plain": {
            "count": 6,
            "accuracy": 0.0
          },
          "evolved_skill": {
            "count": 6,
            "accuracy": 0.5
          },
          "mismatched_skill": {
            "count": 6,
            "accuracy": 0.0
          },
          "convex_skill_gate": {
            "count": 6,
            "accuracy": 0.3333333333333333
          },
          "stage_calibration_head": {
            "count": 6,
            "accuracy": 1.0
          },
          "signed_logic_repair_head": {
            "count": 6,
            "accuracy": 1.0
          },
          "signed_logic_repair_trust_region": {
            "count": 6,
            "accuracy": 0.0
          },
          "constrained_logic_repair_head": {
            "count": 6,
            "accuracy": 0.0
          },
          "constrained_stage_calibration_head": {
            "count": 6,
            "accuracy": 0.0
          }
        }
      },
      "by_task_type": {
        "look_at_obj_in_light": {
          "plain": {
            "count": 93,
            "accuracy": 0.07526881720430108
          },
          "evolved_skill": {
            "count": 93,
            "accuracy": 0.17204301075268819
          },
          "mismatched_skill": {
            "count": 93,
            "accuracy": 0.053763440860215055
          },
          "convex_skill_gate": {
            "count": 93,
            "accuracy": 0.17204301075268819
          },
          "stage_calibration_head": {
            "count": 93,
            "accuracy": 0.27956989247311825
          },
          "signed_logic_repair_head": {
            "count": 93,
            "accuracy": 0.3333333333333333
          },
          "signed_logic_repair_trust_region": {
            "count": 93,
            "accuracy": 0.12903225806451613
          },
          "constrained_logic_repair_head": {
            "count": 93,
            "accuracy": 0.12903225806451613
          },
          "constrained_stage_calibration_head": {
            "count": 93,
            "accuracy": 0.12903225806451613
          }
        },
        "pick_and_place_simple": {
          "plain": {
            "count": 42,
            "accuracy": 0.40476190476190477
          },
          "evolved_skill": {
            "count": 42,
            "accuracy": 0.4523809523809524
          },
          "mismatched_skill": {
            "count": 42,
            "accuracy": 0.42857142857142855
          },
          "convex_skill_gate": {
            "count": 42,
            "accuracy": 0.42857142857142855
          },
          "stage_calibration_head": {
            "count": 42,
            "accuracy": 0.42857142857142855
          },
          "signed_logic_repair_head": {
            "count": 42,
            "accuracy": 0.47619047619047616
          },
          "signed_logic_repair_trust_region": {
            "count": 42,
            "accuracy": 0.42857142857142855
          },
          "constrained_logic_repair_head": {
            "count": 42,
            "accuracy": 0.40476190476190477
          },
          "constrained_stage_calibration_head": {
            "count": 42,
            "accuracy": 0.40476190476190477
          }
        },
        "pick_clean_then_place_in_recep": {
          "plain": {
            "count": 184,
            "accuracy": 0.3532608695652174
          },
          "evolved_skill": {
            "count": 184,
            "accuracy": 0.33152173913043476
          },
          "mismatched_skill": {
            "count": 184,
            "accuracy": 0.32065217391304346
          },
          "convex_skill_gate": {
            "count": 184,
            "accuracy": 0.358695652173913
          },
          "stage_calibration_head": {
            "count": 184,
            "accuracy": 0.43478260869565216
          },
          "signed_logic_repair_head": {
            "count": 184,
            "accuracy": 0.45108695652173914
          },
          "signed_logic_repair_trust_region": {
            "count": 184,
            "accuracy": 0.3804347826086957
          },
          "constrained_logic_repair_head": {
            "count": 184,
            "accuracy": 0.3804347826086957
          },
          "constrained_stage_calibration_head": {
            "count": 184,
            "accuracy": 0.3967391304347826
          }
        },
        "pick_cool_then_place_in_recep": {
          "plain": {
            "count": 119,
            "accuracy": 0.4369747899159664
          },
          "evolved_skill": {
            "count": 119,
            "accuracy": 0.35294117647058826
          },
          "mismatched_skill": {
            "count": 119,
            "accuracy": 0.2689075630252101
          },
          "convex_skill_gate": {
            "count": 119,
            "accuracy": 0.40336134453781514
          },
          "stage_calibration_head": {
            "count": 119,
            "accuracy": 0.5126050420168067
          },
          "signed_logic_repair_head": {
            "count": 119,
            "accuracy": 0.47058823529411764
          },
          "signed_logic_repair_trust_region": {
            "count": 119,
            "accuracy": 0.36134453781512604
          },
          "constrained_logic_repair_head": {
            "count": 119,
            "accuracy": 0.48739495798319327
          },
          "constrained_stage_calibration_head": {
            "count": 119,
            "accuracy": 0.47058823529411764
          }
        },
        "pick_heat_then_place_in_recep": {
          "plain": {
            "count": 68,
            "accuracy": 0.3088235294117647
          },
          "evolved_skill": {
            "count": 68,
            "accuracy": 0.23529411764705882
          },
          "mismatched_skill": {
            "count": 68,
            "accuracy": 0.2647058823529412
          },
          "convex_skill_gate": {
            "count": 68,
            "accuracy": 0.3088235294117647
          },
          "stage_calibration_head": {
            "count": 68,
            "accuracy": 0.35294117647058826
          },
          "signed_logic_repair_head": {
            "count": 68,
            "accuracy": 0.3088235294117647
          },
          "signed_logic_repair_trust_region": {
            "count": 68,
            "accuracy": 0.2647058823529412
          },
          "constrained_logic_repair_head": {
            "count": 68,
            "accuracy": 0.3235294117647059
          },
          "constrained_stage_calibration_head": {
            "count": 68,
            "accuracy": 0.3235294117647059
          }
        },
        "pick_two_obj_and_place": {
          "plain": {
            "count": 21,
            "accuracy": 0.23809523809523808
          },
          "evolved_skill": {
            "count": 21,
            "accuracy": 0.2857142857142857
          },
          "mismatched_skill": {
            "count": 21,
            "accuracy": 0.3333333333333333
          },
          "convex_skill_gate": {
            "count": 21,
            "accuracy": 0.23809523809523808
          },
          "stage_calibration_head": {
            "count": 21,
            "accuracy": 0.3333333333333333
          },
          "signed_logic_repair_head": {
            "count": 21,
            "accuracy": 0.23809523809523808
          },
          "signed_logic_repair_trust_region": {
            "count": 21,
            "accuracy": 0.2857142857142857
          },
          "constrained_logic_repair_head": {
            "count": 21,
            "accuracy": 0.3333333333333333
          },
          "constrained_stage_calibration_head": {
            "count": 21,
            "accuracy": 0.38095238095238093
          }
        }
      }
    }
  }
}
